dataflow.program_unit iter_arg : %arg0 -> (%545, %546, %547, %548, %549, %550, %551, %552, %553, %554, %555, %556, %557, %558, %559, %560, %561, %562, %563, %564, %565, %566, %567, %568, %569, %570, %571, %572, %573, %574, %575, %576) : {
  %699 = uniform.def_immutable_mapping([%545 -> %119], [%547 -> %119], [%549 -> %119], [%551 -> %119], [%553 -> %119], [%555 -> %119], [%557 -> %119], [%559 -> %119], [%562 -> %121], [%564 -> %121], [%566 -> %121], [%568 -> %121], [%570 -> %121], [%572 -> %121], [%574 -> %121], [%576 -> %121], [%546 -> %119], [%548 -> %119], [%550 -> %119], [%552 -> %119], [%554 -> %119], [%556 -> %119], [%558 -> %119], [%560 -> %119], [%561 -> %119], [%563 -> %119], [%565 -> %119], [%567 -> %119], [%569 -> %119], [%571 -> %119], [%573 -> %119], [%575 -> %119]):index
  %700 = uniform.query_map(map:%699, key:%arg0) : index
  %701 = sentient.scalar_copy %700 {element_size = 16 : i32, programHeader = true, regIndex = 0 : i32, regLocale = #sentient<reg_type lrf>} : index
  uniform.uniformize_regions -> () {
    (%arg1 -> %545){
      %707 = sentient.for %arg2 = %6 iter_args(%arg3 = %701) -> (index) {element_sizes = [-1 : i32, 16 : i32, 16 : i32], programHeader = [], regIndices = [0 : i32, 0 : i32, -1 : i32], regLocales = [#sentient<reg_type lccr>, #sentient<reg_type lrf>, #sentient<reg_type lrf>]}{
        %708 = sentient.scalar_sub %125, %arg3 {element_size = 16 : i32, regIndex = 0 : i32, regLocale = #sentient<reg_type lrf>} : index, index
        %709 = sentient.scalar_add %708, %69 {element_size = 16 : i32, regIndex = 2 : i32, regLocale = #sentient<reg_type lrf>} : index, index
        %710 = sentient.for %arg4 = %74 iter_args(%arg5 = %709) -> (index) {element_sizes = [-1 : i32, 16 : i32, 16 : i32], programHeader = [], regIndices = [1 : i32, 2 : i32, -1 : i32], regLocales = [#sentient<reg_type lccr>, #sentient<reg_type lrf>, #sentient<reg_type lrf>]}{
          %711 = sentient.receive_and_store mutable_addr(%arg5), immutable_addr(%75), increment(%75), producer(%385) {burst_size = 0 : i32, coalesce = false, dbgName = "c0-lxsu0-ringDT-pe0-lx-0-0", element_size = 16 : i32, interleaved_group = 0 : i32, permute = false, regIndex = 2 : i32, regLocale = #sentient<reg_type lrf>, stride = 1 : i32, subword_length = 1 : i32, total_elements = 64 : i32} : index, index, index, index : index
          sentient.yield %711 : index
        }
        sentient.yield %708 : index
      }
      sentient.sync {dbgName = "SSRF(MSSync #545, MSSync #546)", implicit_sync_memory_boundary = -1 : si32, mode = #sentient<sync_mode sendrecv>, soft = false, units = [#sentient<consumer_unit lxlu>, #sentient<consumer_unit l3su>]}
      sentient.for %arg2 = %2 {element_sizes = [-1 : i32], programHeader = [], regIndices = [0 : i32], regLocales = [#sentient<reg_type lccr>]}{
        %708 = sentient.if sge, %arg2, %2 : index -> (index) {element_sizes = [16 : i32], regIndices = [0 : i32], regLocales = [#sentient<reg_type lrf>]}{
          sentient.yield %80 : index
        } else{
          %711 = sentient.if sge, %arg2, %82 : index -> (index) {element_sizes = [16 : i32], regIndices = [0 : i32], regLocales = [#sentient<reg_type lrf>]}{
            sentient.yield %81 : index
          } else{
            %712 = sentient.if sge, %arg2, %6 : index -> (index) {element_sizes = [16 : i32], regIndices = [0 : i32], regLocales = [#sentient<reg_type lrf>]}{
              sentient.yield %83 : index
            } else{
              sentient.yield %84 : index
            }
            sentient.yield %712 : index
          }
          sentient.yield %711 : index
        }
        %709 = sentient.scalar_add %708, %128 {element_size = 16 : i32, regIndex = 0 : i32, regLocale = #sentient<reg_type lrf>} : index, index
        %710 = sentient.for %arg3 = %71 iter_args(%arg4 = %709) -> (index) {element_sizes = [-1 : i32, 16 : i32, 16 : i32], programHeader = [], regIndices = [1 : i32, 0 : i32, -1 : i32], regLocales = [#sentient<reg_type lccr>, #sentient<reg_type lrf>, #sentient<reg_type lrf>]}{
          %711 = sentient.receive_and_store mutable_addr(%arg4), immutable_addr(%123), increment(%123), producer(%385) {burst_size = 0 : i32, coalesce = false, dbgName = "c0-lxsu0-LE128DT-pe0-lx-1", element_size = 16 : i32, interleaved_group = 0 : i32, permute = false, regIndex = 0 : i32, regLocale = #sentient<reg_type lrf>, shuffle_mode = #sentient<shuffle_mode masked2b>, stride = 1 : i32, subword_length = 1 : i32, total_elements = 64 : i32} : index, index, index, index : index
          sentient.yield %711 : index
        }
      }
      sentient.sync {dbgName = "SSRF(MSSync #547, MSSync #548)", implicit_sync_memory_boundary = -1 : si32, mode = #sentient<sync_mode sendrecv>, soft = false, units = [#sentient<consumer_unit lxlu>, #sentient<consumer_unit l3su>]}
      sentient.sync {dbgName = "SSRF(MSSync #549, MSSync #550)", implicit_sync_memory_boundary = -1 : si32, mode = #sentient<sync_mode sendrecv>, soft = false, units = [#sentient<consumer_unit lxlu>, #sentient<consumer_unit l3su>]}
      sentient.for %arg2 = %2 {element_sizes = [-1 : i32], programHeader = [], regIndices = [0 : i32], regLocales = [#sentient<reg_type lccr>]}{
        %708 = sentient.if sge, %arg2, %2 : index -> (index) {element_sizes = [16 : i32], regIndices = [0 : i32], regLocales = [#sentient<reg_type lrf>]}{
          sentient.yield %85 : index
        } else{
          %711 = sentient.if sge, %arg2, %82 : index -> (index) {element_sizes = [16 : i32], regIndices = [0 : i32], regLocales = [#sentient<reg_type lrf>]}{
            sentient.yield %86 : index
          } else{
            %712 = sentient.if sge, %arg2, %6 : index -> (index) {element_sizes = [16 : i32], regIndices = [0 : i32], regLocales = [#sentient<reg_type lrf>]}{
              sentient.yield %87 : index
            } else{
              sentient.yield %88 : index
            }
            sentient.yield %712 : index
          }
          sentient.yield %711 : index
        }
        %709 = sentient.scalar_add %708, %128 {element_size = 16 : i32, regIndex = 0 : i32, regLocale = #sentient<reg_type lrf>} : index, index
        %710 = sentient.for %arg3 = %71 iter_args(%arg4 = %709) -> (index) {element_sizes = [-1 : i32, 16 : i32, 16 : i32], programHeader = [], regIndices = [1 : i32, 0 : i32, -1 : i32], regLocales = [#sentient<reg_type lccr>, #sentient<reg_type lrf>, #sentient<reg_type lrf>]}{
          %711 = sentient.receive_and_store mutable_addr(%arg4), immutable_addr(%123), increment(%123), producer(%385) {burst_size = 0 : i32, coalesce = false, dbgName = "c0-lxsu0-LE128DT-pe0-lx-3", element_size = 16 : i32, interleaved_group = 0 : i32, permute = false, regIndex = 0 : i32, regLocale = #sentient<reg_type lrf>, shuffle_mode = #sentient<shuffle_mode masked2b>, stride = 1 : i32, subword_length = 1 : i32, total_elements = 64 : i32} : index, index, index, index : index
          sentient.yield %711 : index
        }
      }
      sentient.sync {dbgName = "SSRF(MSSync #551, MSSync #552)", implicit_sync_memory_boundary = -1 : si32, mode = #sentient<sync_mode sendrecv>, soft = false, units = [#sentient<consumer_unit lxlu>, #sentient<consumer_unit l3su>]}
      sentient.sync {dbgName = "SSRF(MSSync #553, MSSync #554)", implicit_sync_memory_boundary = -1 : si32, mode = #sentient<sync_mode sendrecv>, soft = false, units = [#sentient<consumer_unit lxlu>, #sentient<consumer_unit l3su>]}
      sentient.for %arg2 = %2 {element_sizes = [-1 : i32], programHeader = [], regIndices = [0 : i32], regLocales = [#sentient<reg_type lccr>]}{
        %708 = sentient.if sge, %arg2, %2 : index -> (index) {element_sizes = [16 : i32], regIndices = [0 : i32], regLocales = [#sentient<reg_type lrf>]}{
          sentient.yield %89 : index
        } else{
          %711 = sentient.if sge, %arg2, %82 : index -> (index) {element_sizes = [16 : i32], regIndices = [0 : i32], regLocales = [#sentient<reg_type lrf>]}{
            sentient.yield %90 : index
          } else{
            %712 = sentient.if sge, %arg2, %6 : index -> (index) {element_sizes = [16 : i32], regIndices = [0 : i32], regLocales = [#sentient<reg_type lrf>]}{
              sentient.yield %91 : index
            } else{
              sentient.yield %92 : index
            }
            sentient.yield %712 : index
          }
          sentient.yield %711 : index
        }
        %709 = sentient.scalar_add %708, %128 {element_size = 16 : i32, regIndex = 0 : i32, regLocale = #sentient<reg_type lrf>} : index, index
        %710 = sentient.for %arg3 = %71 iter_args(%arg4 = %709) -> (index) {element_sizes = [-1 : i32, 16 : i32, 16 : i32], programHeader = [], regIndices = [1 : i32, 0 : i32, -1 : i32], regLocales = [#sentient<reg_type lccr>, #sentient<reg_type lrf>, #sentient<reg_type lrf>]}{
          %711 = sentient.receive_and_store mutable_addr(%arg4), immutable_addr(%123), increment(%123), producer(%385) {burst_size = 0 : i32, coalesce = false, dbgName = "c0-lxsu0-LE128DT-pe0-lx-5", element_size = 16 : i32, interleaved_group = 0 : i32, permute = false, regIndex = 0 : i32, regLocale = #sentient<reg_type lrf>, shuffle_mode = #sentient<shuffle_mode masked2b>, stride = 1 : i32, subword_length = 1 : i32, total_elements = 64 : i32} : index, index, index, index : index
          sentient.yield %711 : index
        }
      }
      sentient.sync {dbgName = "SSRF(MSSync #555, MSSync #556)", implicit_sync_memory_boundary = -1 : si32, mode = #sentient<sync_mode sendrecv>, soft = false, units = [#sentient<consumer_unit lxlu>, #sentient<consumer_unit l3su>]}
      sentient.sync {dbgName = "SSRF(MSSync #557, MSSync #558)", implicit_sync_memory_boundary = -1 : si32, mode = #sentient<sync_mode sendrecv>, soft = false, units = [#sentient<consumer_unit lxlu>, #sentient<consumer_unit l3su>]}
      sentient.for %arg2 = %2 {element_sizes = [-1 : i32], programHeader = [], regIndices = [0 : i32], regLocales = [#sentient<reg_type lccr>]}{
        %708 = sentient.if sge, %arg2, %2 : index -> (index) {element_sizes = [16 : i32], regIndices = [0 : i32], regLocales = [#sentient<reg_type lrf>]}{
          sentient.yield %93 : index
        } else{
          %711 = sentient.if sge, %arg2, %82 : index -> (index) {element_sizes = [16 : i32], regIndices = [0 : i32], regLocales = [#sentient<reg_type lrf>]}{
            sentient.yield %94 : index
          } else{
            %712 = sentient.if sge, %arg2, %6 : index -> (index) {element_sizes = [16 : i32], regIndices = [0 : i32], regLocales = [#sentient<reg_type lrf>]}{
              sentient.yield %95 : index
            } else{
              sentient.yield %96 : index
            }
            sentient.yield %712 : index
          }
          sentient.yield %711 : index
        }
        %709 = sentient.scalar_add %708, %128 {element_size = 16 : i32, regIndex = 0 : i32, regLocale = #sentient<reg_type lrf>} : index, index
        %710 = sentient.for %arg3 = %71 iter_args(%arg4 = %709) -> (index) {element_sizes = [-1 : i32, 16 : i32, 16 : i32], programHeader = [], regIndices = [1 : i32, 0 : i32, -1 : i32], regLocales = [#sentient<reg_type lccr>, #sentient<reg_type lrf>, #sentient<reg_type lrf>]}{
          %711 = sentient.receive_and_store mutable_addr(%arg4), immutable_addr(%123), increment(%123), producer(%385) {burst_size = 0 : i32, coalesce = false, dbgName = "c0-lxsu0-LE128DT-pe0-lx-7", element_size = 16 : i32, interleaved_group = 0 : i32, permute = false, regIndex = 0 : i32, regLocale = #sentient<reg_type lrf>, shuffle_mode = #sentient<shuffle_mode masked2b>, stride = 1 : i32, subword_length = 1 : i32, total_elements = 64 : i32} : index, index, index, index : index
          sentient.yield %711 : index
        }
      }
      sentient.sync {dbgName = "SSRF(MSSync #559, MSSync #560)", implicit_sync_memory_boundary = -1 : si32, mode = #sentient<sync_mode sendrecv>, soft = false, units = [#sentient<consumer_unit lxlu>, #sentient<consumer_unit l3su>]}
      sentient.sync {dbgName = "SSRF(MSSync #561, MSSync #562)", implicit_sync_memory_boundary = -1 : si32, mode = #sentient<sync_mode sendrecv>, soft = false, units = [#sentient<consumer_unit lxlu>, #sentient<consumer_unit l3su>]}
      sentient.for %arg2 = %2 {element_sizes = [-1 : i32], programHeader = [], regIndices = [0 : i32], regLocales = [#sentient<reg_type lccr>]}{
        %708 = sentient.if sge, %arg2, %2 : index -> (index) {element_sizes = [16 : i32], regIndices = [0 : i32], regLocales = [#sentient<reg_type lrf>]}{
          sentient.yield %97 : index
        } else{
          %711 = sentient.if sge, %arg2, %82 : index -> (index) {element_sizes = [16 : i32], regIndices = [0 : i32], regLocales = [#sentient<reg_type lrf>]}{
            sentient.yield %98 : index
          } else{
            %712 = sentient.if sge, %arg2, %6 : index -> (index) {element_sizes = [16 : i32], regIndices = [0 : i32], regLocales = [#sentient<reg_type lrf>]}{
              sentient.yield %99 : index
            } else{
              sentient.yield %100 : index
            }
            sentient.yield %712 : index
          }
          sentient.yield %711 : index
        }
        %709 = sentient.scalar_add %708, %128 {element_size = 16 : i32, regIndex = 0 : i32, regLocale = #sentient<reg_type lrf>} : index, index
        %710 = sentient.for %arg3 = %71 iter_args(%arg4 = %709) -> (index) {element_sizes = [-1 : i32, 16 : i32, 16 : i32], programHeader = [], regIndices = [1 : i32, 0 : i32, -1 : i32], regLocales = [#sentient<reg_type lccr>, #sentient<reg_type lrf>, #sentient<reg_type lrf>]}{
          %711 = sentient.receive_and_store mutable_addr(%arg4), immutable_addr(%123), increment(%123), producer(%385) {burst_size = 0 : i32, coalesce = false, dbgName = "c0-lxsu0-LE128DT-pe0-lx-9", element_size = 16 : i32, interleaved_group = 0 : i32, permute = false, regIndex = 0 : i32, regLocale = #sentient<reg_type lrf>, shuffle_mode = #sentient<shuffle_mode masked2b>, stride = 1 : i32, subword_length = 1 : i32, total_elements = 64 : i32} : index, index, index, index : index
          sentient.yield %711 : index
        }
      }
      sentient.sync {dbgName = "SSRF(MSSync #563, MSSync #564)", implicit_sync_memory_boundary = -1 : si32, mode = #sentient<sync_mode sendrecv>, soft = false, units = [#sentient<consumer_unit lxlu>, #sentient<consumer_unit l3su>]}
      sentient.sync {dbgName = "SSRF(MSSync #565, MSSync #566)", implicit_sync_memory_boundary = -1 : si32, mode = #sentient<sync_mode sendrecv>, soft = false, units = [#sentient<consumer_unit lxlu>, #sentient<consumer_unit l3su>]}
      sentient.for %arg2 = %2 {element_sizes = [-1 : i32], programHeader = [], regIndices = [0 : i32], regLocales = [#sentient<reg_type lccr>]}{
        %708 = sentient.if sge, %arg2, %2 : index -> (index) {element_sizes = [16 : i32], regIndices = [0 : i32], regLocales = [#sentient<reg_type lrf>]}{
          sentient.yield %101 : index
        } else{
          %711 = sentient.if sge, %arg2, %82 : index -> (index) {element_sizes = [16 : i32], regIndices = [0 : i32], regLocales = [#sentient<reg_type lrf>]}{
            sentient.yield %102 : index
          } else{
            %712 = sentient.if sge, %arg2, %6 : index -> (index) {element_sizes = [16 : i32], regIndices = [0 : i32], regLocales = [#sentient<reg_type lrf>]}{
              sentient.yield %103 : index
            } else{
              sentient.yield %104 : index
            }
            sentient.yield %712 : index
          }
          sentient.yield %711 : index
        }
        %709 = sentient.scalar_add %708, %128 {element_size = 16 : i32, regIndex = 0 : i32, regLocale = #sentient<reg_type lrf>} : index, index
        %710 = sentient.for %arg3 = %71 iter_args(%arg4 = %709) -> (index) {element_sizes = [-1 : i32, 16 : i32, 16 : i32], programHeader = [], regIndices = [1 : i32, 0 : i32, -1 : i32], regLocales = [#sentient<reg_type lccr>, #sentient<reg_type lrf>, #sentient<reg_type lrf>]}{
          %711 = sentient.receive_and_store mutable_addr(%arg4), immutable_addr(%123), increment(%123), producer(%385) {burst_size = 0 : i32, coalesce = false, dbgName = "c0-lxsu0-LE128DT-pe0-lx-11", element_size = 16 : i32, interleaved_group = 0 : i32, permute = false, regIndex = 0 : i32, regLocale = #sentient<reg_type lrf>, shuffle_mode = #sentient<shuffle_mode masked2b>, stride = 1 : i32, subword_length = 1 : i32, total_elements = 64 : i32} : index, index, index, index : index
          sentient.yield %711 : index
        }
      }
      sentient.sync {dbgName = "SSRF(MSSync #567, MSSync #568)", implicit_sync_memory_boundary = -1 : si32, mode = #sentient<sync_mode sendrecv>, soft = false, units = [#sentient<consumer_unit lxlu>, #sentient<consumer_unit l3su>]}
      sentient.sync {dbgName = "SSRF(MSSync #569, MSSync #570)", implicit_sync_memory_boundary = -1 : si32, mode = #sentient<sync_mode sendrecv>, soft = false, units = [#sentient<consumer_unit lxlu>, #sentient<consumer_unit l3su>]}
      sentient.for %arg2 = %2 {element_sizes = [-1 : i32], programHeader = [], regIndices = [0 : i32], regLocales = [#sentient<reg_type lccr>]}{
        %708 = sentient.if sge, %arg2, %2 : index -> (index) {element_sizes = [16 : i32], regIndices = [0 : i32], regLocales = [#sentient<reg_type lrf>]}{
          sentient.yield %105 : index
        } else{
          %711 = sentient.if sge, %arg2, %82 : index -> (index) {element_sizes = [16 : i32], regIndices = [0 : i32], regLocales = [#sentient<reg_type lrf>]}{
            sentient.yield %106 : index
          } else{
            %712 = sentient.if sge, %arg2, %6 : index -> (index) {element_sizes = [16 : i32], regIndices = [0 : i32], regLocales = [#sentient<reg_type lrf>]}{
              sentient.yield %107 : index
            } else{
              sentient.yield %108 : index
            }
            sentient.yield %712 : index
          }
          sentient.yield %711 : index
        }
        %709 = sentient.scalar_add %708, %128 {element_size = 16 : i32, regIndex = 0 : i32, regLocale = #sentient<reg_type lrf>} : index, index
        %710 = sentient.for %arg3 = %71 iter_args(%arg4 = %709) -> (index) {element_sizes = [-1 : i32, 16 : i32, 16 : i32], programHeader = [], regIndices = [1 : i32, 0 : i32, -1 : i32], regLocales = [#sentient<reg_type lccr>, #sentient<reg_type lrf>, #sentient<reg_type lrf>]}{
          %711 = sentient.receive_and_store mutable_addr(%arg4), immutable_addr(%123), increment(%123), producer(%385) {burst_size = 0 : i32, coalesce = false, dbgName = "c0-lxsu0-LE128DT-pe0-lx-13", element_size = 16 : i32, interleaved_group = 0 : i32, permute = false, regIndex = 0 : i32, regLocale = #sentient<reg_type lrf>, shuffle_mode = #sentient<shuffle_mode masked2b>, stride = 1 : i32, subword_length = 1 : i32, total_elements = 64 : i32} : index, index, index, index : index
          sentient.yield %711 : index
        }
      }
      sentient.sync {dbgName = "SSRF(MSSync #571, MSSync #572)", implicit_sync_memory_boundary = -1 : si32, mode = #sentient<sync_mode sendrecv>, soft = false, units = [#sentient<consumer_unit lxlu>, #sentient<consumer_unit l3su>]}
      sentient.sync {dbgName = "SSRF(MSSync #573, MSSync #574)", implicit_sync_memory_boundary = -1 : si32, mode = #sentient<sync_mode sendrecv>, soft = false, units = [#sentient<consumer_unit lxlu>, #sentient<consumer_unit l3su>]}
      sentient.for %arg2 = %2 {element_sizes = [-1 : i32], programHeader = [], regIndices = [0 : i32], regLocales = [#sentient<reg_type lccr>]}{
        %708 = sentient.if sge, %arg2, %2 : index -> (index) {element_sizes = [16 : i32], regIndices = [0 : i32], regLocales = [#sentient<reg_type lrf>]}{
          sentient.yield %109 : index
        } else{
          %711 = sentient.if sge, %arg2, %82 : index -> (index) {element_sizes = [16 : i32], regIndices = [0 : i32], regLocales = [#sentient<reg_type lrf>]}{
            sentient.yield %110 : index
          } else{
            %712 = sentient.if sge, %arg2, %6 : index -> (index) {element_sizes = [16 : i32], regIndices = [0 : i32], regLocales = [#sentient<reg_type lrf>]}{
              sentient.yield %111 : index
            } else{
              sentient.yield %112 : index
            }
            sentient.yield %712 : index
          }
          sentient.yield %711 : index
        }
        %709 = sentient.scalar_add %708, %128 {element_size = 16 : i32, regIndex = 0 : i32, regLocale = #sentient<reg_type lrf>} : index, index
        %710 = sentient.for %arg3 = %71 iter_args(%arg4 = %709) -> (index) {element_sizes = [-1 : i32, 16 : i32, 16 : i32], programHeader = [], regIndices = [1 : i32, 0 : i32, -1 : i32], regLocales = [#sentient<reg_type lccr>, #sentient<reg_type lrf>, #sentient<reg_type lrf>]}{
          %711 = sentient.receive_and_store mutable_addr(%arg4), immutable_addr(%123), increment(%123), producer(%385) {burst_size = 0 : i32, coalesce = false, dbgName = "c0-lxsu0-LE128DT-pe0-lx-15", element_size = 16 : i32, interleaved_group = 0 : i32, permute = false, regIndex = 0 : i32, regLocale = #sentient<reg_type lrf>, shuffle_mode = #sentient<shuffle_mode masked2b>, stride = 1 : i32, subword_length = 1 : i32, total_elements = 64 : i32} : index, index, index, index : index
          sentient.yield %711 : index
        }
      }
      sentient.sync {dbgName = "SSRF(MSSync #575, MSSync #576)", implicit_sync_memory_boundary = -1 : si32, mode = #sentient<sync_mode sendrecv>, soft = false, units = [#sentient<consumer_unit lxlu>, #sentient<consumer_unit l3su>]}
      uniform.yield
    }
    (%arg1 -> %546){
      sentient.sync {dbgName = "SSRF(MSSync #577, MSSync #578)", implicit_sync_memory_boundary = -1 : si32, mode = #sentient<sync_mode sendrecv>, soft = false, units = [#sentient<consumer_unit lxlu>, #sentient<consumer_unit l3su>]}
      uniform.yield
    }
    (%arg1 -> %547){
      sentient.sync {dbgName = "SSRF(MSSync #579, MSSync #580)", implicit_sync_memory_boundary = -1 : si32, mode = #sentient<sync_mode sendrecv>, soft = false, units = [#sentient<consumer_unit lxlu>, #sentient<consumer_unit l3su>]}
      sentient.for %arg2 = %2 {element_sizes = [-1 : i32], programHeader = [], regIndices = [0 : i32], regLocales = [#sentient<reg_type lccr>]}{
        %708 = sentient.if sge, %arg2, %2 : index -> (index) {element_sizes = [16 : i32], regIndices = [2 : i32], regLocales = [#sentient<reg_type lrf>]}{
          sentient.yield %80 : index
        } else{
          %711 = sentient.if sge, %arg2, %82 : index -> (index) {element_sizes = [16 : i32], regIndices = [2 : i32], regLocales = [#sentient<reg_type lrf>]}{
            sentient.yield %81 : index
          } else{
            %712 = sentient.if sge, %arg2, %6 : index -> (index) {element_sizes = [16 : i32], regIndices = [2 : i32], regLocales = [#sentient<reg_type lrf>]}{
              sentient.yield %83 : index
            } else{
              sentient.yield %84 : index
            }
            sentient.yield %712 : index
          }
          sentient.yield %711 : index
        }
        %709 = sentient.scalar_add %708, %128 {element_size = 16 : i32, regIndex = 2 : i32, regLocale = #sentient<reg_type lrf>} : index, index
        %710 = sentient.for %arg3 = %71 iter_args(%arg4 = %709) -> (index) {element_sizes = [-1 : i32, 16 : i32, 16 : i32], programHeader = [], regIndices = [1 : i32, 2 : i32, -1 : i32], regLocales = [#sentient<reg_type lccr>, #sentient<reg_type lrf>, #sentient<reg_type lrf>]}{
          %711 = sentient.receive_and_store mutable_addr(%arg4), immutable_addr(%123), increment(%123), producer(%387) {burst_size = 0 : i32, coalesce = false, dbgName = "c2-lxsu0-LE128DT-pe0-lx-1", element_size = 16 : i32, interleaved_group = 0 : i32, permute = false, regIndex = 2 : i32, regLocale = #sentient<reg_type lrf>, shuffle_mode = #sentient<shuffle_mode masked2b>, stride = 1 : i32, subword_length = 1 : i32, total_elements = 64 : i32} : index, index, index, index : index
          sentient.yield %711 : index
        }
      }
      sentient.sync {dbgName = "SSRF(MSSync #581, MSSync #582)", implicit_sync_memory_boundary = -1 : si32, mode = #sentient<sync_mode sendrecv>, soft = false, units = [#sentient<consumer_unit lxlu>, #sentient<consumer_unit l3su>]}
      %707 = sentient.for %arg2 = %6 iter_args(%arg3 = %701) -> (index) {element_sizes = [-1 : i32, 16 : i32, 16 : i32], programHeader = [], regIndices = [0 : i32, 0 : i32, -1 : i32], regLocales = [#sentient<reg_type lccr>, #sentient<reg_type lrf>, #sentient<reg_type lrf>]}{
        %708 = sentient.scalar_sub %125, %arg3 {element_size = 16 : i32, regIndex = 0 : i32, regLocale = #sentient<reg_type lrf>} : index, index
        %709 = sentient.scalar_add %708, %69 {element_size = 16 : i32, regIndex = 2 : i32, regLocale = #sentient<reg_type lrf>} : index, index
        %710 = sentient.for %arg4 = %74 iter_args(%arg5 = %709) -> (index) {element_sizes = [-1 : i32, 16 : i32, 16 : i32], programHeader = [], regIndices = [1 : i32, 2 : i32, -1 : i32], regLocales = [#sentient<reg_type lccr>, #sentient<reg_type lrf>, #sentient<reg_type lrf>]}{
          %711 = sentient.receive_and_store mutable_addr(%arg5), immutable_addr(%75), increment(%75), producer(%387) {burst_size = 0 : i32, coalesce = false, dbgName = "c2-lxsu0-ringDT-pe0-lx-0-2", element_size = 16 : i32, interleaved_group = 0 : i32, permute = false, regIndex = 2 : i32, regLocale = #sentient<reg_type lrf>, stride = 1 : i32, subword_length = 1 : i32, total_elements = 64 : i32} : index, index, index, index : index
          sentient.yield %711 : index
        }
        sentient.yield %708 : index
      }
      sentient.sync {dbgName = "SSRF(MSSync #583, MSSync #584)", implicit_sync_memory_boundary = -1 : si32, mode = #sentient<sync_mode sendrecv>, soft = false, units = [#sentient<consumer_unit lxlu>, #sentient<consumer_unit l3su>]}
      sentient.for %arg2 = %2 {element_sizes = [-1 : i32], programHeader = [], regIndices = [0 : i32], regLocales = [#sentient<reg_type lccr>]}{
        %708 = sentient.if sge, %arg2, %2 : index -> (index) {element_sizes = [16 : i32], regIndices = [0 : i32], regLocales = [#sentient<reg_type lrf>]}{
          sentient.yield %85 : index
        } else{
          %711 = sentient.if sge, %arg2, %82 : index -> (index) {element_sizes = [16 : i32], regIndices = [0 : i32], regLocales = [#sentient<reg_type lrf>]}{
            sentient.yield %86 : index
          } else{
            %712 = sentient.if sge, %arg2, %6 : index -> (index) {element_sizes = [16 : i32], regIndices = [0 : i32], regLocales = [#sentient<reg_type lrf>]}{
              sentient.yield %87 : index
            } else{
              sentient.yield %88 : index
            }
            sentient.yield %712 : index
          }
          sentient.yield %711 : index
        }
        %709 = sentient.scalar_add %708, %128 {element_size = 16 : i32, regIndex = 0 : i32, regLocale = #sentient<reg_type lrf>} : index, index
        %710 = sentient.for %arg3 = %71 iter_args(%arg4 = %709) -> (index) {element_sizes = [-1 : i32, 16 : i32, 16 : i32], programHeader = [], regIndices = [1 : i32, 0 : i32, -1 : i32], regLocales = [#sentient<reg_type lccr>, #sentient<reg_type lrf>, #sentient<reg_type lrf>]}{
          %711 = sentient.receive_and_store mutable_addr(%arg4), immutable_addr(%123), increment(%123), producer(%387) {burst_size = 0 : i32, coalesce = false, dbgName = "c2-lxsu0-LE128DT-pe0-lx-3", element_size = 16 : i32, interleaved_group = 0 : i32, permute = false, regIndex = 0 : i32, regLocale = #sentient<reg_type lrf>, shuffle_mode = #sentient<shuffle_mode masked2b>, stride = 1 : i32, subword_length = 1 : i32, total_elements = 64 : i32} : index, index, index, index : index
          sentient.yield %711 : index
        }
      }
      sentient.sync {dbgName = "SSRF(MSSync #585, MSSync #586)", implicit_sync_memory_boundary = -1 : si32, mode = #sentient<sync_mode sendrecv>, soft = false, units = [#sentient<consumer_unit lxlu>, #sentient<consumer_unit l3su>]}
      sentient.sync {dbgName = "SSRF(MSSync #587, MSSync #588)", implicit_sync_memory_boundary = -1 : si32, mode = #sentient<sync_mode sendrecv>, soft = false, units = [#sentient<consumer_unit lxlu>, #sentient<consumer_unit l3su>]}
      sentient.for %arg2 = %2 {element_sizes = [-1 : i32], programHeader = [], regIndices = [0 : i32], regLocales = [#sentient<reg_type lccr>]}{
        %708 = sentient.if sge, %arg2, %2 : index -> (index) {element_sizes = [16 : i32], regIndices = [0 : i32], regLocales = [#sentient<reg_type lrf>]}{
          sentient.yield %89 : index
        } else{
          %711 = sentient.if sge, %arg2, %82 : index -> (index) {element_sizes = [16 : i32], regIndices = [0 : i32], regLocales = [#sentient<reg_type lrf>]}{
            sentient.yield %90 : index
          } else{
            %712 = sentient.if sge, %arg2, %6 : index -> (index) {element_sizes = [16 : i32], regIndices = [0 : i32], regLocales = [#sentient<reg_type lrf>]}{
              sentient.yield %91 : index
            } else{
              sentient.yield %92 : index
            }
            sentient.yield %712 : index
          }
          sentient.yield %711 : index
        }
        %709 = sentient.scalar_add %708, %128 {element_size = 16 : i32, regIndex = 0 : i32, regLocale = #sentient<reg_type lrf>} : index, index
        %710 = sentient.for %arg3 = %71 iter_args(%arg4 = %709) -> (index) {element_sizes = [-1 : i32, 16 : i32, 16 : i32], programHeader = [], regIndices = [1 : i32, 0 : i32, -1 : i32], regLocales = [#sentient<reg_type lccr>, #sentient<reg_type lrf>, #sentient<reg_type lrf>]}{
          %711 = sentient.receive_and_store mutable_addr(%arg4), immutable_addr(%123), increment(%123), producer(%387) {burst_size = 0 : i32, coalesce = false, dbgName = "c2-lxsu0-LE128DT-pe0-lx-5", element_size = 16 : i32, interleaved_group = 0 : i32, permute = false, regIndex = 0 : i32, regLocale = #sentient<reg_type lrf>, shuffle_mode = #sentient<shuffle_mode masked2b>, stride = 1 : i32, subword_length = 1 : i32, total_elements = 64 : i32} : index, index, index, index : index
          sentient.yield %711 : index
        }
      }
      sentient.sync {dbgName = "SSRF(MSSync #589, MSSync #590)", implicit_sync_memory_boundary = -1 : si32, mode = #sentient<sync_mode sendrecv>, soft = false, units = [#sentient<consumer_unit lxlu>, #sentient<consumer_unit l3su>]}
      sentient.sync {dbgName = "SSRF(MSSync #591, MSSync #592)", implicit_sync_memory_boundary = -1 : si32, mode = #sentient<sync_mode sendrecv>, soft = false, units = [#sentient<consumer_unit lxlu>, #sentient<consumer_unit l3su>]}
      sentient.for %arg2 = %2 {element_sizes = [-1 : i32], programHeader = [], regIndices = [0 : i32], regLocales = [#sentient<reg_type lccr>]}{
        %708 = sentient.if sge, %arg2, %2 : index -> (index) {element_sizes = [16 : i32], regIndices = [0 : i32], regLocales = [#sentient<reg_type lrf>]}{
          sentient.yield %93 : index
        } else{
          %711 = sentient.if sge, %arg2, %82 : index -> (index) {element_sizes = [16 : i32], regIndices = [0 : i32], regLocales = [#sentient<reg_type lrf>]}{
            sentient.yield %94 : index
          } else{
            %712 = sentient.if sge, %arg2, %6 : index -> (index) {element_sizes = [16 : i32], regIndices = [0 : i32], regLocales = [#sentient<reg_type lrf>]}{
              sentient.yield %95 : index
            } else{
              sentient.yield %96 : index
            }
            sentient.yield %712 : index
          }
          sentient.yield %711 : index
        }
        %709 = sentient.scalar_add %708, %128 {element_size = 16 : i32, regIndex = 0 : i32, regLocale = #sentient<reg_type lrf>} : index, index
        %710 = sentient.for %arg3 = %71 iter_args(%arg4 = %709) -> (index) {element_sizes = [-1 : i32, 16 : i32, 16 : i32], programHeader = [], regIndices = [1 : i32, 0 : i32, -1 : i32], regLocales = [#sentient<reg_type lccr>, #sentient<reg_type lrf>, #sentient<reg_type lrf>]}{
          %711 = sentient.receive_and_store mutable_addr(%arg4), immutable_addr(%123), increment(%123), producer(%387) {burst_size = 0 : i32, coalesce = false, dbgName = "c2-lxsu0-LE128DT-pe0-lx-7", element_size = 16 : i32, interleaved_group = 0 : i32, permute = false, regIndex = 0 : i32, regLocale = #sentient<reg_type lrf>, shuffle_mode = #sentient<shuffle_mode masked2b>, stride = 1 : i32, subword_length = 1 : i32, total_elements = 64 : i32} : index, index, index, index : index
          sentient.yield %711 : index
        }
      }
      sentient.sync {dbgName = "SSRF(MSSync #593, MSSync #594)", implicit_sync_memory_boundary = -1 : si32, mode = #sentient<sync_mode sendrecv>, soft = false, units = [#sentient<consumer_unit lxlu>, #sentient<consumer_unit l3su>]}
      sentient.sync {dbgName = "SSRF(MSSync #595, MSSync #596)", implicit_sync_memory_boundary = -1 : si32, mode = #sentient<sync_mode sendrecv>, soft = false, units = [#sentient<consumer_unit lxlu>, #sentient<consumer_unit l3su>]}
      sentient.for %arg2 = %2 {element_sizes = [-1 : i32], programHeader = [], regIndices = [0 : i32], regLocales = [#sentient<reg_type lccr>]}{
        %708 = sentient.if sge, %arg2, %2 : index -> (index) {element_sizes = [16 : i32], regIndices = [0 : i32], regLocales = [#sentient<reg_type lrf>]}{
          sentient.yield %97 : index
        } else{
          %711 = sentient.if sge, %arg2, %82 : index -> (index) {element_sizes = [16 : i32], regIndices = [0 : i32], regLocales = [#sentient<reg_type lrf>]}{
            sentient.yield %98 : index
          } else{
            %712 = sentient.if sge, %arg2, %6 : index -> (index) {element_sizes = [16 : i32], regIndices = [0 : i32], regLocales = [#sentient<reg_type lrf>]}{
              sentient.yield %99 : index
            } else{
              sentient.yield %100 : index
            }
            sentient.yield %712 : index
          }
          sentient.yield %711 : index
        }
        %709 = sentient.scalar_add %708, %128 {element_size = 16 : i32, regIndex = 0 : i32, regLocale = #sentient<reg_type lrf>} : index, index
        %710 = sentient.for %arg3 = %71 iter_args(%arg4 = %709) -> (index) {element_sizes = [-1 : i32, 16 : i32, 16 : i32], programHeader = [], regIndices = [1 : i32, 0 : i32, -1 : i32], regLocales = [#sentient<reg_type lccr>, #sentient<reg_type lrf>, #sentient<reg_type lrf>]}{
          %711 = sentient.receive_and_store mutable_addr(%arg4), immutable_addr(%123), increment(%123), producer(%387) {burst_size = 0 : i32, coalesce = false, dbgName = "c2-lxsu0-LE128DT-pe0-lx-9", element_size = 16 : i32, interleaved_group = 0 : i32, permute = false, regIndex = 0 : i32, regLocale = #sentient<reg_type lrf>, shuffle_mode = #sentient<shuffle_mode masked2b>, stride = 1 : i32, subword_length = 1 : i32, total_elements = 64 : i32} : index, index, index, index : index
          sentient.yield %711 : index
        }
      }
      sentient.sync {dbgName = "SSRF(MSSync #597, MSSync #598)", implicit_sync_memory_boundary = -1 : si32, mode = #sentient<sync_mode sendrecv>, soft = false, units = [#sentient<consumer_unit lxlu>, #sentient<consumer_unit l3su>]}
      sentient.sync {dbgName = "SSRF(MSSync #599, MSSync #600)", implicit_sync_memory_boundary = -1 : si32, mode = #sentient<sync_mode sendrecv>, soft = false, units = [#sentient<consumer_unit lxlu>, #sentient<consumer_unit l3su>]}
      sentient.for %arg2 = %2 {element_sizes = [-1 : i32], programHeader = [], regIndices = [0 : i32], regLocales = [#sentient<reg_type lccr>]}{
        %708 = sentient.if sge, %arg2, %2 : index -> (index) {element_sizes = [16 : i32], regIndices = [0 : i32], regLocales = [#sentient<reg_type lrf>]}{
          sentient.yield %101 : index
        } else{
          %711 = sentient.if sge, %arg2, %82 : index -> (index) {element_sizes = [16 : i32], regIndices = [0 : i32], regLocales = [#sentient<reg_type lrf>]}{
            sentient.yield %102 : index
          } else{
            %712 = sentient.if sge, %arg2, %6 : index -> (index) {element_sizes = [16 : i32], regIndices = [0 : i32], regLocales = [#sentient<reg_type lrf>]}{
              sentient.yield %103 : index
            } else{
              sentient.yield %104 : index
            }
            sentient.yield %712 : index
          }
          sentient.yield %711 : index
        }
        %709 = sentient.scalar_add %708, %128 {element_size = 16 : i32, regIndex = 0 : i32, regLocale = #sentient<reg_type lrf>} : index, index
        %710 = sentient.for %arg3 = %71 iter_args(%arg4 = %709) -> (index) {element_sizes = [-1 : i32, 16 : i32, 16 : i32], programHeader = [], regIndices = [1 : i32, 0 : i32, -1 : i32], regLocales = [#sentient<reg_type lccr>, #sentient<reg_type lrf>, #sentient<reg_type lrf>]}{
          %711 = sentient.receive_and_store mutable_addr(%arg4), immutable_addr(%123), increment(%123), producer(%387) {burst_size = 0 : i32, coalesce = false, dbgName = "c2-lxsu0-LE128DT-pe0-lx-11", element_size = 16 : i32, interleaved_group = 0 : i32, permute = false, regIndex = 0 : i32, regLocale = #sentient<reg_type lrf>, shuffle_mode = #sentient<shuffle_mode masked2b>, stride = 1 : i32, subword_length = 1 : i32, total_elements = 64 : i32} : index, index, index, index : index
          sentient.yield %711 : index
        }
      }
      sentient.sync {dbgName = "SSRF(MSSync #601, MSSync #602)", implicit_sync_memory_boundary = -1 : si32, mode = #sentient<sync_mode sendrecv>, soft = false, units = [#sentient<consumer_unit lxlu>, #sentient<consumer_unit l3su>]}
      sentient.sync {dbgName = "SSRF(MSSync #603, MSSync #604)", implicit_sync_memory_boundary = -1 : si32, mode = #sentient<sync_mode sendrecv>, soft = false, units = [#sentient<consumer_unit lxlu>, #sentient<consumer_unit l3su>]}
      sentient.for %arg2 = %2 {element_sizes = [-1 : i32], programHeader = [], regIndices = [0 : i32], regLocales = [#sentient<reg_type lccr>]}{
        %708 = sentient.if sge, %arg2, %2 : index -> (index) {element_sizes = [16 : i32], regIndices = [0 : i32], regLocales = [#sentient<reg_type lrf>]}{
          sentient.yield %105 : index
        } else{
          %711 = sentient.if sge, %arg2, %82 : index -> (index) {element_sizes = [16 : i32], regIndices = [0 : i32], regLocales = [#sentient<reg_type lrf>]}{
            sentient.yield %106 : index
          } else{
            %712 = sentient.if sge, %arg2, %6 : index -> (index) {element_sizes = [16 : i32], regIndices = [0 : i32], regLocales = [#sentient<reg_type lrf>]}{
              sentient.yield %107 : index
            } else{
              sentient.yield %108 : index
            }
            sentient.yield %712 : index
          }
          sentient.yield %711 : index
        }
        %709 = sentient.scalar_add %708, %128 {element_size = 16 : i32, regIndex = 0 : i32, regLocale = #sentient<reg_type lrf>} : index, index
        %710 = sentient.for %arg3 = %71 iter_args(%arg4 = %709) -> (index) {element_sizes = [-1 : i32, 16 : i32, 16 : i32], programHeader = [], regIndices = [1 : i32, 0 : i32, -1 : i32], regLocales = [#sentient<reg_type lccr>, #sentient<reg_type lrf>, #sentient<reg_type lrf>]}{
          %711 = sentient.receive_and_store mutable_addr(%arg4), immutable_addr(%123), increment(%123), producer(%387) {burst_size = 0 : i32, coalesce = false, dbgName = "c2-lxsu0-LE128DT-pe0-lx-13", element_size = 16 : i32, interleaved_group = 0 : i32, permute = false, regIndex = 0 : i32, regLocale = #sentient<reg_type lrf>, shuffle_mode = #sentient<shuffle_mode masked2b>, stride = 1 : i32, subword_length = 1 : i32, total_elements = 64 : i32} : index, index, index, index : index
          sentient.yield %711 : index
        }
      }
      sentient.sync {dbgName = "SSRF(MSSync #605, MSSync #606)", implicit_sync_memory_boundary = -1 : si32, mode = #sentient<sync_mode sendrecv>, soft = false, units = [#sentient<consumer_unit lxlu>, #sentient<consumer_unit l3su>]}
      sentient.sync {dbgName = "SSRF(MSSync #607, MSSync #608)", implicit_sync_memory_boundary = -1 : si32, mode = #sentient<sync_mode sendrecv>, soft = false, units = [#sentient<consumer_unit lxlu>, #sentient<consumer_unit l3su>]}
      sentient.for %arg2 = %2 {element_sizes = [-1 : i32], programHeader = [], regIndices = [0 : i32], regLocales = [#sentient<reg_type lccr>]}{
        %708 = sentient.if sge, %arg2, %2 : index -> (index) {element_sizes = [16 : i32], regIndices = [0 : i32], regLocales = [#sentient<reg_type lrf>]}{
          sentient.yield %109 : index
        } else{
          %711 = sentient.if sge, %arg2, %82 : index -> (index) {element_sizes = [16 : i32], regIndices = [0 : i32], regLocales = [#sentient<reg_type lrf>]}{
            sentient.yield %110 : index
          } else{
            %712 = sentient.if sge, %arg2, %6 : index -> (index) {element_sizes = [16 : i32], regIndices = [0 : i32], regLocales = [#sentient<reg_type lrf>]}{
              sentient.yield %111 : index
            } else{
              sentient.yield %112 : index
            }
            sentient.yield %712 : index
          }
          sentient.yield %711 : index
        }
        %709 = sentient.scalar_add %708, %128 {element_size = 16 : i32, regIndex = 0 : i32, regLocale = #sentient<reg_type lrf>} : index, index
        %710 = sentient.for %arg3 = %71 iter_args(%arg4 = %709) -> (index) {element_sizes = [-1 : i32, 16 : i32, 16 : i32], programHeader = [], regIndices = [1 : i32, 0 : i32, -1 : i32], regLocales = [#sentient<reg_type lccr>, #sentient<reg_type lrf>, #sentient<reg_type lrf>]}{
          %711 = sentient.receive_and_store mutable_addr(%arg4), immutable_addr(%123), increment(%123), producer(%387) {burst_size = 0 : i32, coalesce = false, dbgName = "c2-lxsu0-LE128DT-pe0-lx-15", element_size = 16 : i32, interleaved_group = 0 : i32, permute = false, regIndex = 0 : i32, regLocale = #sentient<reg_type lrf>, shuffle_mode = #sentient<shuffle_mode masked2b>, stride = 1 : i32, subword_length = 1 : i32, total_elements = 64 : i32} : index, index, index, index : index
          sentient.yield %711 : index
        }
      }
      sentient.sync {dbgName = "SSRF(MSSync #609, MSSync #610)", implicit_sync_memory_boundary = -1 : si32, mode = #sentient<sync_mode sendrecv>, soft = false, units = [#sentient<consumer_unit lxlu>, #sentient<consumer_unit l3su>]}
      uniform.yield
    }
    (%arg1 -> %548){
      sentient.sync {dbgName = "SSRF(MSSync #611, MSSync #612)", implicit_sync_memory_boundary = -1 : si32, mode = #sentient<sync_mode sendrecv>, soft = false, units = [#sentient<consumer_unit lxlu>, #sentient<consumer_unit l3su>]}
      uniform.yield
    }
    (%arg1 -> %549){
      sentient.sync {dbgName = "SSRF(MSSync #613, MSSync #614)", implicit_sync_memory_boundary = -1 : si32, mode = #sentient<sync_mode sendrecv>, soft = false, units = [#sentient<consumer_unit lxlu>, #sentient<consumer_unit l3su>]}
      sentient.for %arg2 = %2 {element_sizes = [-1 : i32], programHeader = [], regIndices = [0 : i32], regLocales = [#sentient<reg_type lccr>]}{
        %708 = sentient.if sge, %arg2, %2 : index -> (index) {element_sizes = [16 : i32], regIndices = [2 : i32], regLocales = [#sentient<reg_type lrf>]}{
          sentient.yield %80 : index
        } else{
          %711 = sentient.if sge, %arg2, %82 : index -> (index) {element_sizes = [16 : i32], regIndices = [2 : i32], regLocales = [#sentient<reg_type lrf>]}{
            sentient.yield %81 : index
          } else{
            %712 = sentient.if sge, %arg2, %6 : index -> (index) {element_sizes = [16 : i32], regIndices = [2 : i32], regLocales = [#sentient<reg_type lrf>]}{
              sentient.yield %83 : index
            } else{
              sentient.yield %84 : index
            }
            sentient.yield %712 : index
          }
          sentient.yield %711 : index
        }
        %709 = sentient.scalar_add %708, %128 {element_size = 16 : i32, regIndex = 2 : i32, regLocale = #sentient<reg_type lrf>} : index, index
        %710 = sentient.for %arg3 = %71 iter_args(%arg4 = %709) -> (index) {element_sizes = [-1 : i32, 16 : i32, 16 : i32], programHeader = [], regIndices = [1 : i32, 2 : i32, -1 : i32], regLocales = [#sentient<reg_type lccr>, #sentient<reg_type lrf>, #sentient<reg_type lrf>]}{
          %711 = sentient.receive_and_store mutable_addr(%arg4), immutable_addr(%123), increment(%123), producer(%389) {burst_size = 0 : i32, coalesce = false, dbgName = "c4-lxsu0-LE128DT-pe0-lx-1", element_size = 16 : i32, interleaved_group = 0 : i32, permute = false, regIndex = 2 : i32, regLocale = #sentient<reg_type lrf>, shuffle_mode = #sentient<shuffle_mode masked2b>, stride = 1 : i32, subword_length = 1 : i32, total_elements = 64 : i32} : index, index, index, index : index
          sentient.yield %711 : index
        }
      }
      sentient.sync {dbgName = "SSRF(MSSync #615, MSSync #616)", implicit_sync_memory_boundary = -1 : si32, mode = #sentient<sync_mode sendrecv>, soft = false, units = [#sentient<consumer_unit lxlu>, #sentient<consumer_unit l3su>]}
      sentient.sync {dbgName = "SSRF(MSSync #617, MSSync #618)", implicit_sync_memory_boundary = -1 : si32, mode = #sentient<sync_mode sendrecv>, soft = false, units = [#sentient<consumer_unit lxlu>, #sentient<consumer_unit l3su>]}
      sentient.for %arg2 = %2 {element_sizes = [-1 : i32], programHeader = [], regIndices = [0 : i32], regLocales = [#sentient<reg_type lccr>]}{
        %708 = sentient.if sge, %arg2, %2 : index -> (index) {element_sizes = [16 : i32], regIndices = [2 : i32], regLocales = [#sentient<reg_type lrf>]}{
          sentient.yield %85 : index
        } else{
          %711 = sentient.if sge, %arg2, %82 : index -> (index) {element_sizes = [16 : i32], regIndices = [2 : i32], regLocales = [#sentient<reg_type lrf>]}{
            sentient.yield %86 : index
          } else{
            %712 = sentient.if sge, %arg2, %6 : index -> (index) {element_sizes = [16 : i32], regIndices = [2 : i32], regLocales = [#sentient<reg_type lrf>]}{
              sentient.yield %87 : index
            } else{
              sentient.yield %88 : index
            }
            sentient.yield %712 : index
          }
          sentient.yield %711 : index
        }
        %709 = sentient.scalar_add %708, %128 {element_size = 16 : i32, regIndex = 2 : i32, regLocale = #sentient<reg_type lrf>} : index, index
        %710 = sentient.for %arg3 = %71 iter_args(%arg4 = %709) -> (index) {element_sizes = [-1 : i32, 16 : i32, 16 : i32], programHeader = [], regIndices = [1 : i32, 2 : i32, -1 : i32], regLocales = [#sentient<reg_type lccr>, #sentient<reg_type lrf>, #sentient<reg_type lrf>]}{
          %711 = sentient.receive_and_store mutable_addr(%arg4), immutable_addr(%123), increment(%123), producer(%389) {burst_size = 0 : i32, coalesce = false, dbgName = "c4-lxsu0-LE128DT-pe0-lx-3", element_size = 16 : i32, interleaved_group = 0 : i32, permute = false, regIndex = 2 : i32, regLocale = #sentient<reg_type lrf>, shuffle_mode = #sentient<shuffle_mode masked2b>, stride = 1 : i32, subword_length = 1 : i32, total_elements = 64 : i32} : index, index, index, index : index
          sentient.yield %711 : index
        }
      }
      sentient.sync {dbgName = "SSRF(MSSync #619, MSSync #620)", implicit_sync_memory_boundary = -1 : si32, mode = #sentient<sync_mode sendrecv>, soft = false, units = [#sentient<consumer_unit lxlu>, #sentient<consumer_unit l3su>]}
      %707 = sentient.for %arg2 = %6 iter_args(%arg3 = %701) -> (index) {element_sizes = [-1 : i32, 16 : i32, 16 : i32], programHeader = [], regIndices = [0 : i32, 0 : i32, -1 : i32], regLocales = [#sentient<reg_type lccr>, #sentient<reg_type lrf>, #sentient<reg_type lrf>]}{
        %708 = sentient.scalar_sub %125, %arg3 {element_size = 16 : i32, regIndex = 0 : i32, regLocale = #sentient<reg_type lrf>} : index, index
        %709 = sentient.scalar_add %708, %69 {element_size = 16 : i32, regIndex = 2 : i32, regLocale = #sentient<reg_type lrf>} : index, index
        %710 = sentient.for %arg4 = %74 iter_args(%arg5 = %709) -> (index) {element_sizes = [-1 : i32, 16 : i32, 16 : i32], programHeader = [], regIndices = [1 : i32, 2 : i32, -1 : i32], regLocales = [#sentient<reg_type lccr>, #sentient<reg_type lrf>, #sentient<reg_type lrf>]}{
          %711 = sentient.receive_and_store mutable_addr(%arg5), immutable_addr(%75), increment(%75), producer(%389) {burst_size = 0 : i32, coalesce = false, dbgName = "c4-lxsu0-ringDT-pe0-lx-0-4", element_size = 16 : i32, interleaved_group = 0 : i32, permute = false, regIndex = 2 : i32, regLocale = #sentient<reg_type lrf>, stride = 1 : i32, subword_length = 1 : i32, total_elements = 64 : i32} : index, index, index, index : index
          sentient.yield %711 : index
        }
        sentient.yield %708 : index
      }
      sentient.sync {dbgName = "SSRF(MSSync #621, MSSync #622)", implicit_sync_memory_boundary = -1 : si32, mode = #sentient<sync_mode sendrecv>, soft = false, units = [#sentient<consumer_unit lxlu>, #sentient<consumer_unit l3su>]}
      sentient.for %arg2 = %2 {element_sizes = [-1 : i32], programHeader = [], regIndices = [0 : i32], regLocales = [#sentient<reg_type lccr>]}{
        %708 = sentient.if sge, %arg2, %2 : index -> (index) {element_sizes = [16 : i32], regIndices = [0 : i32], regLocales = [#sentient<reg_type lrf>]}{
          sentient.yield %89 : index
        } else{
          %711 = sentient.if sge, %arg2, %82 : index -> (index) {element_sizes = [16 : i32], regIndices = [0 : i32], regLocales = [#sentient<reg_type lrf>]}{
            sentient.yield %90 : index
          } else{
            %712 = sentient.if sge, %arg2, %6 : index -> (index) {element_sizes = [16 : i32], regIndices = [0 : i32], regLocales = [#sentient<reg_type lrf>]}{
              sentient.yield %91 : index
            } else{
              sentient.yield %92 : index
            }
            sentient.yield %712 : index
          }
          sentient.yield %711 : index
        }
        %709 = sentient.scalar_add %708, %128 {element_size = 16 : i32, regIndex = 0 : i32, regLocale = #sentient<reg_type lrf>} : index, index
        %710 = sentient.for %arg3 = %71 iter_args(%arg4 = %709) -> (index) {element_sizes = [-1 : i32, 16 : i32, 16 : i32], programHeader = [], regIndices = [1 : i32, 0 : i32, -1 : i32], regLocales = [#sentient<reg_type lccr>, #sentient<reg_type lrf>, #sentient<reg_type lrf>]}{
          %711 = sentient.receive_and_store mutable_addr(%arg4), immutable_addr(%123), increment(%123), producer(%389) {burst_size = 0 : i32, coalesce = false, dbgName = "c4-lxsu0-LE128DT-pe0-lx-5", element_size = 16 : i32, interleaved_group = 0 : i32, permute = false, regIndex = 0 : i32, regLocale = #sentient<reg_type lrf>, shuffle_mode = #sentient<shuffle_mode masked2b>, stride = 1 : i32, subword_length = 1 : i32, total_elements = 64 : i32} : index, index, index, index : index
          sentient.yield %711 : index
        }
      }
      sentient.sync {dbgName = "SSRF(MSSync #623, MSSync #624)", implicit_sync_memory_boundary = -1 : si32, mode = #sentient<sync_mode sendrecv>, soft = false, units = [#sentient<consumer_unit lxlu>, #sentient<consumer_unit l3su>]}
      sentient.sync {dbgName = "SSRF(MSSync #625, MSSync #626)", implicit_sync_memory_boundary = -1 : si32, mode = #sentient<sync_mode sendrecv>, soft = false, units = [#sentient<consumer_unit lxlu>, #sentient<consumer_unit l3su>]}
      sentient.for %arg2 = %2 {element_sizes = [-1 : i32], programHeader = [], regIndices = [0 : i32], regLocales = [#sentient<reg_type lccr>]}{
        %708 = sentient.if sge, %arg2, %2 : index -> (index) {element_sizes = [16 : i32], regIndices = [0 : i32], regLocales = [#sentient<reg_type lrf>]}{
          sentient.yield %93 : index
        } else{
          %711 = sentient.if sge, %arg2, %82 : index -> (index) {element_sizes = [16 : i32], regIndices = [0 : i32], regLocales = [#sentient<reg_type lrf>]}{
            sentient.yield %94 : index
          } else{
            %712 = sentient.if sge, %arg2, %6 : index -> (index) {element_sizes = [16 : i32], regIndices = [0 : i32], regLocales = [#sentient<reg_type lrf>]}{
              sentient.yield %95 : index
            } else{
              sentient.yield %96 : index
            }
            sentient.yield %712 : index
          }
          sentient.yield %711 : index
        }
        %709 = sentient.scalar_add %708, %128 {element_size = 16 : i32, regIndex = 0 : i32, regLocale = #sentient<reg_type lrf>} : index, index
        %710 = sentient.for %arg3 = %71 iter_args(%arg4 = %709) -> (index) {element_sizes = [-1 : i32, 16 : i32, 16 : i32], programHeader = [], regIndices = [1 : i32, 0 : i32, -1 : i32], regLocales = [#sentient<reg_type lccr>, #sentient<reg_type lrf>, #sentient<reg_type lrf>]}{
          %711 = sentient.receive_and_store mutable_addr(%arg4), immutable_addr(%123), increment(%123), producer(%389) {burst_size = 0 : i32, coalesce = false, dbgName = "c4-lxsu0-LE128DT-pe0-lx-7", element_size = 16 : i32, interleaved_group = 0 : i32, permute = false, regIndex = 0 : i32, regLocale = #sentient<reg_type lrf>, shuffle_mode = #sentient<shuffle_mode masked2b>, stride = 1 : i32, subword_length = 1 : i32, total_elements = 64 : i32} : index, index, index, index : index
          sentient.yield %711 : index
        }
      }
      sentient.sync {dbgName = "SSRF(MSSync #627, MSSync #628)", implicit_sync_memory_boundary = -1 : si32, mode = #sentient<sync_mode sendrecv>, soft = false, units = [#sentient<consumer_unit lxlu>, #sentient<consumer_unit l3su>]}
      sentient.sync {dbgName = "SSRF(MSSync #629, MSSync #630)", implicit_sync_memory_boundary = -1 : si32, mode = #sentient<sync_mode sendrecv>, soft = false, units = [#sentient<consumer_unit lxlu>, #sentient<consumer_unit l3su>]}
      sentient.for %arg2 = %2 {element_sizes = [-1 : i32], programHeader = [], regIndices = [0 : i32], regLocales = [#sentient<reg_type lccr>]}{
        %708 = sentient.if sge, %arg2, %2 : index -> (index) {element_sizes = [16 : i32], regIndices = [0 : i32], regLocales = [#sentient<reg_type lrf>]}{
          sentient.yield %97 : index
        } else{
          %711 = sentient.if sge, %arg2, %82 : index -> (index) {element_sizes = [16 : i32], regIndices = [0 : i32], regLocales = [#sentient<reg_type lrf>]}{
            sentient.yield %98 : index
          } else{
            %712 = sentient.if sge, %arg2, %6 : index -> (index) {element_sizes = [16 : i32], regIndices = [0 : i32], regLocales = [#sentient<reg_type lrf>]}{
              sentient.yield %99 : index
            } else{
              sentient.yield %100 : index
            }
            sentient.yield %712 : index
          }
          sentient.yield %711 : index
        }
        %709 = sentient.scalar_add %708, %128 {element_size = 16 : i32, regIndex = 0 : i32, regLocale = #sentient<reg_type lrf>} : index, index
        %710 = sentient.for %arg3 = %71 iter_args(%arg4 = %709) -> (index) {element_sizes = [-1 : i32, 16 : i32, 16 : i32], programHeader = [], regIndices = [1 : i32, 0 : i32, -1 : i32], regLocales = [#sentient<reg_type lccr>, #sentient<reg_type lrf>, #sentient<reg_type lrf>]}{
          %711 = sentient.receive_and_store mutable_addr(%arg4), immutable_addr(%123), increment(%123), producer(%389) {burst_size = 0 : i32, coalesce = false, dbgName = "c4-lxsu0-LE128DT-pe0-lx-9", element_size = 16 : i32, interleaved_group = 0 : i32, permute = false, regIndex = 0 : i32, regLocale = #sentient<reg_type lrf>, shuffle_mode = #sentient<shuffle_mode masked2b>, stride = 1 : i32, subword_length = 1 : i32, total_elements = 64 : i32} : index, index, index, index : index
          sentient.yield %711 : index
        }
      }
      sentient.sync {dbgName = "SSRF(MSSync #631, MSSync #632)", implicit_sync_memory_boundary = -1 : si32, mode = #sentient<sync_mode sendrecv>, soft = false, units = [#sentient<consumer_unit lxlu>, #sentient<consumer_unit l3su>]}
      sentient.sync {dbgName = "SSRF(MSSync #633, MSSync #634)", implicit_sync_memory_boundary = -1 : si32, mode = #sentient<sync_mode sendrecv>, soft = false, units = [#sentient<consumer_unit lxlu>, #sentient<consumer_unit l3su>]}
      sentient.for %arg2 = %2 {element_sizes = [-1 : i32], programHeader = [], regIndices = [0 : i32], regLocales = [#sentient<reg_type lccr>]}{
        %708 = sentient.if sge, %arg2, %2 : index -> (index) {element_sizes = [16 : i32], regIndices = [0 : i32], regLocales = [#sentient<reg_type lrf>]}{
          sentient.yield %101 : index
        } else{
          %711 = sentient.if sge, %arg2, %82 : index -> (index) {element_sizes = [16 : i32], regIndices = [0 : i32], regLocales = [#sentient<reg_type lrf>]}{
            sentient.yield %102 : index
          } else{
            %712 = sentient.if sge, %arg2, %6 : index -> (index) {element_sizes = [16 : i32], regIndices = [0 : i32], regLocales = [#sentient<reg_type lrf>]}{
              sentient.yield %103 : index
            } else{
              sentient.yield %104 : index
            }
            sentient.yield %712 : index
          }
          sentient.yield %711 : index
        }
        %709 = sentient.scalar_add %708, %128 {element_size = 16 : i32, regIndex = 0 : i32, regLocale = #sentient<reg_type lrf>} : index, index
        %710 = sentient.for %arg3 = %71 iter_args(%arg4 = %709) -> (index) {element_sizes = [-1 : i32, 16 : i32, 16 : i32], programHeader = [], regIndices = [1 : i32, 0 : i32, -1 : i32], regLocales = [#sentient<reg_type lccr>, #sentient<reg_type lrf>, #sentient<reg_type lrf>]}{
          %711 = sentient.receive_and_store mutable_addr(%arg4), immutable_addr(%123), increment(%123), producer(%389) {burst_size = 0 : i32, coalesce = false, dbgName = "c4-lxsu0-LE128DT-pe0-lx-11", element_size = 16 : i32, interleaved_group = 0 : i32, permute = false, regIndex = 0 : i32, regLocale = #sentient<reg_type lrf>, shuffle_mode = #sentient<shuffle_mode masked2b>, stride = 1 : i32, subword_length = 1 : i32, total_elements = 64 : i32} : index, index, index, index : index
          sentient.yield %711 : index
        }
      }
      sentient.sync {dbgName = "SSRF(MSSync #635, MSSync #636)", implicit_sync_memory_boundary = -1 : si32, mode = #sentient<sync_mode sendrecv>, soft = false, units = [#sentient<consumer_unit lxlu>, #sentient<consumer_unit l3su>]}
      sentient.sync {dbgName = "SSRF(MSSync #637, MSSync #638)", implicit_sync_memory_boundary = -1 : si32, mode = #sentient<sync_mode sendrecv>, soft = false, units = [#sentient<consumer_unit lxlu>, #sentient<consumer_unit l3su>]}
      sentient.for %arg2 = %2 {element_sizes = [-1 : i32], programHeader = [], regIndices = [0 : i32], regLocales = [#sentient<reg_type lccr>]}{
        %708 = sentient.if sge, %arg2, %2 : index -> (index) {element_sizes = [16 : i32], regIndices = [0 : i32], regLocales = [#sentient<reg_type lrf>]}{
          sentient.yield %105 : index
        } else{
          %711 = sentient.if sge, %arg2, %82 : index -> (index) {element_sizes = [16 : i32], regIndices = [0 : i32], regLocales = [#sentient<reg_type lrf>]}{
            sentient.yield %106 : index
          } else{
            %712 = sentient.if sge, %arg2, %6 : index -> (index) {element_sizes = [16 : i32], regIndices = [0 : i32], regLocales = [#sentient<reg_type lrf>]}{
              sentient.yield %107 : index
            } else{
              sentient.yield %108 : index
            }
            sentient.yield %712 : index
          }
          sentient.yield %711 : index
        }
        %709 = sentient.scalar_add %708, %128 {element_size = 16 : i32, regIndex = 0 : i32, regLocale = #sentient<reg_type lrf>} : index, index
        %710 = sentient.for %arg3 = %71 iter_args(%arg4 = %709) -> (index) {element_sizes = [-1 : i32, 16 : i32, 16 : i32], programHeader = [], regIndices = [1 : i32, 0 : i32, -1 : i32], regLocales = [#sentient<reg_type lccr>, #sentient<reg_type lrf>, #sentient<reg_type lrf>]}{
          %711 = sentient.receive_and_store mutable_addr(%arg4), immutable_addr(%123), increment(%123), producer(%389) {burst_size = 0 : i32, coalesce = false, dbgName = "c4-lxsu0-LE128DT-pe0-lx-13", element_size = 16 : i32, interleaved_group = 0 : i32, permute = false, regIndex = 0 : i32, regLocale = #sentient<reg_type lrf>, shuffle_mode = #sentient<shuffle_mode masked2b>, stride = 1 : i32, subword_length = 1 : i32, total_elements = 64 : i32} : index, index, index, index : index
          sentient.yield %711 : index
        }
      }
      sentient.sync {dbgName = "SSRF(MSSync #639, MSSync #640)", implicit_sync_memory_boundary = -1 : si32, mode = #sentient<sync_mode sendrecv>, soft = false, units = [#sentient<consumer_unit lxlu>, #sentient<consumer_unit l3su>]}
      sentient.sync {dbgName = "SSRF(MSSync #641, MSSync #642)", implicit_sync_memory_boundary = -1 : si32, mode = #sentient<sync_mode sendrecv>, soft = false, units = [#sentient<consumer_unit lxlu>, #sentient<consumer_unit l3su>]}
      sentient.for %arg2 = %2 {element_sizes = [-1 : i32], programHeader = [], regIndices = [0 : i32], regLocales = [#sentient<reg_type lccr>]}{
        %708 = sentient.if sge, %arg2, %2 : index -> (index) {element_sizes = [16 : i32], regIndices = [0 : i32], regLocales = [#sentient<reg_type lrf>]}{
          sentient.yield %109 : index
        } else{
          %711 = sentient.if sge, %arg2, %82 : index -> (index) {element_sizes = [16 : i32], regIndices = [0 : i32], regLocales = [#sentient<reg_type lrf>]}{
            sentient.yield %110 : index
          } else{
            %712 = sentient.if sge, %arg2, %6 : index -> (index) {element_sizes = [16 : i32], regIndices = [0 : i32], regLocales = [#sentient<reg_type lrf>]}{
              sentient.yield %111 : index
            } else{
              sentient.yield %112 : index
            }
            sentient.yield %712 : index
          }
          sentient.yield %711 : index
        }
        %709 = sentient.scalar_add %708, %128 {element_size = 16 : i32, regIndex = 0 : i32, regLocale = #sentient<reg_type lrf>} : index, index
        %710 = sentient.for %arg3 = %71 iter_args(%arg4 = %709) -> (index) {element_sizes = [-1 : i32, 16 : i32, 16 : i32], programHeader = [], regIndices = [1 : i32, 0 : i32, -1 : i32], regLocales = [#sentient<reg_type lccr>, #sentient<reg_type lrf>, #sentient<reg_type lrf>]}{
          %711 = sentient.receive_and_store mutable_addr(%arg4), immutable_addr(%123), increment(%123), producer(%389) {burst_size = 0 : i32, coalesce = false, dbgName = "c4-lxsu0-LE128DT-pe0-lx-15", element_size = 16 : i32, interleaved_group = 0 : i32, permute = false, regIndex = 0 : i32, regLocale = #sentient<reg_type lrf>, shuffle_mode = #sentient<shuffle_mode masked2b>, stride = 1 : i32, subword_length = 1 : i32, total_elements = 64 : i32} : index, index, index, index : index
          sentient.yield %711 : index
        }
      }
      sentient.sync {dbgName = "SSRF(MSSync #643, MSSync #644)", implicit_sync_memory_boundary = -1 : si32, mode = #sentient<sync_mode sendrecv>, soft = false, units = [#sentient<consumer_unit lxlu>, #sentient<consumer_unit l3su>]}
      uniform.yield
    }
    (%arg1 -> %550){
      sentient.sync {dbgName = "SSRF(MSSync #645, MSSync #646)", implicit_sync_memory_boundary = -1 : si32, mode = #sentient<sync_mode sendrecv>, soft = false, units = [#sentient<consumer_unit lxlu>, #sentient<consumer_unit l3su>]}
      uniform.yield
    }
    (%arg1 -> %551){
      sentient.sync {dbgName = "SSRF(MSSync #647, MSSync #648)", implicit_sync_memory_boundary = -1 : si32, mode = #sentient<sync_mode sendrecv>, soft = false, units = [#sentient<consumer_unit lxlu>, #sentient<consumer_unit l3su>]}
      sentient.for %arg2 = %2 {element_sizes = [-1 : i32], programHeader = [], regIndices = [0 : i32], regLocales = [#sentient<reg_type lccr>]}{
        %708 = sentient.if sge, %arg2, %2 : index -> (index) {element_sizes = [16 : i32], regIndices = [2 : i32], regLocales = [#sentient<reg_type lrf>]}{
          sentient.yield %80 : index
        } else{
          %711 = sentient.if sge, %arg2, %82 : index -> (index) {element_sizes = [16 : i32], regIndices = [2 : i32], regLocales = [#sentient<reg_type lrf>]}{
            sentient.yield %81 : index
          } else{
            %712 = sentient.if sge, %arg2, %6 : index -> (index) {element_sizes = [16 : i32], regIndices = [2 : i32], regLocales = [#sentient<reg_type lrf>]}{
              sentient.yield %83 : index
            } else{
              sentient.yield %84 : index
            }
            sentient.yield %712 : index
          }
          sentient.yield %711 : index
        }
        %709 = sentient.scalar_add %708, %128 {element_size = 16 : i32, regIndex = 2 : i32, regLocale = #sentient<reg_type lrf>} : index, index
        %710 = sentient.for %arg3 = %71 iter_args(%arg4 = %709) -> (index) {element_sizes = [-1 : i32, 16 : i32, 16 : i32], programHeader = [], regIndices = [1 : i32, 2 : i32, -1 : i32], regLocales = [#sentient<reg_type lccr>, #sentient<reg_type lrf>, #sentient<reg_type lrf>]}{
          %711 = sentient.receive_and_store mutable_addr(%arg4), immutable_addr(%123), increment(%123), producer(%391) {burst_size = 0 : i32, coalesce = false, dbgName = "c6-lxsu0-LE128DT-pe0-lx-1", element_size = 16 : i32, interleaved_group = 0 : i32, permute = false, regIndex = 2 : i32, regLocale = #sentient<reg_type lrf>, shuffle_mode = #sentient<shuffle_mode masked2b>, stride = 1 : i32, subword_length = 1 : i32, total_elements = 64 : i32} : index, index, index, index : index
          sentient.yield %711 : index
        }
      }
      sentient.sync {dbgName = "SSRF(MSSync #649, MSSync #650)", implicit_sync_memory_boundary = -1 : si32, mode = #sentient<sync_mode sendrecv>, soft = false, units = [#sentient<consumer_unit lxlu>, #sentient<consumer_unit l3su>]}
      sentient.sync {dbgName = "SSRF(MSSync #651, MSSync #652)", implicit_sync_memory_boundary = -1 : si32, mode = #sentient<sync_mode sendrecv>, soft = false, units = [#sentient<consumer_unit lxlu>, #sentient<consumer_unit l3su>]}
      sentient.for %arg2 = %2 {element_sizes = [-1 : i32], programHeader = [], regIndices = [0 : i32], regLocales = [#sentient<reg_type lccr>]}{
        %708 = sentient.if sge, %arg2, %2 : index -> (index) {element_sizes = [16 : i32], regIndices = [2 : i32], regLocales = [#sentient<reg_type lrf>]}{
          sentient.yield %85 : index
        } else{
          %711 = sentient.if sge, %arg2, %82 : index -> (index) {element_sizes = [16 : i32], regIndices = [2 : i32], regLocales = [#sentient<reg_type lrf>]}{
            sentient.yield %86 : index
          } else{
            %712 = sentient.if sge, %arg2, %6 : index -> (index) {element_sizes = [16 : i32], regIndices = [2 : i32], regLocales = [#sentient<reg_type lrf>]}{
              sentient.yield %87 : index
            } else{
              sentient.yield %88 : index
            }
            sentient.yield %712 : index
          }
          sentient.yield %711 : index
        }
        %709 = sentient.scalar_add %708, %128 {element_size = 16 : i32, regIndex = 2 : i32, regLocale = #sentient<reg_type lrf>} : index, index
        %710 = sentient.for %arg3 = %71 iter_args(%arg4 = %709) -> (index) {element_sizes = [-1 : i32, 16 : i32, 16 : i32], programHeader = [], regIndices = [1 : i32, 2 : i32, -1 : i32], regLocales = [#sentient<reg_type lccr>, #sentient<reg_type lrf>, #sentient<reg_type lrf>]}{
          %711 = sentient.receive_and_store mutable_addr(%arg4), immutable_addr(%123), increment(%123), producer(%391) {burst_size = 0 : i32, coalesce = false, dbgName = "c6-lxsu0-LE128DT-pe0-lx-3", element_size = 16 : i32, interleaved_group = 0 : i32, permute = false, regIndex = 2 : i32, regLocale = #sentient<reg_type lrf>, shuffle_mode = #sentient<shuffle_mode masked2b>, stride = 1 : i32, subword_length = 1 : i32, total_elements = 64 : i32} : index, index, index, index : index
          sentient.yield %711 : index
        }
      }
      sentient.sync {dbgName = "SSRF(MSSync #653, MSSync #654)", implicit_sync_memory_boundary = -1 : si32, mode = #sentient<sync_mode sendrecv>, soft = false, units = [#sentient<consumer_unit lxlu>, #sentient<consumer_unit l3su>]}
      sentient.sync {dbgName = "SSRF(MSSync #655, MSSync #656)", implicit_sync_memory_boundary = -1 : si32, mode = #sentient<sync_mode sendrecv>, soft = false, units = [#sentient<consumer_unit lxlu>, #sentient<consumer_unit l3su>]}
      sentient.for %arg2 = %2 {element_sizes = [-1 : i32], programHeader = [], regIndices = [0 : i32], regLocales = [#sentient<reg_type lccr>]}{
        %708 = sentient.if sge, %arg2, %2 : index -> (index) {element_sizes = [16 : i32], regIndices = [2 : i32], regLocales = [#sentient<reg_type lrf>]}{
          sentient.yield %89 : index
        } else{
          %711 = sentient.if sge, %arg2, %82 : index -> (index) {element_sizes = [16 : i32], regIndices = [2 : i32], regLocales = [#sentient<reg_type lrf>]}{
            sentient.yield %90 : index
          } else{
            %712 = sentient.if sge, %arg2, %6 : index -> (index) {element_sizes = [16 : i32], regIndices = [2 : i32], regLocales = [#sentient<reg_type lrf>]}{
              sentient.yield %91 : index
            } else{
              sentient.yield %92 : index
            }
            sentient.yield %712 : index
          }
          sentient.yield %711 : index
        }
        %709 = sentient.scalar_add %708, %128 {element_size = 16 : i32, regIndex = 2 : i32, regLocale = #sentient<reg_type lrf>} : index, index
        %710 = sentient.for %arg3 = %71 iter_args(%arg4 = %709) -> (index) {element_sizes = [-1 : i32, 16 : i32, 16 : i32], programHeader = [], regIndices = [1 : i32, 2 : i32, -1 : i32], regLocales = [#sentient<reg_type lccr>, #sentient<reg_type lrf>, #sentient<reg_type lrf>]}{
          %711 = sentient.receive_and_store mutable_addr(%arg4), immutable_addr(%123), increment(%123), producer(%391) {burst_size = 0 : i32, coalesce = false, dbgName = "c6-lxsu0-LE128DT-pe0-lx-5", element_size = 16 : i32, interleaved_group = 0 : i32, permute = false, regIndex = 2 : i32, regLocale = #sentient<reg_type lrf>, shuffle_mode = #sentient<shuffle_mode masked2b>, stride = 1 : i32, subword_length = 1 : i32, total_elements = 64 : i32} : index, index, index, index : index
          sentient.yield %711 : index
        }
      }
      sentient.sync {dbgName = "SSRF(MSSync #657, MSSync #658)", implicit_sync_memory_boundary = -1 : si32, mode = #sentient<sync_mode sendrecv>, soft = false, units = [#sentient<consumer_unit lxlu>, #sentient<consumer_unit l3su>]}
      %707 = sentient.for %arg2 = %6 iter_args(%arg3 = %701) -> (index) {element_sizes = [-1 : i32, 16 : i32, 16 : i32], programHeader = [], regIndices = [0 : i32, 0 : i32, -1 : i32], regLocales = [#sentient<reg_type lccr>, #sentient<reg_type lrf>, #sentient<reg_type lrf>]}{
        %708 = sentient.scalar_sub %125, %arg3 {element_size = 16 : i32, regIndex = 0 : i32, regLocale = #sentient<reg_type lrf>} : index, index
        %709 = sentient.scalar_add %708, %69 {element_size = 16 : i32, regIndex = 2 : i32, regLocale = #sentient<reg_type lrf>} : index, index
        %710 = sentient.for %arg4 = %74 iter_args(%arg5 = %709) -> (index) {element_sizes = [-1 : i32, 16 : i32, 16 : i32], programHeader = [], regIndices = [1 : i32, 2 : i32, -1 : i32], regLocales = [#sentient<reg_type lccr>, #sentient<reg_type lrf>, #sentient<reg_type lrf>]}{
          %711 = sentient.receive_and_store mutable_addr(%arg5), immutable_addr(%75), increment(%75), producer(%391) {burst_size = 0 : i32, coalesce = false, dbgName = "c6-lxsu0-ringDT-pe0-lx-0-6", element_size = 16 : i32, interleaved_group = 0 : i32, permute = false, regIndex = 2 : i32, regLocale = #sentient<reg_type lrf>, stride = 1 : i32, subword_length = 1 : i32, total_elements = 64 : i32} : index, index, index, index : index
          sentient.yield %711 : index
        }
        sentient.yield %708 : index
      }
      sentient.sync {dbgName = "SSRF(MSSync #659, MSSync #660)", implicit_sync_memory_boundary = -1 : si32, mode = #sentient<sync_mode sendrecv>, soft = false, units = [#sentient<consumer_unit lxlu>, #sentient<consumer_unit l3su>]}
      sentient.for %arg2 = %2 {element_sizes = [-1 : i32], programHeader = [], regIndices = [0 : i32], regLocales = [#sentient<reg_type lccr>]}{
        %708 = sentient.if sge, %arg2, %2 : index -> (index) {element_sizes = [16 : i32], regIndices = [0 : i32], regLocales = [#sentient<reg_type lrf>]}{
          sentient.yield %93 : index
        } else{
          %711 = sentient.if sge, %arg2, %82 : index -> (index) {element_sizes = [16 : i32], regIndices = [0 : i32], regLocales = [#sentient<reg_type lrf>]}{
            sentient.yield %94 : index
          } else{
            %712 = sentient.if sge, %arg2, %6 : index -> (index) {element_sizes = [16 : i32], regIndices = [0 : i32], regLocales = [#sentient<reg_type lrf>]}{
              sentient.yield %95 : index
            } else{
              sentient.yield %96 : index
            }
            sentient.yield %712 : index
          }
          sentient.yield %711 : index
        }
        %709 = sentient.scalar_add %708, %128 {element_size = 16 : i32, regIndex = 0 : i32, regLocale = #sentient<reg_type lrf>} : index, index
        %710 = sentient.for %arg3 = %71 iter_args(%arg4 = %709) -> (index) {element_sizes = [-1 : i32, 16 : i32, 16 : i32], programHeader = [], regIndices = [1 : i32, 0 : i32, -1 : i32], regLocales = [#sentient<reg_type lccr>, #sentient<reg_type lrf>, #sentient<reg_type lrf>]}{
          %711 = sentient.receive_and_store mutable_addr(%arg4), immutable_addr(%123), increment(%123), producer(%391) {burst_size = 0 : i32, coalesce = false, dbgName = "c6-lxsu0-LE128DT-pe0-lx-7", element_size = 16 : i32, interleaved_group = 0 : i32, permute = false, regIndex = 0 : i32, regLocale = #sentient<reg_type lrf>, shuffle_mode = #sentient<shuffle_mode masked2b>, stride = 1 : i32, subword_length = 1 : i32, total_elements = 64 : i32} : index, index, index, index : index
          sentient.yield %711 : index
        }
      }
      sentient.sync {dbgName = "SSRF(MSSync #661, MSSync #662)", implicit_sync_memory_boundary = -1 : si32, mode = #sentient<sync_mode sendrecv>, soft = false, units = [#sentient<consumer_unit lxlu>, #sentient<consumer_unit l3su>]}
      sentient.sync {dbgName = "SSRF(MSSync #663, MSSync #664)", implicit_sync_memory_boundary = -1 : si32, mode = #sentient<sync_mode sendrecv>, soft = false, units = [#sentient<consumer_unit lxlu>, #sentient<consumer_unit l3su>]}
      sentient.for %arg2 = %2 {element_sizes = [-1 : i32], programHeader = [], regIndices = [0 : i32], regLocales = [#sentient<reg_type lccr>]}{
        %708 = sentient.if sge, %arg2, %2 : index -> (index) {element_sizes = [16 : i32], regIndices = [0 : i32], regLocales = [#sentient<reg_type lrf>]}{
          sentient.yield %97 : index
        } else{
          %711 = sentient.if sge, %arg2, %82 : index -> (index) {element_sizes = [16 : i32], regIndices = [0 : i32], regLocales = [#sentient<reg_type lrf>]}{
            sentient.yield %98 : index
          } else{
            %712 = sentient.if sge, %arg2, %6 : index -> (index) {element_sizes = [16 : i32], regIndices = [0 : i32], regLocales = [#sentient<reg_type lrf>]}{
              sentient.yield %99 : index
            } else{
              sentient.yield %100 : index
            }
            sentient.yield %712 : index
          }
          sentient.yield %711 : index
        }
        %709 = sentient.scalar_add %708, %128 {element_size = 16 : i32, regIndex = 0 : i32, regLocale = #sentient<reg_type lrf>} : index, index
        %710 = sentient.for %arg3 = %71 iter_args(%arg4 = %709) -> (index) {element_sizes = [-1 : i32, 16 : i32, 16 : i32], programHeader = [], regIndices = [1 : i32, 0 : i32, -1 : i32], regLocales = [#sentient<reg_type lccr>, #sentient<reg_type lrf>, #sentient<reg_type lrf>]}{
          %711 = sentient.receive_and_store mutable_addr(%arg4), immutable_addr(%123), increment(%123), producer(%391) {burst_size = 0 : i32, coalesce = false, dbgName = "c6-lxsu0-LE128DT-pe0-lx-9", element_size = 16 : i32, interleaved_group = 0 : i32, permute = false, regIndex = 0 : i32, regLocale = #sentient<reg_type lrf>, shuffle_mode = #sentient<shuffle_mode masked2b>, stride = 1 : i32, subword_length = 1 : i32, total_elements = 64 : i32} : index, index, index, index : index
          sentient.yield %711 : index
        }
      }
      sentient.sync {dbgName = "SSRF(MSSync #665, MSSync #666)", implicit_sync_memory_boundary = -1 : si32, mode = #sentient<sync_mode sendrecv>, soft = false, units = [#sentient<consumer_unit lxlu>, #sentient<consumer_unit l3su>]}
      sentient.sync {dbgName = "SSRF(MSSync #667, MSSync #668)", implicit_sync_memory_boundary = -1 : si32, mode = #sentient<sync_mode sendrecv>, soft = false, units = [#sentient<consumer_unit lxlu>, #sentient<consumer_unit l3su>]}
      sentient.for %arg2 = %2 {element_sizes = [-1 : i32], programHeader = [], regIndices = [0 : i32], regLocales = [#sentient<reg_type lccr>]}{
        %708 = sentient.if sge, %arg2, %2 : index -> (index) {element_sizes = [16 : i32], regIndices = [0 : i32], regLocales = [#sentient<reg_type lrf>]}{
          sentient.yield %101 : index
        } else{
          %711 = sentient.if sge, %arg2, %82 : index -> (index) {element_sizes = [16 : i32], regIndices = [0 : i32], regLocales = [#sentient<reg_type lrf>]}{
            sentient.yield %102 : index
          } else{
            %712 = sentient.if sge, %arg2, %6 : index -> (index) {element_sizes = [16 : i32], regIndices = [0 : i32], regLocales = [#sentient<reg_type lrf>]}{
              sentient.yield %103 : index
            } else{
              sentient.yield %104 : index
            }
            sentient.yield %712 : index
          }
          sentient.yield %711 : index
        }
        %709 = sentient.scalar_add %708, %128 {element_size = 16 : i32, regIndex = 0 : i32, regLocale = #sentient<reg_type lrf>} : index, index
        %710 = sentient.for %arg3 = %71 iter_args(%arg4 = %709) -> (index) {element_sizes = [-1 : i32, 16 : i32, 16 : i32], programHeader = [], regIndices = [1 : i32, 0 : i32, -1 : i32], regLocales = [#sentient<reg_type lccr>, #sentient<reg_type lrf>, #sentient<reg_type lrf>]}{
          %711 = sentient.receive_and_store mutable_addr(%arg4), immutable_addr(%123), increment(%123), producer(%391) {burst_size = 0 : i32, coalesce = false, dbgName = "c6-lxsu0-LE128DT-pe0-lx-11", element_size = 16 : i32, interleaved_group = 0 : i32, permute = false, regIndex = 0 : i32, regLocale = #sentient<reg_type lrf>, shuffle_mode = #sentient<shuffle_mode masked2b>, stride = 1 : i32, subword_length = 1 : i32, total_elements = 64 : i32} : index, index, index, index : index
          sentient.yield %711 : index
        }
      }
      sentient.sync {dbgName = "SSRF(MSSync #669, MSSync #670)", implicit_sync_memory_boundary = -1 : si32, mode = #sentient<sync_mode sendrecv>, soft = false, units = [#sentient<consumer_unit lxlu>, #sentient<consumer_unit l3su>]}
      sentient.sync {dbgName = "SSRF(MSSync #671, MSSync #672)", implicit_sync_memory_boundary = -1 : si32, mode = #sentient<sync_mode sendrecv>, soft = false, units = [#sentient<consumer_unit lxlu>, #sentient<consumer_unit l3su>]}
      sentient.for %arg2 = %2 {element_sizes = [-1 : i32], programHeader = [], regIndices = [0 : i32], regLocales = [#sentient<reg_type lccr>]}{
        %708 = sentient.if sge, %arg2, %2 : index -> (index) {element_sizes = [16 : i32], regIndices = [0 : i32], regLocales = [#sentient<reg_type lrf>]}{
          sentient.yield %105 : index
        } else{
          %711 = sentient.if sge, %arg2, %82 : index -> (index) {element_sizes = [16 : i32], regIndices = [0 : i32], regLocales = [#sentient<reg_type lrf>]}{
            sentient.yield %106 : index
          } else{
            %712 = sentient.if sge, %arg2, %6 : index -> (index) {element_sizes = [16 : i32], regIndices = [0 : i32], regLocales = [#sentient<reg_type lrf>]}{
              sentient.yield %107 : index
            } else{
              sentient.yield %108 : index
            }
            sentient.yield %712 : index
          }
          sentient.yield %711 : index
        }
        %709 = sentient.scalar_add %708, %128 {element_size = 16 : i32, regIndex = 0 : i32, regLocale = #sentient<reg_type lrf>} : index, index
        %710 = sentient.for %arg3 = %71 iter_args(%arg4 = %709) -> (index) {element_sizes = [-1 : i32, 16 : i32, 16 : i32], programHeader = [], regIndices = [1 : i32, 0 : i32, -1 : i32], regLocales = [#sentient<reg_type lccr>, #sentient<reg_type lrf>, #sentient<reg_type lrf>]}{
          %711 = sentient.receive_and_store mutable_addr(%arg4), immutable_addr(%123), increment(%123), producer(%391) {burst_size = 0 : i32, coalesce = false, dbgName = "c6-lxsu0-LE128DT-pe0-lx-13", element_size = 16 : i32, interleaved_group = 0 : i32, permute = false, regIndex = 0 : i32, regLocale = #sentient<reg_type lrf>, shuffle_mode = #sentient<shuffle_mode masked2b>, stride = 1 : i32, subword_length = 1 : i32, total_elements = 64 : i32} : index, index, index, index : index
          sentient.yield %711 : index
        }
      }
      sentient.sync {dbgName = "SSRF(MSSync #673, MSSync #674)", implicit_sync_memory_boundary = -1 : si32, mode = #sentient<sync_mode sendrecv>, soft = false, units = [#sentient<consumer_unit lxlu>, #sentient<consumer_unit l3su>]}
      sentient.sync {dbgName = "SSRF(MSSync #675, MSSync #676)", implicit_sync_memory_boundary = -1 : si32, mode = #sentient<sync_mode sendrecv>, soft = false, units = [#sentient<consumer_unit lxlu>, #sentient<consumer_unit l3su>]}
      sentient.for %arg2 = %2 {element_sizes = [-1 : i32], programHeader = [], regIndices = [0 : i32], regLocales = [#sentient<reg_type lccr>]}{
        %708 = sentient.if sge, %arg2, %2 : index -> (index) {element_sizes = [16 : i32], regIndices = [0 : i32], regLocales = [#sentient<reg_type lrf>]}{
          sentient.yield %109 : index
        } else{
          %711 = sentient.if sge, %arg2, %82 : index -> (index) {element_sizes = [16 : i32], regIndices = [0 : i32], regLocales = [#sentient<reg_type lrf>]}{
            sentient.yield %110 : index
          } else{
            %712 = sentient.if sge, %arg2, %6 : index -> (index) {element_sizes = [16 : i32], regIndices = [0 : i32], regLocales = [#sentient<reg_type lrf>]}{
              sentient.yield %111 : index
            } else{
              sentient.yield %112 : index
            }
            sentient.yield %712 : index
          }
          sentient.yield %711 : index
        }
        %709 = sentient.scalar_add %708, %128 {element_size = 16 : i32, regIndex = 0 : i32, regLocale = #sentient<reg_type lrf>} : index, index
        %710 = sentient.for %arg3 = %71 iter_args(%arg4 = %709) -> (index) {element_sizes = [-1 : i32, 16 : i32, 16 : i32], programHeader = [], regIndices = [1 : i32, 0 : i32, -1 : i32], regLocales = [#sentient<reg_type lccr>, #sentient<reg_type lrf>, #sentient<reg_type lrf>]}{
          %711 = sentient.receive_and_store mutable_addr(%arg4), immutable_addr(%123), increment(%123), producer(%391) {burst_size = 0 : i32, coalesce = false, dbgName = "c6-lxsu0-LE128DT-pe0-lx-15", element_size = 16 : i32, interleaved_group = 0 : i32, permute = false, regIndex = 0 : i32, regLocale = #sentient<reg_type lrf>, shuffle_mode = #sentient<shuffle_mode masked2b>, stride = 1 : i32, subword_length = 1 : i32, total_elements = 64 : i32} : index, index, index, index : index
          sentient.yield %711 : index
        }
      }
      sentient.sync {dbgName = "SSRF(MSSync #677, MSSync #678)", implicit_sync_memory_boundary = -1 : si32, mode = #sentient<sync_mode sendrecv>, soft = false, units = [#sentient<consumer_unit lxlu>, #sentient<consumer_unit l3su>]}
      uniform.yield
    }
    (%arg1 -> %552){
      sentient.sync {dbgName = "SSRF(MSSync #679, MSSync #680)", implicit_sync_memory_boundary = -1 : si32, mode = #sentient<sync_mode sendrecv>, soft = false, units = [#sentient<consumer_unit lxlu>, #sentient<consumer_unit l3su>]}
      uniform.yield
    }
    (%arg1 -> %553){
      sentient.sync {dbgName = "SSRF(MSSync #681, MSSync #682)", implicit_sync_memory_boundary = -1 : si32, mode = #sentient<sync_mode sendrecv>, soft = false, units = [#sentient<consumer_unit lxlu>, #sentient<consumer_unit l3su>]}
      sentient.for %arg2 = %2 {element_sizes = [-1 : i32], programHeader = [], regIndices = [0 : i32], regLocales = [#sentient<reg_type lccr>]}{
        %708 = sentient.if sge, %arg2, %2 : index -> (index) {element_sizes = [16 : i32], regIndices = [2 : i32], regLocales = [#sentient<reg_type lrf>]}{
          sentient.yield %80 : index
        } else{
          %711 = sentient.if sge, %arg2, %82 : index -> (index) {element_sizes = [16 : i32], regIndices = [2 : i32], regLocales = [#sentient<reg_type lrf>]}{
            sentient.yield %81 : index
          } else{
            %712 = sentient.if sge, %arg2, %6 : index -> (index) {element_sizes = [16 : i32], regIndices = [2 : i32], regLocales = [#sentient<reg_type lrf>]}{
              sentient.yield %83 : index
            } else{
              sentient.yield %84 : index
            }
            sentient.yield %712 : index
          }
          sentient.yield %711 : index
        }
        %709 = sentient.scalar_add %708, %128 {element_size = 16 : i32, regIndex = 2 : i32, regLocale = #sentient<reg_type lrf>} : index, index
        %710 = sentient.for %arg3 = %71 iter_args(%arg4 = %709) -> (index) {element_sizes = [-1 : i32, 16 : i32, 16 : i32], programHeader = [], regIndices = [1 : i32, 2 : i32, -1 : i32], regLocales = [#sentient<reg_type lccr>, #sentient<reg_type lrf>, #sentient<reg_type lrf>]}{
          %711 = sentient.receive_and_store mutable_addr(%arg4), immutable_addr(%123), increment(%123), producer(%393) {burst_size = 0 : i32, coalesce = false, dbgName = "c8-lxsu0-LE128DT-pe0-lx-1", element_size = 16 : i32, interleaved_group = 0 : i32, permute = false, regIndex = 2 : i32, regLocale = #sentient<reg_type lrf>, shuffle_mode = #sentient<shuffle_mode masked2b>, stride = 1 : i32, subword_length = 1 : i32, total_elements = 64 : i32} : index, index, index, index : index
          sentient.yield %711 : index
        }
      }
      sentient.sync {dbgName = "SSRF(MSSync #683, MSSync #684)", implicit_sync_memory_boundary = -1 : si32, mode = #sentient<sync_mode sendrecv>, soft = false, units = [#sentient<consumer_unit lxlu>, #sentient<consumer_unit l3su>]}
      sentient.sync {dbgName = "SSRF(MSSync #685, MSSync #686)", implicit_sync_memory_boundary = -1 : si32, mode = #sentient<sync_mode sendrecv>, soft = false, units = [#sentient<consumer_unit lxlu>, #sentient<consumer_unit l3su>]}
      sentient.for %arg2 = %2 {element_sizes = [-1 : i32], programHeader = [], regIndices = [0 : i32], regLocales = [#sentient<reg_type lccr>]}{
        %708 = sentient.if sge, %arg2, %2 : index -> (index) {element_sizes = [16 : i32], regIndices = [2 : i32], regLocales = [#sentient<reg_type lrf>]}{
          sentient.yield %85 : index
        } else{
          %711 = sentient.if sge, %arg2, %82 : index -> (index) {element_sizes = [16 : i32], regIndices = [2 : i32], regLocales = [#sentient<reg_type lrf>]}{
            sentient.yield %86 : index
          } else{
            %712 = sentient.if sge, %arg2, %6 : index -> (index) {element_sizes = [16 : i32], regIndices = [2 : i32], regLocales = [#sentient<reg_type lrf>]}{
              sentient.yield %87 : index
            } else{
              sentient.yield %88 : index
            }
            sentient.yield %712 : index
          }
          sentient.yield %711 : index
        }
        %709 = sentient.scalar_add %708, %128 {element_size = 16 : i32, regIndex = 2 : i32, regLocale = #sentient<reg_type lrf>} : index, index
        %710 = sentient.for %arg3 = %71 iter_args(%arg4 = %709) -> (index) {element_sizes = [-1 : i32, 16 : i32, 16 : i32], programHeader = [], regIndices = [1 : i32, 2 : i32, -1 : i32], regLocales = [#sentient<reg_type lccr>, #sentient<reg_type lrf>, #sentient<reg_type lrf>]}{
          %711 = sentient.receive_and_store mutable_addr(%arg4), immutable_addr(%123), increment(%123), producer(%393) {burst_size = 0 : i32, coalesce = false, dbgName = "c8-lxsu0-LE128DT-pe0-lx-3", element_size = 16 : i32, interleaved_group = 0 : i32, permute = false, regIndex = 2 : i32, regLocale = #sentient<reg_type lrf>, shuffle_mode = #sentient<shuffle_mode masked2b>, stride = 1 : i32, subword_length = 1 : i32, total_elements = 64 : i32} : index, index, index, index : index
          sentient.yield %711 : index
        }
      }
      sentient.sync {dbgName = "SSRF(MSSync #687, MSSync #688)", implicit_sync_memory_boundary = -1 : si32, mode = #sentient<sync_mode sendrecv>, soft = false, units = [#sentient<consumer_unit lxlu>, #sentient<consumer_unit l3su>]}
      sentient.sync {dbgName = "SSRF(MSSync #689, MSSync #690)", implicit_sync_memory_boundary = -1 : si32, mode = #sentient<sync_mode sendrecv>, soft = false, units = [#sentient<consumer_unit lxlu>, #sentient<consumer_unit l3su>]}
      sentient.for %arg2 = %2 {element_sizes = [-1 : i32], programHeader = [], regIndices = [0 : i32], regLocales = [#sentient<reg_type lccr>]}{
        %708 = sentient.if sge, %arg2, %2 : index -> (index) {element_sizes = [16 : i32], regIndices = [2 : i32], regLocales = [#sentient<reg_type lrf>]}{
          sentient.yield %89 : index
        } else{
          %711 = sentient.if sge, %arg2, %82 : index -> (index) {element_sizes = [16 : i32], regIndices = [2 : i32], regLocales = [#sentient<reg_type lrf>]}{
            sentient.yield %90 : index
          } else{
            %712 = sentient.if sge, %arg2, %6 : index -> (index) {element_sizes = [16 : i32], regIndices = [2 : i32], regLocales = [#sentient<reg_type lrf>]}{
              sentient.yield %91 : index
            } else{
              sentient.yield %92 : index
            }
            sentient.yield %712 : index
          }
          sentient.yield %711 : index
        }
        %709 = sentient.scalar_add %708, %128 {element_size = 16 : i32, regIndex = 2 : i32, regLocale = #sentient<reg_type lrf>} : index, index
        %710 = sentient.for %arg3 = %71 iter_args(%arg4 = %709) -> (index) {element_sizes = [-1 : i32, 16 : i32, 16 : i32], programHeader = [], regIndices = [1 : i32, 2 : i32, -1 : i32], regLocales = [#sentient<reg_type lccr>, #sentient<reg_type lrf>, #sentient<reg_type lrf>]}{
          %711 = sentient.receive_and_store mutable_addr(%arg4), immutable_addr(%123), increment(%123), producer(%393) {burst_size = 0 : i32, coalesce = false, dbgName = "c8-lxsu0-LE128DT-pe0-lx-5", element_size = 16 : i32, interleaved_group = 0 : i32, permute = false, regIndex = 2 : i32, regLocale = #sentient<reg_type lrf>, shuffle_mode = #sentient<shuffle_mode masked2b>, stride = 1 : i32, subword_length = 1 : i32, total_elements = 64 : i32} : index, index, index, index : index
          sentient.yield %711 : index
        }
      }
      sentient.sync {dbgName = "SSRF(MSSync #691, MSSync #692)", implicit_sync_memory_boundary = -1 : si32, mode = #sentient<sync_mode sendrecv>, soft = false, units = [#sentient<consumer_unit lxlu>, #sentient<consumer_unit l3su>]}
      sentient.sync {dbgName = "SSRF(MSSync #693, MSSync #694)", implicit_sync_memory_boundary = -1 : si32, mode = #sentient<sync_mode sendrecv>, soft = false, units = [#sentient<consumer_unit lxlu>, #sentient<consumer_unit l3su>]}
      sentient.for %arg2 = %2 {element_sizes = [-1 : i32], programHeader = [], regIndices = [0 : i32], regLocales = [#sentient<reg_type lccr>]}{
        %708 = sentient.if sge, %arg2, %2 : index -> (index) {element_sizes = [16 : i32], regIndices = [2 : i32], regLocales = [#sentient<reg_type lrf>]}{
          sentient.yield %93 : index
        } else{
          %711 = sentient.if sge, %arg2, %82 : index -> (index) {element_sizes = [16 : i32], regIndices = [2 : i32], regLocales = [#sentient<reg_type lrf>]}{
            sentient.yield %94 : index
          } else{
            %712 = sentient.if sge, %arg2, %6 : index -> (index) {element_sizes = [16 : i32], regIndices = [2 : i32], regLocales = [#sentient<reg_type lrf>]}{
              sentient.yield %95 : index
            } else{
              sentient.yield %96 : index
            }
            sentient.yield %712 : index
          }
          sentient.yield %711 : index
        }
        %709 = sentient.scalar_add %708, %128 {element_size = 16 : i32, regIndex = 2 : i32, regLocale = #sentient<reg_type lrf>} : index, index
        %710 = sentient.for %arg3 = %71 iter_args(%arg4 = %709) -> (index) {element_sizes = [-1 : i32, 16 : i32, 16 : i32], programHeader = [], regIndices = [1 : i32, 2 : i32, -1 : i32], regLocales = [#sentient<reg_type lccr>, #sentient<reg_type lrf>, #sentient<reg_type lrf>]}{
          %711 = sentient.receive_and_store mutable_addr(%arg4), immutable_addr(%123), increment(%123), producer(%393) {burst_size = 0 : i32, coalesce = false, dbgName = "c8-lxsu0-LE128DT-pe0-lx-7", element_size = 16 : i32, interleaved_group = 0 : i32, permute = false, regIndex = 2 : i32, regLocale = #sentient<reg_type lrf>, shuffle_mode = #sentient<shuffle_mode masked2b>, stride = 1 : i32, subword_length = 1 : i32, total_elements = 64 : i32} : index, index, index, index : index
          sentient.yield %711 : index
        }
      }
      sentient.sync {dbgName = "SSRF(MSSync #695, MSSync #696)", implicit_sync_memory_boundary = -1 : si32, mode = #sentient<sync_mode sendrecv>, soft = false, units = [#sentient<consumer_unit lxlu>, #sentient<consumer_unit l3su>]}
      %707 = sentient.for %arg2 = %6 iter_args(%arg3 = %701) -> (index) {element_sizes = [-1 : i32, 16 : i32, 16 : i32], programHeader = [], regIndices = [0 : i32, 0 : i32, -1 : i32], regLocales = [#sentient<reg_type lccr>, #sentient<reg_type lrf>, #sentient<reg_type lrf>]}{
        %708 = sentient.scalar_sub %125, %arg3 {element_size = 16 : i32, regIndex = 0 : i32, regLocale = #sentient<reg_type lrf>} : index, index
        %709 = sentient.scalar_add %708, %69 {element_size = 16 : i32, regIndex = 2 : i32, regLocale = #sentient<reg_type lrf>} : index, index
        %710 = sentient.for %arg4 = %74 iter_args(%arg5 = %709) -> (index) {element_sizes = [-1 : i32, 16 : i32, 16 : i32], programHeader = [], regIndices = [1 : i32, 2 : i32, -1 : i32], regLocales = [#sentient<reg_type lccr>, #sentient<reg_type lrf>, #sentient<reg_type lrf>]}{
          %711 = sentient.receive_and_store mutable_addr(%arg5), immutable_addr(%75), increment(%75), producer(%393) {burst_size = 0 : i32, coalesce = false, dbgName = "c8-lxsu0-ringDT-pe0-lx-0-8", element_size = 16 : i32, interleaved_group = 0 : i32, permute = false, regIndex = 2 : i32, regLocale = #sentient<reg_type lrf>, stride = 1 : i32, subword_length = 1 : i32, total_elements = 64 : i32} : index, index, index, index : index
          sentient.yield %711 : index
        }
        sentient.yield %708 : index
      }
      sentient.sync {dbgName = "SSRF(MSSync #697, MSSync #698)", implicit_sync_memory_boundary = -1 : si32, mode = #sentient<sync_mode sendrecv>, soft = false, units = [#sentient<consumer_unit lxlu>, #sentient<consumer_unit l3su>]}
      sentient.for %arg2 = %2 {element_sizes = [-1 : i32], programHeader = [], regIndices = [0 : i32], regLocales = [#sentient<reg_type lccr>]}{
        %708 = sentient.if sge, %arg2, %2 : index -> (index) {element_sizes = [16 : i32], regIndices = [0 : i32], regLocales = [#sentient<reg_type lrf>]}{
          sentient.yield %97 : index
        } else{
          %711 = sentient.if sge, %arg2, %82 : index -> (index) {element_sizes = [16 : i32], regIndices = [0 : i32], regLocales = [#sentient<reg_type lrf>]}{
            sentient.yield %98 : index
          } else{
            %712 = sentient.if sge, %arg2, %6 : index -> (index) {element_sizes = [16 : i32], regIndices = [0 : i32], regLocales = [#sentient<reg_type lrf>]}{
              sentient.yield %99 : index
            } else{
              sentient.yield %100 : index
            }
            sentient.yield %712 : index
          }
          sentient.yield %711 : index
        }
        %709 = sentient.scalar_add %708, %128 {element_size = 16 : i32, regIndex = 0 : i32, regLocale = #sentient<reg_type lrf>} : index, index
        %710 = sentient.for %arg3 = %71 iter_args(%arg4 = %709) -> (index) {element_sizes = [-1 : i32, 16 : i32, 16 : i32], programHeader = [], regIndices = [1 : i32, 0 : i32, -1 : i32], regLocales = [#sentient<reg_type lccr>, #sentient<reg_type lrf>, #sentient<reg_type lrf>]}{
          %711 = sentient.receive_and_store mutable_addr(%arg4), immutable_addr(%123), increment(%123), producer(%393) {burst_size = 0 : i32, coalesce = false, dbgName = "c8-lxsu0-LE128DT-pe0-lx-9", element_size = 16 : i32, interleaved_group = 0 : i32, permute = false, regIndex = 0 : i32, regLocale = #sentient<reg_type lrf>, shuffle_mode = #sentient<shuffle_mode masked2b>, stride = 1 : i32, subword_length = 1 : i32, total_elements = 64 : i32} : index, index, index, index : index
          sentient.yield %711 : index
        }
      }
      sentient.sync {dbgName = "SSRF(MSSync #699, MSSync #700)", implicit_sync_memory_boundary = -1 : si32, mode = #sentient<sync_mode sendrecv>, soft = false, units = [#sentient<consumer_unit lxlu>, #sentient<consumer_unit l3su>]}
      sentient.sync {dbgName = "SSRF(MSSync #701, MSSync #702)", implicit_sync_memory_boundary = -1 : si32, mode = #sentient<sync_mode sendrecv>, soft = false, units = [#sentient<consumer_unit lxlu>, #sentient<consumer_unit l3su>]}
      sentient.for %arg2 = %2 {element_sizes = [-1 : i32], programHeader = [], regIndices = [0 : i32], regLocales = [#sentient<reg_type lccr>]}{
        %708 = sentient.if sge, %arg2, %2 : index -> (index) {element_sizes = [16 : i32], regIndices = [0 : i32], regLocales = [#sentient<reg_type lrf>]}{
          sentient.yield %101 : index
        } else{
          %711 = sentient.if sge, %arg2, %82 : index -> (index) {element_sizes = [16 : i32], regIndices = [0 : i32], regLocales = [#sentient<reg_type lrf>]}{
            sentient.yield %102 : index
          } else{
            %712 = sentient.if sge, %arg2, %6 : index -> (index) {element_sizes = [16 : i32], regIndices = [0 : i32], regLocales = [#sentient<reg_type lrf>]}{
              sentient.yield %103 : index
            } else{
              sentient.yield %104 : index
            }
            sentient.yield %712 : index
          }
          sentient.yield %711 : index
        }
        %709 = sentient.scalar_add %708, %128 {element_size = 16 : i32, regIndex = 0 : i32, regLocale = #sentient<reg_type lrf>} : index, index
        %710 = sentient.for %arg3 = %71 iter_args(%arg4 = %709) -> (index) {element_sizes = [-1 : i32, 16 : i32, 16 : i32], programHeader = [], regIndices = [1 : i32, 0 : i32, -1 : i32], regLocales = [#sentient<reg_type lccr>, #sentient<reg_type lrf>, #sentient<reg_type lrf>]}{
          %711 = sentient.receive_and_store mutable_addr(%arg4), immutable_addr(%123), increment(%123), producer(%393) {burst_size = 0 : i32, coalesce = false, dbgName = "c8-lxsu0-LE128DT-pe0-lx-11", element_size = 16 : i32, interleaved_group = 0 : i32, permute = false, regIndex = 0 : i32, regLocale = #sentient<reg_type lrf>, shuffle_mode = #sentient<shuffle_mode masked2b>, stride = 1 : i32, subword_length = 1 : i32, total_elements = 64 : i32} : index, index, index, index : index
          sentient.yield %711 : index
        }
      }
      sentient.sync {dbgName = "SSRF(MSSync #703, MSSync #704)", implicit_sync_memory_boundary = -1 : si32, mode = #sentient<sync_mode sendrecv>, soft = false, units = [#sentient<consumer_unit lxlu>, #sentient<consumer_unit l3su>]}
      sentient.sync {dbgName = "SSRF(MSSync #705, MSSync #706)", implicit_sync_memory_boundary = -1 : si32, mode = #sentient<sync_mode sendrecv>, soft = false, units = [#sentient<consumer_unit lxlu>, #sentient<consumer_unit l3su>]}
      sentient.for %arg2 = %2 {element_sizes = [-1 : i32], programHeader = [], regIndices = [0 : i32], regLocales = [#sentient<reg_type lccr>]}{
        %708 = sentient.if sge, %arg2, %2 : index -> (index) {element_sizes = [16 : i32], regIndices = [0 : i32], regLocales = [#sentient<reg_type lrf>]}{
          sentient.yield %105 : index
        } else{
          %711 = sentient.if sge, %arg2, %82 : index -> (index) {element_sizes = [16 : i32], regIndices = [0 : i32], regLocales = [#sentient<reg_type lrf>]}{
            sentient.yield %106 : index
          } else{
            %712 = sentient.if sge, %arg2, %6 : index -> (index) {element_sizes = [16 : i32], regIndices = [0 : i32], regLocales = [#sentient<reg_type lrf>]}{
              sentient.yield %107 : index
            } else{
              sentient.yield %108 : index
            }
            sentient.yield %712 : index
          }
          sentient.yield %711 : index
        }
        %709 = sentient.scalar_add %708, %128 {element_size = 16 : i32, regIndex = 0 : i32, regLocale = #sentient<reg_type lrf>} : index, index
        %710 = sentient.for %arg3 = %71 iter_args(%arg4 = %709) -> (index) {element_sizes = [-1 : i32, 16 : i32, 16 : i32], programHeader = [], regIndices = [1 : i32, 0 : i32, -1 : i32], regLocales = [#sentient<reg_type lccr>, #sentient<reg_type lrf>, #sentient<reg_type lrf>]}{
          %711 = sentient.receive_and_store mutable_addr(%arg4), immutable_addr(%123), increment(%123), producer(%393) {burst_size = 0 : i32, coalesce = false, dbgName = "c8-lxsu0-LE128DT-pe0-lx-13", element_size = 16 : i32, interleaved_group = 0 : i32, permute = false, regIndex = 0 : i32, regLocale = #sentient<reg_type lrf>, shuffle_mode = #sentient<shuffle_mode masked2b>, stride = 1 : i32, subword_length = 1 : i32, total_elements = 64 : i32} : index, index, index, index : index
          sentient.yield %711 : index
        }
      }
      sentient.sync {dbgName = "SSRF(MSSync #707, MSSync #708)", implicit_sync_memory_boundary = -1 : si32, mode = #sentient<sync_mode sendrecv>, soft = false, units = [#sentient<consumer_unit lxlu>, #sentient<consumer_unit l3su>]}
      sentient.sync {dbgName = "SSRF(MSSync #709, MSSync #710)", implicit_sync_memory_boundary = -1 : si32, mode = #sentient<sync_mode sendrecv>, soft = false, units = [#sentient<consumer_unit lxlu>, #sentient<consumer_unit l3su>]}
      sentient.for %arg2 = %2 {element_sizes = [-1 : i32], programHeader = [], regIndices = [0 : i32], regLocales = [#sentient<reg_type lccr>]}{
        %708 = sentient.if sge, %arg2, %2 : index -> (index) {element_sizes = [16 : i32], regIndices = [0 : i32], regLocales = [#sentient<reg_type lrf>]}{
          sentient.yield %109 : index
        } else{
          %711 = sentient.if sge, %arg2, %82 : index -> (index) {element_sizes = [16 : i32], regIndices = [0 : i32], regLocales = [#sentient<reg_type lrf>]}{
            sentient.yield %110 : index
          } else{
            %712 = sentient.if sge, %arg2, %6 : index -> (index) {element_sizes = [16 : i32], regIndices = [0 : i32], regLocales = [#sentient<reg_type lrf>]}{
              sentient.yield %111 : index
            } else{
              sentient.yield %112 : index
            }
            sentient.yield %712 : index
          }
          sentient.yield %711 : index
        }
        %709 = sentient.scalar_add %708, %128 {element_size = 16 : i32, regIndex = 0 : i32, regLocale = #sentient<reg_type lrf>} : index, index
        %710 = sentient.for %arg3 = %71 iter_args(%arg4 = %709) -> (index) {element_sizes = [-1 : i32, 16 : i32, 16 : i32], programHeader = [], regIndices = [1 : i32, 0 : i32, -1 : i32], regLocales = [#sentient<reg_type lccr>, #sentient<reg_type lrf>, #sentient<reg_type lrf>]}{
          %711 = sentient.receive_and_store mutable_addr(%arg4), immutable_addr(%123), increment(%123), producer(%393) {burst_size = 0 : i32, coalesce = false, dbgName = "c8-lxsu0-LE128DT-pe0-lx-15", element_size = 16 : i32, interleaved_group = 0 : i32, permute = false, regIndex = 0 : i32, regLocale = #sentient<reg_type lrf>, shuffle_mode = #sentient<shuffle_mode masked2b>, stride = 1 : i32, subword_length = 1 : i32, total_elements = 64 : i32} : index, index, index, index : index
          sentient.yield %711 : index
        }
      }
      sentient.sync {dbgName = "SSRF(MSSync #711, MSSync #712)", implicit_sync_memory_boundary = -1 : si32, mode = #sentient<sync_mode sendrecv>, soft = false, units = [#sentient<consumer_unit lxlu>, #sentient<consumer_unit l3su>]}
      uniform.yield
    }
    (%arg1 -> %554){
      sentient.sync {dbgName = "SSRF(MSSync #713, MSSync #714)", implicit_sync_memory_boundary = -1 : si32, mode = #sentient<sync_mode sendrecv>, soft = false, units = [#sentient<consumer_unit lxlu>, #sentient<consumer_unit l3su>]}
      uniform.yield
    }
    (%arg1 -> %555){
      sentient.sync {dbgName = "SSRF(MSSync #715, MSSync #716)", implicit_sync_memory_boundary = -1 : si32, mode = #sentient<sync_mode sendrecv>, soft = false, units = [#sentient<consumer_unit lxlu>, #sentient<consumer_unit l3su>]}
      sentient.for %arg2 = %2 {element_sizes = [-1 : i32], programHeader = [], regIndices = [0 : i32], regLocales = [#sentient<reg_type lccr>]}{
        %708 = sentient.if sge, %arg2, %2 : index -> (index) {element_sizes = [16 : i32], regIndices = [2 : i32], regLocales = [#sentient<reg_type lrf>]}{
          sentient.yield %80 : index
        } else{
          %711 = sentient.if sge, %arg2, %82 : index -> (index) {element_sizes = [16 : i32], regIndices = [2 : i32], regLocales = [#sentient<reg_type lrf>]}{
            sentient.yield %81 : index
          } else{
            %712 = sentient.if sge, %arg2, %6 : index -> (index) {element_sizes = [16 : i32], regIndices = [2 : i32], regLocales = [#sentient<reg_type lrf>]}{
              sentient.yield %83 : index
            } else{
              sentient.yield %84 : index
            }
            sentient.yield %712 : index
          }
          sentient.yield %711 : index
        }
        %709 = sentient.scalar_add %708, %128 {element_size = 16 : i32, regIndex = 2 : i32, regLocale = #sentient<reg_type lrf>} : index, index
        %710 = sentient.for %arg3 = %71 iter_args(%arg4 = %709) -> (index) {element_sizes = [-1 : i32, 16 : i32, 16 : i32], programHeader = [], regIndices = [1 : i32, 2 : i32, -1 : i32], regLocales = [#sentient<reg_type lccr>, #sentient<reg_type lrf>, #sentient<reg_type lrf>]}{
          %711 = sentient.receive_and_store mutable_addr(%arg4), immutable_addr(%123), increment(%123), producer(%395) {burst_size = 0 : i32, coalesce = false, dbgName = "c10-lxsu0-LE128DT-pe0-lx-1", element_size = 16 : i32, interleaved_group = 0 : i32, permute = false, regIndex = 2 : i32, regLocale = #sentient<reg_type lrf>, shuffle_mode = #sentient<shuffle_mode masked2b>, stride = 1 : i32, subword_length = 1 : i32, total_elements = 64 : i32} : index, index, index, index : index
          sentient.yield %711 : index
        }
      }
      sentient.sync {dbgName = "SSRF(MSSync #717, MSSync #718)", implicit_sync_memory_boundary = -1 : si32, mode = #sentient<sync_mode sendrecv>, soft = false, units = [#sentient<consumer_unit lxlu>, #sentient<consumer_unit l3su>]}
      sentient.sync {dbgName = "SSRF(MSSync #719, MSSync #720)", implicit_sync_memory_boundary = -1 : si32, mode = #sentient<sync_mode sendrecv>, soft = false, units = [#sentient<consumer_unit lxlu>, #sentient<consumer_unit l3su>]}
      sentient.for %arg2 = %2 {element_sizes = [-1 : i32], programHeader = [], regIndices = [0 : i32], regLocales = [#sentient<reg_type lccr>]}{
        %708 = sentient.if sge, %arg2, %2 : index -> (index) {element_sizes = [16 : i32], regIndices = [2 : i32], regLocales = [#sentient<reg_type lrf>]}{
          sentient.yield %85 : index
        } else{
          %711 = sentient.if sge, %arg2, %82 : index -> (index) {element_sizes = [16 : i32], regIndices = [2 : i32], regLocales = [#sentient<reg_type lrf>]}{
            sentient.yield %86 : index
          } else{
            %712 = sentient.if sge, %arg2, %6 : index -> (index) {element_sizes = [16 : i32], regIndices = [2 : i32], regLocales = [#sentient<reg_type lrf>]}{
              sentient.yield %87 : index
            } else{
              sentient.yield %88 : index
            }
            sentient.yield %712 : index
          }
          sentient.yield %711 : index
        }
        %709 = sentient.scalar_add %708, %128 {element_size = 16 : i32, regIndex = 2 : i32, regLocale = #sentient<reg_type lrf>} : index, index
        %710 = sentient.for %arg3 = %71 iter_args(%arg4 = %709) -> (index) {element_sizes = [-1 : i32, 16 : i32, 16 : i32], programHeader = [], regIndices = [1 : i32, 2 : i32, -1 : i32], regLocales = [#sentient<reg_type lccr>, #sentient<reg_type lrf>, #sentient<reg_type lrf>]}{
          %711 = sentient.receive_and_store mutable_addr(%arg4), immutable_addr(%123), increment(%123), producer(%395) {burst_size = 0 : i32, coalesce = false, dbgName = "c10-lxsu0-LE128DT-pe0-lx-3", element_size = 16 : i32, interleaved_group = 0 : i32, permute = false, regIndex = 2 : i32, regLocale = #sentient<reg_type lrf>, shuffle_mode = #sentient<shuffle_mode masked2b>, stride = 1 : i32, subword_length = 1 : i32, total_elements = 64 : i32} : index, index, index, index : index
          sentient.yield %711 : index
        }
      }
      sentient.sync {dbgName = "SSRF(MSSync #721, MSSync #722)", implicit_sync_memory_boundary = -1 : si32, mode = #sentient<sync_mode sendrecv>, soft = false, units = [#sentient<consumer_unit lxlu>, #sentient<consumer_unit l3su>]}
      sentient.sync {dbgName = "SSRF(MSSync #723, MSSync #724)", implicit_sync_memory_boundary = -1 : si32, mode = #sentient<sync_mode sendrecv>, soft = false, units = [#sentient<consumer_unit lxlu>, #sentient<consumer_unit l3su>]}
      sentient.for %arg2 = %2 {element_sizes = [-1 : i32], programHeader = [], regIndices = [0 : i32], regLocales = [#sentient<reg_type lccr>]}{
        %708 = sentient.if sge, %arg2, %2 : index -> (index) {element_sizes = [16 : i32], regIndices = [2 : i32], regLocales = [#sentient<reg_type lrf>]}{
          sentient.yield %89 : index
        } else{
          %711 = sentient.if sge, %arg2, %82 : index -> (index) {element_sizes = [16 : i32], regIndices = [2 : i32], regLocales = [#sentient<reg_type lrf>]}{
            sentient.yield %90 : index
          } else{
            %712 = sentient.if sge, %arg2, %6 : index -> (index) {element_sizes = [16 : i32], regIndices = [2 : i32], regLocales = [#sentient<reg_type lrf>]}{
              sentient.yield %91 : index
            } else{
              sentient.yield %92 : index
            }
            sentient.yield %712 : index
          }
          sentient.yield %711 : index
        }
        %709 = sentient.scalar_add %708, %128 {element_size = 16 : i32, regIndex = 2 : i32, regLocale = #sentient<reg_type lrf>} : index, index
        %710 = sentient.for %arg3 = %71 iter_args(%arg4 = %709) -> (index) {element_sizes = [-1 : i32, 16 : i32, 16 : i32], programHeader = [], regIndices = [1 : i32, 2 : i32, -1 : i32], regLocales = [#sentient<reg_type lccr>, #sentient<reg_type lrf>, #sentient<reg_type lrf>]}{
          %711 = sentient.receive_and_store mutable_addr(%arg4), immutable_addr(%123), increment(%123), producer(%395) {burst_size = 0 : i32, coalesce = false, dbgName = "c10-lxsu0-LE128DT-pe0-lx-5", element_size = 16 : i32, interleaved_group = 0 : i32, permute = false, regIndex = 2 : i32, regLocale = #sentient<reg_type lrf>, shuffle_mode = #sentient<shuffle_mode masked2b>, stride = 1 : i32, subword_length = 1 : i32, total_elements = 64 : i32} : index, index, index, index : index
          sentient.yield %711 : index
        }
      }
      sentient.sync {dbgName = "SSRF(MSSync #725, MSSync #726)", implicit_sync_memory_boundary = -1 : si32, mode = #sentient<sync_mode sendrecv>, soft = false, units = [#sentient<consumer_unit lxlu>, #sentient<consumer_unit l3su>]}
      sentient.sync {dbgName = "SSRF(MSSync #727, MSSync #728)", implicit_sync_memory_boundary = -1 : si32, mode = #sentient<sync_mode sendrecv>, soft = false, units = [#sentient<consumer_unit lxlu>, #sentient<consumer_unit l3su>]}
      sentient.for %arg2 = %2 {element_sizes = [-1 : i32], programHeader = [], regIndices = [0 : i32], regLocales = [#sentient<reg_type lccr>]}{
        %708 = sentient.if sge, %arg2, %2 : index -> (index) {element_sizes = [16 : i32], regIndices = [2 : i32], regLocales = [#sentient<reg_type lrf>]}{
          sentient.yield %93 : index
        } else{
          %711 = sentient.if sge, %arg2, %82 : index -> (index) {element_sizes = [16 : i32], regIndices = [2 : i32], regLocales = [#sentient<reg_type lrf>]}{
            sentient.yield %94 : index
          } else{
            %712 = sentient.if sge, %arg2, %6 : index -> (index) {element_sizes = [16 : i32], regIndices = [2 : i32], regLocales = [#sentient<reg_type lrf>]}{
              sentient.yield %95 : index
            } else{
              sentient.yield %96 : index
            }
            sentient.yield %712 : index
          }
          sentient.yield %711 : index
        }
        %709 = sentient.scalar_add %708, %128 {element_size = 16 : i32, regIndex = 2 : i32, regLocale = #sentient<reg_type lrf>} : index, index
        %710 = sentient.for %arg3 = %71 iter_args(%arg4 = %709) -> (index) {element_sizes = [-1 : i32, 16 : i32, 16 : i32], programHeader = [], regIndices = [1 : i32, 2 : i32, -1 : i32], regLocales = [#sentient<reg_type lccr>, #sentient<reg_type lrf>, #sentient<reg_type lrf>]}{
          %711 = sentient.receive_and_store mutable_addr(%arg4), immutable_addr(%123), increment(%123), producer(%395) {burst_size = 0 : i32, coalesce = false, dbgName = "c10-lxsu0-LE128DT-pe0-lx-7", element_size = 16 : i32, interleaved_group = 0 : i32, permute = false, regIndex = 2 : i32, regLocale = #sentient<reg_type lrf>, shuffle_mode = #sentient<shuffle_mode masked2b>, stride = 1 : i32, subword_length = 1 : i32, total_elements = 64 : i32} : index, index, index, index : index
          sentient.yield %711 : index
        }
      }
      sentient.sync {dbgName = "SSRF(MSSync #729, MSSync #730)", implicit_sync_memory_boundary = -1 : si32, mode = #sentient<sync_mode sendrecv>, soft = false, units = [#sentient<consumer_unit lxlu>, #sentient<consumer_unit l3su>]}
      sentient.sync {dbgName = "SSRF(MSSync #731, MSSync #732)", implicit_sync_memory_boundary = -1 : si32, mode = #sentient<sync_mode sendrecv>, soft = false, units = [#sentient<consumer_unit lxlu>, #sentient<consumer_unit l3su>]}
      sentient.for %arg2 = %2 {element_sizes = [-1 : i32], programHeader = [], regIndices = [0 : i32], regLocales = [#sentient<reg_type lccr>]}{
        %708 = sentient.if sge, %arg2, %2 : index -> (index) {element_sizes = [16 : i32], regIndices = [2 : i32], regLocales = [#sentient<reg_type lrf>]}{
          sentient.yield %97 : index
        } else{
          %711 = sentient.if sge, %arg2, %82 : index -> (index) {element_sizes = [16 : i32], regIndices = [2 : i32], regLocales = [#sentient<reg_type lrf>]}{
            sentient.yield %98 : index
          } else{
            %712 = sentient.if sge, %arg2, %6 : index -> (index) {element_sizes = [16 : i32], regIndices = [2 : i32], regLocales = [#sentient<reg_type lrf>]}{
              sentient.yield %99 : index
            } else{
              sentient.yield %100 : index
            }
            sentient.yield %712 : index
          }
          sentient.yield %711 : index
        }
        %709 = sentient.scalar_add %708, %128 {element_size = 16 : i32, regIndex = 2 : i32, regLocale = #sentient<reg_type lrf>} : index, index
        %710 = sentient.for %arg3 = %71 iter_args(%arg4 = %709) -> (index) {element_sizes = [-1 : i32, 16 : i32, 16 : i32], programHeader = [], regIndices = [1 : i32, 2 : i32, -1 : i32], regLocales = [#sentient<reg_type lccr>, #sentient<reg_type lrf>, #sentient<reg_type lrf>]}{
          %711 = sentient.receive_and_store mutable_addr(%arg4), immutable_addr(%123), increment(%123), producer(%395) {burst_size = 0 : i32, coalesce = false, dbgName = "c10-lxsu0-LE128DT-pe0-lx-9", element_size = 16 : i32, interleaved_group = 0 : i32, permute = false, regIndex = 2 : i32, regLocale = #sentient<reg_type lrf>, shuffle_mode = #sentient<shuffle_mode masked2b>, stride = 1 : i32, subword_length = 1 : i32, total_elements = 64 : i32} : index, index, index, index : index
          sentient.yield %711 : index
        }
      }
      sentient.sync {dbgName = "SSRF(MSSync #733, MSSync #734)", implicit_sync_memory_boundary = -1 : si32, mode = #sentient<sync_mode sendrecv>, soft = false, units = [#sentient<consumer_unit lxlu>, #sentient<consumer_unit l3su>]}
      %707 = sentient.for %arg2 = %6 iter_args(%arg3 = %701) -> (index) {element_sizes = [-1 : i32, 16 : i32, 16 : i32], programHeader = [], regIndices = [0 : i32, 0 : i32, -1 : i32], regLocales = [#sentient<reg_type lccr>, #sentient<reg_type lrf>, #sentient<reg_type lrf>]}{
        %708 = sentient.scalar_sub %125, %arg3 {element_size = 16 : i32, regIndex = 0 : i32, regLocale = #sentient<reg_type lrf>} : index, index
        %709 = sentient.scalar_add %708, %69 {element_size = 16 : i32, regIndex = 2 : i32, regLocale = #sentient<reg_type lrf>} : index, index
        %710 = sentient.for %arg4 = %74 iter_args(%arg5 = %709) -> (index) {element_sizes = [-1 : i32, 16 : i32, 16 : i32], programHeader = [], regIndices = [1 : i32, 2 : i32, -1 : i32], regLocales = [#sentient<reg_type lccr>, #sentient<reg_type lrf>, #sentient<reg_type lrf>]}{
          %711 = sentient.receive_and_store mutable_addr(%arg5), immutable_addr(%75), increment(%75), producer(%395) {burst_size = 0 : i32, coalesce = false, dbgName = "c10-lxsu0-ringDT-pe0-lx-0-10", element_size = 16 : i32, interleaved_group = 0 : i32, permute = false, regIndex = 2 : i32, regLocale = #sentient<reg_type lrf>, stride = 1 : i32, subword_length = 1 : i32, total_elements = 64 : i32} : index, index, index, index : index
          sentient.yield %711 : index
        }
        sentient.yield %708 : index
      }
      sentient.sync {dbgName = "SSRF(MSSync #735, MSSync #736)", implicit_sync_memory_boundary = -1 : si32, mode = #sentient<sync_mode sendrecv>, soft = false, units = [#sentient<consumer_unit lxlu>, #sentient<consumer_unit l3su>]}
      sentient.for %arg2 = %2 {element_sizes = [-1 : i32], programHeader = [], regIndices = [0 : i32], regLocales = [#sentient<reg_type lccr>]}{
        %708 = sentient.if sge, %arg2, %2 : index -> (index) {element_sizes = [16 : i32], regIndices = [0 : i32], regLocales = [#sentient<reg_type lrf>]}{
          sentient.yield %101 : index
        } else{
          %711 = sentient.if sge, %arg2, %82 : index -> (index) {element_sizes = [16 : i32], regIndices = [0 : i32], regLocales = [#sentient<reg_type lrf>]}{
            sentient.yield %102 : index
          } else{
            %712 = sentient.if sge, %arg2, %6 : index -> (index) {element_sizes = [16 : i32], regIndices = [0 : i32], regLocales = [#sentient<reg_type lrf>]}{
              sentient.yield %103 : index
            } else{
              sentient.yield %104 : index
            }
            sentient.yield %712 : index
          }
          sentient.yield %711 : index
        }
        %709 = sentient.scalar_add %708, %128 {element_size = 16 : i32, regIndex = 0 : i32, regLocale = #sentient<reg_type lrf>} : index, index
        %710 = sentient.for %arg3 = %71 iter_args(%arg4 = %709) -> (index) {element_sizes = [-1 : i32, 16 : i32, 16 : i32], programHeader = [], regIndices = [1 : i32, 0 : i32, -1 : i32], regLocales = [#sentient<reg_type lccr>, #sentient<reg_type lrf>, #sentient<reg_type lrf>]}{
          %711 = sentient.receive_and_store mutable_addr(%arg4), immutable_addr(%123), increment(%123), producer(%395) {burst_size = 0 : i32, coalesce = false, dbgName = "c10-lxsu0-LE128DT-pe0-lx-11", element_size = 16 : i32, interleaved_group = 0 : i32, permute = false, regIndex = 0 : i32, regLocale = #sentient<reg_type lrf>, shuffle_mode = #sentient<shuffle_mode masked2b>, stride = 1 : i32, subword_length = 1 : i32, total_elements = 64 : i32} : index, index, index, index : index
          sentient.yield %711 : index
        }
      }
      sentient.sync {dbgName = "SSRF(MSSync #737, MSSync #738)", implicit_sync_memory_boundary = -1 : si32, mode = #sentient<sync_mode sendrecv>, soft = false, units = [#sentient<consumer_unit lxlu>, #sentient<consumer_unit l3su>]}
      sentient.sync {dbgName = "SSRF(MSSync #739, MSSync #740)", implicit_sync_memory_boundary = -1 : si32, mode = #sentient<sync_mode sendrecv>, soft = false, units = [#sentient<consumer_unit lxlu>, #sentient<consumer_unit l3su>]}
      sentient.for %arg2 = %2 {element_sizes = [-1 : i32], programHeader = [], regIndices = [0 : i32], regLocales = [#sentient<reg_type lccr>]}{
        %708 = sentient.if sge, %arg2, %2 : index -> (index) {element_sizes = [16 : i32], regIndices = [0 : i32], regLocales = [#sentient<reg_type lrf>]}{
          sentient.yield %105 : index
        } else{
          %711 = sentient.if sge, %arg2, %82 : index -> (index) {element_sizes = [16 : i32], regIndices = [0 : i32], regLocales = [#sentient<reg_type lrf>]}{
            sentient.yield %106 : index
          } else{
            %712 = sentient.if sge, %arg2, %6 : index -> (index) {element_sizes = [16 : i32], regIndices = [0 : i32], regLocales = [#sentient<reg_type lrf>]}{
              sentient.yield %107 : index
            } else{
              sentient.yield %108 : index
            }
            sentient.yield %712 : index
          }
          sentient.yield %711 : index
        }
        %709 = sentient.scalar_add %708, %128 {element_size = 16 : i32, regIndex = 0 : i32, regLocale = #sentient<reg_type lrf>} : index, index
        %710 = sentient.for %arg3 = %71 iter_args(%arg4 = %709) -> (index) {element_sizes = [-1 : i32, 16 : i32, 16 : i32], programHeader = [], regIndices = [1 : i32, 0 : i32, -1 : i32], regLocales = [#sentient<reg_type lccr>, #sentient<reg_type lrf>, #sentient<reg_type lrf>]}{
          %711 = sentient.receive_and_store mutable_addr(%arg4), immutable_addr(%123), increment(%123), producer(%395) {burst_size = 0 : i32, coalesce = false, dbgName = "c10-lxsu0-LE128DT-pe0-lx-13", element_size = 16 : i32, interleaved_group = 0 : i32, permute = false, regIndex = 0 : i32, regLocale = #sentient<reg_type lrf>, shuffle_mode = #sentient<shuffle_mode masked2b>, stride = 1 : i32, subword_length = 1 : i32, total_elements = 64 : i32} : index, index, index, index : index
          sentient.yield %711 : index
        }
      }
      sentient.sync {dbgName = "SSRF(MSSync #741, MSSync #742)", implicit_sync_memory_boundary = -1 : si32, mode = #sentient<sync_mode sendrecv>, soft = false, units = [#sentient<consumer_unit lxlu>, #sentient<consumer_unit l3su>]}
      sentient.sync {dbgName = "SSRF(MSSync #743, MSSync #744)", implicit_sync_memory_boundary = -1 : si32, mode = #sentient<sync_mode sendrecv>, soft = false, units = [#sentient<consumer_unit lxlu>, #sentient<consumer_unit l3su>]}
      sentient.for %arg2 = %2 {element_sizes = [-1 : i32], programHeader = [], regIndices = [0 : i32], regLocales = [#sentient<reg_type lccr>]}{
        %708 = sentient.if sge, %arg2, %2 : index -> (index) {element_sizes = [16 : i32], regIndices = [0 : i32], regLocales = [#sentient<reg_type lrf>]}{
          sentient.yield %109 : index
        } else{
          %711 = sentient.if sge, %arg2, %82 : index -> (index) {element_sizes = [16 : i32], regIndices = [0 : i32], regLocales = [#sentient<reg_type lrf>]}{
            sentient.yield %110 : index
          } else{
            %712 = sentient.if sge, %arg2, %6 : index -> (index) {element_sizes = [16 : i32], regIndices = [0 : i32], regLocales = [#sentient<reg_type lrf>]}{
              sentient.yield %111 : index
            } else{
              sentient.yield %112 : index
            }
            sentient.yield %712 : index
          }
          sentient.yield %711 : index
        }
        %709 = sentient.scalar_add %708, %128 {element_size = 16 : i32, regIndex = 0 : i32, regLocale = #sentient<reg_type lrf>} : index, index
        %710 = sentient.for %arg3 = %71 iter_args(%arg4 = %709) -> (index) {element_sizes = [-1 : i32, 16 : i32, 16 : i32], programHeader = [], regIndices = [1 : i32, 0 : i32, -1 : i32], regLocales = [#sentient<reg_type lccr>, #sentient<reg_type lrf>, #sentient<reg_type lrf>]}{
          %711 = sentient.receive_and_store mutable_addr(%arg4), immutable_addr(%123), increment(%123), producer(%395) {burst_size = 0 : i32, coalesce = false, dbgName = "c10-lxsu0-LE128DT-pe0-lx-15", element_size = 16 : i32, interleaved_group = 0 : i32, permute = false, regIndex = 0 : i32, regLocale = #sentient<reg_type lrf>, shuffle_mode = #sentient<shuffle_mode masked2b>, stride = 1 : i32, subword_length = 1 : i32, total_elements = 64 : i32} : index, index, index, index : index
          sentient.yield %711 : index
        }
      }
      sentient.sync {dbgName = "SSRF(MSSync #745, MSSync #746)", implicit_sync_memory_boundary = -1 : si32, mode = #sentient<sync_mode sendrecv>, soft = false, units = [#sentient<consumer_unit lxlu>, #sentient<consumer_unit l3su>]}
      uniform.yield
    }
    (%arg1 -> %556){
      sentient.sync {dbgName = "SSRF(MSSync #747, MSSync #748)", implicit_sync_memory_boundary = -1 : si32, mode = #sentient<sync_mode sendrecv>, soft = false, units = [#sentient<consumer_unit lxlu>, #sentient<consumer_unit l3su>]}
      uniform.yield
    }
    (%arg1 -> %557){
      sentient.sync {dbgName = "SSRF(MSSync #749, MSSync #750)", implicit_sync_memory_boundary = -1 : si32, mode = #sentient<sync_mode sendrecv>, soft = false, units = [#sentient<consumer_unit lxlu>, #sentient<consumer_unit l3su>]}
      sentient.for %arg2 = %2 {element_sizes = [-1 : i32], programHeader = [], regIndices = [0 : i32], regLocales = [#sentient<reg_type lccr>]}{
        %708 = sentient.if sge, %arg2, %2 : index -> (index) {element_sizes = [16 : i32], regIndices = [2 : i32], regLocales = [#sentient<reg_type lrf>]}{
          sentient.yield %80 : index
        } else{
          %711 = sentient.if sge, %arg2, %82 : index -> (index) {element_sizes = [16 : i32], regIndices = [2 : i32], regLocales = [#sentient<reg_type lrf>]}{
            sentient.yield %81 : index
          } else{
            %712 = sentient.if sge, %arg2, %6 : index -> (index) {element_sizes = [16 : i32], regIndices = [2 : i32], regLocales = [#sentient<reg_type lrf>]}{
              sentient.yield %83 : index
            } else{
              sentient.yield %84 : index
            }
            sentient.yield %712 : index
          }
          sentient.yield %711 : index
        }
        %709 = sentient.scalar_add %708, %128 {element_size = 16 : i32, regIndex = 2 : i32, regLocale = #sentient<reg_type lrf>} : index, index
        %710 = sentient.for %arg3 = %71 iter_args(%arg4 = %709) -> (index) {element_sizes = [-1 : i32, 16 : i32, 16 : i32], programHeader = [], regIndices = [1 : i32, 2 : i32, -1 : i32], regLocales = [#sentient<reg_type lccr>, #sentient<reg_type lrf>, #sentient<reg_type lrf>]}{
          %711 = sentient.receive_and_store mutable_addr(%arg4), immutable_addr(%123), increment(%123), producer(%397) {burst_size = 0 : i32, coalesce = false, dbgName = "c12-lxsu0-LE128DT-pe0-lx-1", element_size = 16 : i32, interleaved_group = 0 : i32, permute = false, regIndex = 2 : i32, regLocale = #sentient<reg_type lrf>, shuffle_mode = #sentient<shuffle_mode masked2b>, stride = 1 : i32, subword_length = 1 : i32, total_elements = 64 : i32} : index, index, index, index : index
          sentient.yield %711 : index
        }
      }
      sentient.sync {dbgName = "SSRF(MSSync #751, MSSync #752)", implicit_sync_memory_boundary = -1 : si32, mode = #sentient<sync_mode sendrecv>, soft = false, units = [#sentient<consumer_unit lxlu>, #sentient<consumer_unit l3su>]}
      sentient.sync {dbgName = "SSRF(MSSync #753, MSSync #754)", implicit_sync_memory_boundary = -1 : si32, mode = #sentient<sync_mode sendrecv>, soft = false, units = [#sentient<consumer_unit lxlu>, #sentient<consumer_unit l3su>]}
      sentient.for %arg2 = %2 {element_sizes = [-1 : i32], programHeader = [], regIndices = [0 : i32], regLocales = [#sentient<reg_type lccr>]}{
        %708 = sentient.if sge, %arg2, %2 : index -> (index) {element_sizes = [16 : i32], regIndices = [2 : i32], regLocales = [#sentient<reg_type lrf>]}{
          sentient.yield %85 : index
        } else{
          %711 = sentient.if sge, %arg2, %82 : index -> (index) {element_sizes = [16 : i32], regIndices = [2 : i32], regLocales = [#sentient<reg_type lrf>]}{
            sentient.yield %86 : index
          } else{
            %712 = sentient.if sge, %arg2, %6 : index -> (index) {element_sizes = [16 : i32], regIndices = [2 : i32], regLocales = [#sentient<reg_type lrf>]}{
              sentient.yield %87 : index
            } else{
              sentient.yield %88 : index
            }
            sentient.yield %712 : index
          }
          sentient.yield %711 : index
        }
        %709 = sentient.scalar_add %708, %128 {element_size = 16 : i32, regIndex = 2 : i32, regLocale = #sentient<reg_type lrf>} : index, index
        %710 = sentient.for %arg3 = %71 iter_args(%arg4 = %709) -> (index) {element_sizes = [-1 : i32, 16 : i32, 16 : i32], programHeader = [], regIndices = [1 : i32, 2 : i32, -1 : i32], regLocales = [#sentient<reg_type lccr>, #sentient<reg_type lrf>, #sentient<reg_type lrf>]}{
          %711 = sentient.receive_and_store mutable_addr(%arg4), immutable_addr(%123), increment(%123), producer(%397) {burst_size = 0 : i32, coalesce = false, dbgName = "c12-lxsu0-LE128DT-pe0-lx-3", element_size = 16 : i32, interleaved_group = 0 : i32, permute = false, regIndex = 2 : i32, regLocale = #sentient<reg_type lrf>, shuffle_mode = #sentient<shuffle_mode masked2b>, stride = 1 : i32, subword_length = 1 : i32, total_elements = 64 : i32} : index, index, index, index : index
          sentient.yield %711 : index
        }
      }
      sentient.sync {dbgName = "SSRF(MSSync #755, MSSync #756)", implicit_sync_memory_boundary = -1 : si32, mode = #sentient<sync_mode sendrecv>, soft = false, units = [#sentient<consumer_unit lxlu>, #sentient<consumer_unit l3su>]}
      sentient.sync {dbgName = "SSRF(MSSync #757, MSSync #758)", implicit_sync_memory_boundary = -1 : si32, mode = #sentient<sync_mode sendrecv>, soft = false, units = [#sentient<consumer_unit lxlu>, #sentient<consumer_unit l3su>]}
      sentient.for %arg2 = %2 {element_sizes = [-1 : i32], programHeader = [], regIndices = [0 : i32], regLocales = [#sentient<reg_type lccr>]}{
        %708 = sentient.if sge, %arg2, %2 : index -> (index) {element_sizes = [16 : i32], regIndices = [2 : i32], regLocales = [#sentient<reg_type lrf>]}{
          sentient.yield %89 : index
        } else{
          %711 = sentient.if sge, %arg2, %82 : index -> (index) {element_sizes = [16 : i32], regIndices = [2 : i32], regLocales = [#sentient<reg_type lrf>]}{
            sentient.yield %90 : index
          } else{
            %712 = sentient.if sge, %arg2, %6 : index -> (index) {element_sizes = [16 : i32], regIndices = [2 : i32], regLocales = [#sentient<reg_type lrf>]}{
              sentient.yield %91 : index
            } else{
              sentient.yield %92 : index
            }
            sentient.yield %712 : index
          }
          sentient.yield %711 : index
        }
        %709 = sentient.scalar_add %708, %128 {element_size = 16 : i32, regIndex = 2 : i32, regLocale = #sentient<reg_type lrf>} : index, index
        %710 = sentient.for %arg3 = %71 iter_args(%arg4 = %709) -> (index) {element_sizes = [-1 : i32, 16 : i32, 16 : i32], programHeader = [], regIndices = [1 : i32, 2 : i32, -1 : i32], regLocales = [#sentient<reg_type lccr>, #sentient<reg_type lrf>, #sentient<reg_type lrf>]}{
          %711 = sentient.receive_and_store mutable_addr(%arg4), immutable_addr(%123), increment(%123), producer(%397) {burst_size = 0 : i32, coalesce = false, dbgName = "c12-lxsu0-LE128DT-pe0-lx-5", element_size = 16 : i32, interleaved_group = 0 : i32, permute = false, regIndex = 2 : i32, regLocale = #sentient<reg_type lrf>, shuffle_mode = #sentient<shuffle_mode masked2b>, stride = 1 : i32, subword_length = 1 : i32, total_elements = 64 : i32} : index, index, index, index : index
          sentient.yield %711 : index
        }
      }
      sentient.sync {dbgName = "SSRF(MSSync #759, MSSync #760)", implicit_sync_memory_boundary = -1 : si32, mode = #sentient<sync_mode sendrecv>, soft = false, units = [#sentient<consumer_unit lxlu>, #sentient<consumer_unit l3su>]}
      sentient.sync {dbgName = "SSRF(MSSync #761, MSSync #762)", implicit_sync_memory_boundary = -1 : si32, mode = #sentient<sync_mode sendrecv>, soft = false, units = [#sentient<consumer_unit lxlu>, #sentient<consumer_unit l3su>]}
      sentient.for %arg2 = %2 {element_sizes = [-1 : i32], programHeader = [], regIndices = [0 : i32], regLocales = [#sentient<reg_type lccr>]}{
        %708 = sentient.if sge, %arg2, %2 : index -> (index) {element_sizes = [16 : i32], regIndices = [2 : i32], regLocales = [#sentient<reg_type lrf>]}{
          sentient.yield %93 : index
        } else{
          %711 = sentient.if sge, %arg2, %82 : index -> (index) {element_sizes = [16 : i32], regIndices = [2 : i32], regLocales = [#sentient<reg_type lrf>]}{
            sentient.yield %94 : index
          } else{
            %712 = sentient.if sge, %arg2, %6 : index -> (index) {element_sizes = [16 : i32], regIndices = [2 : i32], regLocales = [#sentient<reg_type lrf>]}{
              sentient.yield %95 : index
            } else{
              sentient.yield %96 : index
            }
            sentient.yield %712 : index
          }
          sentient.yield %711 : index
        }
        %709 = sentient.scalar_add %708, %128 {element_size = 16 : i32, regIndex = 2 : i32, regLocale = #sentient<reg_type lrf>} : index, index
        %710 = sentient.for %arg3 = %71 iter_args(%arg4 = %709) -> (index) {element_sizes = [-1 : i32, 16 : i32, 16 : i32], programHeader = [], regIndices = [1 : i32, 2 : i32, -1 : i32], regLocales = [#sentient<reg_type lccr>, #sentient<reg_type lrf>, #sentient<reg_type lrf>]}{
          %711 = sentient.receive_and_store mutable_addr(%arg4), immutable_addr(%123), increment(%123), producer(%397) {burst_size = 0 : i32, coalesce = false, dbgName = "c12-lxsu0-LE128DT-pe0-lx-7", element_size = 16 : i32, interleaved_group = 0 : i32, permute = false, regIndex = 2 : i32, regLocale = #sentient<reg_type lrf>, shuffle_mode = #sentient<shuffle_mode masked2b>, stride = 1 : i32, subword_length = 1 : i32, total_elements = 64 : i32} : index, index, index, index : index
          sentient.yield %711 : index
        }
      }
      sentient.sync {dbgName = "SSRF(MSSync #763, MSSync #764)", implicit_sync_memory_boundary = -1 : si32, mode = #sentient<sync_mode sendrecv>, soft = false, units = [#sentient<consumer_unit lxlu>, #sentient<consumer_unit l3su>]}
      sentient.sync {dbgName = "SSRF(MSSync #765, MSSync #766)", implicit_sync_memory_boundary = -1 : si32, mode = #sentient<sync_mode sendrecv>, soft = false, units = [#sentient<consumer_unit lxlu>, #sentient<consumer_unit l3su>]}
      sentient.for %arg2 = %2 {element_sizes = [-1 : i32], programHeader = [], regIndices = [0 : i32], regLocales = [#sentient<reg_type lccr>]}{
        %708 = sentient.if sge, %arg2, %2 : index -> (index) {element_sizes = [16 : i32], regIndices = [2 : i32], regLocales = [#sentient<reg_type lrf>]}{
          sentient.yield %97 : index
        } else{
          %711 = sentient.if sge, %arg2, %82 : index -> (index) {element_sizes = [16 : i32], regIndices = [2 : i32], regLocales = [#sentient<reg_type lrf>]}{
            sentient.yield %98 : index
          } else{
            %712 = sentient.if sge, %arg2, %6 : index -> (index) {element_sizes = [16 : i32], regIndices = [2 : i32], regLocales = [#sentient<reg_type lrf>]}{
              sentient.yield %99 : index
            } else{
              sentient.yield %100 : index
            }
            sentient.yield %712 : index
          }
          sentient.yield %711 : index
        }
        %709 = sentient.scalar_add %708, %128 {element_size = 16 : i32, regIndex = 2 : i32, regLocale = #sentient<reg_type lrf>} : index, index
        %710 = sentient.for %arg3 = %71 iter_args(%arg4 = %709) -> (index) {element_sizes = [-1 : i32, 16 : i32, 16 : i32], programHeader = [], regIndices = [1 : i32, 2 : i32, -1 : i32], regLocales = [#sentient<reg_type lccr>, #sentient<reg_type lrf>, #sentient<reg_type lrf>]}{
          %711 = sentient.receive_and_store mutable_addr(%arg4), immutable_addr(%123), increment(%123), producer(%397) {burst_size = 0 : i32, coalesce = false, dbgName = "c12-lxsu0-LE128DT-pe0-lx-9", element_size = 16 : i32, interleaved_group = 0 : i32, permute = false, regIndex = 2 : i32, regLocale = #sentient<reg_type lrf>, shuffle_mode = #sentient<shuffle_mode masked2b>, stride = 1 : i32, subword_length = 1 : i32, total_elements = 64 : i32} : index, index, index, index : index
          sentient.yield %711 : index
        }
      }
      sentient.sync {dbgName = "SSRF(MSSync #767, MSSync #768)", implicit_sync_memory_boundary = -1 : si32, mode = #sentient<sync_mode sendrecv>, soft = false, units = [#sentient<consumer_unit lxlu>, #sentient<consumer_unit l3su>]}
      sentient.sync {dbgName = "SSRF(MSSync #769, MSSync #770)", implicit_sync_memory_boundary = -1 : si32, mode = #sentient<sync_mode sendrecv>, soft = false, units = [#sentient<consumer_unit lxlu>, #sentient<consumer_unit l3su>]}
      sentient.for %arg2 = %2 {element_sizes = [-1 : i32], programHeader = [], regIndices = [0 : i32], regLocales = [#sentient<reg_type lccr>]}{
        %708 = sentient.if sge, %arg2, %2 : index -> (index) {element_sizes = [16 : i32], regIndices = [2 : i32], regLocales = [#sentient<reg_type lrf>]}{
          sentient.yield %101 : index
        } else{
          %711 = sentient.if sge, %arg2, %82 : index -> (index) {element_sizes = [16 : i32], regIndices = [2 : i32], regLocales = [#sentient<reg_type lrf>]}{
            sentient.yield %102 : index
          } else{
            %712 = sentient.if sge, %arg2, %6 : index -> (index) {element_sizes = [16 : i32], regIndices = [2 : i32], regLocales = [#sentient<reg_type lrf>]}{
              sentient.yield %103 : index
            } else{
              sentient.yield %104 : index
            }
            sentient.yield %712 : index
          }
          sentient.yield %711 : index
        }
        %709 = sentient.scalar_add %708, %128 {element_size = 16 : i32, regIndex = 2 : i32, regLocale = #sentient<reg_type lrf>} : index, index
        %710 = sentient.for %arg3 = %71 iter_args(%arg4 = %709) -> (index) {element_sizes = [-1 : i32, 16 : i32, 16 : i32], programHeader = [], regIndices = [1 : i32, 2 : i32, -1 : i32], regLocales = [#sentient<reg_type lccr>, #sentient<reg_type lrf>, #sentient<reg_type lrf>]}{
          %711 = sentient.receive_and_store mutable_addr(%arg4), immutable_addr(%123), increment(%123), producer(%397) {burst_size = 0 : i32, coalesce = false, dbgName = "c12-lxsu0-LE128DT-pe0-lx-11", element_size = 16 : i32, interleaved_group = 0 : i32, permute = false, regIndex = 2 : i32, regLocale = #sentient<reg_type lrf>, shuffle_mode = #sentient<shuffle_mode masked2b>, stride = 1 : i32, subword_length = 1 : i32, total_elements = 64 : i32} : index, index, index, index : index
          sentient.yield %711 : index
        }
      }
      sentient.sync {dbgName = "SSRF(MSSync #771, MSSync #772)", implicit_sync_memory_boundary = -1 : si32, mode = #sentient<sync_mode sendrecv>, soft = false, units = [#sentient<consumer_unit lxlu>, #sentient<consumer_unit l3su>]}
      %707 = sentient.for %arg2 = %6 iter_args(%arg3 = %701) -> (index) {element_sizes = [-1 : i32, 16 : i32, 16 : i32], programHeader = [], regIndices = [0 : i32, 0 : i32, -1 : i32], regLocales = [#sentient<reg_type lccr>, #sentient<reg_type lrf>, #sentient<reg_type lrf>]}{
        %708 = sentient.scalar_sub %125, %arg3 {element_size = 16 : i32, regIndex = 0 : i32, regLocale = #sentient<reg_type lrf>} : index, index
        %709 = sentient.scalar_add %708, %69 {element_size = 16 : i32, regIndex = 2 : i32, regLocale = #sentient<reg_type lrf>} : index, index
        %710 = sentient.for %arg4 = %74 iter_args(%arg5 = %709) -> (index) {element_sizes = [-1 : i32, 16 : i32, 16 : i32], programHeader = [], regIndices = [1 : i32, 2 : i32, -1 : i32], regLocales = [#sentient<reg_type lccr>, #sentient<reg_type lrf>, #sentient<reg_type lrf>]}{
          %711 = sentient.receive_and_store mutable_addr(%arg5), immutable_addr(%75), increment(%75), producer(%397) {burst_size = 0 : i32, coalesce = false, dbgName = "c12-lxsu0-ringDT-pe0-lx-0-12", element_size = 16 : i32, interleaved_group = 0 : i32, permute = false, regIndex = 2 : i32, regLocale = #sentient<reg_type lrf>, stride = 1 : i32, subword_length = 1 : i32, total_elements = 64 : i32} : index, index, index, index : index
          sentient.yield %711 : index
        }
        sentient.yield %708 : index
      }
      sentient.sync {dbgName = "SSRF(MSSync #773, MSSync #774)", implicit_sync_memory_boundary = -1 : si32, mode = #sentient<sync_mode sendrecv>, soft = false, units = [#sentient<consumer_unit lxlu>, #sentient<consumer_unit l3su>]}
      sentient.for %arg2 = %2 {element_sizes = [-1 : i32], programHeader = [], regIndices = [0 : i32], regLocales = [#sentient<reg_type lccr>]}{
        %708 = sentient.if sge, %arg2, %2 : index -> (index) {element_sizes = [16 : i32], regIndices = [0 : i32], regLocales = [#sentient<reg_type lrf>]}{
          sentient.yield %105 : index
        } else{
          %711 = sentient.if sge, %arg2, %82 : index -> (index) {element_sizes = [16 : i32], regIndices = [0 : i32], regLocales = [#sentient<reg_type lrf>]}{
            sentient.yield %106 : index
          } else{
            %712 = sentient.if sge, %arg2, %6 : index -> (index) {element_sizes = [16 : i32], regIndices = [0 : i32], regLocales = [#sentient<reg_type lrf>]}{
              sentient.yield %107 : index
            } else{
              sentient.yield %108 : index
            }
            sentient.yield %712 : index
          }
          sentient.yield %711 : index
        }
        %709 = sentient.scalar_add %708, %128 {element_size = 16 : i32, regIndex = 0 : i32, regLocale = #sentient<reg_type lrf>} : index, index
        %710 = sentient.for %arg3 = %71 iter_args(%arg4 = %709) -> (index) {element_sizes = [-1 : i32, 16 : i32, 16 : i32], programHeader = [], regIndices = [1 : i32, 0 : i32, -1 : i32], regLocales = [#sentient<reg_type lccr>, #sentient<reg_type lrf>, #sentient<reg_type lrf>]}{
          %711 = sentient.receive_and_store mutable_addr(%arg4), immutable_addr(%123), increment(%123), producer(%397) {burst_size = 0 : i32, coalesce = false, dbgName = "c12-lxsu0-LE128DT-pe0-lx-13", element_size = 16 : i32, interleaved_group = 0 : i32, permute = false, regIndex = 0 : i32, regLocale = #sentient<reg_type lrf>, shuffle_mode = #sentient<shuffle_mode masked2b>, stride = 1 : i32, subword_length = 1 : i32, total_elements = 64 : i32} : index, index, index, index : index
          sentient.yield %711 : index
        }
      }
      sentient.sync {dbgName = "SSRF(MSSync #775, MSSync #776)", implicit_sync_memory_boundary = -1 : si32, mode = #sentient<sync_mode sendrecv>, soft = false, units = [#sentient<consumer_unit lxlu>, #sentient<consumer_unit l3su>]}
      sentient.sync {dbgName = "SSRF(MSSync #777, MSSync #778)", implicit_sync_memory_boundary = -1 : si32, mode = #sentient<sync_mode sendrecv>, soft = false, units = [#sentient<consumer_unit lxlu>, #sentient<consumer_unit l3su>]}
      sentient.for %arg2 = %2 {element_sizes = [-1 : i32], programHeader = [], regIndices = [0 : i32], regLocales = [#sentient<reg_type lccr>]}{
        %708 = sentient.if sge, %arg2, %2 : index -> (index) {element_sizes = [16 : i32], regIndices = [0 : i32], regLocales = [#sentient<reg_type lrf>]}{
          sentient.yield %109 : index
        } else{
          %711 = sentient.if sge, %arg2, %82 : index -> (index) {element_sizes = [16 : i32], regIndices = [0 : i32], regLocales = [#sentient<reg_type lrf>]}{
            sentient.yield %110 : index
          } else{
            %712 = sentient.if sge, %arg2, %6 : index -> (index) {element_sizes = [16 : i32], regIndices = [0 : i32], regLocales = [#sentient<reg_type lrf>]}{
              sentient.yield %111 : index
            } else{
              sentient.yield %112 : index
            }
            sentient.yield %712 : index
          }
          sentient.yield %711 : index
        }
        %709 = sentient.scalar_add %708, %128 {element_size = 16 : i32, regIndex = 0 : i32, regLocale = #sentient<reg_type lrf>} : index, index
        %710 = sentient.for %arg3 = %71 iter_args(%arg4 = %709) -> (index) {element_sizes = [-1 : i32, 16 : i32, 16 : i32], programHeader = [], regIndices = [1 : i32, 0 : i32, -1 : i32], regLocales = [#sentient<reg_type lccr>, #sentient<reg_type lrf>, #sentient<reg_type lrf>]}{
          %711 = sentient.receive_and_store mutable_addr(%arg4), immutable_addr(%123), increment(%123), producer(%397) {burst_size = 0 : i32, coalesce = false, dbgName = "c12-lxsu0-LE128DT-pe0-lx-15", element_size = 16 : i32, interleaved_group = 0 : i32, permute = false, regIndex = 0 : i32, regLocale = #sentient<reg_type lrf>, shuffle_mode = #sentient<shuffle_mode masked2b>, stride = 1 : i32, subword_length = 1 : i32, total_elements = 64 : i32} : index, index, index, index : index
          sentient.yield %711 : index
        }
      }
      sentient.sync {dbgName = "SSRF(MSSync #779, MSSync #780)", implicit_sync_memory_boundary = -1 : si32, mode = #sentient<sync_mode sendrecv>, soft = false, units = [#sentient<consumer_unit lxlu>, #sentient<consumer_unit l3su>]}
      uniform.yield
    }
    (%arg1 -> %558){
      sentient.sync {dbgName = "SSRF(MSSync #781, MSSync #782)", implicit_sync_memory_boundary = -1 : si32, mode = #sentient<sync_mode sendrecv>, soft = false, units = [#sentient<consumer_unit lxlu>, #sentient<consumer_unit l3su>]}
      uniform.yield
    }
    (%arg1 -> %559){
      sentient.sync {dbgName = "SSRF(MSSync #783, MSSync #784)", implicit_sync_memory_boundary = -1 : si32, mode = #sentient<sync_mode sendrecv>, soft = false, units = [#sentient<consumer_unit lxlu>, #sentient<consumer_unit l3su>]}
      sentient.for %arg2 = %2 {element_sizes = [-1 : i32], programHeader = [], regIndices = [0 : i32], regLocales = [#sentient<reg_type lccr>]}{
        %708 = sentient.if sge, %arg2, %2 : index -> (index) {element_sizes = [16 : i32], regIndices = [2 : i32], regLocales = [#sentient<reg_type lrf>]}{
          sentient.yield %80 : index
        } else{
          %711 = sentient.if sge, %arg2, %82 : index -> (index) {element_sizes = [16 : i32], regIndices = [2 : i32], regLocales = [#sentient<reg_type lrf>]}{
            sentient.yield %81 : index
          } else{
            %712 = sentient.if sge, %arg2, %6 : index -> (index) {element_sizes = [16 : i32], regIndices = [2 : i32], regLocales = [#sentient<reg_type lrf>]}{
              sentient.yield %83 : index
            } else{
              sentient.yield %84 : index
            }
            sentient.yield %712 : index
          }
          sentient.yield %711 : index
        }
        %709 = sentient.scalar_add %708, %128 {element_size = 16 : i32, regIndex = 2 : i32, regLocale = #sentient<reg_type lrf>} : index, index
        %710 = sentient.for %arg3 = %71 iter_args(%arg4 = %709) -> (index) {element_sizes = [-1 : i32, 16 : i32, 16 : i32], programHeader = [], regIndices = [1 : i32, 2 : i32, -1 : i32], regLocales = [#sentient<reg_type lccr>, #sentient<reg_type lrf>, #sentient<reg_type lrf>]}{
          %711 = sentient.receive_and_store mutable_addr(%arg4), immutable_addr(%123), increment(%123), producer(%399) {burst_size = 0 : i32, coalesce = false, dbgName = "c14-lxsu0-LE128DT-pe0-lx-1", element_size = 16 : i32, interleaved_group = 0 : i32, permute = false, regIndex = 2 : i32, regLocale = #sentient<reg_type lrf>, shuffle_mode = #sentient<shuffle_mode masked2b>, stride = 1 : i32, subword_length = 1 : i32, total_elements = 64 : i32} : index, index, index, index : index
          sentient.yield %711 : index
        }
      }
      sentient.sync {dbgName = "SSRF(MSSync #785, MSSync #786)", implicit_sync_memory_boundary = -1 : si32, mode = #sentient<sync_mode sendrecv>, soft = false, units = [#sentient<consumer_unit lxlu>, #sentient<consumer_unit l3su>]}
      sentient.sync {dbgName = "SSRF(MSSync #787, MSSync #788)", implicit_sync_memory_boundary = -1 : si32, mode = #sentient<sync_mode sendrecv>, soft = false, units = [#sentient<consumer_unit lxlu>, #sentient<consumer_unit l3su>]}
      sentient.for %arg2 = %2 {element_sizes = [-1 : i32], programHeader = [], regIndices = [0 : i32], regLocales = [#sentient<reg_type lccr>]}{
        %708 = sentient.if sge, %arg2, %2 : index -> (index) {element_sizes = [16 : i32], regIndices = [2 : i32], regLocales = [#sentient<reg_type lrf>]}{
          sentient.yield %85 : index
        } else{
          %711 = sentient.if sge, %arg2, %82 : index -> (index) {element_sizes = [16 : i32], regIndices = [2 : i32], regLocales = [#sentient<reg_type lrf>]}{
            sentient.yield %86 : index
          } else{
            %712 = sentient.if sge, %arg2, %6 : index -> (index) {element_sizes = [16 : i32], regIndices = [2 : i32], regLocales = [#sentient<reg_type lrf>]}{
              sentient.yield %87 : index
            } else{
              sentient.yield %88 : index
            }
            sentient.yield %712 : index
          }
          sentient.yield %711 : index
        }
        %709 = sentient.scalar_add %708, %128 {element_size = 16 : i32, regIndex = 2 : i32, regLocale = #sentient<reg_type lrf>} : index, index
        %710 = sentient.for %arg3 = %71 iter_args(%arg4 = %709) -> (index) {element_sizes = [-1 : i32, 16 : i32, 16 : i32], programHeader = [], regIndices = [1 : i32, 2 : i32, -1 : i32], regLocales = [#sentient<reg_type lccr>, #sentient<reg_type lrf>, #sentient<reg_type lrf>]}{
          %711 = sentient.receive_and_store mutable_addr(%arg4), immutable_addr(%123), increment(%123), producer(%399) {burst_size = 0 : i32, coalesce = false, dbgName = "c14-lxsu0-LE128DT-pe0-lx-3", element_size = 16 : i32, interleaved_group = 0 : i32, permute = false, regIndex = 2 : i32, regLocale = #sentient<reg_type lrf>, shuffle_mode = #sentient<shuffle_mode masked2b>, stride = 1 : i32, subword_length = 1 : i32, total_elements = 64 : i32} : index, index, index, index : index
          sentient.yield %711 : index
        }
      }
      sentient.sync {dbgName = "SSRF(MSSync #789, MSSync #790)", implicit_sync_memory_boundary = -1 : si32, mode = #sentient<sync_mode sendrecv>, soft = false, units = [#sentient<consumer_unit lxlu>, #sentient<consumer_unit l3su>]}
      sentient.sync {dbgName = "SSRF(MSSync #791, MSSync #792)", implicit_sync_memory_boundary = -1 : si32, mode = #sentient<sync_mode sendrecv>, soft = false, units = [#sentient<consumer_unit lxlu>, #sentient<consumer_unit l3su>]}
      sentient.for %arg2 = %2 {element_sizes = [-1 : i32], programHeader = [], regIndices = [0 : i32], regLocales = [#sentient<reg_type lccr>]}{
        %708 = sentient.if sge, %arg2, %2 : index -> (index) {element_sizes = [16 : i32], regIndices = [2 : i32], regLocales = [#sentient<reg_type lrf>]}{
          sentient.yield %89 : index
        } else{
          %711 = sentient.if sge, %arg2, %82 : index -> (index) {element_sizes = [16 : i32], regIndices = [2 : i32], regLocales = [#sentient<reg_type lrf>]}{
            sentient.yield %90 : index
          } else{
            %712 = sentient.if sge, %arg2, %6 : index -> (index) {element_sizes = [16 : i32], regIndices = [2 : i32], regLocales = [#sentient<reg_type lrf>]}{
              sentient.yield %91 : index
            } else{
              sentient.yield %92 : index
            }
            sentient.yield %712 : index
          }
          sentient.yield %711 : index
        }
        %709 = sentient.scalar_add %708, %128 {element_size = 16 : i32, regIndex = 2 : i32, regLocale = #sentient<reg_type lrf>} : index, index
        %710 = sentient.for %arg3 = %71 iter_args(%arg4 = %709) -> (index) {element_sizes = [-1 : i32, 16 : i32, 16 : i32], programHeader = [], regIndices = [1 : i32, 2 : i32, -1 : i32], regLocales = [#sentient<reg_type lccr>, #sentient<reg_type lrf>, #sentient<reg_type lrf>]}{
          %711 = sentient.receive_and_store mutable_addr(%arg4), immutable_addr(%123), increment(%123), producer(%399) {burst_size = 0 : i32, coalesce = false, dbgName = "c14-lxsu0-LE128DT-pe0-lx-5", element_size = 16 : i32, interleaved_group = 0 : i32, permute = false, regIndex = 2 : i32, regLocale = #sentient<reg_type lrf>, shuffle_mode = #sentient<shuffle_mode masked2b>, stride = 1 : i32, subword_length = 1 : i32, total_elements = 64 : i32} : index, index, index, index : index
          sentient.yield %711 : index
        }
      }
      sentient.sync {dbgName = "SSRF(MSSync #793, MSSync #794)", implicit_sync_memory_boundary = -1 : si32, mode = #sentient<sync_mode sendrecv>, soft = false, units = [#sentient<consumer_unit lxlu>, #sentient<consumer_unit l3su>]}
      sentient.sync {dbgName = "SSRF(MSSync #795, MSSync #796)", implicit_sync_memory_boundary = -1 : si32, mode = #sentient<sync_mode sendrecv>, soft = false, units = [#sentient<consumer_unit lxlu>, #sentient<consumer_unit l3su>]}
      sentient.for %arg2 = %2 {element_sizes = [-1 : i32], programHeader = [], regIndices = [0 : i32], regLocales = [#sentient<reg_type lccr>]}{
        %708 = sentient.if sge, %arg2, %2 : index -> (index) {element_sizes = [16 : i32], regIndices = [2 : i32], regLocales = [#sentient<reg_type lrf>]}{
          sentient.yield %93 : index
        } else{
          %711 = sentient.if sge, %arg2, %82 : index -> (index) {element_sizes = [16 : i32], regIndices = [2 : i32], regLocales = [#sentient<reg_type lrf>]}{
            sentient.yield %94 : index
          } else{
            %712 = sentient.if sge, %arg2, %6 : index -> (index) {element_sizes = [16 : i32], regIndices = [2 : i32], regLocales = [#sentient<reg_type lrf>]}{
              sentient.yield %95 : index
            } else{
              sentient.yield %96 : index
            }
            sentient.yield %712 : index
          }
          sentient.yield %711 : index
        }
        %709 = sentient.scalar_add %708, %128 {element_size = 16 : i32, regIndex = 2 : i32, regLocale = #sentient<reg_type lrf>} : index, index
        %710 = sentient.for %arg3 = %71 iter_args(%arg4 = %709) -> (index) {element_sizes = [-1 : i32, 16 : i32, 16 : i32], programHeader = [], regIndices = [1 : i32, 2 : i32, -1 : i32], regLocales = [#sentient<reg_type lccr>, #sentient<reg_type lrf>, #sentient<reg_type lrf>]}{
          %711 = sentient.receive_and_store mutable_addr(%arg4), immutable_addr(%123), increment(%123), producer(%399) {burst_size = 0 : i32, coalesce = false, dbgName = "c14-lxsu0-LE128DT-pe0-lx-7", element_size = 16 : i32, interleaved_group = 0 : i32, permute = false, regIndex = 2 : i32, regLocale = #sentient<reg_type lrf>, shuffle_mode = #sentient<shuffle_mode masked2b>, stride = 1 : i32, subword_length = 1 : i32, total_elements = 64 : i32} : index, index, index, index : index
          sentient.yield %711 : index
        }
      }
      sentient.sync {dbgName = "SSRF(MSSync #797, MSSync #798)", implicit_sync_memory_boundary = -1 : si32, mode = #sentient<sync_mode sendrecv>, soft = false, units = [#sentient<consumer_unit lxlu>, #sentient<consumer_unit l3su>]}
      sentient.sync {dbgName = "SSRF(MSSync #799, MSSync #800)", implicit_sync_memory_boundary = -1 : si32, mode = #sentient<sync_mode sendrecv>, soft = false, units = [#sentient<consumer_unit lxlu>, #sentient<consumer_unit l3su>]}
      sentient.for %arg2 = %2 {element_sizes = [-1 : i32], programHeader = [], regIndices = [0 : i32], regLocales = [#sentient<reg_type lccr>]}{
        %708 = sentient.if sge, %arg2, %2 : index -> (index) {element_sizes = [16 : i32], regIndices = [2 : i32], regLocales = [#sentient<reg_type lrf>]}{
          sentient.yield %97 : index
        } else{
          %711 = sentient.if sge, %arg2, %82 : index -> (index) {element_sizes = [16 : i32], regIndices = [2 : i32], regLocales = [#sentient<reg_type lrf>]}{
            sentient.yield %98 : index
          } else{
            %712 = sentient.if sge, %arg2, %6 : index -> (index) {element_sizes = [16 : i32], regIndices = [2 : i32], regLocales = [#sentient<reg_type lrf>]}{
              sentient.yield %99 : index
            } else{
              sentient.yield %100 : index
            }
            sentient.yield %712 : index
          }
          sentient.yield %711 : index
        }
        %709 = sentient.scalar_add %708, %128 {element_size = 16 : i32, regIndex = 2 : i32, regLocale = #sentient<reg_type lrf>} : index, index
        %710 = sentient.for %arg3 = %71 iter_args(%arg4 = %709) -> (index) {element_sizes = [-1 : i32, 16 : i32, 16 : i32], programHeader = [], regIndices = [1 : i32, 2 : i32, -1 : i32], regLocales = [#sentient<reg_type lccr>, #sentient<reg_type lrf>, #sentient<reg_type lrf>]}{
          %711 = sentient.receive_and_store mutable_addr(%arg4), immutable_addr(%123), increment(%123), producer(%399) {burst_size = 0 : i32, coalesce = false, dbgName = "c14-lxsu0-LE128DT-pe0-lx-9", element_size = 16 : i32, interleaved_group = 0 : i32, permute = false, regIndex = 2 : i32, regLocale = #sentient<reg_type lrf>, shuffle_mode = #sentient<shuffle_mode masked2b>, stride = 1 : i32, subword_length = 1 : i32, total_elements = 64 : i32} : index, index, index, index : index
          sentient.yield %711 : index
        }
      }
      sentient.sync {dbgName = "SSRF(MSSync #801, MSSync #802)", implicit_sync_memory_boundary = -1 : si32, mode = #sentient<sync_mode sendrecv>, soft = false, units = [#sentient<consumer_unit lxlu>, #sentient<consumer_unit l3su>]}
      sentient.sync {dbgName = "SSRF(MSSync #803, MSSync #804)", implicit_sync_memory_boundary = -1 : si32, mode = #sentient<sync_mode sendrecv>, soft = false, units = [#sentient<consumer_unit lxlu>, #sentient<consumer_unit l3su>]}
      sentient.for %arg2 = %2 {element_sizes = [-1 : i32], programHeader = [], regIndices = [0 : i32], regLocales = [#sentient<reg_type lccr>]}{
        %708 = sentient.if sge, %arg2, %2 : index -> (index) {element_sizes = [16 : i32], regIndices = [2 : i32], regLocales = [#sentient<reg_type lrf>]}{
          sentient.yield %101 : index
        } else{
          %711 = sentient.if sge, %arg2, %82 : index -> (index) {element_sizes = [16 : i32], regIndices = [2 : i32], regLocales = [#sentient<reg_type lrf>]}{
            sentient.yield %102 : index
          } else{
            %712 = sentient.if sge, %arg2, %6 : index -> (index) {element_sizes = [16 : i32], regIndices = [2 : i32], regLocales = [#sentient<reg_type lrf>]}{
              sentient.yield %103 : index
            } else{
              sentient.yield %104 : index
            }
            sentient.yield %712 : index
          }
          sentient.yield %711 : index
        }
        %709 = sentient.scalar_add %708, %128 {element_size = 16 : i32, regIndex = 2 : i32, regLocale = #sentient<reg_type lrf>} : index, index
        %710 = sentient.for %arg3 = %71 iter_args(%arg4 = %709) -> (index) {element_sizes = [-1 : i32, 16 : i32, 16 : i32], programHeader = [], regIndices = [1 : i32, 2 : i32, -1 : i32], regLocales = [#sentient<reg_type lccr>, #sentient<reg_type lrf>, #sentient<reg_type lrf>]}{
          %711 = sentient.receive_and_store mutable_addr(%arg4), immutable_addr(%123), increment(%123), producer(%399) {burst_size = 0 : i32, coalesce = false, dbgName = "c14-lxsu0-LE128DT-pe0-lx-11", element_size = 16 : i32, interleaved_group = 0 : i32, permute = false, regIndex = 2 : i32, regLocale = #sentient<reg_type lrf>, shuffle_mode = #sentient<shuffle_mode masked2b>, stride = 1 : i32, subword_length = 1 : i32, total_elements = 64 : i32} : index, index, index, index : index
          sentient.yield %711 : index
        }
      }
      sentient.sync {dbgName = "SSRF(MSSync #805, MSSync #806)", implicit_sync_memory_boundary = -1 : si32, mode = #sentient<sync_mode sendrecv>, soft = false, units = [#sentient<consumer_unit lxlu>, #sentient<consumer_unit l3su>]}
      sentient.sync {dbgName = "SSRF(MSSync #807, MSSync #808)", implicit_sync_memory_boundary = -1 : si32, mode = #sentient<sync_mode sendrecv>, soft = false, units = [#sentient<consumer_unit lxlu>, #sentient<consumer_unit l3su>]}
      sentient.for %arg2 = %2 {element_sizes = [-1 : i32], programHeader = [], regIndices = [0 : i32], regLocales = [#sentient<reg_type lccr>]}{
        %708 = sentient.if sge, %arg2, %2 : index -> (index) {element_sizes = [16 : i32], regIndices = [2 : i32], regLocales = [#sentient<reg_type lrf>]}{
          sentient.yield %105 : index
        } else{
          %711 = sentient.if sge, %arg2, %82 : index -> (index) {element_sizes = [16 : i32], regIndices = [2 : i32], regLocales = [#sentient<reg_type lrf>]}{
            sentient.yield %106 : index
          } else{
            %712 = sentient.if sge, %arg2, %6 : index -> (index) {element_sizes = [16 : i32], regIndices = [2 : i32], regLocales = [#sentient<reg_type lrf>]}{
              sentient.yield %107 : index
            } else{
              sentient.yield %108 : index
            }
            sentient.yield %712 : index
          }
          sentient.yield %711 : index
        }
        %709 = sentient.scalar_add %708, %128 {element_size = 16 : i32, regIndex = 2 : i32, regLocale = #sentient<reg_type lrf>} : index, index
        %710 = sentient.for %arg3 = %71 iter_args(%arg4 = %709) -> (index) {element_sizes = [-1 : i32, 16 : i32, 16 : i32], programHeader = [], regIndices = [1 : i32, 2 : i32, -1 : i32], regLocales = [#sentient<reg_type lccr>, #sentient<reg_type lrf>, #sentient<reg_type lrf>]}{
          %711 = sentient.receive_and_store mutable_addr(%arg4), immutable_addr(%123), increment(%123), producer(%399) {burst_size = 0 : i32, coalesce = false, dbgName = "c14-lxsu0-LE128DT-pe0-lx-13", element_size = 16 : i32, interleaved_group = 0 : i32, permute = false, regIndex = 2 : i32, regLocale = #sentient<reg_type lrf>, shuffle_mode = #sentient<shuffle_mode masked2b>, stride = 1 : i32, subword_length = 1 : i32, total_elements = 64 : i32} : index, index, index, index : index
          sentient.yield %711 : index
        }
      }
      sentient.sync {dbgName = "SSRF(MSSync #809, MSSync #810)", implicit_sync_memory_boundary = -1 : si32, mode = #sentient<sync_mode sendrecv>, soft = false, units = [#sentient<consumer_unit lxlu>, #sentient<consumer_unit l3su>]}
      %707 = sentient.for %arg2 = %6 iter_args(%arg3 = %701) -> (index) {element_sizes = [-1 : i32, 16 : i32, 16 : i32], programHeader = [], regIndices = [0 : i32, 0 : i32, -1 : i32], regLocales = [#sentient<reg_type lccr>, #sentient<reg_type lrf>, #sentient<reg_type lrf>]}{
        %708 = sentient.scalar_sub %125, %arg3 {element_size = 16 : i32, regIndex = 0 : i32, regLocale = #sentient<reg_type lrf>} : index, index
        %709 = sentient.scalar_add %708, %69 {element_size = 16 : i32, regIndex = 2 : i32, regLocale = #sentient<reg_type lrf>} : index, index
        %710 = sentient.for %arg4 = %74 iter_args(%arg5 = %709) -> (index) {element_sizes = [-1 : i32, 16 : i32, 16 : i32], programHeader = [], regIndices = [1 : i32, 2 : i32, -1 : i32], regLocales = [#sentient<reg_type lccr>, #sentient<reg_type lrf>, #sentient<reg_type lrf>]}{
          %711 = sentient.receive_and_store mutable_addr(%arg5), immutable_addr(%75), increment(%75), producer(%399) {burst_size = 0 : i32, coalesce = false, dbgName = "c14-lxsu0-ringDT-pe0-lx-0-14", element_size = 16 : i32, interleaved_group = 0 : i32, permute = false, regIndex = 2 : i32, regLocale = #sentient<reg_type lrf>, stride = 1 : i32, subword_length = 1 : i32, total_elements = 64 : i32} : index, index, index, index : index
          sentient.yield %711 : index
        }
        sentient.yield %708 : index
      }
      sentient.sync {dbgName = "SSRF(MSSync #811, MSSync #812)", implicit_sync_memory_boundary = -1 : si32, mode = #sentient<sync_mode sendrecv>, soft = false, units = [#sentient<consumer_unit lxlu>, #sentient<consumer_unit l3su>]}
      sentient.for %arg2 = %2 {element_sizes = [-1 : i32], programHeader = [], regIndices = [0 : i32], regLocales = [#sentient<reg_type lccr>]}{
        %708 = sentient.if sge, %arg2, %2 : index -> (index) {element_sizes = [16 : i32], regIndices = [0 : i32], regLocales = [#sentient<reg_type lrf>]}{
          sentient.yield %109 : index
        } else{
          %711 = sentient.if sge, %arg2, %82 : index -> (index) {element_sizes = [16 : i32], regIndices = [0 : i32], regLocales = [#sentient<reg_type lrf>]}{
            sentient.yield %110 : index
          } else{
            %712 = sentient.if sge, %arg2, %6 : index -> (index) {element_sizes = [16 : i32], regIndices = [0 : i32], regLocales = [#sentient<reg_type lrf>]}{
              sentient.yield %111 : index
            } else{
              sentient.yield %112 : index
            }
            sentient.yield %712 : index
          }
          sentient.yield %711 : index
        }
        %709 = sentient.scalar_add %708, %128 {element_size = 16 : i32, regIndex = 0 : i32, regLocale = #sentient<reg_type lrf>} : index, index
        %710 = sentient.for %arg3 = %71 iter_args(%arg4 = %709) -> (index) {element_sizes = [-1 : i32, 16 : i32, 16 : i32], programHeader = [], regIndices = [1 : i32, 0 : i32, -1 : i32], regLocales = [#sentient<reg_type lccr>, #sentient<reg_type lrf>, #sentient<reg_type lrf>]}{
          %711 = sentient.receive_and_store mutable_addr(%arg4), immutable_addr(%123), increment(%123), producer(%399) {burst_size = 0 : i32, coalesce = false, dbgName = "c14-lxsu0-LE128DT-pe0-lx-15", element_size = 16 : i32, interleaved_group = 0 : i32, permute = false, regIndex = 0 : i32, regLocale = #sentient<reg_type lrf>, shuffle_mode = #sentient<shuffle_mode masked2b>, stride = 1 : i32, subword_length = 1 : i32, total_elements = 64 : i32} : index, index, index, index : index
          sentient.yield %711 : index
        }
      }
      sentient.sync {dbgName = "SSRF(MSSync #813, MSSync #814)", implicit_sync_memory_boundary = -1 : si32, mode = #sentient<sync_mode sendrecv>, soft = false, units = [#sentient<consumer_unit lxlu>, #sentient<consumer_unit l3su>]}
      uniform.yield
    }
    (%arg1 -> %560){
      sentient.sync {dbgName = "SSRF(MSSync #815, MSSync #816)", implicit_sync_memory_boundary = -1 : si32, mode = #sentient<sync_mode sendrecv>, soft = false, units = [#sentient<consumer_unit lxlu>, #sentient<consumer_unit l3su>]}
      uniform.yield
    }
    (%arg1 -> %561){
      sentient.sync {dbgName = "SSRF(MSSync #817, MSSync #818)", implicit_sync_memory_boundary = -1 : si32, mode = #sentient<sync_mode sendrecv>, soft = false, units = [#sentient<consumer_unit lxlu>, #sentient<consumer_unit l3su>]}
      uniform.yield
    }
    (%arg1 -> %562){
      %707 = sentient.for %arg2 = %6 iter_args(%arg3 = %701) -> (index) {element_sizes = [-1 : i32, 16 : i32, 16 : i32], programHeader = [], regIndices = [0 : i32, 0 : i32, -1 : i32], regLocales = [#sentient<reg_type lccr>, #sentient<reg_type lrf>, #sentient<reg_type lrf>]}{
        %708 = sentient.scalar_sub %124, %arg3 {element_size = 16 : i32, regIndex = 0 : i32, regLocale = #sentient<reg_type lrf>} : index, index
        %709 = sentient.scalar_add %708, %69 {element_size = 16 : i32, regIndex = 2 : i32, regLocale = #sentient<reg_type lrf>} : index, index
        %710 = sentient.for %arg4 = %74 iter_args(%arg5 = %709) -> (index) {element_sizes = [-1 : i32, 16 : i32, 16 : i32], programHeader = [], regIndices = [1 : i32, 2 : i32, -1 : i32], regLocales = [#sentient<reg_type lccr>, #sentient<reg_type lrf>, #sentient<reg_type lrf>]}{
          %711 = sentient.receive_and_store mutable_addr(%arg5), immutable_addr(%75), increment(%75), producer(%402) {burst_size = 0 : i32, coalesce = false, dbgName = "c17-lxsu0-ringDT-pe0-lx-0-14", element_size = 16 : i32, interleaved_group = 0 : i32, permute = false, regIndex = 2 : i32, regLocale = #sentient<reg_type lrf>, stride = 1 : i32, subword_length = 1 : i32, total_elements = 64 : i32} : index, index, index, index : index
          sentient.yield %711 : index
        }
        sentient.yield %708 : index
      }
      sentient.sync {dbgName = "SSRF(MSSync #819, MSSync #820)", implicit_sync_memory_boundary = -1 : si32, mode = #sentient<sync_mode sendrecv>, soft = false, units = [#sentient<consumer_unit lxlu>, #sentient<consumer_unit l3su>]}
      sentient.for %arg2 = %2 {element_sizes = [-1 : i32], programHeader = [], regIndices = [0 : i32], regLocales = [#sentient<reg_type lccr>]}{
        %708 = sentient.if sge, %arg2, %2 : index -> (index) {element_sizes = [16 : i32], regIndices = [0 : i32], regLocales = [#sentient<reg_type lrf>]}{
          sentient.yield %80 : index
        } else{
          %711 = sentient.if sge, %arg2, %82 : index -> (index) {element_sizes = [16 : i32], regIndices = [0 : i32], regLocales = [#sentient<reg_type lrf>]}{
            sentient.yield %81 : index
          } else{
            %712 = sentient.if sge, %arg2, %6 : index -> (index) {element_sizes = [16 : i32], regIndices = [0 : i32], regLocales = [#sentient<reg_type lrf>]}{
              sentient.yield %83 : index
            } else{
              sentient.yield %84 : index
            }
            sentient.yield %712 : index
          }
          sentient.yield %711 : index
        }
        %709 = sentient.scalar_add %708, %128 {element_size = 16 : i32, regIndex = 0 : i32, regLocale = #sentient<reg_type lrf>} : index, index
        %710 = sentient.for %arg3 = %71 iter_args(%arg4 = %709) -> (index) {element_sizes = [-1 : i32, 16 : i32, 16 : i32], programHeader = [], regIndices = [1 : i32, 0 : i32, -1 : i32], regLocales = [#sentient<reg_type lccr>, #sentient<reg_type lrf>, #sentient<reg_type lrf>]}{
          %711 = sentient.receive_and_store mutable_addr(%arg4), immutable_addr(%123), increment(%123), producer(%402) {burst_size = 0 : i32, coalesce = false, dbgName = "c17-lxsu0-LE128DT-pe0-lx-15", element_size = 16 : i32, interleaved_group = 0 : i32, permute = false, regIndex = 0 : i32, regLocale = #sentient<reg_type lrf>, shuffle_mode = #sentient<shuffle_mode masked2b>, stride = 1 : i32, subword_length = 1 : i32, total_elements = 64 : i32} : index, index, index, index : index
          sentient.yield %711 : index
        }
      }
      sentient.sync {dbgName = "SSRF(MSSync #821, MSSync #822)", implicit_sync_memory_boundary = -1 : si32, mode = #sentient<sync_mode sendrecv>, soft = false, units = [#sentient<consumer_unit lxlu>, #sentient<consumer_unit l3su>]}
      sentient.sync {dbgName = "SSRF(MSSync #823, MSSync #824)", implicit_sync_memory_boundary = -1 : si32, mode = #sentient<sync_mode sendrecv>, soft = false, units = [#sentient<consumer_unit lxlu>, #sentient<consumer_unit l3su>]}
      sentient.for %arg2 = %2 {element_sizes = [-1 : i32], programHeader = [], regIndices = [0 : i32], regLocales = [#sentient<reg_type lccr>]}{
        %708 = sentient.if sge, %arg2, %2 : index -> (index) {element_sizes = [16 : i32], regIndices = [0 : i32], regLocales = [#sentient<reg_type lrf>]}{
          sentient.yield %85 : index
        } else{
          %711 = sentient.if sge, %arg2, %82 : index -> (index) {element_sizes = [16 : i32], regIndices = [0 : i32], regLocales = [#sentient<reg_type lrf>]}{
            sentient.yield %86 : index
          } else{
            %712 = sentient.if sge, %arg2, %6 : index -> (index) {element_sizes = [16 : i32], regIndices = [0 : i32], regLocales = [#sentient<reg_type lrf>]}{
              sentient.yield %87 : index
            } else{
              sentient.yield %88 : index
            }
            sentient.yield %712 : index
          }
          sentient.yield %711 : index
        }
        %709 = sentient.scalar_add %708, %128 {element_size = 16 : i32, regIndex = 0 : i32, regLocale = #sentient<reg_type lrf>} : index, index
        %710 = sentient.for %arg3 = %71 iter_args(%arg4 = %709) -> (index) {element_sizes = [-1 : i32, 16 : i32, 16 : i32], programHeader = [], regIndices = [1 : i32, 0 : i32, -1 : i32], regLocales = [#sentient<reg_type lccr>, #sentient<reg_type lrf>, #sentient<reg_type lrf>]}{
          %711 = sentient.receive_and_store mutable_addr(%arg4), immutable_addr(%123), increment(%123), producer(%402) {burst_size = 0 : i32, coalesce = false, dbgName = "c17-lxsu0-LE128DT-pe0-lx-17", element_size = 16 : i32, interleaved_group = 0 : i32, permute = false, regIndex = 0 : i32, regLocale = #sentient<reg_type lrf>, shuffle_mode = #sentient<shuffle_mode masked2b>, stride = 1 : i32, subword_length = 1 : i32, total_elements = 64 : i32} : index, index, index, index : index
          sentient.yield %711 : index
        }
      }
      sentient.sync {dbgName = "SSRF(MSSync #825, MSSync #826)", implicit_sync_memory_boundary = -1 : si32, mode = #sentient<sync_mode sendrecv>, soft = false, units = [#sentient<consumer_unit lxlu>, #sentient<consumer_unit l3su>]}
      sentient.sync {dbgName = "SSRF(MSSync #827, MSSync #828)", implicit_sync_memory_boundary = -1 : si32, mode = #sentient<sync_mode sendrecv>, soft = false, units = [#sentient<consumer_unit lxlu>, #sentient<consumer_unit l3su>]}
      sentient.for %arg2 = %2 {element_sizes = [-1 : i32], programHeader = [], regIndices = [0 : i32], regLocales = [#sentient<reg_type lccr>]}{
        %708 = sentient.if sge, %arg2, %2 : index -> (index) {element_sizes = [16 : i32], regIndices = [0 : i32], regLocales = [#sentient<reg_type lrf>]}{
          sentient.yield %89 : index
        } else{
          %711 = sentient.if sge, %arg2, %82 : index -> (index) {element_sizes = [16 : i32], regIndices = [0 : i32], regLocales = [#sentient<reg_type lrf>]}{
            sentient.yield %90 : index
          } else{
            %712 = sentient.if sge, %arg2, %6 : index -> (index) {element_sizes = [16 : i32], regIndices = [0 : i32], regLocales = [#sentient<reg_type lrf>]}{
              sentient.yield %91 : index
            } else{
              sentient.yield %92 : index
            }
            sentient.yield %712 : index
          }
          sentient.yield %711 : index
        }
        %709 = sentient.scalar_add %708, %128 {element_size = 16 : i32, regIndex = 0 : i32, regLocale = #sentient<reg_type lrf>} : index, index
        %710 = sentient.for %arg3 = %71 iter_args(%arg4 = %709) -> (index) {element_sizes = [-1 : i32, 16 : i32, 16 : i32], programHeader = [], regIndices = [1 : i32, 0 : i32, -1 : i32], regLocales = [#sentient<reg_type lccr>, #sentient<reg_type lrf>, #sentient<reg_type lrf>]}{
          %711 = sentient.receive_and_store mutable_addr(%arg4), immutable_addr(%123), increment(%123), producer(%402) {burst_size = 0 : i32, coalesce = false, dbgName = "c17-lxsu0-LE128DT-pe0-lx-19", element_size = 16 : i32, interleaved_group = 0 : i32, permute = false, regIndex = 0 : i32, regLocale = #sentient<reg_type lrf>, shuffle_mode = #sentient<shuffle_mode masked2b>, stride = 1 : i32, subword_length = 1 : i32, total_elements = 64 : i32} : index, index, index, index : index
          sentient.yield %711 : index
        }
      }
      sentient.sync {dbgName = "SSRF(MSSync #829, MSSync #830)", implicit_sync_memory_boundary = -1 : si32, mode = #sentient<sync_mode sendrecv>, soft = false, units = [#sentient<consumer_unit lxlu>, #sentient<consumer_unit l3su>]}
      sentient.sync {dbgName = "SSRF(MSSync #831, MSSync #832)", implicit_sync_memory_boundary = -1 : si32, mode = #sentient<sync_mode sendrecv>, soft = false, units = [#sentient<consumer_unit lxlu>, #sentient<consumer_unit l3su>]}
      sentient.for %arg2 = %2 {element_sizes = [-1 : i32], programHeader = [], regIndices = [0 : i32], regLocales = [#sentient<reg_type lccr>]}{
        %708 = sentient.if sge, %arg2, %2 : index -> (index) {element_sizes = [16 : i32], regIndices = [0 : i32], regLocales = [#sentient<reg_type lrf>]}{
          sentient.yield %93 : index
        } else{
          %711 = sentient.if sge, %arg2, %82 : index -> (index) {element_sizes = [16 : i32], regIndices = [0 : i32], regLocales = [#sentient<reg_type lrf>]}{
            sentient.yield %94 : index
          } else{
            %712 = sentient.if sge, %arg2, %6 : index -> (index) {element_sizes = [16 : i32], regIndices = [0 : i32], regLocales = [#sentient<reg_type lrf>]}{
              sentient.yield %95 : index
            } else{
              sentient.yield %96 : index
            }
            sentient.yield %712 : index
          }
          sentient.yield %711 : index
        }
        %709 = sentient.scalar_add %708, %128 {element_size = 16 : i32, regIndex = 0 : i32, regLocale = #sentient<reg_type lrf>} : index, index
        %710 = sentient.for %arg3 = %71 iter_args(%arg4 = %709) -> (index) {element_sizes = [-1 : i32, 16 : i32, 16 : i32], programHeader = [], regIndices = [1 : i32, 0 : i32, -1 : i32], regLocales = [#sentient<reg_type lccr>, #sentient<reg_type lrf>, #sentient<reg_type lrf>]}{
          %711 = sentient.receive_and_store mutable_addr(%arg4), immutable_addr(%123), increment(%123), producer(%402) {burst_size = 0 : i32, coalesce = false, dbgName = "c17-lxsu0-LE128DT-pe0-lx-21", element_size = 16 : i32, interleaved_group = 0 : i32, permute = false, regIndex = 0 : i32, regLocale = #sentient<reg_type lrf>, shuffle_mode = #sentient<shuffle_mode masked2b>, stride = 1 : i32, subword_length = 1 : i32, total_elements = 64 : i32} : index, index, index, index : index
          sentient.yield %711 : index
        }
      }
      sentient.sync {dbgName = "SSRF(MSSync #833, MSSync #834)", implicit_sync_memory_boundary = -1 : si32, mode = #sentient<sync_mode sendrecv>, soft = false, units = [#sentient<consumer_unit lxlu>, #sentient<consumer_unit l3su>]}
      sentient.sync {dbgName = "SSRF(MSSync #835, MSSync #836)", implicit_sync_memory_boundary = -1 : si32, mode = #sentient<sync_mode sendrecv>, soft = false, units = [#sentient<consumer_unit lxlu>, #sentient<consumer_unit l3su>]}
      sentient.for %arg2 = %2 {element_sizes = [-1 : i32], programHeader = [], regIndices = [0 : i32], regLocales = [#sentient<reg_type lccr>]}{
        %708 = sentient.if sge, %arg2, %2 : index -> (index) {element_sizes = [16 : i32], regIndices = [0 : i32], regLocales = [#sentient<reg_type lrf>]}{
          sentient.yield %97 : index
        } else{
          %711 = sentient.if sge, %arg2, %82 : index -> (index) {element_sizes = [16 : i32], regIndices = [0 : i32], regLocales = [#sentient<reg_type lrf>]}{
            sentient.yield %98 : index
          } else{
            %712 = sentient.if sge, %arg2, %6 : index -> (index) {element_sizes = [16 : i32], regIndices = [0 : i32], regLocales = [#sentient<reg_type lrf>]}{
              sentient.yield %99 : index
            } else{
              sentient.yield %100 : index
            }
            sentient.yield %712 : index
          }
          sentient.yield %711 : index
        }
        %709 = sentient.scalar_add %708, %128 {element_size = 16 : i32, regIndex = 0 : i32, regLocale = #sentient<reg_type lrf>} : index, index
        %710 = sentient.for %arg3 = %71 iter_args(%arg4 = %709) -> (index) {element_sizes = [-1 : i32, 16 : i32, 16 : i32], programHeader = [], regIndices = [1 : i32, 0 : i32, -1 : i32], regLocales = [#sentient<reg_type lccr>, #sentient<reg_type lrf>, #sentient<reg_type lrf>]}{
          %711 = sentient.receive_and_store mutable_addr(%arg4), immutable_addr(%123), increment(%123), producer(%402) {burst_size = 0 : i32, coalesce = false, dbgName = "c17-lxsu0-LE128DT-pe0-lx-23", element_size = 16 : i32, interleaved_group = 0 : i32, permute = false, regIndex = 0 : i32, regLocale = #sentient<reg_type lrf>, shuffle_mode = #sentient<shuffle_mode masked2b>, stride = 1 : i32, subword_length = 1 : i32, total_elements = 64 : i32} : index, index, index, index : index
          sentient.yield %711 : index
        }
      }
      sentient.sync {dbgName = "SSRF(MSSync #837, MSSync #838)", implicit_sync_memory_boundary = -1 : si32, mode = #sentient<sync_mode sendrecv>, soft = false, units = [#sentient<consumer_unit lxlu>, #sentient<consumer_unit l3su>]}
      sentient.sync {dbgName = "SSRF(MSSync #839, MSSync #840)", implicit_sync_memory_boundary = -1 : si32, mode = #sentient<sync_mode sendrecv>, soft = false, units = [#sentient<consumer_unit lxlu>, #sentient<consumer_unit l3su>]}
      sentient.for %arg2 = %2 {element_sizes = [-1 : i32], programHeader = [], regIndices = [0 : i32], regLocales = [#sentient<reg_type lccr>]}{
        %708 = sentient.if sge, %arg2, %2 : index -> (index) {element_sizes = [16 : i32], regIndices = [0 : i32], regLocales = [#sentient<reg_type lrf>]}{
          sentient.yield %101 : index
        } else{
          %711 = sentient.if sge, %arg2, %82 : index -> (index) {element_sizes = [16 : i32], regIndices = [0 : i32], regLocales = [#sentient<reg_type lrf>]}{
            sentient.yield %102 : index
          } else{
            %712 = sentient.if sge, %arg2, %6 : index -> (index) {element_sizes = [16 : i32], regIndices = [0 : i32], regLocales = [#sentient<reg_type lrf>]}{
              sentient.yield %103 : index
            } else{
              sentient.yield %104 : index
            }
            sentient.yield %712 : index
          }
          sentient.yield %711 : index
        }
        %709 = sentient.scalar_add %708, %128 {element_size = 16 : i32, regIndex = 0 : i32, regLocale = #sentient<reg_type lrf>} : index, index
        %710 = sentient.for %arg3 = %71 iter_args(%arg4 = %709) -> (index) {element_sizes = [-1 : i32, 16 : i32, 16 : i32], programHeader = [], regIndices = [1 : i32, 0 : i32, -1 : i32], regLocales = [#sentient<reg_type lccr>, #sentient<reg_type lrf>, #sentient<reg_type lrf>]}{
          %711 = sentient.receive_and_store mutable_addr(%arg4), immutable_addr(%123), increment(%123), producer(%402) {burst_size = 0 : i32, coalesce = false, dbgName = "c17-lxsu0-LE128DT-pe0-lx-25", element_size = 16 : i32, interleaved_group = 0 : i32, permute = false, regIndex = 0 : i32, regLocale = #sentient<reg_type lrf>, shuffle_mode = #sentient<shuffle_mode masked2b>, stride = 1 : i32, subword_length = 1 : i32, total_elements = 64 : i32} : index, index, index, index : index
          sentient.yield %711 : index
        }
      }
      sentient.sync {dbgName = "SSRF(MSSync #841, MSSync #842)", implicit_sync_memory_boundary = -1 : si32, mode = #sentient<sync_mode sendrecv>, soft = false, units = [#sentient<consumer_unit lxlu>, #sentient<consumer_unit l3su>]}
      sentient.sync {dbgName = "SSRF(MSSync #843, MSSync #844)", implicit_sync_memory_boundary = -1 : si32, mode = #sentient<sync_mode sendrecv>, soft = false, units = [#sentient<consumer_unit lxlu>, #sentient<consumer_unit l3su>]}
      sentient.for %arg2 = %2 {element_sizes = [-1 : i32], programHeader = [], regIndices = [0 : i32], regLocales = [#sentient<reg_type lccr>]}{
        %708 = sentient.if sge, %arg2, %2 : index -> (index) {element_sizes = [16 : i32], regIndices = [0 : i32], regLocales = [#sentient<reg_type lrf>]}{
          sentient.yield %105 : index
        } else{
          %711 = sentient.if sge, %arg2, %82 : index -> (index) {element_sizes = [16 : i32], regIndices = [0 : i32], regLocales = [#sentient<reg_type lrf>]}{
            sentient.yield %106 : index
          } else{
            %712 = sentient.if sge, %arg2, %6 : index -> (index) {element_sizes = [16 : i32], regIndices = [0 : i32], regLocales = [#sentient<reg_type lrf>]}{
              sentient.yield %107 : index
            } else{
              sentient.yield %108 : index
            }
            sentient.yield %712 : index
          }
          sentient.yield %711 : index
        }
        %709 = sentient.scalar_add %708, %128 {element_size = 16 : i32, regIndex = 0 : i32, regLocale = #sentient<reg_type lrf>} : index, index
        %710 = sentient.for %arg3 = %71 iter_args(%arg4 = %709) -> (index) {element_sizes = [-1 : i32, 16 : i32, 16 : i32], programHeader = [], regIndices = [1 : i32, 0 : i32, -1 : i32], regLocales = [#sentient<reg_type lccr>, #sentient<reg_type lrf>, #sentient<reg_type lrf>]}{
          %711 = sentient.receive_and_store mutable_addr(%arg4), immutable_addr(%123), increment(%123), producer(%402) {burst_size = 0 : i32, coalesce = false, dbgName = "c17-lxsu0-LE128DT-pe0-lx-27", element_size = 16 : i32, interleaved_group = 0 : i32, permute = false, regIndex = 0 : i32, regLocale = #sentient<reg_type lrf>, shuffle_mode = #sentient<shuffle_mode masked2b>, stride = 1 : i32, subword_length = 1 : i32, total_elements = 64 : i32} : index, index, index, index : index
          sentient.yield %711 : index
        }
      }
      sentient.sync {dbgName = "SSRF(MSSync #845, MSSync #846)", implicit_sync_memory_boundary = -1 : si32, mode = #sentient<sync_mode sendrecv>, soft = false, units = [#sentient<consumer_unit lxlu>, #sentient<consumer_unit l3su>]}
      sentient.sync {dbgName = "SSRF(MSSync #847, MSSync #848)", implicit_sync_memory_boundary = -1 : si32, mode = #sentient<sync_mode sendrecv>, soft = false, units = [#sentient<consumer_unit lxlu>, #sentient<consumer_unit l3su>]}
      sentient.for %arg2 = %2 {element_sizes = [-1 : i32], programHeader = [], regIndices = [0 : i32], regLocales = [#sentient<reg_type lccr>]}{
        %708 = sentient.if sge, %arg2, %2 : index -> (index) {element_sizes = [16 : i32], regIndices = [0 : i32], regLocales = [#sentient<reg_type lrf>]}{
          sentient.yield %109 : index
        } else{
          %711 = sentient.if sge, %arg2, %82 : index -> (index) {element_sizes = [16 : i32], regIndices = [0 : i32], regLocales = [#sentient<reg_type lrf>]}{
            sentient.yield %110 : index
          } else{
            %712 = sentient.if sge, %arg2, %6 : index -> (index) {element_sizes = [16 : i32], regIndices = [0 : i32], regLocales = [#sentient<reg_type lrf>]}{
              sentient.yield %111 : index
            } else{
              sentient.yield %112 : index
            }
            sentient.yield %712 : index
          }
          sentient.yield %711 : index
        }
        %709 = sentient.scalar_add %708, %128 {element_size = 16 : i32, regIndex = 0 : i32, regLocale = #sentient<reg_type lrf>} : index, index
        %710 = sentient.for %arg3 = %71 iter_args(%arg4 = %709) -> (index) {element_sizes = [-1 : i32, 16 : i32, 16 : i32], programHeader = [], regIndices = [1 : i32, 0 : i32, -1 : i32], regLocales = [#sentient<reg_type lccr>, #sentient<reg_type lrf>, #sentient<reg_type lrf>]}{
          %711 = sentient.receive_and_store mutable_addr(%arg4), immutable_addr(%123), increment(%123), producer(%402) {burst_size = 0 : i32, coalesce = false, dbgName = "c17-lxsu0-LE128DT-pe0-lx-29", element_size = 16 : i32, interleaved_group = 0 : i32, permute = false, regIndex = 0 : i32, regLocale = #sentient<reg_type lrf>, shuffle_mode = #sentient<shuffle_mode masked2b>, stride = 1 : i32, subword_length = 1 : i32, total_elements = 64 : i32} : index, index, index, index : index
          sentient.yield %711 : index
        }
      }
      sentient.sync {dbgName = "SSRF(MSSync #849, MSSync #850)", implicit_sync_memory_boundary = -1 : si32, mode = #sentient<sync_mode sendrecv>, soft = false, units = [#sentient<consumer_unit lxlu>, #sentient<consumer_unit l3su>]}
      uniform.yield
    }
    (%arg1 -> %563){
      sentient.sync {dbgName = "SSRF(MSSync #851, MSSync #852)", implicit_sync_memory_boundary = -1 : si32, mode = #sentient<sync_mode sendrecv>, soft = false, units = [#sentient<consumer_unit lxlu>, #sentient<consumer_unit l3su>]}
      uniform.yield
    }
    (%arg1 -> %564){
      sentient.sync {dbgName = "SSRF(MSSync #853, MSSync #854)", implicit_sync_memory_boundary = -1 : si32, mode = #sentient<sync_mode sendrecv>, soft = false, units = [#sentient<consumer_unit lxlu>, #sentient<consumer_unit l3su>]}
      sentient.for %arg2 = %2 {element_sizes = [-1 : i32], programHeader = [], regIndices = [0 : i32], regLocales = [#sentient<reg_type lccr>]}{
        %708 = sentient.if sge, %arg2, %2 : index -> (index) {element_sizes = [16 : i32], regIndices = [2 : i32], regLocales = [#sentient<reg_type lrf>]}{
          sentient.yield %80 : index
        } else{
          %711 = sentient.if sge, %arg2, %82 : index -> (index) {element_sizes = [16 : i32], regIndices = [2 : i32], regLocales = [#sentient<reg_type lrf>]}{
            sentient.yield %81 : index
          } else{
            %712 = sentient.if sge, %arg2, %6 : index -> (index) {element_sizes = [16 : i32], regIndices = [2 : i32], regLocales = [#sentient<reg_type lrf>]}{
              sentient.yield %83 : index
            } else{
              sentient.yield %84 : index
            }
            sentient.yield %712 : index
          }
          sentient.yield %711 : index
        }
        %709 = sentient.scalar_add %708, %128 {element_size = 16 : i32, regIndex = 2 : i32, regLocale = #sentient<reg_type lrf>} : index, index
        %710 = sentient.for %arg3 = %71 iter_args(%arg4 = %709) -> (index) {element_sizes = [-1 : i32, 16 : i32, 16 : i32], programHeader = [], regIndices = [1 : i32, 2 : i32, -1 : i32], regLocales = [#sentient<reg_type lccr>, #sentient<reg_type lrf>, #sentient<reg_type lrf>]}{
          %711 = sentient.receive_and_store mutable_addr(%arg4), immutable_addr(%123), increment(%123), producer(%404) {burst_size = 0 : i32, coalesce = false, dbgName = "c19-lxsu0-LE128DT-pe0-lx-15", element_size = 16 : i32, interleaved_group = 0 : i32, permute = false, regIndex = 2 : i32, regLocale = #sentient<reg_type lrf>, shuffle_mode = #sentient<shuffle_mode masked2b>, stride = 1 : i32, subword_length = 1 : i32, total_elements = 64 : i32} : index, index, index, index : index
          sentient.yield %711 : index
        }
      }
      sentient.sync {dbgName = "SSRF(MSSync #855, MSSync #856)", implicit_sync_memory_boundary = -1 : si32, mode = #sentient<sync_mode sendrecv>, soft = false, units = [#sentient<consumer_unit lxlu>, #sentient<consumer_unit l3su>]}
      %707 = sentient.for %arg2 = %6 iter_args(%arg3 = %701) -> (index) {element_sizes = [-1 : i32, 16 : i32, 16 : i32], programHeader = [], regIndices = [0 : i32, 0 : i32, -1 : i32], regLocales = [#sentient<reg_type lccr>, #sentient<reg_type lrf>, #sentient<reg_type lrf>]}{
        %708 = sentient.scalar_sub %124, %arg3 {element_size = 16 : i32, regIndex = 0 : i32, regLocale = #sentient<reg_type lrf>} : index, index
        %709 = sentient.scalar_add %708, %69 {element_size = 16 : i32, regIndex = 2 : i32, regLocale = #sentient<reg_type lrf>} : index, index
        %710 = sentient.for %arg4 = %74 iter_args(%arg5 = %709) -> (index) {element_sizes = [-1 : i32, 16 : i32, 16 : i32], programHeader = [], regIndices = [1 : i32, 2 : i32, -1 : i32], regLocales = [#sentient<reg_type lccr>, #sentient<reg_type lrf>, #sentient<reg_type lrf>]}{
          %711 = sentient.receive_and_store mutable_addr(%arg5), immutable_addr(%75), increment(%75), producer(%404) {burst_size = 0 : i32, coalesce = false, dbgName = "c19-lxsu0-ringDT-pe0-lx-0-16", element_size = 16 : i32, interleaved_group = 0 : i32, permute = false, regIndex = 2 : i32, regLocale = #sentient<reg_type lrf>, stride = 1 : i32, subword_length = 1 : i32, total_elements = 64 : i32} : index, index, index, index : index
          sentient.yield %711 : index
        }
        sentient.yield %708 : index
      }
      sentient.sync {dbgName = "SSRF(MSSync #857, MSSync #858)", implicit_sync_memory_boundary = -1 : si32, mode = #sentient<sync_mode sendrecv>, soft = false, units = [#sentient<consumer_unit lxlu>, #sentient<consumer_unit l3su>]}
      sentient.for %arg2 = %2 {element_sizes = [-1 : i32], programHeader = [], regIndices = [0 : i32], regLocales = [#sentient<reg_type lccr>]}{
        %708 = sentient.if sge, %arg2, %2 : index -> (index) {element_sizes = [16 : i32], regIndices = [0 : i32], regLocales = [#sentient<reg_type lrf>]}{
          sentient.yield %85 : index
        } else{
          %711 = sentient.if sge, %arg2, %82 : index -> (index) {element_sizes = [16 : i32], regIndices = [0 : i32], regLocales = [#sentient<reg_type lrf>]}{
            sentient.yield %86 : index
          } else{
            %712 = sentient.if sge, %arg2, %6 : index -> (index) {element_sizes = [16 : i32], regIndices = [0 : i32], regLocales = [#sentient<reg_type lrf>]}{
              sentient.yield %87 : index
            } else{
              sentient.yield %88 : index
            }
            sentient.yield %712 : index
          }
          sentient.yield %711 : index
        }
        %709 = sentient.scalar_add %708, %128 {element_size = 16 : i32, regIndex = 0 : i32, regLocale = #sentient<reg_type lrf>} : index, index
        %710 = sentient.for %arg3 = %71 iter_args(%arg4 = %709) -> (index) {element_sizes = [-1 : i32, 16 : i32, 16 : i32], programHeader = [], regIndices = [1 : i32, 0 : i32, -1 : i32], regLocales = [#sentient<reg_type lccr>, #sentient<reg_type lrf>, #sentient<reg_type lrf>]}{
          %711 = sentient.receive_and_store mutable_addr(%arg4), immutable_addr(%123), increment(%123), producer(%404) {burst_size = 0 : i32, coalesce = false, dbgName = "c19-lxsu0-LE128DT-pe0-lx-17", element_size = 16 : i32, interleaved_group = 0 : i32, permute = false, regIndex = 0 : i32, regLocale = #sentient<reg_type lrf>, shuffle_mode = #sentient<shuffle_mode masked2b>, stride = 1 : i32, subword_length = 1 : i32, total_elements = 64 : i32} : index, index, index, index : index
          sentient.yield %711 : index
        }
      }
      sentient.sync {dbgName = "SSRF(MSSync #859, MSSync #860)", implicit_sync_memory_boundary = -1 : si32, mode = #sentient<sync_mode sendrecv>, soft = false, units = [#sentient<consumer_unit lxlu>, #sentient<consumer_unit l3su>]}
      sentient.sync {dbgName = "SSRF(MSSync #861, MSSync #862)", implicit_sync_memory_boundary = -1 : si32, mode = #sentient<sync_mode sendrecv>, soft = false, units = [#sentient<consumer_unit lxlu>, #sentient<consumer_unit l3su>]}
      sentient.for %arg2 = %2 {element_sizes = [-1 : i32], programHeader = [], regIndices = [0 : i32], regLocales = [#sentient<reg_type lccr>]}{
        %708 = sentient.if sge, %arg2, %2 : index -> (index) {element_sizes = [16 : i32], regIndices = [0 : i32], regLocales = [#sentient<reg_type lrf>]}{
          sentient.yield %89 : index
        } else{
          %711 = sentient.if sge, %arg2, %82 : index -> (index) {element_sizes = [16 : i32], regIndices = [0 : i32], regLocales = [#sentient<reg_type lrf>]}{
            sentient.yield %90 : index
          } else{
            %712 = sentient.if sge, %arg2, %6 : index -> (index) {element_sizes = [16 : i32], regIndices = [0 : i32], regLocales = [#sentient<reg_type lrf>]}{
              sentient.yield %91 : index
            } else{
              sentient.yield %92 : index
            }
            sentient.yield %712 : index
          }
          sentient.yield %711 : index
        }
        %709 = sentient.scalar_add %708, %128 {element_size = 16 : i32, regIndex = 0 : i32, regLocale = #sentient<reg_type lrf>} : index, index
        %710 = sentient.for %arg3 = %71 iter_args(%arg4 = %709) -> (index) {element_sizes = [-1 : i32, 16 : i32, 16 : i32], programHeader = [], regIndices = [1 : i32, 0 : i32, -1 : i32], regLocales = [#sentient<reg_type lccr>, #sentient<reg_type lrf>, #sentient<reg_type lrf>]}{
          %711 = sentient.receive_and_store mutable_addr(%arg4), immutable_addr(%123), increment(%123), producer(%404) {burst_size = 0 : i32, coalesce = false, dbgName = "c19-lxsu0-LE128DT-pe0-lx-19", element_size = 16 : i32, interleaved_group = 0 : i32, permute = false, regIndex = 0 : i32, regLocale = #sentient<reg_type lrf>, shuffle_mode = #sentient<shuffle_mode masked2b>, stride = 1 : i32, subword_length = 1 : i32, total_elements = 64 : i32} : index, index, index, index : index
          sentient.yield %711 : index
        }
      }
      sentient.sync {dbgName = "SSRF(MSSync #863, MSSync #864)", implicit_sync_memory_boundary = -1 : si32, mode = #sentient<sync_mode sendrecv>, soft = false, units = [#sentient<consumer_unit lxlu>, #sentient<consumer_unit l3su>]}
      sentient.sync {dbgName = "SSRF(MSSync #865, MSSync #866)", implicit_sync_memory_boundary = -1 : si32, mode = #sentient<sync_mode sendrecv>, soft = false, units = [#sentient<consumer_unit lxlu>, #sentient<consumer_unit l3su>]}
      sentient.for %arg2 = %2 {element_sizes = [-1 : i32], programHeader = [], regIndices = [0 : i32], regLocales = [#sentient<reg_type lccr>]}{
        %708 = sentient.if sge, %arg2, %2 : index -> (index) {element_sizes = [16 : i32], regIndices = [0 : i32], regLocales = [#sentient<reg_type lrf>]}{
          sentient.yield %93 : index
        } else{
          %711 = sentient.if sge, %arg2, %82 : index -> (index) {element_sizes = [16 : i32], regIndices = [0 : i32], regLocales = [#sentient<reg_type lrf>]}{
            sentient.yield %94 : index
          } else{
            %712 = sentient.if sge, %arg2, %6 : index -> (index) {element_sizes = [16 : i32], regIndices = [0 : i32], regLocales = [#sentient<reg_type lrf>]}{
              sentient.yield %95 : index
            } else{
              sentient.yield %96 : index
            }
            sentient.yield %712 : index
          }
          sentient.yield %711 : index
        }
        %709 = sentient.scalar_add %708, %128 {element_size = 16 : i32, regIndex = 0 : i32, regLocale = #sentient<reg_type lrf>} : index, index
        %710 = sentient.for %arg3 = %71 iter_args(%arg4 = %709) -> (index) {element_sizes = [-1 : i32, 16 : i32, 16 : i32], programHeader = [], regIndices = [1 : i32, 0 : i32, -1 : i32], regLocales = [#sentient<reg_type lccr>, #sentient<reg_type lrf>, #sentient<reg_type lrf>]}{
          %711 = sentient.receive_and_store mutable_addr(%arg4), immutable_addr(%123), increment(%123), producer(%404) {burst_size = 0 : i32, coalesce = false, dbgName = "c19-lxsu0-LE128DT-pe0-lx-21", element_size = 16 : i32, interleaved_group = 0 : i32, permute = false, regIndex = 0 : i32, regLocale = #sentient<reg_type lrf>, shuffle_mode = #sentient<shuffle_mode masked2b>, stride = 1 : i32, subword_length = 1 : i32, total_elements = 64 : i32} : index, index, index, index : index
          sentient.yield %711 : index
        }
      }
      sentient.sync {dbgName = "SSRF(MSSync #867, MSSync #868)", implicit_sync_memory_boundary = -1 : si32, mode = #sentient<sync_mode sendrecv>, soft = false, units = [#sentient<consumer_unit lxlu>, #sentient<consumer_unit l3su>]}
      sentient.sync {dbgName = "SSRF(MSSync #869, MSSync #870)", implicit_sync_memory_boundary = -1 : si32, mode = #sentient<sync_mode sendrecv>, soft = false, units = [#sentient<consumer_unit lxlu>, #sentient<consumer_unit l3su>]}
      sentient.for %arg2 = %2 {element_sizes = [-1 : i32], programHeader = [], regIndices = [0 : i32], regLocales = [#sentient<reg_type lccr>]}{
        %708 = sentient.if sge, %arg2, %2 : index -> (index) {element_sizes = [16 : i32], regIndices = [0 : i32], regLocales = [#sentient<reg_type lrf>]}{
          sentient.yield %97 : index
        } else{
          %711 = sentient.if sge, %arg2, %82 : index -> (index) {element_sizes = [16 : i32], regIndices = [0 : i32], regLocales = [#sentient<reg_type lrf>]}{
            sentient.yield %98 : index
          } else{
            %712 = sentient.if sge, %arg2, %6 : index -> (index) {element_sizes = [16 : i32], regIndices = [0 : i32], regLocales = [#sentient<reg_type lrf>]}{
              sentient.yield %99 : index
            } else{
              sentient.yield %100 : index
            }
            sentient.yield %712 : index
          }
          sentient.yield %711 : index
        }
        %709 = sentient.scalar_add %708, %128 {element_size = 16 : i32, regIndex = 0 : i32, regLocale = #sentient<reg_type lrf>} : index, index
        %710 = sentient.for %arg3 = %71 iter_args(%arg4 = %709) -> (index) {element_sizes = [-1 : i32, 16 : i32, 16 : i32], programHeader = [], regIndices = [1 : i32, 0 : i32, -1 : i32], regLocales = [#sentient<reg_type lccr>, #sentient<reg_type lrf>, #sentient<reg_type lrf>]}{
          %711 = sentient.receive_and_store mutable_addr(%arg4), immutable_addr(%123), increment(%123), producer(%404) {burst_size = 0 : i32, coalesce = false, dbgName = "c19-lxsu0-LE128DT-pe0-lx-23", element_size = 16 : i32, interleaved_group = 0 : i32, permute = false, regIndex = 0 : i32, regLocale = #sentient<reg_type lrf>, shuffle_mode = #sentient<shuffle_mode masked2b>, stride = 1 : i32, subword_length = 1 : i32, total_elements = 64 : i32} : index, index, index, index : index
          sentient.yield %711 : index
        }
      }
      sentient.sync {dbgName = "SSRF(MSSync #871, MSSync #872)", implicit_sync_memory_boundary = -1 : si32, mode = #sentient<sync_mode sendrecv>, soft = false, units = [#sentient<consumer_unit lxlu>, #sentient<consumer_unit l3su>]}
      sentient.sync {dbgName = "SSRF(MSSync #873, MSSync #874)", implicit_sync_memory_boundary = -1 : si32, mode = #sentient<sync_mode sendrecv>, soft = false, units = [#sentient<consumer_unit lxlu>, #sentient<consumer_unit l3su>]}
      sentient.for %arg2 = %2 {element_sizes = [-1 : i32], programHeader = [], regIndices = [0 : i32], regLocales = [#sentient<reg_type lccr>]}{
        %708 = sentient.if sge, %arg2, %2 : index -> (index) {element_sizes = [16 : i32], regIndices = [0 : i32], regLocales = [#sentient<reg_type lrf>]}{
          sentient.yield %101 : index
        } else{
          %711 = sentient.if sge, %arg2, %82 : index -> (index) {element_sizes = [16 : i32], regIndices = [0 : i32], regLocales = [#sentient<reg_type lrf>]}{
            sentient.yield %102 : index
          } else{
            %712 = sentient.if sge, %arg2, %6 : index -> (index) {element_sizes = [16 : i32], regIndices = [0 : i32], regLocales = [#sentient<reg_type lrf>]}{
              sentient.yield %103 : index
            } else{
              sentient.yield %104 : index
            }
            sentient.yield %712 : index
          }
          sentient.yield %711 : index
        }
        %709 = sentient.scalar_add %708, %128 {element_size = 16 : i32, regIndex = 0 : i32, regLocale = #sentient<reg_type lrf>} : index, index
        %710 = sentient.for %arg3 = %71 iter_args(%arg4 = %709) -> (index) {element_sizes = [-1 : i32, 16 : i32, 16 : i32], programHeader = [], regIndices = [1 : i32, 0 : i32, -1 : i32], regLocales = [#sentient<reg_type lccr>, #sentient<reg_type lrf>, #sentient<reg_type lrf>]}{
          %711 = sentient.receive_and_store mutable_addr(%arg4), immutable_addr(%123), increment(%123), producer(%404) {burst_size = 0 : i32, coalesce = false, dbgName = "c19-lxsu0-LE128DT-pe0-lx-25", element_size = 16 : i32, interleaved_group = 0 : i32, permute = false, regIndex = 0 : i32, regLocale = #sentient<reg_type lrf>, shuffle_mode = #sentient<shuffle_mode masked2b>, stride = 1 : i32, subword_length = 1 : i32, total_elements = 64 : i32} : index, index, index, index : index
          sentient.yield %711 : index
        }
      }
      sentient.sync {dbgName = "SSRF(MSSync #875, MSSync #876)", implicit_sync_memory_boundary = -1 : si32, mode = #sentient<sync_mode sendrecv>, soft = false, units = [#sentient<consumer_unit lxlu>, #sentient<consumer_unit l3su>]}
      sentient.sync {dbgName = "SSRF(MSSync #877, MSSync #878)", implicit_sync_memory_boundary = -1 : si32, mode = #sentient<sync_mode sendrecv>, soft = false, units = [#sentient<consumer_unit lxlu>, #sentient<consumer_unit l3su>]}
      sentient.for %arg2 = %2 {element_sizes = [-1 : i32], programHeader = [], regIndices = [0 : i32], regLocales = [#sentient<reg_type lccr>]}{
        %708 = sentient.if sge, %arg2, %2 : index -> (index) {element_sizes = [16 : i32], regIndices = [0 : i32], regLocales = [#sentient<reg_type lrf>]}{
          sentient.yield %105 : index
        } else{
          %711 = sentient.if sge, %arg2, %82 : index -> (index) {element_sizes = [16 : i32], regIndices = [0 : i32], regLocales = [#sentient<reg_type lrf>]}{
            sentient.yield %106 : index
          } else{
            %712 = sentient.if sge, %arg2, %6 : index -> (index) {element_sizes = [16 : i32], regIndices = [0 : i32], regLocales = [#sentient<reg_type lrf>]}{
              sentient.yield %107 : index
            } else{
              sentient.yield %108 : index
            }
            sentient.yield %712 : index
          }
          sentient.yield %711 : index
        }
        %709 = sentient.scalar_add %708, %128 {element_size = 16 : i32, regIndex = 0 : i32, regLocale = #sentient<reg_type lrf>} : index, index
        %710 = sentient.for %arg3 = %71 iter_args(%arg4 = %709) -> (index) {element_sizes = [-1 : i32, 16 : i32, 16 : i32], programHeader = [], regIndices = [1 : i32, 0 : i32, -1 : i32], regLocales = [#sentient<reg_type lccr>, #sentient<reg_type lrf>, #sentient<reg_type lrf>]}{
          %711 = sentient.receive_and_store mutable_addr(%arg4), immutable_addr(%123), increment(%123), producer(%404) {burst_size = 0 : i32, coalesce = false, dbgName = "c19-lxsu0-LE128DT-pe0-lx-27", element_size = 16 : i32, interleaved_group = 0 : i32, permute = false, regIndex = 0 : i32, regLocale = #sentient<reg_type lrf>, shuffle_mode = #sentient<shuffle_mode masked2b>, stride = 1 : i32, subword_length = 1 : i32, total_elements = 64 : i32} : index, index, index, index : index
          sentient.yield %711 : index
        }
      }
      sentient.sync {dbgName = "SSRF(MSSync #879, MSSync #880)", implicit_sync_memory_boundary = -1 : si32, mode = #sentient<sync_mode sendrecv>, soft = false, units = [#sentient<consumer_unit lxlu>, #sentient<consumer_unit l3su>]}
      sentient.sync {dbgName = "SSRF(MSSync #881, MSSync #882)", implicit_sync_memory_boundary = -1 : si32, mode = #sentient<sync_mode sendrecv>, soft = false, units = [#sentient<consumer_unit lxlu>, #sentient<consumer_unit l3su>]}
      sentient.for %arg2 = %2 {element_sizes = [-1 : i32], programHeader = [], regIndices = [0 : i32], regLocales = [#sentient<reg_type lccr>]}{
        %708 = sentient.if sge, %arg2, %2 : index -> (index) {element_sizes = [16 : i32], regIndices = [0 : i32], regLocales = [#sentient<reg_type lrf>]}{
          sentient.yield %109 : index
        } else{
          %711 = sentient.if sge, %arg2, %82 : index -> (index) {element_sizes = [16 : i32], regIndices = [0 : i32], regLocales = [#sentient<reg_type lrf>]}{
            sentient.yield %110 : index
          } else{
            %712 = sentient.if sge, %arg2, %6 : index -> (index) {element_sizes = [16 : i32], regIndices = [0 : i32], regLocales = [#sentient<reg_type lrf>]}{
              sentient.yield %111 : index
            } else{
              sentient.yield %112 : index
            }
            sentient.yield %712 : index
          }
          sentient.yield %711 : index
        }
        %709 = sentient.scalar_add %708, %128 {element_size = 16 : i32, regIndex = 0 : i32, regLocale = #sentient<reg_type lrf>} : index, index
        %710 = sentient.for %arg3 = %71 iter_args(%arg4 = %709) -> (index) {element_sizes = [-1 : i32, 16 : i32, 16 : i32], programHeader = [], regIndices = [1 : i32, 0 : i32, -1 : i32], regLocales = [#sentient<reg_type lccr>, #sentient<reg_type lrf>, #sentient<reg_type lrf>]}{
          %711 = sentient.receive_and_store mutable_addr(%arg4), immutable_addr(%123), increment(%123), producer(%404) {burst_size = 0 : i32, coalesce = false, dbgName = "c19-lxsu0-LE128DT-pe0-lx-29", element_size = 16 : i32, interleaved_group = 0 : i32, permute = false, regIndex = 0 : i32, regLocale = #sentient<reg_type lrf>, shuffle_mode = #sentient<shuffle_mode masked2b>, stride = 1 : i32, subword_length = 1 : i32, total_elements = 64 : i32} : index, index, index, index : index
          sentient.yield %711 : index
        }
      }
      sentient.sync {dbgName = "SSRF(MSSync #883, MSSync #884)", implicit_sync_memory_boundary = -1 : si32, mode = #sentient<sync_mode sendrecv>, soft = false, units = [#sentient<consumer_unit lxlu>, #sentient<consumer_unit l3su>]}
      uniform.yield
    }
    (%arg1 -> %565){
      sentient.sync {dbgName = "SSRF(MSSync #885, MSSync #886)", implicit_sync_memory_boundary = -1 : si32, mode = #sentient<sync_mode sendrecv>, soft = false, units = [#sentient<consumer_unit lxlu>, #sentient<consumer_unit l3su>]}
      uniform.yield
    }
    (%arg1 -> %566){
      sentient.sync {dbgName = "SSRF(MSSync #887, MSSync #888)", implicit_sync_memory_boundary = -1 : si32, mode = #sentient<sync_mode sendrecv>, soft = false, units = [#sentient<consumer_unit lxlu>, #sentient<consumer_unit l3su>]}
      sentient.for %arg2 = %2 {element_sizes = [-1 : i32], programHeader = [], regIndices = [0 : i32], regLocales = [#sentient<reg_type lccr>]}{
        %708 = sentient.if sge, %arg2, %2 : index -> (index) {element_sizes = [16 : i32], regIndices = [2 : i32], regLocales = [#sentient<reg_type lrf>]}{
          sentient.yield %80 : index
        } else{
          %711 = sentient.if sge, %arg2, %82 : index -> (index) {element_sizes = [16 : i32], regIndices = [2 : i32], regLocales = [#sentient<reg_type lrf>]}{
            sentient.yield %81 : index
          } else{
            %712 = sentient.if sge, %arg2, %6 : index -> (index) {element_sizes = [16 : i32], regIndices = [2 : i32], regLocales = [#sentient<reg_type lrf>]}{
              sentient.yield %83 : index
            } else{
              sentient.yield %84 : index
            }
            sentient.yield %712 : index
          }
          sentient.yield %711 : index
        }
        %709 = sentient.scalar_add %708, %128 {element_size = 16 : i32, regIndex = 2 : i32, regLocale = #sentient<reg_type lrf>} : index, index
        %710 = sentient.for %arg3 = %71 iter_args(%arg4 = %709) -> (index) {element_sizes = [-1 : i32, 16 : i32, 16 : i32], programHeader = [], regIndices = [1 : i32, 2 : i32, -1 : i32], regLocales = [#sentient<reg_type lccr>, #sentient<reg_type lrf>, #sentient<reg_type lrf>]}{
          %711 = sentient.receive_and_store mutable_addr(%arg4), immutable_addr(%123), increment(%123), producer(%406) {burst_size = 0 : i32, coalesce = false, dbgName = "c21-lxsu0-LE128DT-pe0-lx-15", element_size = 16 : i32, interleaved_group = 0 : i32, permute = false, regIndex = 2 : i32, regLocale = #sentient<reg_type lrf>, shuffle_mode = #sentient<shuffle_mode masked2b>, stride = 1 : i32, subword_length = 1 : i32, total_elements = 64 : i32} : index, index, index, index : index
          sentient.yield %711 : index
        }
      }
      sentient.sync {dbgName = "SSRF(MSSync #889, MSSync #890)", implicit_sync_memory_boundary = -1 : si32, mode = #sentient<sync_mode sendrecv>, soft = false, units = [#sentient<consumer_unit lxlu>, #sentient<consumer_unit l3su>]}
      sentient.sync {dbgName = "SSRF(MSSync #891, MSSync #892)", implicit_sync_memory_boundary = -1 : si32, mode = #sentient<sync_mode sendrecv>, soft = false, units = [#sentient<consumer_unit lxlu>, #sentient<consumer_unit l3su>]}
      sentient.for %arg2 = %2 {element_sizes = [-1 : i32], programHeader = [], regIndices = [0 : i32], regLocales = [#sentient<reg_type lccr>]}{
        %708 = sentient.if sge, %arg2, %2 : index -> (index) {element_sizes = [16 : i32], regIndices = [2 : i32], regLocales = [#sentient<reg_type lrf>]}{
          sentient.yield %85 : index
        } else{
          %711 = sentient.if sge, %arg2, %82 : index -> (index) {element_sizes = [16 : i32], regIndices = [2 : i32], regLocales = [#sentient<reg_type lrf>]}{
            sentient.yield %86 : index
          } else{
            %712 = sentient.if sge, %arg2, %6 : index -> (index) {element_sizes = [16 : i32], regIndices = [2 : i32], regLocales = [#sentient<reg_type lrf>]}{
              sentient.yield %87 : index
            } else{
              sentient.yield %88 : index
            }
            sentient.yield %712 : index
          }
          sentient.yield %711 : index
        }
        %709 = sentient.scalar_add %708, %128 {element_size = 16 : i32, regIndex = 2 : i32, regLocale = #sentient<reg_type lrf>} : index, index
        %710 = sentient.for %arg3 = %71 iter_args(%arg4 = %709) -> (index) {element_sizes = [-1 : i32, 16 : i32, 16 : i32], programHeader = [], regIndices = [1 : i32, 2 : i32, -1 : i32], regLocales = [#sentient<reg_type lccr>, #sentient<reg_type lrf>, #sentient<reg_type lrf>]}{
          %711 = sentient.receive_and_store mutable_addr(%arg4), immutable_addr(%123), increment(%123), producer(%406) {burst_size = 0 : i32, coalesce = false, dbgName = "c21-lxsu0-LE128DT-pe0-lx-17", element_size = 16 : i32, interleaved_group = 0 : i32, permute = false, regIndex = 2 : i32, regLocale = #sentient<reg_type lrf>, shuffle_mode = #sentient<shuffle_mode masked2b>, stride = 1 : i32, subword_length = 1 : i32, total_elements = 64 : i32} : index, index, index, index : index
          sentient.yield %711 : index
        }
      }
      sentient.sync {dbgName = "SSRF(MSSync #893, MSSync #894)", implicit_sync_memory_boundary = -1 : si32, mode = #sentient<sync_mode sendrecv>, soft = false, units = [#sentient<consumer_unit lxlu>, #sentient<consumer_unit l3su>]}
      %707 = sentient.for %arg2 = %6 iter_args(%arg3 = %701) -> (index) {element_sizes = [-1 : i32, 16 : i32, 16 : i32], programHeader = [], regIndices = [0 : i32, 0 : i32, -1 : i32], regLocales = [#sentient<reg_type lccr>, #sentient<reg_type lrf>, #sentient<reg_type lrf>]}{
        %708 = sentient.scalar_sub %124, %arg3 {element_size = 16 : i32, regIndex = 0 : i32, regLocale = #sentient<reg_type lrf>} : index, index
        %709 = sentient.scalar_add %708, %69 {element_size = 16 : i32, regIndex = 2 : i32, regLocale = #sentient<reg_type lrf>} : index, index
        %710 = sentient.for %arg4 = %74 iter_args(%arg5 = %709) -> (index) {element_sizes = [-1 : i32, 16 : i32, 16 : i32], programHeader = [], regIndices = [1 : i32, 2 : i32, -1 : i32], regLocales = [#sentient<reg_type lccr>, #sentient<reg_type lrf>, #sentient<reg_type lrf>]}{
          %711 = sentient.receive_and_store mutable_addr(%arg5), immutable_addr(%75), increment(%75), producer(%406) {burst_size = 0 : i32, coalesce = false, dbgName = "c21-lxsu0-ringDT-pe0-lx-0-18", element_size = 16 : i32, interleaved_group = 0 : i32, permute = false, regIndex = 2 : i32, regLocale = #sentient<reg_type lrf>, stride = 1 : i32, subword_length = 1 : i32, total_elements = 64 : i32} : index, index, index, index : index
          sentient.yield %711 : index
        }
        sentient.yield %708 : index
      }
      sentient.sync {dbgName = "SSRF(MSSync #895, MSSync #896)", implicit_sync_memory_boundary = -1 : si32, mode = #sentient<sync_mode sendrecv>, soft = false, units = [#sentient<consumer_unit lxlu>, #sentient<consumer_unit l3su>]}
      sentient.for %arg2 = %2 {element_sizes = [-1 : i32], programHeader = [], regIndices = [0 : i32], regLocales = [#sentient<reg_type lccr>]}{
        %708 = sentient.if sge, %arg2, %2 : index -> (index) {element_sizes = [16 : i32], regIndices = [0 : i32], regLocales = [#sentient<reg_type lrf>]}{
          sentient.yield %89 : index
        } else{
          %711 = sentient.if sge, %arg2, %82 : index -> (index) {element_sizes = [16 : i32], regIndices = [0 : i32], regLocales = [#sentient<reg_type lrf>]}{
            sentient.yield %90 : index
          } else{
            %712 = sentient.if sge, %arg2, %6 : index -> (index) {element_sizes = [16 : i32], regIndices = [0 : i32], regLocales = [#sentient<reg_type lrf>]}{
              sentient.yield %91 : index
            } else{
              sentient.yield %92 : index
            }
            sentient.yield %712 : index
          }
          sentient.yield %711 : index
        }
        %709 = sentient.scalar_add %708, %128 {element_size = 16 : i32, regIndex = 0 : i32, regLocale = #sentient<reg_type lrf>} : index, index
        %710 = sentient.for %arg3 = %71 iter_args(%arg4 = %709) -> (index) {element_sizes = [-1 : i32, 16 : i32, 16 : i32], programHeader = [], regIndices = [1 : i32, 0 : i32, -1 : i32], regLocales = [#sentient<reg_type lccr>, #sentient<reg_type lrf>, #sentient<reg_type lrf>]}{
          %711 = sentient.receive_and_store mutable_addr(%arg4), immutable_addr(%123), increment(%123), producer(%406) {burst_size = 0 : i32, coalesce = false, dbgName = "c21-lxsu0-LE128DT-pe0-lx-19", element_size = 16 : i32, interleaved_group = 0 : i32, permute = false, regIndex = 0 : i32, regLocale = #sentient<reg_type lrf>, shuffle_mode = #sentient<shuffle_mode masked2b>, stride = 1 : i32, subword_length = 1 : i32, total_elements = 64 : i32} : index, index, index, index : index
          sentient.yield %711 : index
        }
      }
      sentient.sync {dbgName = "SSRF(MSSync #897, MSSync #898)", implicit_sync_memory_boundary = -1 : si32, mode = #sentient<sync_mode sendrecv>, soft = false, units = [#sentient<consumer_unit lxlu>, #sentient<consumer_unit l3su>]}
      sentient.sync {dbgName = "SSRF(MSSync #899, MSSync #900)", implicit_sync_memory_boundary = -1 : si32, mode = #sentient<sync_mode sendrecv>, soft = false, units = [#sentient<consumer_unit lxlu>, #sentient<consumer_unit l3su>]}
      sentient.for %arg2 = %2 {element_sizes = [-1 : i32], programHeader = [], regIndices = [0 : i32], regLocales = [#sentient<reg_type lccr>]}{
        %708 = sentient.if sge, %arg2, %2 : index -> (index) {element_sizes = [16 : i32], regIndices = [0 : i32], regLocales = [#sentient<reg_type lrf>]}{
          sentient.yield %93 : index
        } else{
          %711 = sentient.if sge, %arg2, %82 : index -> (index) {element_sizes = [16 : i32], regIndices = [0 : i32], regLocales = [#sentient<reg_type lrf>]}{
            sentient.yield %94 : index
          } else{
            %712 = sentient.if sge, %arg2, %6 : index -> (index) {element_sizes = [16 : i32], regIndices = [0 : i32], regLocales = [#sentient<reg_type lrf>]}{
              sentient.yield %95 : index
            } else{
              sentient.yield %96 : index
            }
            sentient.yield %712 : index
          }
          sentient.yield %711 : index
        }
        %709 = sentient.scalar_add %708, %128 {element_size = 16 : i32, regIndex = 0 : i32, regLocale = #sentient<reg_type lrf>} : index, index
        %710 = sentient.for %arg3 = %71 iter_args(%arg4 = %709) -> (index) {element_sizes = [-1 : i32, 16 : i32, 16 : i32], programHeader = [], regIndices = [1 : i32, 0 : i32, -1 : i32], regLocales = [#sentient<reg_type lccr>, #sentient<reg_type lrf>, #sentient<reg_type lrf>]}{
          %711 = sentient.receive_and_store mutable_addr(%arg4), immutable_addr(%123), increment(%123), producer(%406) {burst_size = 0 : i32, coalesce = false, dbgName = "c21-lxsu0-LE128DT-pe0-lx-21", element_size = 16 : i32, interleaved_group = 0 : i32, permute = false, regIndex = 0 : i32, regLocale = #sentient<reg_type lrf>, shuffle_mode = #sentient<shuffle_mode masked2b>, stride = 1 : i32, subword_length = 1 : i32, total_elements = 64 : i32} : index, index, index, index : index
          sentient.yield %711 : index
        }
      }
      sentient.sync {dbgName = "SSRF(MSSync #901, MSSync #902)", implicit_sync_memory_boundary = -1 : si32, mode = #sentient<sync_mode sendrecv>, soft = false, units = [#sentient<consumer_unit lxlu>, #sentient<consumer_unit l3su>]}
      sentient.sync {dbgName = "SSRF(MSSync #903, MSSync #904)", implicit_sync_memory_boundary = -1 : si32, mode = #sentient<sync_mode sendrecv>, soft = false, units = [#sentient<consumer_unit lxlu>, #sentient<consumer_unit l3su>]}
      sentient.for %arg2 = %2 {element_sizes = [-1 : i32], programHeader = [], regIndices = [0 : i32], regLocales = [#sentient<reg_type lccr>]}{
        %708 = sentient.if sge, %arg2, %2 : index -> (index) {element_sizes = [16 : i32], regIndices = [0 : i32], regLocales = [#sentient<reg_type lrf>]}{
          sentient.yield %97 : index
        } else{
          %711 = sentient.if sge, %arg2, %82 : index -> (index) {element_sizes = [16 : i32], regIndices = [0 : i32], regLocales = [#sentient<reg_type lrf>]}{
            sentient.yield %98 : index
          } else{
            %712 = sentient.if sge, %arg2, %6 : index -> (index) {element_sizes = [16 : i32], regIndices = [0 : i32], regLocales = [#sentient<reg_type lrf>]}{
              sentient.yield %99 : index
            } else{
              sentient.yield %100 : index
            }
            sentient.yield %712 : index
          }
          sentient.yield %711 : index
        }
        %709 = sentient.scalar_add %708, %128 {element_size = 16 : i32, regIndex = 0 : i32, regLocale = #sentient<reg_type lrf>} : index, index
        %710 = sentient.for %arg3 = %71 iter_args(%arg4 = %709) -> (index) {element_sizes = [-1 : i32, 16 : i32, 16 : i32], programHeader = [], regIndices = [1 : i32, 0 : i32, -1 : i32], regLocales = [#sentient<reg_type lccr>, #sentient<reg_type lrf>, #sentient<reg_type lrf>]}{
          %711 = sentient.receive_and_store mutable_addr(%arg4), immutable_addr(%123), increment(%123), producer(%406) {burst_size = 0 : i32, coalesce = false, dbgName = "c21-lxsu0-LE128DT-pe0-lx-23", element_size = 16 : i32, interleaved_group = 0 : i32, permute = false, regIndex = 0 : i32, regLocale = #sentient<reg_type lrf>, shuffle_mode = #sentient<shuffle_mode masked2b>, stride = 1 : i32, subword_length = 1 : i32, total_elements = 64 : i32} : index, index, index, index : index
          sentient.yield %711 : index
        }
      }
      sentient.sync {dbgName = "SSRF(MSSync #905, MSSync #906)", implicit_sync_memory_boundary = -1 : si32, mode = #sentient<sync_mode sendrecv>, soft = false, units = [#sentient<consumer_unit lxlu>, #sentient<consumer_unit l3su>]}
      sentient.sync {dbgName = "SSRF(MSSync #907, MSSync #908)", implicit_sync_memory_boundary = -1 : si32, mode = #sentient<sync_mode sendrecv>, soft = false, units = [#sentient<consumer_unit lxlu>, #sentient<consumer_unit l3su>]}
      sentient.for %arg2 = %2 {element_sizes = [-1 : i32], programHeader = [], regIndices = [0 : i32], regLocales = [#sentient<reg_type lccr>]}{
        %708 = sentient.if sge, %arg2, %2 : index -> (index) {element_sizes = [16 : i32], regIndices = [0 : i32], regLocales = [#sentient<reg_type lrf>]}{
          sentient.yield %101 : index
        } else{
          %711 = sentient.if sge, %arg2, %82 : index -> (index) {element_sizes = [16 : i32], regIndices = [0 : i32], regLocales = [#sentient<reg_type lrf>]}{
            sentient.yield %102 : index
          } else{
            %712 = sentient.if sge, %arg2, %6 : index -> (index) {element_sizes = [16 : i32], regIndices = [0 : i32], regLocales = [#sentient<reg_type lrf>]}{
              sentient.yield %103 : index
            } else{
              sentient.yield %104 : index
            }
            sentient.yield %712 : index
          }
          sentient.yield %711 : index
        }
        %709 = sentient.scalar_add %708, %128 {element_size = 16 : i32, regIndex = 0 : i32, regLocale = #sentient<reg_type lrf>} : index, index
        %710 = sentient.for %arg3 = %71 iter_args(%arg4 = %709) -> (index) {element_sizes = [-1 : i32, 16 : i32, 16 : i32], programHeader = [], regIndices = [1 : i32, 0 : i32, -1 : i32], regLocales = [#sentient<reg_type lccr>, #sentient<reg_type lrf>, #sentient<reg_type lrf>]}{
          %711 = sentient.receive_and_store mutable_addr(%arg4), immutable_addr(%123), increment(%123), producer(%406) {burst_size = 0 : i32, coalesce = false, dbgName = "c21-lxsu0-LE128DT-pe0-lx-25", element_size = 16 : i32, interleaved_group = 0 : i32, permute = false, regIndex = 0 : i32, regLocale = #sentient<reg_type lrf>, shuffle_mode = #sentient<shuffle_mode masked2b>, stride = 1 : i32, subword_length = 1 : i32, total_elements = 64 : i32} : index, index, index, index : index
          sentient.yield %711 : index
        }
      }
      sentient.sync {dbgName = "SSRF(MSSync #909, MSSync #910)", implicit_sync_memory_boundary = -1 : si32, mode = #sentient<sync_mode sendrecv>, soft = false, units = [#sentient<consumer_unit lxlu>, #sentient<consumer_unit l3su>]}
      sentient.sync {dbgName = "SSRF(MSSync #911, MSSync #912)", implicit_sync_memory_boundary = -1 : si32, mode = #sentient<sync_mode sendrecv>, soft = false, units = [#sentient<consumer_unit lxlu>, #sentient<consumer_unit l3su>]}
      sentient.for %arg2 = %2 {element_sizes = [-1 : i32], programHeader = [], regIndices = [0 : i32], regLocales = [#sentient<reg_type lccr>]}{
        %708 = sentient.if sge, %arg2, %2 : index -> (index) {element_sizes = [16 : i32], regIndices = [0 : i32], regLocales = [#sentient<reg_type lrf>]}{
          sentient.yield %105 : index
        } else{
          %711 = sentient.if sge, %arg2, %82 : index -> (index) {element_sizes = [16 : i32], regIndices = [0 : i32], regLocales = [#sentient<reg_type lrf>]}{
            sentient.yield %106 : index
          } else{
            %712 = sentient.if sge, %arg2, %6 : index -> (index) {element_sizes = [16 : i32], regIndices = [0 : i32], regLocales = [#sentient<reg_type lrf>]}{
              sentient.yield %107 : index
            } else{
              sentient.yield %108 : index
            }
            sentient.yield %712 : index
          }
          sentient.yield %711 : index
        }
        %709 = sentient.scalar_add %708, %128 {element_size = 16 : i32, regIndex = 0 : i32, regLocale = #sentient<reg_type lrf>} : index, index
        %710 = sentient.for %arg3 = %71 iter_args(%arg4 = %709) -> (index) {element_sizes = [-1 : i32, 16 : i32, 16 : i32], programHeader = [], regIndices = [1 : i32, 0 : i32, -1 : i32], regLocales = [#sentient<reg_type lccr>, #sentient<reg_type lrf>, #sentient<reg_type lrf>]}{
          %711 = sentient.receive_and_store mutable_addr(%arg4), immutable_addr(%123), increment(%123), producer(%406) {burst_size = 0 : i32, coalesce = false, dbgName = "c21-lxsu0-LE128DT-pe0-lx-27", element_size = 16 : i32, interleaved_group = 0 : i32, permute = false, regIndex = 0 : i32, regLocale = #sentient<reg_type lrf>, shuffle_mode = #sentient<shuffle_mode masked2b>, stride = 1 : i32, subword_length = 1 : i32, total_elements = 64 : i32} : index, index, index, index : index
          sentient.yield %711 : index
        }
      }
      sentient.sync {dbgName = "SSRF(MSSync #913, MSSync #914)", implicit_sync_memory_boundary = -1 : si32, mode = #sentient<sync_mode sendrecv>, soft = false, units = [#sentient<consumer_unit lxlu>, #sentient<consumer_unit l3su>]}
      sentient.sync {dbgName = "SSRF(MSSync #915, MSSync #916)", implicit_sync_memory_boundary = -1 : si32, mode = #sentient<sync_mode sendrecv>, soft = false, units = [#sentient<consumer_unit lxlu>, #sentient<consumer_unit l3su>]}
      sentient.for %arg2 = %2 {element_sizes = [-1 : i32], programHeader = [], regIndices = [0 : i32], regLocales = [#sentient<reg_type lccr>]}{
        %708 = sentient.if sge, %arg2, %2 : index -> (index) {element_sizes = [16 : i32], regIndices = [0 : i32], regLocales = [#sentient<reg_type lrf>]}{
          sentient.yield %109 : index
        } else{
          %711 = sentient.if sge, %arg2, %82 : index -> (index) {element_sizes = [16 : i32], regIndices = [0 : i32], regLocales = [#sentient<reg_type lrf>]}{
            sentient.yield %110 : index
          } else{
            %712 = sentient.if sge, %arg2, %6 : index -> (index) {element_sizes = [16 : i32], regIndices = [0 : i32], regLocales = [#sentient<reg_type lrf>]}{
              sentient.yield %111 : index
            } else{
              sentient.yield %112 : index
            }
            sentient.yield %712 : index
          }
          sentient.yield %711 : index
        }
        %709 = sentient.scalar_add %708, %128 {element_size = 16 : i32, regIndex = 0 : i32, regLocale = #sentient<reg_type lrf>} : index, index
        %710 = sentient.for %arg3 = %71 iter_args(%arg4 = %709) -> (index) {element_sizes = [-1 : i32, 16 : i32, 16 : i32], programHeader = [], regIndices = [1 : i32, 0 : i32, -1 : i32], regLocales = [#sentient<reg_type lccr>, #sentient<reg_type lrf>, #sentient<reg_type lrf>]}{
          %711 = sentient.receive_and_store mutable_addr(%arg4), immutable_addr(%123), increment(%123), producer(%406) {burst_size = 0 : i32, coalesce = false, dbgName = "c21-lxsu0-LE128DT-pe0-lx-29", element_size = 16 : i32, interleaved_group = 0 : i32, permute = false, regIndex = 0 : i32, regLocale = #sentient<reg_type lrf>, shuffle_mode = #sentient<shuffle_mode masked2b>, stride = 1 : i32, subword_length = 1 : i32, total_elements = 64 : i32} : index, index, index, index : index
          sentient.yield %711 : index
        }
      }
      sentient.sync {dbgName = "SSRF(MSSync #917, MSSync #918)", implicit_sync_memory_boundary = -1 : si32, mode = #sentient<sync_mode sendrecv>, soft = false, units = [#sentient<consumer_unit lxlu>, #sentient<consumer_unit l3su>]}
      uniform.yield
    }
    (%arg1 -> %567){
      sentient.sync {dbgName = "SSRF(MSSync #919, MSSync #920)", implicit_sync_memory_boundary = -1 : si32, mode = #sentient<sync_mode sendrecv>, soft = false, units = [#sentient<consumer_unit lxlu>, #sentient<consumer_unit l3su>]}
      uniform.yield
    }
    (%arg1 -> %568){
      sentient.sync {dbgName = "SSRF(MSSync #921, MSSync #922)", implicit_sync_memory_boundary = -1 : si32, mode = #sentient<sync_mode sendrecv>, soft = false, units = [#sentient<consumer_unit lxlu>, #sentient<consumer_unit l3su>]}
      sentient.for %arg2 = %2 {element_sizes = [-1 : i32], programHeader = [], regIndices = [0 : i32], regLocales = [#sentient<reg_type lccr>]}{
        %708 = sentient.if sge, %arg2, %2 : index -> (index) {element_sizes = [16 : i32], regIndices = [2 : i32], regLocales = [#sentient<reg_type lrf>]}{
          sentient.yield %80 : index
        } else{
          %711 = sentient.if sge, %arg2, %82 : index -> (index) {element_sizes = [16 : i32], regIndices = [2 : i32], regLocales = [#sentient<reg_type lrf>]}{
            sentient.yield %81 : index
          } else{
            %712 = sentient.if sge, %arg2, %6 : index -> (index) {element_sizes = [16 : i32], regIndices = [2 : i32], regLocales = [#sentient<reg_type lrf>]}{
              sentient.yield %83 : index
            } else{
              sentient.yield %84 : index
            }
            sentient.yield %712 : index
          }
          sentient.yield %711 : index
        }
        %709 = sentient.scalar_add %708, %128 {element_size = 16 : i32, regIndex = 2 : i32, regLocale = #sentient<reg_type lrf>} : index, index
        %710 = sentient.for %arg3 = %71 iter_args(%arg4 = %709) -> (index) {element_sizes = [-1 : i32, 16 : i32, 16 : i32], programHeader = [], regIndices = [1 : i32, 2 : i32, -1 : i32], regLocales = [#sentient<reg_type lccr>, #sentient<reg_type lrf>, #sentient<reg_type lrf>]}{
          %711 = sentient.receive_and_store mutable_addr(%arg4), immutable_addr(%123), increment(%123), producer(%408) {burst_size = 0 : i32, coalesce = false, dbgName = "c23-lxsu0-LE128DT-pe0-lx-15", element_size = 16 : i32, interleaved_group = 0 : i32, permute = false, regIndex = 2 : i32, regLocale = #sentient<reg_type lrf>, shuffle_mode = #sentient<shuffle_mode masked2b>, stride = 1 : i32, subword_length = 1 : i32, total_elements = 64 : i32} : index, index, index, index : index
          sentient.yield %711 : index
        }
      }
      sentient.sync {dbgName = "SSRF(MSSync #923, MSSync #924)", implicit_sync_memory_boundary = -1 : si32, mode = #sentient<sync_mode sendrecv>, soft = false, units = [#sentient<consumer_unit lxlu>, #sentient<consumer_unit l3su>]}
      sentient.sync {dbgName = "SSRF(MSSync #925, MSSync #926)", implicit_sync_memory_boundary = -1 : si32, mode = #sentient<sync_mode sendrecv>, soft = false, units = [#sentient<consumer_unit lxlu>, #sentient<consumer_unit l3su>]}
      sentient.for %arg2 = %2 {element_sizes = [-1 : i32], programHeader = [], regIndices = [0 : i32], regLocales = [#sentient<reg_type lccr>]}{
        %708 = sentient.if sge, %arg2, %2 : index -> (index) {element_sizes = [16 : i32], regIndices = [2 : i32], regLocales = [#sentient<reg_type lrf>]}{
          sentient.yield %85 : index
        } else{
          %711 = sentient.if sge, %arg2, %82 : index -> (index) {element_sizes = [16 : i32], regIndices = [2 : i32], regLocales = [#sentient<reg_type lrf>]}{
            sentient.yield %86 : index
          } else{
            %712 = sentient.if sge, %arg2, %6 : index -> (index) {element_sizes = [16 : i32], regIndices = [2 : i32], regLocales = [#sentient<reg_type lrf>]}{
              sentient.yield %87 : index
            } else{
              sentient.yield %88 : index
            }
            sentient.yield %712 : index
          }
          sentient.yield %711 : index
        }
        %709 = sentient.scalar_add %708, %128 {element_size = 16 : i32, regIndex = 2 : i32, regLocale = #sentient<reg_type lrf>} : index, index
        %710 = sentient.for %arg3 = %71 iter_args(%arg4 = %709) -> (index) {element_sizes = [-1 : i32, 16 : i32, 16 : i32], programHeader = [], regIndices = [1 : i32, 2 : i32, -1 : i32], regLocales = [#sentient<reg_type lccr>, #sentient<reg_type lrf>, #sentient<reg_type lrf>]}{
          %711 = sentient.receive_and_store mutable_addr(%arg4), immutable_addr(%123), increment(%123), producer(%408) {burst_size = 0 : i32, coalesce = false, dbgName = "c23-lxsu0-LE128DT-pe0-lx-17", element_size = 16 : i32, interleaved_group = 0 : i32, permute = false, regIndex = 2 : i32, regLocale = #sentient<reg_type lrf>, shuffle_mode = #sentient<shuffle_mode masked2b>, stride = 1 : i32, subword_length = 1 : i32, total_elements = 64 : i32} : index, index, index, index : index
          sentient.yield %711 : index
        }
      }
      sentient.sync {dbgName = "SSRF(MSSync #927, MSSync #928)", implicit_sync_memory_boundary = -1 : si32, mode = #sentient<sync_mode sendrecv>, soft = false, units = [#sentient<consumer_unit lxlu>, #sentient<consumer_unit l3su>]}
      sentient.sync {dbgName = "SSRF(MSSync #929, MSSync #930)", implicit_sync_memory_boundary = -1 : si32, mode = #sentient<sync_mode sendrecv>, soft = false, units = [#sentient<consumer_unit lxlu>, #sentient<consumer_unit l3su>]}
      sentient.for %arg2 = %2 {element_sizes = [-1 : i32], programHeader = [], regIndices = [0 : i32], regLocales = [#sentient<reg_type lccr>]}{
        %708 = sentient.if sge, %arg2, %2 : index -> (index) {element_sizes = [16 : i32], regIndices = [2 : i32], regLocales = [#sentient<reg_type lrf>]}{
          sentient.yield %89 : index
        } else{
          %711 = sentient.if sge, %arg2, %82 : index -> (index) {element_sizes = [16 : i32], regIndices = [2 : i32], regLocales = [#sentient<reg_type lrf>]}{
            sentient.yield %90 : index
          } else{
            %712 = sentient.if sge, %arg2, %6 : index -> (index) {element_sizes = [16 : i32], regIndices = [2 : i32], regLocales = [#sentient<reg_type lrf>]}{
              sentient.yield %91 : index
            } else{
              sentient.yield %92 : index
            }
            sentient.yield %712 : index
          }
          sentient.yield %711 : index
        }
        %709 = sentient.scalar_add %708, %128 {element_size = 16 : i32, regIndex = 2 : i32, regLocale = #sentient<reg_type lrf>} : index, index
        %710 = sentient.for %arg3 = %71 iter_args(%arg4 = %709) -> (index) {element_sizes = [-1 : i32, 16 : i32, 16 : i32], programHeader = [], regIndices = [1 : i32, 2 : i32, -1 : i32], regLocales = [#sentient<reg_type lccr>, #sentient<reg_type lrf>, #sentient<reg_type lrf>]}{
          %711 = sentient.receive_and_store mutable_addr(%arg4), immutable_addr(%123), increment(%123), producer(%408) {burst_size = 0 : i32, coalesce = false, dbgName = "c23-lxsu0-LE128DT-pe0-lx-19", element_size = 16 : i32, interleaved_group = 0 : i32, permute = false, regIndex = 2 : i32, regLocale = #sentient<reg_type lrf>, shuffle_mode = #sentient<shuffle_mode masked2b>, stride = 1 : i32, subword_length = 1 : i32, total_elements = 64 : i32} : index, index, index, index : index
          sentient.yield %711 : index
        }
      }
      sentient.sync {dbgName = "SSRF(MSSync #931, MSSync #932)", implicit_sync_memory_boundary = -1 : si32, mode = #sentient<sync_mode sendrecv>, soft = false, units = [#sentient<consumer_unit lxlu>, #sentient<consumer_unit l3su>]}
      %707 = sentient.for %arg2 = %6 iter_args(%arg3 = %701) -> (index) {element_sizes = [-1 : i32, 16 : i32, 16 : i32], programHeader = [], regIndices = [0 : i32, 0 : i32, -1 : i32], regLocales = [#sentient<reg_type lccr>, #sentient<reg_type lrf>, #sentient<reg_type lrf>]}{
        %708 = sentient.scalar_sub %124, %arg3 {element_size = 16 : i32, regIndex = 0 : i32, regLocale = #sentient<reg_type lrf>} : index, index
        %709 = sentient.scalar_add %708, %69 {element_size = 16 : i32, regIndex = 2 : i32, regLocale = #sentient<reg_type lrf>} : index, index
        %710 = sentient.for %arg4 = %74 iter_args(%arg5 = %709) -> (index) {element_sizes = [-1 : i32, 16 : i32, 16 : i32], programHeader = [], regIndices = [1 : i32, 2 : i32, -1 : i32], regLocales = [#sentient<reg_type lccr>, #sentient<reg_type lrf>, #sentient<reg_type lrf>]}{
          %711 = sentient.receive_and_store mutable_addr(%arg5), immutable_addr(%75), increment(%75), producer(%408) {burst_size = 0 : i32, coalesce = false, dbgName = "c23-lxsu0-ringDT-pe0-lx-0-20", element_size = 16 : i32, interleaved_group = 0 : i32, permute = false, regIndex = 2 : i32, regLocale = #sentient<reg_type lrf>, stride = 1 : i32, subword_length = 1 : i32, total_elements = 64 : i32} : index, index, index, index : index
          sentient.yield %711 : index
        }
        sentient.yield %708 : index
      }
      sentient.sync {dbgName = "SSRF(MSSync #933, MSSync #934)", implicit_sync_memory_boundary = -1 : si32, mode = #sentient<sync_mode sendrecv>, soft = false, units = [#sentient<consumer_unit lxlu>, #sentient<consumer_unit l3su>]}
      sentient.for %arg2 = %2 {element_sizes = [-1 : i32], programHeader = [], regIndices = [0 : i32], regLocales = [#sentient<reg_type lccr>]}{
        %708 = sentient.if sge, %arg2, %2 : index -> (index) {element_sizes = [16 : i32], regIndices = [0 : i32], regLocales = [#sentient<reg_type lrf>]}{
          sentient.yield %93 : index
        } else{
          %711 = sentient.if sge, %arg2, %82 : index -> (index) {element_sizes = [16 : i32], regIndices = [0 : i32], regLocales = [#sentient<reg_type lrf>]}{
            sentient.yield %94 : index
          } else{
            %712 = sentient.if sge, %arg2, %6 : index -> (index) {element_sizes = [16 : i32], regIndices = [0 : i32], regLocales = [#sentient<reg_type lrf>]}{
              sentient.yield %95 : index
            } else{
              sentient.yield %96 : index
            }
            sentient.yield %712 : index
          }
          sentient.yield %711 : index
        }
        %709 = sentient.scalar_add %708, %128 {element_size = 16 : i32, regIndex = 0 : i32, regLocale = #sentient<reg_type lrf>} : index, index
        %710 = sentient.for %arg3 = %71 iter_args(%arg4 = %709) -> (index) {element_sizes = [-1 : i32, 16 : i32, 16 : i32], programHeader = [], regIndices = [1 : i32, 0 : i32, -1 : i32], regLocales = [#sentient<reg_type lccr>, #sentient<reg_type lrf>, #sentient<reg_type lrf>]}{
          %711 = sentient.receive_and_store mutable_addr(%arg4), immutable_addr(%123), increment(%123), producer(%408) {burst_size = 0 : i32, coalesce = false, dbgName = "c23-lxsu0-LE128DT-pe0-lx-21", element_size = 16 : i32, interleaved_group = 0 : i32, permute = false, regIndex = 0 : i32, regLocale = #sentient<reg_type lrf>, shuffle_mode = #sentient<shuffle_mode masked2b>, stride = 1 : i32, subword_length = 1 : i32, total_elements = 64 : i32} : index, index, index, index : index
          sentient.yield %711 : index
        }
      }
      sentient.sync {dbgName = "SSRF(MSSync #935, MSSync #936)", implicit_sync_memory_boundary = -1 : si32, mode = #sentient<sync_mode sendrecv>, soft = false, units = [#sentient<consumer_unit lxlu>, #sentient<consumer_unit l3su>]}
      sentient.sync {dbgName = "SSRF(MSSync #937, MSSync #938)", implicit_sync_memory_boundary = -1 : si32, mode = #sentient<sync_mode sendrecv>, soft = false, units = [#sentient<consumer_unit lxlu>, #sentient<consumer_unit l3su>]}
      sentient.for %arg2 = %2 {element_sizes = [-1 : i32], programHeader = [], regIndices = [0 : i32], regLocales = [#sentient<reg_type lccr>]}{
        %708 = sentient.if sge, %arg2, %2 : index -> (index) {element_sizes = [16 : i32], regIndices = [0 : i32], regLocales = [#sentient<reg_type lrf>]}{
          sentient.yield %97 : index
        } else{
          %711 = sentient.if sge, %arg2, %82 : index -> (index) {element_sizes = [16 : i32], regIndices = [0 : i32], regLocales = [#sentient<reg_type lrf>]}{
            sentient.yield %98 : index
          } else{
            %712 = sentient.if sge, %arg2, %6 : index -> (index) {element_sizes = [16 : i32], regIndices = [0 : i32], regLocales = [#sentient<reg_type lrf>]}{
              sentient.yield %99 : index
            } else{
              sentient.yield %100 : index
            }
            sentient.yield %712 : index
          }
          sentient.yield %711 : index
        }
        %709 = sentient.scalar_add %708, %128 {element_size = 16 : i32, regIndex = 0 : i32, regLocale = #sentient<reg_type lrf>} : index, index
        %710 = sentient.for %arg3 = %71 iter_args(%arg4 = %709) -> (index) {element_sizes = [-1 : i32, 16 : i32, 16 : i32], programHeader = [], regIndices = [1 : i32, 0 : i32, -1 : i32], regLocales = [#sentient<reg_type lccr>, #sentient<reg_type lrf>, #sentient<reg_type lrf>]}{
          %711 = sentient.receive_and_store mutable_addr(%arg4), immutable_addr(%123), increment(%123), producer(%408) {burst_size = 0 : i32, coalesce = false, dbgName = "c23-lxsu0-LE128DT-pe0-lx-23", element_size = 16 : i32, interleaved_group = 0 : i32, permute = false, regIndex = 0 : i32, regLocale = #sentient<reg_type lrf>, shuffle_mode = #sentient<shuffle_mode masked2b>, stride = 1 : i32, subword_length = 1 : i32, total_elements = 64 : i32} : index, index, index, index : index
          sentient.yield %711 : index
        }
      }
      sentient.sync {dbgName = "SSRF(MSSync #939, MSSync #940)", implicit_sync_memory_boundary = -1 : si32, mode = #sentient<sync_mode sendrecv>, soft = false, units = [#sentient<consumer_unit lxlu>, #sentient<consumer_unit l3su>]}
      sentient.sync {dbgName = "SSRF(MSSync #941, MSSync #942)", implicit_sync_memory_boundary = -1 : si32, mode = #sentient<sync_mode sendrecv>, soft = false, units = [#sentient<consumer_unit lxlu>, #sentient<consumer_unit l3su>]}
      sentient.for %arg2 = %2 {element_sizes = [-1 : i32], programHeader = [], regIndices = [0 : i32], regLocales = [#sentient<reg_type lccr>]}{
        %708 = sentient.if sge, %arg2, %2 : index -> (index) {element_sizes = [16 : i32], regIndices = [0 : i32], regLocales = [#sentient<reg_type lrf>]}{
          sentient.yield %101 : index
        } else{
          %711 = sentient.if sge, %arg2, %82 : index -> (index) {element_sizes = [16 : i32], regIndices = [0 : i32], regLocales = [#sentient<reg_type lrf>]}{
            sentient.yield %102 : index
          } else{
            %712 = sentient.if sge, %arg2, %6 : index -> (index) {element_sizes = [16 : i32], regIndices = [0 : i32], regLocales = [#sentient<reg_type lrf>]}{
              sentient.yield %103 : index
            } else{
              sentient.yield %104 : index
            }
            sentient.yield %712 : index
          }
          sentient.yield %711 : index
        }
        %709 = sentient.scalar_add %708, %128 {element_size = 16 : i32, regIndex = 0 : i32, regLocale = #sentient<reg_type lrf>} : index, index
        %710 = sentient.for %arg3 = %71 iter_args(%arg4 = %709) -> (index) {element_sizes = [-1 : i32, 16 : i32, 16 : i32], programHeader = [], regIndices = [1 : i32, 0 : i32, -1 : i32], regLocales = [#sentient<reg_type lccr>, #sentient<reg_type lrf>, #sentient<reg_type lrf>]}{
          %711 = sentient.receive_and_store mutable_addr(%arg4), immutable_addr(%123), increment(%123), producer(%408) {burst_size = 0 : i32, coalesce = false, dbgName = "c23-lxsu0-LE128DT-pe0-lx-25", element_size = 16 : i32, interleaved_group = 0 : i32, permute = false, regIndex = 0 : i32, regLocale = #sentient<reg_type lrf>, shuffle_mode = #sentient<shuffle_mode masked2b>, stride = 1 : i32, subword_length = 1 : i32, total_elements = 64 : i32} : index, index, index, index : index
          sentient.yield %711 : index
        }
      }
      sentient.sync {dbgName = "SSRF(MSSync #943, MSSync #944)", implicit_sync_memory_boundary = -1 : si32, mode = #sentient<sync_mode sendrecv>, soft = false, units = [#sentient<consumer_unit lxlu>, #sentient<consumer_unit l3su>]}
      sentient.sync {dbgName = "SSRF(MSSync #945, MSSync #946)", implicit_sync_memory_boundary = -1 : si32, mode = #sentient<sync_mode sendrecv>, soft = false, units = [#sentient<consumer_unit lxlu>, #sentient<consumer_unit l3su>]}
      sentient.for %arg2 = %2 {element_sizes = [-1 : i32], programHeader = [], regIndices = [0 : i32], regLocales = [#sentient<reg_type lccr>]}{
        %708 = sentient.if sge, %arg2, %2 : index -> (index) {element_sizes = [16 : i32], regIndices = [0 : i32], regLocales = [#sentient<reg_type lrf>]}{
          sentient.yield %105 : index
        } else{
          %711 = sentient.if sge, %arg2, %82 : index -> (index) {element_sizes = [16 : i32], regIndices = [0 : i32], regLocales = [#sentient<reg_type lrf>]}{
            sentient.yield %106 : index
          } else{
            %712 = sentient.if sge, %arg2, %6 : index -> (index) {element_sizes = [16 : i32], regIndices = [0 : i32], regLocales = [#sentient<reg_type lrf>]}{
              sentient.yield %107 : index
            } else{
              sentient.yield %108 : index
            }
            sentient.yield %712 : index
          }
          sentient.yield %711 : index
        }
        %709 = sentient.scalar_add %708, %128 {element_size = 16 : i32, regIndex = 0 : i32, regLocale = #sentient<reg_type lrf>} : index, index
        %710 = sentient.for %arg3 = %71 iter_args(%arg4 = %709) -> (index) {element_sizes = [-1 : i32, 16 : i32, 16 : i32], programHeader = [], regIndices = [1 : i32, 0 : i32, -1 : i32], regLocales = [#sentient<reg_type lccr>, #sentient<reg_type lrf>, #sentient<reg_type lrf>]}{
          %711 = sentient.receive_and_store mutable_addr(%arg4), immutable_addr(%123), increment(%123), producer(%408) {burst_size = 0 : i32, coalesce = false, dbgName = "c23-lxsu0-LE128DT-pe0-lx-27", element_size = 16 : i32, interleaved_group = 0 : i32, permute = false, regIndex = 0 : i32, regLocale = #sentient<reg_type lrf>, shuffle_mode = #sentient<shuffle_mode masked2b>, stride = 1 : i32, subword_length = 1 : i32, total_elements = 64 : i32} : index, index, index, index : index
          sentient.yield %711 : index
        }
      }
      sentient.sync {dbgName = "SSRF(MSSync #947, MSSync #948)", implicit_sync_memory_boundary = -1 : si32, mode = #sentient<sync_mode sendrecv>, soft = false, units = [#sentient<consumer_unit lxlu>, #sentient<consumer_unit l3su>]}
      sentient.sync {dbgName = "SSRF(MSSync #949, MSSync #950)", implicit_sync_memory_boundary = -1 : si32, mode = #sentient<sync_mode sendrecv>, soft = false, units = [#sentient<consumer_unit lxlu>, #sentient<consumer_unit l3su>]}
      sentient.for %arg2 = %2 {element_sizes = [-1 : i32], programHeader = [], regIndices = [0 : i32], regLocales = [#sentient<reg_type lccr>]}{
        %708 = sentient.if sge, %arg2, %2 : index -> (index) {element_sizes = [16 : i32], regIndices = [0 : i32], regLocales = [#sentient<reg_type lrf>]}{
          sentient.yield %109 : index
        } else{
          %711 = sentient.if sge, %arg2, %82 : index -> (index) {element_sizes = [16 : i32], regIndices = [0 : i32], regLocales = [#sentient<reg_type lrf>]}{
            sentient.yield %110 : index
          } else{
            %712 = sentient.if sge, %arg2, %6 : index -> (index) {element_sizes = [16 : i32], regIndices = [0 : i32], regLocales = [#sentient<reg_type lrf>]}{
              sentient.yield %111 : index
            } else{
              sentient.yield %112 : index
            }
            sentient.yield %712 : index
          }
          sentient.yield %711 : index
        }
        %709 = sentient.scalar_add %708, %128 {element_size = 16 : i32, regIndex = 0 : i32, regLocale = #sentient<reg_type lrf>} : index, index
        %710 = sentient.for %arg3 = %71 iter_args(%arg4 = %709) -> (index) {element_sizes = [-1 : i32, 16 : i32, 16 : i32], programHeader = [], regIndices = [1 : i32, 0 : i32, -1 : i32], regLocales = [#sentient<reg_type lccr>, #sentient<reg_type lrf>, #sentient<reg_type lrf>]}{
          %711 = sentient.receive_and_store mutable_addr(%arg4), immutable_addr(%123), increment(%123), producer(%408) {burst_size = 0 : i32, coalesce = false, dbgName = "c23-lxsu0-LE128DT-pe0-lx-29", element_size = 16 : i32, interleaved_group = 0 : i32, permute = false, regIndex = 0 : i32, regLocale = #sentient<reg_type lrf>, shuffle_mode = #sentient<shuffle_mode masked2b>, stride = 1 : i32, subword_length = 1 : i32, total_elements = 64 : i32} : index, index, index, index : index
          sentient.yield %711 : index
        }
      }
      sentient.sync {dbgName = "SSRF(MSSync #951, MSSync #952)", implicit_sync_memory_boundary = -1 : si32, mode = #sentient<sync_mode sendrecv>, soft = false, units = [#sentient<consumer_unit lxlu>, #sentient<consumer_unit l3su>]}
      uniform.yield
    }
    (%arg1 -> %569){
      sentient.sync {dbgName = "SSRF(MSSync #953, MSSync #954)", implicit_sync_memory_boundary = -1 : si32, mode = #sentient<sync_mode sendrecv>, soft = false, units = [#sentient<consumer_unit lxlu>, #sentient<consumer_unit l3su>]}
      uniform.yield
    }
    (%arg1 -> %570){
      sentient.sync {dbgName = "SSRF(MSSync #955, MSSync #956)", implicit_sync_memory_boundary = -1 : si32, mode = #sentient<sync_mode sendrecv>, soft = false, units = [#sentient<consumer_unit lxlu>, #sentient<consumer_unit l3su>]}
      sentient.for %arg2 = %2 {element_sizes = [-1 : i32], programHeader = [], regIndices = [0 : i32], regLocales = [#sentient<reg_type lccr>]}{
        %708 = sentient.if sge, %arg2, %2 : index -> (index) {element_sizes = [16 : i32], regIndices = [2 : i32], regLocales = [#sentient<reg_type lrf>]}{
          sentient.yield %80 : index
        } else{
          %711 = sentient.if sge, %arg2, %82 : index -> (index) {element_sizes = [16 : i32], regIndices = [2 : i32], regLocales = [#sentient<reg_type lrf>]}{
            sentient.yield %81 : index
          } else{
            %712 = sentient.if sge, %arg2, %6 : index -> (index) {element_sizes = [16 : i32], regIndices = [2 : i32], regLocales = [#sentient<reg_type lrf>]}{
              sentient.yield %83 : index
            } else{
              sentient.yield %84 : index
            }
            sentient.yield %712 : index
          }
          sentient.yield %711 : index
        }
        %709 = sentient.scalar_add %708, %128 {element_size = 16 : i32, regIndex = 2 : i32, regLocale = #sentient<reg_type lrf>} : index, index
        %710 = sentient.for %arg3 = %71 iter_args(%arg4 = %709) -> (index) {element_sizes = [-1 : i32, 16 : i32, 16 : i32], programHeader = [], regIndices = [1 : i32, 2 : i32, -1 : i32], regLocales = [#sentient<reg_type lccr>, #sentient<reg_type lrf>, #sentient<reg_type lrf>]}{
          %711 = sentient.receive_and_store mutable_addr(%arg4), immutable_addr(%123), increment(%123), producer(%410) {burst_size = 0 : i32, coalesce = false, dbgName = "c25-lxsu0-LE128DT-pe0-lx-15", element_size = 16 : i32, interleaved_group = 0 : i32, permute = false, regIndex = 2 : i32, regLocale = #sentient<reg_type lrf>, shuffle_mode = #sentient<shuffle_mode masked2b>, stride = 1 : i32, subword_length = 1 : i32, total_elements = 64 : i32} : index, index, index, index : index
          sentient.yield %711 : index
        }
      }
      sentient.sync {dbgName = "SSRF(MSSync #957, MSSync #958)", implicit_sync_memory_boundary = -1 : si32, mode = #sentient<sync_mode sendrecv>, soft = false, units = [#sentient<consumer_unit lxlu>, #sentient<consumer_unit l3su>]}
      sentient.sync {dbgName = "SSRF(MSSync #959, MSSync #960)", implicit_sync_memory_boundary = -1 : si32, mode = #sentient<sync_mode sendrecv>, soft = false, units = [#sentient<consumer_unit lxlu>, #sentient<consumer_unit l3su>]}
      sentient.for %arg2 = %2 {element_sizes = [-1 : i32], programHeader = [], regIndices = [0 : i32], regLocales = [#sentient<reg_type lccr>]}{
        %708 = sentient.if sge, %arg2, %2 : index -> (index) {element_sizes = [16 : i32], regIndices = [2 : i32], regLocales = [#sentient<reg_type lrf>]}{
          sentient.yield %85 : index
        } else{
          %711 = sentient.if sge, %arg2, %82 : index -> (index) {element_sizes = [16 : i32], regIndices = [2 : i32], regLocales = [#sentient<reg_type lrf>]}{
            sentient.yield %86 : index
          } else{
            %712 = sentient.if sge, %arg2, %6 : index -> (index) {element_sizes = [16 : i32], regIndices = [2 : i32], regLocales = [#sentient<reg_type lrf>]}{
              sentient.yield %87 : index
            } else{
              sentient.yield %88 : index
            }
            sentient.yield %712 : index
          }
          sentient.yield %711 : index
        }
        %709 = sentient.scalar_add %708, %128 {element_size = 16 : i32, regIndex = 2 : i32, regLocale = #sentient<reg_type lrf>} : index, index
        %710 = sentient.for %arg3 = %71 iter_args(%arg4 = %709) -> (index) {element_sizes = [-1 : i32, 16 : i32, 16 : i32], programHeader = [], regIndices = [1 : i32, 2 : i32, -1 : i32], regLocales = [#sentient<reg_type lccr>, #sentient<reg_type lrf>, #sentient<reg_type lrf>]}{
          %711 = sentient.receive_and_store mutable_addr(%arg4), immutable_addr(%123), increment(%123), producer(%410) {burst_size = 0 : i32, coalesce = false, dbgName = "c25-lxsu0-LE128DT-pe0-lx-17", element_size = 16 : i32, interleaved_group = 0 : i32, permute = false, regIndex = 2 : i32, regLocale = #sentient<reg_type lrf>, shuffle_mode = #sentient<shuffle_mode masked2b>, stride = 1 : i32, subword_length = 1 : i32, total_elements = 64 : i32} : index, index, index, index : index
          sentient.yield %711 : index
        }
      }
      sentient.sync {dbgName = "SSRF(MSSync #961, MSSync #962)", implicit_sync_memory_boundary = -1 : si32, mode = #sentient<sync_mode sendrecv>, soft = false, units = [#sentient<consumer_unit lxlu>, #sentient<consumer_unit l3su>]}
      sentient.sync {dbgName = "SSRF(MSSync #963, MSSync #964)", implicit_sync_memory_boundary = -1 : si32, mode = #sentient<sync_mode sendrecv>, soft = false, units = [#sentient<consumer_unit lxlu>, #sentient<consumer_unit l3su>]}
      sentient.for %arg2 = %2 {element_sizes = [-1 : i32], programHeader = [], regIndices = [0 : i32], regLocales = [#sentient<reg_type lccr>]}{
        %708 = sentient.if sge, %arg2, %2 : index -> (index) {element_sizes = [16 : i32], regIndices = [2 : i32], regLocales = [#sentient<reg_type lrf>]}{
          sentient.yield %89 : index
        } else{
          %711 = sentient.if sge, %arg2, %82 : index -> (index) {element_sizes = [16 : i32], regIndices = [2 : i32], regLocales = [#sentient<reg_type lrf>]}{
            sentient.yield %90 : index
          } else{
            %712 = sentient.if sge, %arg2, %6 : index -> (index) {element_sizes = [16 : i32], regIndices = [2 : i32], regLocales = [#sentient<reg_type lrf>]}{
              sentient.yield %91 : index
            } else{
              sentient.yield %92 : index
            }
            sentient.yield %712 : index
          }
          sentient.yield %711 : index
        }
        %709 = sentient.scalar_add %708, %128 {element_size = 16 : i32, regIndex = 2 : i32, regLocale = #sentient<reg_type lrf>} : index, index
        %710 = sentient.for %arg3 = %71 iter_args(%arg4 = %709) -> (index) {element_sizes = [-1 : i32, 16 : i32, 16 : i32], programHeader = [], regIndices = [1 : i32, 2 : i32, -1 : i32], regLocales = [#sentient<reg_type lccr>, #sentient<reg_type lrf>, #sentient<reg_type lrf>]}{
          %711 = sentient.receive_and_store mutable_addr(%arg4), immutable_addr(%123), increment(%123), producer(%410) {burst_size = 0 : i32, coalesce = false, dbgName = "c25-lxsu0-LE128DT-pe0-lx-19", element_size = 16 : i32, interleaved_group = 0 : i32, permute = false, regIndex = 2 : i32, regLocale = #sentient<reg_type lrf>, shuffle_mode = #sentient<shuffle_mode masked2b>, stride = 1 : i32, subword_length = 1 : i32, total_elements = 64 : i32} : index, index, index, index : index
          sentient.yield %711 : index
        }
      }
      sentient.sync {dbgName = "SSRF(MSSync #965, MSSync #966)", implicit_sync_memory_boundary = -1 : si32, mode = #sentient<sync_mode sendrecv>, soft = false, units = [#sentient<consumer_unit lxlu>, #sentient<consumer_unit l3su>]}
      sentient.sync {dbgName = "SSRF(MSSync #967, MSSync #968)", implicit_sync_memory_boundary = -1 : si32, mode = #sentient<sync_mode sendrecv>, soft = false, units = [#sentient<consumer_unit lxlu>, #sentient<consumer_unit l3su>]}
      sentient.for %arg2 = %2 {element_sizes = [-1 : i32], programHeader = [], regIndices = [0 : i32], regLocales = [#sentient<reg_type lccr>]}{
        %708 = sentient.if sge, %arg2, %2 : index -> (index) {element_sizes = [16 : i32], regIndices = [2 : i32], regLocales = [#sentient<reg_type lrf>]}{
          sentient.yield %93 : index
        } else{
          %711 = sentient.if sge, %arg2, %82 : index -> (index) {element_sizes = [16 : i32], regIndices = [2 : i32], regLocales = [#sentient<reg_type lrf>]}{
            sentient.yield %94 : index
          } else{
            %712 = sentient.if sge, %arg2, %6 : index -> (index) {element_sizes = [16 : i32], regIndices = [2 : i32], regLocales = [#sentient<reg_type lrf>]}{
              sentient.yield %95 : index
            } else{
              sentient.yield %96 : index
            }
            sentient.yield %712 : index
          }
          sentient.yield %711 : index
        }
        %709 = sentient.scalar_add %708, %128 {element_size = 16 : i32, regIndex = 2 : i32, regLocale = #sentient<reg_type lrf>} : index, index
        %710 = sentient.for %arg3 = %71 iter_args(%arg4 = %709) -> (index) {element_sizes = [-1 : i32, 16 : i32, 16 : i32], programHeader = [], regIndices = [1 : i32, 2 : i32, -1 : i32], regLocales = [#sentient<reg_type lccr>, #sentient<reg_type lrf>, #sentient<reg_type lrf>]}{
          %711 = sentient.receive_and_store mutable_addr(%arg4), immutable_addr(%123), increment(%123), producer(%410) {burst_size = 0 : i32, coalesce = false, dbgName = "c25-lxsu0-LE128DT-pe0-lx-21", element_size = 16 : i32, interleaved_group = 0 : i32, permute = false, regIndex = 2 : i32, regLocale = #sentient<reg_type lrf>, shuffle_mode = #sentient<shuffle_mode masked2b>, stride = 1 : i32, subword_length = 1 : i32, total_elements = 64 : i32} : index, index, index, index : index
          sentient.yield %711 : index
        }
      }
      sentient.sync {dbgName = "SSRF(MSSync #969, MSSync #970)", implicit_sync_memory_boundary = -1 : si32, mode = #sentient<sync_mode sendrecv>, soft = false, units = [#sentient<consumer_unit lxlu>, #sentient<consumer_unit l3su>]}
      %707 = sentient.for %arg2 = %6 iter_args(%arg3 = %701) -> (index) {element_sizes = [-1 : i32, 16 : i32, 16 : i32], programHeader = [], regIndices = [0 : i32, 0 : i32, -1 : i32], regLocales = [#sentient<reg_type lccr>, #sentient<reg_type lrf>, #sentient<reg_type lrf>]}{
        %708 = sentient.scalar_sub %124, %arg3 {element_size = 16 : i32, regIndex = 0 : i32, regLocale = #sentient<reg_type lrf>} : index, index
        %709 = sentient.scalar_add %708, %69 {element_size = 16 : i32, regIndex = 2 : i32, regLocale = #sentient<reg_type lrf>} : index, index
        %710 = sentient.for %arg4 = %74 iter_args(%arg5 = %709) -> (index) {element_sizes = [-1 : i32, 16 : i32, 16 : i32], programHeader = [], regIndices = [1 : i32, 2 : i32, -1 : i32], regLocales = [#sentient<reg_type lccr>, #sentient<reg_type lrf>, #sentient<reg_type lrf>]}{
          %711 = sentient.receive_and_store mutable_addr(%arg5), immutable_addr(%75), increment(%75), producer(%410) {burst_size = 0 : i32, coalesce = false, dbgName = "c25-lxsu0-ringDT-pe0-lx-0-22", element_size = 16 : i32, interleaved_group = 0 : i32, permute = false, regIndex = 2 : i32, regLocale = #sentient<reg_type lrf>, stride = 1 : i32, subword_length = 1 : i32, total_elements = 64 : i32} : index, index, index, index : index
          sentient.yield %711 : index
        }
        sentient.yield %708 : index
      }
      sentient.sync {dbgName = "SSRF(MSSync #971, MSSync #972)", implicit_sync_memory_boundary = -1 : si32, mode = #sentient<sync_mode sendrecv>, soft = false, units = [#sentient<consumer_unit lxlu>, #sentient<consumer_unit l3su>]}
      sentient.for %arg2 = %2 {element_sizes = [-1 : i32], programHeader = [], regIndices = [0 : i32], regLocales = [#sentient<reg_type lccr>]}{
        %708 = sentient.if sge, %arg2, %2 : index -> (index) {element_sizes = [16 : i32], regIndices = [0 : i32], regLocales = [#sentient<reg_type lrf>]}{
          sentient.yield %97 : index
        } else{
          %711 = sentient.if sge, %arg2, %82 : index -> (index) {element_sizes = [16 : i32], regIndices = [0 : i32], regLocales = [#sentient<reg_type lrf>]}{
            sentient.yield %98 : index
          } else{
            %712 = sentient.if sge, %arg2, %6 : index -> (index) {element_sizes = [16 : i32], regIndices = [0 : i32], regLocales = [#sentient<reg_type lrf>]}{
              sentient.yield %99 : index
            } else{
              sentient.yield %100 : index
            }
            sentient.yield %712 : index
          }
          sentient.yield %711 : index
        }
        %709 = sentient.scalar_add %708, %128 {element_size = 16 : i32, regIndex = 0 : i32, regLocale = #sentient<reg_type lrf>} : index, index
        %710 = sentient.for %arg3 = %71 iter_args(%arg4 = %709) -> (index) {element_sizes = [-1 : i32, 16 : i32, 16 : i32], programHeader = [], regIndices = [1 : i32, 0 : i32, -1 : i32], regLocales = [#sentient<reg_type lccr>, #sentient<reg_type lrf>, #sentient<reg_type lrf>]}{
          %711 = sentient.receive_and_store mutable_addr(%arg4), immutable_addr(%123), increment(%123), producer(%410) {burst_size = 0 : i32, coalesce = false, dbgName = "c25-lxsu0-LE128DT-pe0-lx-23", element_size = 16 : i32, interleaved_group = 0 : i32, permute = false, regIndex = 0 : i32, regLocale = #sentient<reg_type lrf>, shuffle_mode = #sentient<shuffle_mode masked2b>, stride = 1 : i32, subword_length = 1 : i32, total_elements = 64 : i32} : index, index, index, index : index
          sentient.yield %711 : index
        }
      }
      sentient.sync {dbgName = "SSRF(MSSync #973, MSSync #974)", implicit_sync_memory_boundary = -1 : si32, mode = #sentient<sync_mode sendrecv>, soft = false, units = [#sentient<consumer_unit lxlu>, #sentient<consumer_unit l3su>]}
      sentient.sync {dbgName = "SSRF(MSSync #975, MSSync #976)", implicit_sync_memory_boundary = -1 : si32, mode = #sentient<sync_mode sendrecv>, soft = false, units = [#sentient<consumer_unit lxlu>, #sentient<consumer_unit l3su>]}
      sentient.for %arg2 = %2 {element_sizes = [-1 : i32], programHeader = [], regIndices = [0 : i32], regLocales = [#sentient<reg_type lccr>]}{
        %708 = sentient.if sge, %arg2, %2 : index -> (index) {element_sizes = [16 : i32], regIndices = [0 : i32], regLocales = [#sentient<reg_type lrf>]}{
          sentient.yield %101 : index
        } else{
          %711 = sentient.if sge, %arg2, %82 : index -> (index) {element_sizes = [16 : i32], regIndices = [0 : i32], regLocales = [#sentient<reg_type lrf>]}{
            sentient.yield %102 : index
          } else{
            %712 = sentient.if sge, %arg2, %6 : index -> (index) {element_sizes = [16 : i32], regIndices = [0 : i32], regLocales = [#sentient<reg_type lrf>]}{
              sentient.yield %103 : index
            } else{
              sentient.yield %104 : index
            }
            sentient.yield %712 : index
          }
          sentient.yield %711 : index
        }
        %709 = sentient.scalar_add %708, %128 {element_size = 16 : i32, regIndex = 0 : i32, regLocale = #sentient<reg_type lrf>} : index, index
        %710 = sentient.for %arg3 = %71 iter_args(%arg4 = %709) -> (index) {element_sizes = [-1 : i32, 16 : i32, 16 : i32], programHeader = [], regIndices = [1 : i32, 0 : i32, -1 : i32], regLocales = [#sentient<reg_type lccr>, #sentient<reg_type lrf>, #sentient<reg_type lrf>]}{
          %711 = sentient.receive_and_store mutable_addr(%arg4), immutable_addr(%123), increment(%123), producer(%410) {burst_size = 0 : i32, coalesce = false, dbgName = "c25-lxsu0-LE128DT-pe0-lx-25", element_size = 16 : i32, interleaved_group = 0 : i32, permute = false, regIndex = 0 : i32, regLocale = #sentient<reg_type lrf>, shuffle_mode = #sentient<shuffle_mode masked2b>, stride = 1 : i32, subword_length = 1 : i32, total_elements = 64 : i32} : index, index, index, index : index
          sentient.yield %711 : index
        }
      }
      sentient.sync {dbgName = "SSRF(MSSync #977, MSSync #978)", implicit_sync_memory_boundary = -1 : si32, mode = #sentient<sync_mode sendrecv>, soft = false, units = [#sentient<consumer_unit lxlu>, #sentient<consumer_unit l3su>]}
      sentient.sync {dbgName = "SSRF(MSSync #979, MSSync #980)", implicit_sync_memory_boundary = -1 : si32, mode = #sentient<sync_mode sendrecv>, soft = false, units = [#sentient<consumer_unit lxlu>, #sentient<consumer_unit l3su>]}
      sentient.for %arg2 = %2 {element_sizes = [-1 : i32], programHeader = [], regIndices = [0 : i32], regLocales = [#sentient<reg_type lccr>]}{
        %708 = sentient.if sge, %arg2, %2 : index -> (index) {element_sizes = [16 : i32], regIndices = [0 : i32], regLocales = [#sentient<reg_type lrf>]}{
          sentient.yield %105 : index
        } else{
          %711 = sentient.if sge, %arg2, %82 : index -> (index) {element_sizes = [16 : i32], regIndices = [0 : i32], regLocales = [#sentient<reg_type lrf>]}{
            sentient.yield %106 : index
          } else{
            %712 = sentient.if sge, %arg2, %6 : index -> (index) {element_sizes = [16 : i32], regIndices = [0 : i32], regLocales = [#sentient<reg_type lrf>]}{
              sentient.yield %107 : index
            } else{
              sentient.yield %108 : index
            }
            sentient.yield %712 : index
          }
          sentient.yield %711 : index
        }
        %709 = sentient.scalar_add %708, %128 {element_size = 16 : i32, regIndex = 0 : i32, regLocale = #sentient<reg_type lrf>} : index, index
        %710 = sentient.for %arg3 = %71 iter_args(%arg4 = %709) -> (index) {element_sizes = [-1 : i32, 16 : i32, 16 : i32], programHeader = [], regIndices = [1 : i32, 0 : i32, -1 : i32], regLocales = [#sentient<reg_type lccr>, #sentient<reg_type lrf>, #sentient<reg_type lrf>]}{
          %711 = sentient.receive_and_store mutable_addr(%arg4), immutable_addr(%123), increment(%123), producer(%410) {burst_size = 0 : i32, coalesce = false, dbgName = "c25-lxsu0-LE128DT-pe0-lx-27", element_size = 16 : i32, interleaved_group = 0 : i32, permute = false, regIndex = 0 : i32, regLocale = #sentient<reg_type lrf>, shuffle_mode = #sentient<shuffle_mode masked2b>, stride = 1 : i32, subword_length = 1 : i32, total_elements = 64 : i32} : index, index, index, index : index
          sentient.yield %711 : index
        }
      }
      sentient.sync {dbgName = "SSRF(MSSync #981, MSSync #982)", implicit_sync_memory_boundary = -1 : si32, mode = #sentient<sync_mode sendrecv>, soft = false, units = [#sentient<consumer_unit lxlu>, #sentient<consumer_unit l3su>]}
      sentient.sync {dbgName = "SSRF(MSSync #983, MSSync #984)", implicit_sync_memory_boundary = -1 : si32, mode = #sentient<sync_mode sendrecv>, soft = false, units = [#sentient<consumer_unit lxlu>, #sentient<consumer_unit l3su>]}
      sentient.for %arg2 = %2 {element_sizes = [-1 : i32], programHeader = [], regIndices = [0 : i32], regLocales = [#sentient<reg_type lccr>]}{
        %708 = sentient.if sge, %arg2, %2 : index -> (index) {element_sizes = [16 : i32], regIndices = [0 : i32], regLocales = [#sentient<reg_type lrf>]}{
          sentient.yield %109 : index
        } else{
          %711 = sentient.if sge, %arg2, %82 : index -> (index) {element_sizes = [16 : i32], regIndices = [0 : i32], regLocales = [#sentient<reg_type lrf>]}{
            sentient.yield %110 : index
          } else{
            %712 = sentient.if sge, %arg2, %6 : index -> (index) {element_sizes = [16 : i32], regIndices = [0 : i32], regLocales = [#sentient<reg_type lrf>]}{
              sentient.yield %111 : index
            } else{
              sentient.yield %112 : index
            }
            sentient.yield %712 : index
          }
          sentient.yield %711 : index
        }
        %709 = sentient.scalar_add %708, %128 {element_size = 16 : i32, regIndex = 0 : i32, regLocale = #sentient<reg_type lrf>} : index, index
        %710 = sentient.for %arg3 = %71 iter_args(%arg4 = %709) -> (index) {element_sizes = [-1 : i32, 16 : i32, 16 : i32], programHeader = [], regIndices = [1 : i32, 0 : i32, -1 : i32], regLocales = [#sentient<reg_type lccr>, #sentient<reg_type lrf>, #sentient<reg_type lrf>]}{
          %711 = sentient.receive_and_store mutable_addr(%arg4), immutable_addr(%123), increment(%123), producer(%410) {burst_size = 0 : i32, coalesce = false, dbgName = "c25-lxsu0-LE128DT-pe0-lx-29", element_size = 16 : i32, interleaved_group = 0 : i32, permute = false, regIndex = 0 : i32, regLocale = #sentient<reg_type lrf>, shuffle_mode = #sentient<shuffle_mode masked2b>, stride = 1 : i32, subword_length = 1 : i32, total_elements = 64 : i32} : index, index, index, index : index
          sentient.yield %711 : index
        }
      }
      sentient.sync {dbgName = "SSRF(MSSync #985, MSSync #986)", implicit_sync_memory_boundary = -1 : si32, mode = #sentient<sync_mode sendrecv>, soft = false, units = [#sentient<consumer_unit lxlu>, #sentient<consumer_unit l3su>]}
      uniform.yield
    }
    (%arg1 -> %571){
      sentient.sync {dbgName = "SSRF(MSSync #987, MSSync #988)", implicit_sync_memory_boundary = -1 : si32, mode = #sentient<sync_mode sendrecv>, soft = false, units = [#sentient<consumer_unit lxlu>, #sentient<consumer_unit l3su>]}
      uniform.yield
    }
    (%arg1 -> %572){
      sentient.sync {dbgName = "SSRF(MSSync #989, MSSync #990)", implicit_sync_memory_boundary = -1 : si32, mode = #sentient<sync_mode sendrecv>, soft = false, units = [#sentient<consumer_unit lxlu>, #sentient<consumer_unit l3su>]}
      sentient.for %arg2 = %2 {element_sizes = [-1 : i32], programHeader = [], regIndices = [0 : i32], regLocales = [#sentient<reg_type lccr>]}{
        %708 = sentient.if sge, %arg2, %2 : index -> (index) {element_sizes = [16 : i32], regIndices = [2 : i32], regLocales = [#sentient<reg_type lrf>]}{
          sentient.yield %80 : index
        } else{
          %711 = sentient.if sge, %arg2, %82 : index -> (index) {element_sizes = [16 : i32], regIndices = [2 : i32], regLocales = [#sentient<reg_type lrf>]}{
            sentient.yield %81 : index
          } else{
            %712 = sentient.if sge, %arg2, %6 : index -> (index) {element_sizes = [16 : i32], regIndices = [2 : i32], regLocales = [#sentient<reg_type lrf>]}{
              sentient.yield %83 : index
            } else{
              sentient.yield %84 : index
            }
            sentient.yield %712 : index
          }
          sentient.yield %711 : index
        }
        %709 = sentient.scalar_add %708, %128 {element_size = 16 : i32, regIndex = 2 : i32, regLocale = #sentient<reg_type lrf>} : index, index
        %710 = sentient.for %arg3 = %71 iter_args(%arg4 = %709) -> (index) {element_sizes = [-1 : i32, 16 : i32, 16 : i32], programHeader = [], regIndices = [1 : i32, 2 : i32, -1 : i32], regLocales = [#sentient<reg_type lccr>, #sentient<reg_type lrf>, #sentient<reg_type lrf>]}{
          %711 = sentient.receive_and_store mutable_addr(%arg4), immutable_addr(%123), increment(%123), producer(%412) {burst_size = 0 : i32, coalesce = false, dbgName = "c27-lxsu0-LE128DT-pe0-lx-15", element_size = 16 : i32, interleaved_group = 0 : i32, permute = false, regIndex = 2 : i32, regLocale = #sentient<reg_type lrf>, shuffle_mode = #sentient<shuffle_mode masked2b>, stride = 1 : i32, subword_length = 1 : i32, total_elements = 64 : i32} : index, index, index, index : index
          sentient.yield %711 : index
        }
      }
      sentient.sync {dbgName = "SSRF(MSSync #991, MSSync #992)", implicit_sync_memory_boundary = -1 : si32, mode = #sentient<sync_mode sendrecv>, soft = false, units = [#sentient<consumer_unit lxlu>, #sentient<consumer_unit l3su>]}
      sentient.sync {dbgName = "SSRF(MSSync #993, MSSync #994)", implicit_sync_memory_boundary = -1 : si32, mode = #sentient<sync_mode sendrecv>, soft = false, units = [#sentient<consumer_unit lxlu>, #sentient<consumer_unit l3su>]}
      sentient.for %arg2 = %2 {element_sizes = [-1 : i32], programHeader = [], regIndices = [0 : i32], regLocales = [#sentient<reg_type lccr>]}{
        %708 = sentient.if sge, %arg2, %2 : index -> (index) {element_sizes = [16 : i32], regIndices = [2 : i32], regLocales = [#sentient<reg_type lrf>]}{
          sentient.yield %85 : index
        } else{
          %711 = sentient.if sge, %arg2, %82 : index -> (index) {element_sizes = [16 : i32], regIndices = [2 : i32], regLocales = [#sentient<reg_type lrf>]}{
            sentient.yield %86 : index
          } else{
            %712 = sentient.if sge, %arg2, %6 : index -> (index) {element_sizes = [16 : i32], regIndices = [2 : i32], regLocales = [#sentient<reg_type lrf>]}{
              sentient.yield %87 : index
            } else{
              sentient.yield %88 : index
            }
            sentient.yield %712 : index
          }
          sentient.yield %711 : index
        }
        %709 = sentient.scalar_add %708, %128 {element_size = 16 : i32, regIndex = 2 : i32, regLocale = #sentient<reg_type lrf>} : index, index
        %710 = sentient.for %arg3 = %71 iter_args(%arg4 = %709) -> (index) {element_sizes = [-1 : i32, 16 : i32, 16 : i32], programHeader = [], regIndices = [1 : i32, 2 : i32, -1 : i32], regLocales = [#sentient<reg_type lccr>, #sentient<reg_type lrf>, #sentient<reg_type lrf>]}{
          %711 = sentient.receive_and_store mutable_addr(%arg4), immutable_addr(%123), increment(%123), producer(%412) {burst_size = 0 : i32, coalesce = false, dbgName = "c27-lxsu0-LE128DT-pe0-lx-17", element_size = 16 : i32, interleaved_group = 0 : i32, permute = false, regIndex = 2 : i32, regLocale = #sentient<reg_type lrf>, shuffle_mode = #sentient<shuffle_mode masked2b>, stride = 1 : i32, subword_length = 1 : i32, total_elements = 64 : i32} : index, index, index, index : index
          sentient.yield %711 : index
        }
      }
      sentient.sync {dbgName = "SSRF(MSSync #995, MSSync #996)", implicit_sync_memory_boundary = -1 : si32, mode = #sentient<sync_mode sendrecv>, soft = false, units = [#sentient<consumer_unit lxlu>, #sentient<consumer_unit l3su>]}
      sentient.sync {dbgName = "SSRF(MSSync #997, MSSync #998)", implicit_sync_memory_boundary = -1 : si32, mode = #sentient<sync_mode sendrecv>, soft = false, units = [#sentient<consumer_unit lxlu>, #sentient<consumer_unit l3su>]}
      sentient.for %arg2 = %2 {element_sizes = [-1 : i32], programHeader = [], regIndices = [0 : i32], regLocales = [#sentient<reg_type lccr>]}{
        %708 = sentient.if sge, %arg2, %2 : index -> (index) {element_sizes = [16 : i32], regIndices = [2 : i32], regLocales = [#sentient<reg_type lrf>]}{
          sentient.yield %89 : index
        } else{
          %711 = sentient.if sge, %arg2, %82 : index -> (index) {element_sizes = [16 : i32], regIndices = [2 : i32], regLocales = [#sentient<reg_type lrf>]}{
            sentient.yield %90 : index
          } else{
            %712 = sentient.if sge, %arg2, %6 : index -> (index) {element_sizes = [16 : i32], regIndices = [2 : i32], regLocales = [#sentient<reg_type lrf>]}{
              sentient.yield %91 : index
            } else{
              sentient.yield %92 : index
            }
            sentient.yield %712 : index
          }
          sentient.yield %711 : index
        }
        %709 = sentient.scalar_add %708, %128 {element_size = 16 : i32, regIndex = 2 : i32, regLocale = #sentient<reg_type lrf>} : index, index
        %710 = sentient.for %arg3 = %71 iter_args(%arg4 = %709) -> (index) {element_sizes = [-1 : i32, 16 : i32, 16 : i32], programHeader = [], regIndices = [1 : i32, 2 : i32, -1 : i32], regLocales = [#sentient<reg_type lccr>, #sentient<reg_type lrf>, #sentient<reg_type lrf>]}{
          %711 = sentient.receive_and_store mutable_addr(%arg4), immutable_addr(%123), increment(%123), producer(%412) {burst_size = 0 : i32, coalesce = false, dbgName = "c27-lxsu0-LE128DT-pe0-lx-19", element_size = 16 : i32, interleaved_group = 0 : i32, permute = false, regIndex = 2 : i32, regLocale = #sentient<reg_type lrf>, shuffle_mode = #sentient<shuffle_mode masked2b>, stride = 1 : i32, subword_length = 1 : i32, total_elements = 64 : i32} : index, index, index, index : index
          sentient.yield %711 : index
        }
      }
      sentient.sync {dbgName = "SSRF(MSSync #999, MSSync #1000)", implicit_sync_memory_boundary = -1 : si32, mode = #sentient<sync_mode sendrecv>, soft = false, units = [#sentient<consumer_unit lxlu>, #sentient<consumer_unit l3su>]}
      sentient.sync {dbgName = "SSRF(MSSync #1001, MSSync #1002)", implicit_sync_memory_boundary = -1 : si32, mode = #sentient<sync_mode sendrecv>, soft = false, units = [#sentient<consumer_unit lxlu>, #sentient<consumer_unit l3su>]}
      sentient.for %arg2 = %2 {element_sizes = [-1 : i32], programHeader = [], regIndices = [0 : i32], regLocales = [#sentient<reg_type lccr>]}{
        %708 = sentient.if sge, %arg2, %2 : index -> (index) {element_sizes = [16 : i32], regIndices = [2 : i32], regLocales = [#sentient<reg_type lrf>]}{
          sentient.yield %93 : index
        } else{
          %711 = sentient.if sge, %arg2, %82 : index -> (index) {element_sizes = [16 : i32], regIndices = [2 : i32], regLocales = [#sentient<reg_type lrf>]}{
            sentient.yield %94 : index
          } else{
            %712 = sentient.if sge, %arg2, %6 : index -> (index) {element_sizes = [16 : i32], regIndices = [2 : i32], regLocales = [#sentient<reg_type lrf>]}{
              sentient.yield %95 : index
            } else{
              sentient.yield %96 : index
            }
            sentient.yield %712 : index
          }
          sentient.yield %711 : index
        }
        %709 = sentient.scalar_add %708, %128 {element_size = 16 : i32, regIndex = 2 : i32, regLocale = #sentient<reg_type lrf>} : index, index
        %710 = sentient.for %arg3 = %71 iter_args(%arg4 = %709) -> (index) {element_sizes = [-1 : i32, 16 : i32, 16 : i32], programHeader = [], regIndices = [1 : i32, 2 : i32, -1 : i32], regLocales = [#sentient<reg_type lccr>, #sentient<reg_type lrf>, #sentient<reg_type lrf>]}{
          %711 = sentient.receive_and_store mutable_addr(%arg4), immutable_addr(%123), increment(%123), producer(%412) {burst_size = 0 : i32, coalesce = false, dbgName = "c27-lxsu0-LE128DT-pe0-lx-21", element_size = 16 : i32, interleaved_group = 0 : i32, permute = false, regIndex = 2 : i32, regLocale = #sentient<reg_type lrf>, shuffle_mode = #sentient<shuffle_mode masked2b>, stride = 1 : i32, subword_length = 1 : i32, total_elements = 64 : i32} : index, index, index, index : index
          sentient.yield %711 : index
        }
      }
      sentient.sync {dbgName = "SSRF(MSSync #1003, MSSync #1004)", implicit_sync_memory_boundary = -1 : si32, mode = #sentient<sync_mode sendrecv>, soft = false, units = [#sentient<consumer_unit lxlu>, #sentient<consumer_unit l3su>]}
      sentient.sync {dbgName = "SSRF(MSSync #1005, MSSync #1006)", implicit_sync_memory_boundary = -1 : si32, mode = #sentient<sync_mode sendrecv>, soft = false, units = [#sentient<consumer_unit lxlu>, #sentient<consumer_unit l3su>]}
      sentient.for %arg2 = %2 {element_sizes = [-1 : i32], programHeader = [], regIndices = [0 : i32], regLocales = [#sentient<reg_type lccr>]}{
        %708 = sentient.if sge, %arg2, %2 : index -> (index) {element_sizes = [16 : i32], regIndices = [2 : i32], regLocales = [#sentient<reg_type lrf>]}{
          sentient.yield %97 : index
        } else{
          %711 = sentient.if sge, %arg2, %82 : index -> (index) {element_sizes = [16 : i32], regIndices = [2 : i32], regLocales = [#sentient<reg_type lrf>]}{
            sentient.yield %98 : index
          } else{
            %712 = sentient.if sge, %arg2, %6 : index -> (index) {element_sizes = [16 : i32], regIndices = [2 : i32], regLocales = [#sentient<reg_type lrf>]}{
              sentient.yield %99 : index
            } else{
              sentient.yield %100 : index
            }
            sentient.yield %712 : index
          }
          sentient.yield %711 : index
        }
        %709 = sentient.scalar_add %708, %128 {element_size = 16 : i32, regIndex = 2 : i32, regLocale = #sentient<reg_type lrf>} : index, index
        %710 = sentient.for %arg3 = %71 iter_args(%arg4 = %709) -> (index) {element_sizes = [-1 : i32, 16 : i32, 16 : i32], programHeader = [], regIndices = [1 : i32, 2 : i32, -1 : i32], regLocales = [#sentient<reg_type lccr>, #sentient<reg_type lrf>, #sentient<reg_type lrf>]}{
          %711 = sentient.receive_and_store mutable_addr(%arg4), immutable_addr(%123), increment(%123), producer(%412) {burst_size = 0 : i32, coalesce = false, dbgName = "c27-lxsu0-LE128DT-pe0-lx-23", element_size = 16 : i32, interleaved_group = 0 : i32, permute = false, regIndex = 2 : i32, regLocale = #sentient<reg_type lrf>, shuffle_mode = #sentient<shuffle_mode masked2b>, stride = 1 : i32, subword_length = 1 : i32, total_elements = 64 : i32} : index, index, index, index : index
          sentient.yield %711 : index
        }
      }
      sentient.sync {dbgName = "SSRF(MSSync #1007, MSSync #1008)", implicit_sync_memory_boundary = -1 : si32, mode = #sentient<sync_mode sendrecv>, soft = false, units = [#sentient<consumer_unit lxlu>, #sentient<consumer_unit l3su>]}
      %707 = sentient.for %arg2 = %6 iter_args(%arg3 = %701) -> (index) {element_sizes = [-1 : i32, 16 : i32, 16 : i32], programHeader = [], regIndices = [0 : i32, 0 : i32, -1 : i32], regLocales = [#sentient<reg_type lccr>, #sentient<reg_type lrf>, #sentient<reg_type lrf>]}{
        %708 = sentient.scalar_sub %124, %arg3 {element_size = 16 : i32, regIndex = 0 : i32, regLocale = #sentient<reg_type lrf>} : index, index
        %709 = sentient.scalar_add %708, %69 {element_size = 16 : i32, regIndex = 2 : i32, regLocale = #sentient<reg_type lrf>} : index, index
        %710 = sentient.for %arg4 = %74 iter_args(%arg5 = %709) -> (index) {element_sizes = [-1 : i32, 16 : i32, 16 : i32], programHeader = [], regIndices = [1 : i32, 2 : i32, -1 : i32], regLocales = [#sentient<reg_type lccr>, #sentient<reg_type lrf>, #sentient<reg_type lrf>]}{
          %711 = sentient.receive_and_store mutable_addr(%arg5), immutable_addr(%75), increment(%75), producer(%412) {burst_size = 0 : i32, coalesce = false, dbgName = "c27-lxsu0-ringDT-pe0-lx-0-24", element_size = 16 : i32, interleaved_group = 0 : i32, permute = false, regIndex = 2 : i32, regLocale = #sentient<reg_type lrf>, stride = 1 : i32, subword_length = 1 : i32, total_elements = 64 : i32} : index, index, index, index : index
          sentient.yield %711 : index
        }
        sentient.yield %708 : index
      }
      sentient.sync {dbgName = "SSRF(MSSync #1009, MSSync #1010)", implicit_sync_memory_boundary = -1 : si32, mode = #sentient<sync_mode sendrecv>, soft = false, units = [#sentient<consumer_unit lxlu>, #sentient<consumer_unit l3su>]}
      sentient.for %arg2 = %2 {element_sizes = [-1 : i32], programHeader = [], regIndices = [0 : i32], regLocales = [#sentient<reg_type lccr>]}{
        %708 = sentient.if sge, %arg2, %2 : index -> (index) {element_sizes = [16 : i32], regIndices = [0 : i32], regLocales = [#sentient<reg_type lrf>]}{
          sentient.yield %101 : index
        } else{
          %711 = sentient.if sge, %arg2, %82 : index -> (index) {element_sizes = [16 : i32], regIndices = [0 : i32], regLocales = [#sentient<reg_type lrf>]}{
            sentient.yield %102 : index
          } else{
            %712 = sentient.if sge, %arg2, %6 : index -> (index) {element_sizes = [16 : i32], regIndices = [0 : i32], regLocales = [#sentient<reg_type lrf>]}{
              sentient.yield %103 : index
            } else{
              sentient.yield %104 : index
            }
            sentient.yield %712 : index
          }
          sentient.yield %711 : index
        }
        %709 = sentient.scalar_add %708, %128 {element_size = 16 : i32, regIndex = 0 : i32, regLocale = #sentient<reg_type lrf>} : index, index
        %710 = sentient.for %arg3 = %71 iter_args(%arg4 = %709) -> (index) {element_sizes = [-1 : i32, 16 : i32, 16 : i32], programHeader = [], regIndices = [1 : i32, 0 : i32, -1 : i32], regLocales = [#sentient<reg_type lccr>, #sentient<reg_type lrf>, #sentient<reg_type lrf>]}{
          %711 = sentient.receive_and_store mutable_addr(%arg4), immutable_addr(%123), increment(%123), producer(%412) {burst_size = 0 : i32, coalesce = false, dbgName = "c27-lxsu0-LE128DT-pe0-lx-25", element_size = 16 : i32, interleaved_group = 0 : i32, permute = false, regIndex = 0 : i32, regLocale = #sentient<reg_type lrf>, shuffle_mode = #sentient<shuffle_mode masked2b>, stride = 1 : i32, subword_length = 1 : i32, total_elements = 64 : i32} : index, index, index, index : index
          sentient.yield %711 : index
        }
      }
      sentient.sync {dbgName = "SSRF(MSSync #1011, MSSync #1012)", implicit_sync_memory_boundary = -1 : si32, mode = #sentient<sync_mode sendrecv>, soft = false, units = [#sentient<consumer_unit lxlu>, #sentient<consumer_unit l3su>]}
      sentient.sync {dbgName = "SSRF(MSSync #1013, MSSync #1014)", implicit_sync_memory_boundary = -1 : si32, mode = #sentient<sync_mode sendrecv>, soft = false, units = [#sentient<consumer_unit lxlu>, #sentient<consumer_unit l3su>]}
      sentient.for %arg2 = %2 {element_sizes = [-1 : i32], programHeader = [], regIndices = [0 : i32], regLocales = [#sentient<reg_type lccr>]}{
        %708 = sentient.if sge, %arg2, %2 : index -> (index) {element_sizes = [16 : i32], regIndices = [0 : i32], regLocales = [#sentient<reg_type lrf>]}{
          sentient.yield %105 : index
        } else{
          %711 = sentient.if sge, %arg2, %82 : index -> (index) {element_sizes = [16 : i32], regIndices = [0 : i32], regLocales = [#sentient<reg_type lrf>]}{
            sentient.yield %106 : index
          } else{
            %712 = sentient.if sge, %arg2, %6 : index -> (index) {element_sizes = [16 : i32], regIndices = [0 : i32], regLocales = [#sentient<reg_type lrf>]}{
              sentient.yield %107 : index
            } else{
              sentient.yield %108 : index
            }
            sentient.yield %712 : index
          }
          sentient.yield %711 : index
        }
        %709 = sentient.scalar_add %708, %128 {element_size = 16 : i32, regIndex = 0 : i32, regLocale = #sentient<reg_type lrf>} : index, index
        %710 = sentient.for %arg3 = %71 iter_args(%arg4 = %709) -> (index) {element_sizes = [-1 : i32, 16 : i32, 16 : i32], programHeader = [], regIndices = [1 : i32, 0 : i32, -1 : i32], regLocales = [#sentient<reg_type lccr>, #sentient<reg_type lrf>, #sentient<reg_type lrf>]}{
          %711 = sentient.receive_and_store mutable_addr(%arg4), immutable_addr(%123), increment(%123), producer(%412) {burst_size = 0 : i32, coalesce = false, dbgName = "c27-lxsu0-LE128DT-pe0-lx-27", element_size = 16 : i32, interleaved_group = 0 : i32, permute = false, regIndex = 0 : i32, regLocale = #sentient<reg_type lrf>, shuffle_mode = #sentient<shuffle_mode masked2b>, stride = 1 : i32, subword_length = 1 : i32, total_elements = 64 : i32} : index, index, index, index : index
          sentient.yield %711 : index
        }
      }
      sentient.sync {dbgName = "SSRF(MSSync #1015, MSSync #1016)", implicit_sync_memory_boundary = -1 : si32, mode = #sentient<sync_mode sendrecv>, soft = false, units = [#sentient<consumer_unit lxlu>, #sentient<consumer_unit l3su>]}
      sentient.sync {dbgName = "SSRF(MSSync #1017, MSSync #1018)", implicit_sync_memory_boundary = -1 : si32, mode = #sentient<sync_mode sendrecv>, soft = false, units = [#sentient<consumer_unit lxlu>, #sentient<consumer_unit l3su>]}
      sentient.for %arg2 = %2 {element_sizes = [-1 : i32], programHeader = [], regIndices = [0 : i32], regLocales = [#sentient<reg_type lccr>]}{
        %708 = sentient.if sge, %arg2, %2 : index -> (index) {element_sizes = [16 : i32], regIndices = [0 : i32], regLocales = [#sentient<reg_type lrf>]}{
          sentient.yield %109 : index
        } else{
          %711 = sentient.if sge, %arg2, %82 : index -> (index) {element_sizes = [16 : i32], regIndices = [0 : i32], regLocales = [#sentient<reg_type lrf>]}{
            sentient.yield %110 : index
          } else{
            %712 = sentient.if sge, %arg2, %6 : index -> (index) {element_sizes = [16 : i32], regIndices = [0 : i32], regLocales = [#sentient<reg_type lrf>]}{
              sentient.yield %111 : index
            } else{
              sentient.yield %112 : index
            }
            sentient.yield %712 : index
          }
          sentient.yield %711 : index
        }
        %709 = sentient.scalar_add %708, %128 {element_size = 16 : i32, regIndex = 0 : i32, regLocale = #sentient<reg_type lrf>} : index, index
        %710 = sentient.for %arg3 = %71 iter_args(%arg4 = %709) -> (index) {element_sizes = [-1 : i32, 16 : i32, 16 : i32], programHeader = [], regIndices = [1 : i32, 0 : i32, -1 : i32], regLocales = [#sentient<reg_type lccr>, #sentient<reg_type lrf>, #sentient<reg_type lrf>]}{
          %711 = sentient.receive_and_store mutable_addr(%arg4), immutable_addr(%123), increment(%123), producer(%412) {burst_size = 0 : i32, coalesce = false, dbgName = "c27-lxsu0-LE128DT-pe0-lx-29", element_size = 16 : i32, interleaved_group = 0 : i32, permute = false, regIndex = 0 : i32, regLocale = #sentient<reg_type lrf>, shuffle_mode = #sentient<shuffle_mode masked2b>, stride = 1 : i32, subword_length = 1 : i32, total_elements = 64 : i32} : index, index, index, index : index
          sentient.yield %711 : index
        }
      }
      sentient.sync {dbgName = "SSRF(MSSync #1019, MSSync #1020)", implicit_sync_memory_boundary = -1 : si32, mode = #sentient<sync_mode sendrecv>, soft = false, units = [#sentient<consumer_unit lxlu>, #sentient<consumer_unit l3su>]}
      uniform.yield
    }
    (%arg1 -> %573){
      sentient.sync {dbgName = "SSRF(MSSync #1021, MSSync #1022)", implicit_sync_memory_boundary = -1 : si32, mode = #sentient<sync_mode sendrecv>, soft = false, units = [#sentient<consumer_unit lxlu>, #sentient<consumer_unit l3su>]}
      uniform.yield
    }
    (%arg1 -> %574){
      sentient.sync {dbgName = "SSRF(MSSync #1023, MSSync #1024)", implicit_sync_memory_boundary = -1 : si32, mode = #sentient<sync_mode sendrecv>, soft = false, units = [#sentient<consumer_unit lxlu>, #sentient<consumer_unit l3su>]}
      sentient.for %arg2 = %2 {element_sizes = [-1 : i32], programHeader = [], regIndices = [0 : i32], regLocales = [#sentient<reg_type lccr>]}{
        %708 = sentient.if sge, %arg2, %2 : index -> (index) {element_sizes = [16 : i32], regIndices = [2 : i32], regLocales = [#sentient<reg_type lrf>]}{
          sentient.yield %80 : index
        } else{
          %711 = sentient.if sge, %arg2, %82 : index -> (index) {element_sizes = [16 : i32], regIndices = [2 : i32], regLocales = [#sentient<reg_type lrf>]}{
            sentient.yield %81 : index
          } else{
            %712 = sentient.if sge, %arg2, %6 : index -> (index) {element_sizes = [16 : i32], regIndices = [2 : i32], regLocales = [#sentient<reg_type lrf>]}{
              sentient.yield %83 : index
            } else{
              sentient.yield %84 : index
            }
            sentient.yield %712 : index
          }
          sentient.yield %711 : index
        }
        %709 = sentient.scalar_add %708, %128 {element_size = 16 : i32, regIndex = 2 : i32, regLocale = #sentient<reg_type lrf>} : index, index
        %710 = sentient.for %arg3 = %71 iter_args(%arg4 = %709) -> (index) {element_sizes = [-1 : i32, 16 : i32, 16 : i32], programHeader = [], regIndices = [1 : i32, 2 : i32, -1 : i32], regLocales = [#sentient<reg_type lccr>, #sentient<reg_type lrf>, #sentient<reg_type lrf>]}{
          %711 = sentient.receive_and_store mutable_addr(%arg4), immutable_addr(%123), increment(%123), producer(%414) {burst_size = 0 : i32, coalesce = false, dbgName = "c29-lxsu0-LE128DT-pe0-lx-15", element_size = 16 : i32, interleaved_group = 0 : i32, permute = false, regIndex = 2 : i32, regLocale = #sentient<reg_type lrf>, shuffle_mode = #sentient<shuffle_mode masked2b>, stride = 1 : i32, subword_length = 1 : i32, total_elements = 64 : i32} : index, index, index, index : index
          sentient.yield %711 : index
        }
      }
      sentient.sync {dbgName = "SSRF(MSSync #1025, MSSync #1026)", implicit_sync_memory_boundary = -1 : si32, mode = #sentient<sync_mode sendrecv>, soft = false, units = [#sentient<consumer_unit lxlu>, #sentient<consumer_unit l3su>]}
      sentient.sync {dbgName = "SSRF(MSSync #1027, MSSync #1028)", implicit_sync_memory_boundary = -1 : si32, mode = #sentient<sync_mode sendrecv>, soft = false, units = [#sentient<consumer_unit lxlu>, #sentient<consumer_unit l3su>]}
      sentient.for %arg2 = %2 {element_sizes = [-1 : i32], programHeader = [], regIndices = [0 : i32], regLocales = [#sentient<reg_type lccr>]}{
        %708 = sentient.if sge, %arg2, %2 : index -> (index) {element_sizes = [16 : i32], regIndices = [2 : i32], regLocales = [#sentient<reg_type lrf>]}{
          sentient.yield %85 : index
        } else{
          %711 = sentient.if sge, %arg2, %82 : index -> (index) {element_sizes = [16 : i32], regIndices = [2 : i32], regLocales = [#sentient<reg_type lrf>]}{
            sentient.yield %86 : index
          } else{
            %712 = sentient.if sge, %arg2, %6 : index -> (index) {element_sizes = [16 : i32], regIndices = [2 : i32], regLocales = [#sentient<reg_type lrf>]}{
              sentient.yield %87 : index
            } else{
              sentient.yield %88 : index
            }
            sentient.yield %712 : index
          }
          sentient.yield %711 : index
        }
        %709 = sentient.scalar_add %708, %128 {element_size = 16 : i32, regIndex = 2 : i32, regLocale = #sentient<reg_type lrf>} : index, index
        %710 = sentient.for %arg3 = %71 iter_args(%arg4 = %709) -> (index) {element_sizes = [-1 : i32, 16 : i32, 16 : i32], programHeader = [], regIndices = [1 : i32, 2 : i32, -1 : i32], regLocales = [#sentient<reg_type lccr>, #sentient<reg_type lrf>, #sentient<reg_type lrf>]}{
          %711 = sentient.receive_and_store mutable_addr(%arg4), immutable_addr(%123), increment(%123), producer(%414) {burst_size = 0 : i32, coalesce = false, dbgName = "c29-lxsu0-LE128DT-pe0-lx-17", element_size = 16 : i32, interleaved_group = 0 : i32, permute = false, regIndex = 2 : i32, regLocale = #sentient<reg_type lrf>, shuffle_mode = #sentient<shuffle_mode masked2b>, stride = 1 : i32, subword_length = 1 : i32, total_elements = 64 : i32} : index, index, index, index : index
          sentient.yield %711 : index
        }
      }
      sentient.sync {dbgName = "SSRF(MSSync #1029, MSSync #1030)", implicit_sync_memory_boundary = -1 : si32, mode = #sentient<sync_mode sendrecv>, soft = false, units = [#sentient<consumer_unit lxlu>, #sentient<consumer_unit l3su>]}
      sentient.sync {dbgName = "SSRF(MSSync #1031, MSSync #1032)", implicit_sync_memory_boundary = -1 : si32, mode = #sentient<sync_mode sendrecv>, soft = false, units = [#sentient<consumer_unit lxlu>, #sentient<consumer_unit l3su>]}
      sentient.for %arg2 = %2 {element_sizes = [-1 : i32], programHeader = [], regIndices = [0 : i32], regLocales = [#sentient<reg_type lccr>]}{
        %708 = sentient.if sge, %arg2, %2 : index -> (index) {element_sizes = [16 : i32], regIndices = [2 : i32], regLocales = [#sentient<reg_type lrf>]}{
          sentient.yield %89 : index
        } else{
          %711 = sentient.if sge, %arg2, %82 : index -> (index) {element_sizes = [16 : i32], regIndices = [2 : i32], regLocales = [#sentient<reg_type lrf>]}{
            sentient.yield %90 : index
          } else{
            %712 = sentient.if sge, %arg2, %6 : index -> (index) {element_sizes = [16 : i32], regIndices = [2 : i32], regLocales = [#sentient<reg_type lrf>]}{
              sentient.yield %91 : index
            } else{
              sentient.yield %92 : index
            }
            sentient.yield %712 : index
          }
          sentient.yield %711 : index
        }
        %709 = sentient.scalar_add %708, %128 {element_size = 16 : i32, regIndex = 2 : i32, regLocale = #sentient<reg_type lrf>} : index, index
        %710 = sentient.for %arg3 = %71 iter_args(%arg4 = %709) -> (index) {element_sizes = [-1 : i32, 16 : i32, 16 : i32], programHeader = [], regIndices = [1 : i32, 2 : i32, -1 : i32], regLocales = [#sentient<reg_type lccr>, #sentient<reg_type lrf>, #sentient<reg_type lrf>]}{
          %711 = sentient.receive_and_store mutable_addr(%arg4), immutable_addr(%123), increment(%123), producer(%414) {burst_size = 0 : i32, coalesce = false, dbgName = "c29-lxsu0-LE128DT-pe0-lx-19", element_size = 16 : i32, interleaved_group = 0 : i32, permute = false, regIndex = 2 : i32, regLocale = #sentient<reg_type lrf>, shuffle_mode = #sentient<shuffle_mode masked2b>, stride = 1 : i32, subword_length = 1 : i32, total_elements = 64 : i32} : index, index, index, index : index
          sentient.yield %711 : index
        }
      }
      sentient.sync {dbgName = "SSRF(MSSync #1033, MSSync #1034)", implicit_sync_memory_boundary = -1 : si32, mode = #sentient<sync_mode sendrecv>, soft = false, units = [#sentient<consumer_unit lxlu>, #sentient<consumer_unit l3su>]}
      sentient.sync {dbgName = "SSRF(MSSync #1035, MSSync #1036)", implicit_sync_memory_boundary = -1 : si32, mode = #sentient<sync_mode sendrecv>, soft = false, units = [#sentient<consumer_unit lxlu>, #sentient<consumer_unit l3su>]}
      sentient.for %arg2 = %2 {element_sizes = [-1 : i32], programHeader = [], regIndices = [0 : i32], regLocales = [#sentient<reg_type lccr>]}{
        %708 = sentient.if sge, %arg2, %2 : index -> (index) {element_sizes = [16 : i32], regIndices = [2 : i32], regLocales = [#sentient<reg_type lrf>]}{
          sentient.yield %93 : index
        } else{
          %711 = sentient.if sge, %arg2, %82 : index -> (index) {element_sizes = [16 : i32], regIndices = [2 : i32], regLocales = [#sentient<reg_type lrf>]}{
            sentient.yield %94 : index
          } else{
            %712 = sentient.if sge, %arg2, %6 : index -> (index) {element_sizes = [16 : i32], regIndices = [2 : i32], regLocales = [#sentient<reg_type lrf>]}{
              sentient.yield %95 : index
            } else{
              sentient.yield %96 : index
            }
            sentient.yield %712 : index
          }
          sentient.yield %711 : index
        }
        %709 = sentient.scalar_add %708, %128 {element_size = 16 : i32, regIndex = 2 : i32, regLocale = #sentient<reg_type lrf>} : index, index
        %710 = sentient.for %arg3 = %71 iter_args(%arg4 = %709) -> (index) {element_sizes = [-1 : i32, 16 : i32, 16 : i32], programHeader = [], regIndices = [1 : i32, 2 : i32, -1 : i32], regLocales = [#sentient<reg_type lccr>, #sentient<reg_type lrf>, #sentient<reg_type lrf>]}{
          %711 = sentient.receive_and_store mutable_addr(%arg4), immutable_addr(%123), increment(%123), producer(%414) {burst_size = 0 : i32, coalesce = false, dbgName = "c29-lxsu0-LE128DT-pe0-lx-21", element_size = 16 : i32, interleaved_group = 0 : i32, permute = false, regIndex = 2 : i32, regLocale = #sentient<reg_type lrf>, shuffle_mode = #sentient<shuffle_mode masked2b>, stride = 1 : i32, subword_length = 1 : i32, total_elements = 64 : i32} : index, index, index, index : index
          sentient.yield %711 : index
        }
      }
      sentient.sync {dbgName = "SSRF(MSSync #1037, MSSync #1038)", implicit_sync_memory_boundary = -1 : si32, mode = #sentient<sync_mode sendrecv>, soft = false, units = [#sentient<consumer_unit lxlu>, #sentient<consumer_unit l3su>]}
      sentient.sync {dbgName = "SSRF(MSSync #1039, MSSync #1040)", implicit_sync_memory_boundary = -1 : si32, mode = #sentient<sync_mode sendrecv>, soft = false, units = [#sentient<consumer_unit lxlu>, #sentient<consumer_unit l3su>]}
      sentient.for %arg2 = %2 {element_sizes = [-1 : i32], programHeader = [], regIndices = [0 : i32], regLocales = [#sentient<reg_type lccr>]}{
        %708 = sentient.if sge, %arg2, %2 : index -> (index) {element_sizes = [16 : i32], regIndices = [2 : i32], regLocales = [#sentient<reg_type lrf>]}{
          sentient.yield %97 : index
        } else{
          %711 = sentient.if sge, %arg2, %82 : index -> (index) {element_sizes = [16 : i32], regIndices = [2 : i32], regLocales = [#sentient<reg_type lrf>]}{
            sentient.yield %98 : index
          } else{
            %712 = sentient.if sge, %arg2, %6 : index -> (index) {element_sizes = [16 : i32], regIndices = [2 : i32], regLocales = [#sentient<reg_type lrf>]}{
              sentient.yield %99 : index
            } else{
              sentient.yield %100 : index
            }
            sentient.yield %712 : index
          }
          sentient.yield %711 : index
        }
        %709 = sentient.scalar_add %708, %128 {element_size = 16 : i32, regIndex = 2 : i32, regLocale = #sentient<reg_type lrf>} : index, index
        %710 = sentient.for %arg3 = %71 iter_args(%arg4 = %709) -> (index) {element_sizes = [-1 : i32, 16 : i32, 16 : i32], programHeader = [], regIndices = [1 : i32, 2 : i32, -1 : i32], regLocales = [#sentient<reg_type lccr>, #sentient<reg_type lrf>, #sentient<reg_type lrf>]}{
          %711 = sentient.receive_and_store mutable_addr(%arg4), immutable_addr(%123), increment(%123), producer(%414) {burst_size = 0 : i32, coalesce = false, dbgName = "c29-lxsu0-LE128DT-pe0-lx-23", element_size = 16 : i32, interleaved_group = 0 : i32, permute = false, regIndex = 2 : i32, regLocale = #sentient<reg_type lrf>, shuffle_mode = #sentient<shuffle_mode masked2b>, stride = 1 : i32, subword_length = 1 : i32, total_elements = 64 : i32} : index, index, index, index : index
          sentient.yield %711 : index
        }
      }
      sentient.sync {dbgName = "SSRF(MSSync #1041, MSSync #1042)", implicit_sync_memory_boundary = -1 : si32, mode = #sentient<sync_mode sendrecv>, soft = false, units = [#sentient<consumer_unit lxlu>, #sentient<consumer_unit l3su>]}
      sentient.sync {dbgName = "SSRF(MSSync #1043, MSSync #1044)", implicit_sync_memory_boundary = -1 : si32, mode = #sentient<sync_mode sendrecv>, soft = false, units = [#sentient<consumer_unit lxlu>, #sentient<consumer_unit l3su>]}
      sentient.for %arg2 = %2 {element_sizes = [-1 : i32], programHeader = [], regIndices = [0 : i32], regLocales = [#sentient<reg_type lccr>]}{
        %708 = sentient.if sge, %arg2, %2 : index -> (index) {element_sizes = [16 : i32], regIndices = [2 : i32], regLocales = [#sentient<reg_type lrf>]}{
          sentient.yield %101 : index
        } else{
          %711 = sentient.if sge, %arg2, %82 : index -> (index) {element_sizes = [16 : i32], regIndices = [2 : i32], regLocales = [#sentient<reg_type lrf>]}{
            sentient.yield %102 : index
          } else{
            %712 = sentient.if sge, %arg2, %6 : index -> (index) {element_sizes = [16 : i32], regIndices = [2 : i32], regLocales = [#sentient<reg_type lrf>]}{
              sentient.yield %103 : index
            } else{
              sentient.yield %104 : index
            }
            sentient.yield %712 : index
          }
          sentient.yield %711 : index
        }
        %709 = sentient.scalar_add %708, %128 {element_size = 16 : i32, regIndex = 2 : i32, regLocale = #sentient<reg_type lrf>} : index, index
        %710 = sentient.for %arg3 = %71 iter_args(%arg4 = %709) -> (index) {element_sizes = [-1 : i32, 16 : i32, 16 : i32], programHeader = [], regIndices = [1 : i32, 2 : i32, -1 : i32], regLocales = [#sentient<reg_type lccr>, #sentient<reg_type lrf>, #sentient<reg_type lrf>]}{
          %711 = sentient.receive_and_store mutable_addr(%arg4), immutable_addr(%123), increment(%123), producer(%414) {burst_size = 0 : i32, coalesce = false, dbgName = "c29-lxsu0-LE128DT-pe0-lx-25", element_size = 16 : i32, interleaved_group = 0 : i32, permute = false, regIndex = 2 : i32, regLocale = #sentient<reg_type lrf>, shuffle_mode = #sentient<shuffle_mode masked2b>, stride = 1 : i32, subword_length = 1 : i32, total_elements = 64 : i32} : index, index, index, index : index
          sentient.yield %711 : index
        }
      }
      sentient.sync {dbgName = "SSRF(MSSync #1045, MSSync #1046)", implicit_sync_memory_boundary = -1 : si32, mode = #sentient<sync_mode sendrecv>, soft = false, units = [#sentient<consumer_unit lxlu>, #sentient<consumer_unit l3su>]}
      %707 = sentient.for %arg2 = %6 iter_args(%arg3 = %701) -> (index) {element_sizes = [-1 : i32, 16 : i32, 16 : i32], programHeader = [], regIndices = [0 : i32, 0 : i32, -1 : i32], regLocales = [#sentient<reg_type lccr>, #sentient<reg_type lrf>, #sentient<reg_type lrf>]}{
        %708 = sentient.scalar_sub %124, %arg3 {element_size = 16 : i32, regIndex = 0 : i32, regLocale = #sentient<reg_type lrf>} : index, index
        %709 = sentient.scalar_add %708, %69 {element_size = 16 : i32, regIndex = 2 : i32, regLocale = #sentient<reg_type lrf>} : index, index
        %710 = sentient.for %arg4 = %74 iter_args(%arg5 = %709) -> (index) {element_sizes = [-1 : i32, 16 : i32, 16 : i32], programHeader = [], regIndices = [1 : i32, 2 : i32, -1 : i32], regLocales = [#sentient<reg_type lccr>, #sentient<reg_type lrf>, #sentient<reg_type lrf>]}{
          %711 = sentient.receive_and_store mutable_addr(%arg5), immutable_addr(%75), increment(%75), producer(%414) {burst_size = 0 : i32, coalesce = false, dbgName = "c29-lxsu0-ringDT-pe0-lx-0-26", element_size = 16 : i32, interleaved_group = 0 : i32, permute = false, regIndex = 2 : i32, regLocale = #sentient<reg_type lrf>, stride = 1 : i32, subword_length = 1 : i32, total_elements = 64 : i32} : index, index, index, index : index
          sentient.yield %711 : index
        }
        sentient.yield %708 : index
      }
      sentient.sync {dbgName = "SSRF(MSSync #1047, MSSync #1048)", implicit_sync_memory_boundary = -1 : si32, mode = #sentient<sync_mode sendrecv>, soft = false, units = [#sentient<consumer_unit lxlu>, #sentient<consumer_unit l3su>]}
      sentient.for %arg2 = %2 {element_sizes = [-1 : i32], programHeader = [], regIndices = [0 : i32], regLocales = [#sentient<reg_type lccr>]}{
        %708 = sentient.if sge, %arg2, %2 : index -> (index) {element_sizes = [16 : i32], regIndices = [0 : i32], regLocales = [#sentient<reg_type lrf>]}{
          sentient.yield %105 : index
        } else{
          %711 = sentient.if sge, %arg2, %82 : index -> (index) {element_sizes = [16 : i32], regIndices = [0 : i32], regLocales = [#sentient<reg_type lrf>]}{
            sentient.yield %106 : index
          } else{
            %712 = sentient.if sge, %arg2, %6 : index -> (index) {element_sizes = [16 : i32], regIndices = [0 : i32], regLocales = [#sentient<reg_type lrf>]}{
              sentient.yield %107 : index
            } else{
              sentient.yield %108 : index
            }
            sentient.yield %712 : index
          }
          sentient.yield %711 : index
        }
        %709 = sentient.scalar_add %708, %128 {element_size = 16 : i32, regIndex = 0 : i32, regLocale = #sentient<reg_type lrf>} : index, index
        %710 = sentient.for %arg3 = %71 iter_args(%arg4 = %709) -> (index) {element_sizes = [-1 : i32, 16 : i32, 16 : i32], programHeader = [], regIndices = [1 : i32, 0 : i32, -1 : i32], regLocales = [#sentient<reg_type lccr>, #sentient<reg_type lrf>, #sentient<reg_type lrf>]}{
          %711 = sentient.receive_and_store mutable_addr(%arg4), immutable_addr(%123), increment(%123), producer(%414) {burst_size = 0 : i32, coalesce = false, dbgName = "c29-lxsu0-LE128DT-pe0-lx-27", element_size = 16 : i32, interleaved_group = 0 : i32, permute = false, regIndex = 0 : i32, regLocale = #sentient<reg_type lrf>, shuffle_mode = #sentient<shuffle_mode masked2b>, stride = 1 : i32, subword_length = 1 : i32, total_elements = 64 : i32} : index, index, index, index : index
          sentient.yield %711 : index
        }
      }
      sentient.sync {dbgName = "SSRF(MSSync #1049, MSSync #1050)", implicit_sync_memory_boundary = -1 : si32, mode = #sentient<sync_mode sendrecv>, soft = false, units = [#sentient<consumer_unit lxlu>, #sentient<consumer_unit l3su>]}
      sentient.sync {dbgName = "SSRF(MSSync #1051, MSSync #1052)", implicit_sync_memory_boundary = -1 : si32, mode = #sentient<sync_mode sendrecv>, soft = false, units = [#sentient<consumer_unit lxlu>, #sentient<consumer_unit l3su>]}
      sentient.for %arg2 = %2 {element_sizes = [-1 : i32], programHeader = [], regIndices = [0 : i32], regLocales = [#sentient<reg_type lccr>]}{
        %708 = sentient.if sge, %arg2, %2 : index -> (index) {element_sizes = [16 : i32], regIndices = [0 : i32], regLocales = [#sentient<reg_type lrf>]}{
          sentient.yield %109 : index
        } else{
          %711 = sentient.if sge, %arg2, %82 : index -> (index) {element_sizes = [16 : i32], regIndices = [0 : i32], regLocales = [#sentient<reg_type lrf>]}{
            sentient.yield %110 : index
          } else{
            %712 = sentient.if sge, %arg2, %6 : index -> (index) {element_sizes = [16 : i32], regIndices = [0 : i32], regLocales = [#sentient<reg_type lrf>]}{
              sentient.yield %111 : index
            } else{
              sentient.yield %112 : index
            }
            sentient.yield %712 : index
          }
          sentient.yield %711 : index
        }
        %709 = sentient.scalar_add %708, %128 {element_size = 16 : i32, regIndex = 0 : i32, regLocale = #sentient<reg_type lrf>} : index, index
        %710 = sentient.for %arg3 = %71 iter_args(%arg4 = %709) -> (index) {element_sizes = [-1 : i32, 16 : i32, 16 : i32], programHeader = [], regIndices = [1 : i32, 0 : i32, -1 : i32], regLocales = [#sentient<reg_type lccr>, #sentient<reg_type lrf>, #sentient<reg_type lrf>]}{
          %711 = sentient.receive_and_store mutable_addr(%arg4), immutable_addr(%123), increment(%123), producer(%414) {burst_size = 0 : i32, coalesce = false, dbgName = "c29-lxsu0-LE128DT-pe0-lx-29", element_size = 16 : i32, interleaved_group = 0 : i32, permute = false, regIndex = 0 : i32, regLocale = #sentient<reg_type lrf>, shuffle_mode = #sentient<shuffle_mode masked2b>, stride = 1 : i32, subword_length = 1 : i32, total_elements = 64 : i32} : index, index, index, index : index
          sentient.yield %711 : index
        }
      }
      sentient.sync {dbgName = "SSRF(MSSync #1053, MSSync #1054)", implicit_sync_memory_boundary = -1 : si32, mode = #sentient<sync_mode sendrecv>, soft = false, units = [#sentient<consumer_unit lxlu>, #sentient<consumer_unit l3su>]}
      uniform.yield
    }
    (%arg1 -> %575){
      sentient.sync {dbgName = "SSRF(MSSync #1055, MSSync #1056)", implicit_sync_memory_boundary = -1 : si32, mode = #sentient<sync_mode sendrecv>, soft = false, units = [#sentient<consumer_unit lxlu>, #sentient<consumer_unit l3su>]}
      uniform.yield
    }
    (%arg1 -> %576){
      sentient.sync {dbgName = "SSRF(MSSync #1057, MSSync #1058)", implicit_sync_memory_boundary = -1 : si32, mode = #sentient<sync_mode sendrecv>, soft = false, units = [#sentient<consumer_unit lxlu>, #sentient<consumer_unit l3su>]}
      sentient.for %arg2 = %2 {element_sizes = [-1 : i32], programHeader = [], regIndices = [0 : i32], regLocales = [#sentient<reg_type lccr>]}{
        %708 = sentient.if sge, %arg2, %2 : index -> (index) {element_sizes = [16 : i32], regIndices = [2 : i32], regLocales = [#sentient<reg_type lrf>]}{
          sentient.yield %80 : index
        } else{
          %711 = sentient.if sge, %arg2, %82 : index -> (index) {element_sizes = [16 : i32], regIndices = [2 : i32], regLocales = [#sentient<reg_type lrf>]}{
            sentient.yield %81 : index
          } else{
            %712 = sentient.if sge, %arg2, %6 : index -> (index) {element_sizes = [16 : i32], regIndices = [2 : i32], regLocales = [#sentient<reg_type lrf>]}{
              sentient.yield %83 : index
            } else{
              sentient.yield %84 : index
            }
            sentient.yield %712 : index
          }
          sentient.yield %711 : index
        }
        %709 = sentient.scalar_add %708, %128 {element_size = 16 : i32, regIndex = 2 : i32, regLocale = #sentient<reg_type lrf>} : index, index
        %710 = sentient.for %arg3 = %71 iter_args(%arg4 = %709) -> (index) {element_sizes = [-1 : i32, 16 : i32, 16 : i32], programHeader = [], regIndices = [1 : i32, 2 : i32, -1 : i32], regLocales = [#sentient<reg_type lccr>, #sentient<reg_type lrf>, #sentient<reg_type lrf>]}{
          %711 = sentient.receive_and_store mutable_addr(%arg4), immutable_addr(%123), increment(%123), producer(%416) {burst_size = 0 : i32, coalesce = false, dbgName = "c31-lxsu0-LE128DT-pe0-lx-15", element_size = 16 : i32, interleaved_group = 0 : i32, permute = false, regIndex = 2 : i32, regLocale = #sentient<reg_type lrf>, shuffle_mode = #sentient<shuffle_mode masked2b>, stride = 1 : i32, subword_length = 1 : i32, total_elements = 64 : i32} : index, index, index, index : index
          sentient.yield %711 : index
        }
      }
      sentient.sync {dbgName = "SSRF(MSSync #1059, MSSync #1060)", implicit_sync_memory_boundary = -1 : si32, mode = #sentient<sync_mode sendrecv>, soft = false, units = [#sentient<consumer_unit lxlu>, #sentient<consumer_unit l3su>]}
      sentient.sync {dbgName = "SSRF(MSSync #1061, MSSync #1062)", implicit_sync_memory_boundary = -1 : si32, mode = #sentient<sync_mode sendrecv>, soft = false, units = [#sentient<consumer_unit lxlu>, #sentient<consumer_unit l3su>]}
      sentient.for %arg2 = %2 {element_sizes = [-1 : i32], programHeader = [], regIndices = [0 : i32], regLocales = [#sentient<reg_type lccr>]}{
        %708 = sentient.if sge, %arg2, %2 : index -> (index) {element_sizes = [16 : i32], regIndices = [2 : i32], regLocales = [#sentient<reg_type lrf>]}{
          sentient.yield %85 : index
        } else{
          %711 = sentient.if sge, %arg2, %82 : index -> (index) {element_sizes = [16 : i32], regIndices = [2 : i32], regLocales = [#sentient<reg_type lrf>]}{
            sentient.yield %86 : index
          } else{
            %712 = sentient.if sge, %arg2, %6 : index -> (index) {element_sizes = [16 : i32], regIndices = [2 : i32], regLocales = [#sentient<reg_type lrf>]}{
              sentient.yield %87 : index
            } else{
              sentient.yield %88 : index
            }
            sentient.yield %712 : index
          }
          sentient.yield %711 : index
        }
        %709 = sentient.scalar_add %708, %128 {element_size = 16 : i32, regIndex = 2 : i32, regLocale = #sentient<reg_type lrf>} : index, index
        %710 = sentient.for %arg3 = %71 iter_args(%arg4 = %709) -> (index) {element_sizes = [-1 : i32, 16 : i32, 16 : i32], programHeader = [], regIndices = [1 : i32, 2 : i32, -1 : i32], regLocales = [#sentient<reg_type lccr>, #sentient<reg_type lrf>, #sentient<reg_type lrf>]}{
          %711 = sentient.receive_and_store mutable_addr(%arg4), immutable_addr(%123), increment(%123), producer(%416) {burst_size = 0 : i32, coalesce = false, dbgName = "c31-lxsu0-LE128DT-pe0-lx-17", element_size = 16 : i32, interleaved_group = 0 : i32, permute = false, regIndex = 2 : i32, regLocale = #sentient<reg_type lrf>, shuffle_mode = #sentient<shuffle_mode masked2b>, stride = 1 : i32, subword_length = 1 : i32, total_elements = 64 : i32} : index, index, index, index : index
          sentient.yield %711 : index
        }
      }
      sentient.sync {dbgName = "SSRF(MSSync #1063, MSSync #1064)", implicit_sync_memory_boundary = -1 : si32, mode = #sentient<sync_mode sendrecv>, soft = false, units = [#sentient<consumer_unit lxlu>, #sentient<consumer_unit l3su>]}
      sentient.sync {dbgName = "SSRF(MSSync #1065, MSSync #1066)", implicit_sync_memory_boundary = -1 : si32, mode = #sentient<sync_mode sendrecv>, soft = false, units = [#sentient<consumer_unit lxlu>, #sentient<consumer_unit l3su>]}
      sentient.for %arg2 = %2 {element_sizes = [-1 : i32], programHeader = [], regIndices = [0 : i32], regLocales = [#sentient<reg_type lccr>]}{
        %708 = sentient.if sge, %arg2, %2 : index -> (index) {element_sizes = [16 : i32], regIndices = [2 : i32], regLocales = [#sentient<reg_type lrf>]}{
          sentient.yield %89 : index
        } else{
          %711 = sentient.if sge, %arg2, %82 : index -> (index) {element_sizes = [16 : i32], regIndices = [2 : i32], regLocales = [#sentient<reg_type lrf>]}{
            sentient.yield %90 : index
          } else{
            %712 = sentient.if sge, %arg2, %6 : index -> (index) {element_sizes = [16 : i32], regIndices = [2 : i32], regLocales = [#sentient<reg_type lrf>]}{
              sentient.yield %91 : index
            } else{
              sentient.yield %92 : index
            }
            sentient.yield %712 : index
          }
          sentient.yield %711 : index
        }
        %709 = sentient.scalar_add %708, %128 {element_size = 16 : i32, regIndex = 2 : i32, regLocale = #sentient<reg_type lrf>} : index, index
        %710 = sentient.for %arg3 = %71 iter_args(%arg4 = %709) -> (index) {element_sizes = [-1 : i32, 16 : i32, 16 : i32], programHeader = [], regIndices = [1 : i32, 2 : i32, -1 : i32], regLocales = [#sentient<reg_type lccr>, #sentient<reg_type lrf>, #sentient<reg_type lrf>]}{
          %711 = sentient.receive_and_store mutable_addr(%arg4), immutable_addr(%123), increment(%123), producer(%416) {burst_size = 0 : i32, coalesce = false, dbgName = "c31-lxsu0-LE128DT-pe0-lx-19", element_size = 16 : i32, interleaved_group = 0 : i32, permute = false, regIndex = 2 : i32, regLocale = #sentient<reg_type lrf>, shuffle_mode = #sentient<shuffle_mode masked2b>, stride = 1 : i32, subword_length = 1 : i32, total_elements = 64 : i32} : index, index, index, index : index
          sentient.yield %711 : index
        }
      }
      sentient.sync {dbgName = "SSRF(MSSync #1067, MSSync #1068)", implicit_sync_memory_boundary = -1 : si32, mode = #sentient<sync_mode sendrecv>, soft = false, units = [#sentient<consumer_unit lxlu>, #sentient<consumer_unit l3su>]}
      sentient.sync {dbgName = "SSRF(MSSync #1069, MSSync #1070)", implicit_sync_memory_boundary = -1 : si32, mode = #sentient<sync_mode sendrecv>, soft = false, units = [#sentient<consumer_unit lxlu>, #sentient<consumer_unit l3su>]}
      sentient.for %arg2 = %2 {element_sizes = [-1 : i32], programHeader = [], regIndices = [0 : i32], regLocales = [#sentient<reg_type lccr>]}{
        %708 = sentient.if sge, %arg2, %2 : index -> (index) {element_sizes = [16 : i32], regIndices = [2 : i32], regLocales = [#sentient<reg_type lrf>]}{
          sentient.yield %93 : index
        } else{
          %711 = sentient.if sge, %arg2, %82 : index -> (index) {element_sizes = [16 : i32], regIndices = [2 : i32], regLocales = [#sentient<reg_type lrf>]}{
            sentient.yield %94 : index
          } else{
            %712 = sentient.if sge, %arg2, %6 : index -> (index) {element_sizes = [16 : i32], regIndices = [2 : i32], regLocales = [#sentient<reg_type lrf>]}{
              sentient.yield %95 : index
            } else{
              sentient.yield %96 : index
            }
            sentient.yield %712 : index
          }
          sentient.yield %711 : index
        }
        %709 = sentient.scalar_add %708, %128 {element_size = 16 : i32, regIndex = 2 : i32, regLocale = #sentient<reg_type lrf>} : index, index
        %710 = sentient.for %arg3 = %71 iter_args(%arg4 = %709) -> (index) {element_sizes = [-1 : i32, 16 : i32, 16 : i32], programHeader = [], regIndices = [1 : i32, 2 : i32, -1 : i32], regLocales = [#sentient<reg_type lccr>, #sentient<reg_type lrf>, #sentient<reg_type lrf>]}{
          %711 = sentient.receive_and_store mutable_addr(%arg4), immutable_addr(%123), increment(%123), producer(%416) {burst_size = 0 : i32, coalesce = false, dbgName = "c31-lxsu0-LE128DT-pe0-lx-21", element_size = 16 : i32, interleaved_group = 0 : i32, permute = false, regIndex = 2 : i32, regLocale = #sentient<reg_type lrf>, shuffle_mode = #sentient<shuffle_mode masked2b>, stride = 1 : i32, subword_length = 1 : i32, total_elements = 64 : i32} : index, index, index, index : index
          sentient.yield %711 : index
        }
      }
      sentient.sync {dbgName = "SSRF(MSSync #1071, MSSync #1072)", implicit_sync_memory_boundary = -1 : si32, mode = #sentient<sync_mode sendrecv>, soft = false, units = [#sentient<consumer_unit lxlu>, #sentient<consumer_unit l3su>]}
      sentient.sync {dbgName = "SSRF(MSSync #1073, MSSync #1074)", implicit_sync_memory_boundary = -1 : si32, mode = #sentient<sync_mode sendrecv>, soft = false, units = [#sentient<consumer_unit lxlu>, #sentient<consumer_unit l3su>]}
      sentient.for %arg2 = %2 {element_sizes = [-1 : i32], programHeader = [], regIndices = [0 : i32], regLocales = [#sentient<reg_type lccr>]}{
        %708 = sentient.if sge, %arg2, %2 : index -> (index) {element_sizes = [16 : i32], regIndices = [2 : i32], regLocales = [#sentient<reg_type lrf>]}{
          sentient.yield %97 : index
        } else{
          %711 = sentient.if sge, %arg2, %82 : index -> (index) {element_sizes = [16 : i32], regIndices = [2 : i32], regLocales = [#sentient<reg_type lrf>]}{
            sentient.yield %98 : index
          } else{
            %712 = sentient.if sge, %arg2, %6 : index -> (index) {element_sizes = [16 : i32], regIndices = [2 : i32], regLocales = [#sentient<reg_type lrf>]}{
              sentient.yield %99 : index
            } else{
              sentient.yield %100 : index
            }
            sentient.yield %712 : index
          }
          sentient.yield %711 : index
        }
        %709 = sentient.scalar_add %708, %128 {element_size = 16 : i32, regIndex = 2 : i32, regLocale = #sentient<reg_type lrf>} : index, index
        %710 = sentient.for %arg3 = %71 iter_args(%arg4 = %709) -> (index) {element_sizes = [-1 : i32, 16 : i32, 16 : i32], programHeader = [], regIndices = [1 : i32, 2 : i32, -1 : i32], regLocales = [#sentient<reg_type lccr>, #sentient<reg_type lrf>, #sentient<reg_type lrf>]}{
          %711 = sentient.receive_and_store mutable_addr(%arg4), immutable_addr(%123), increment(%123), producer(%416) {burst_size = 0 : i32, coalesce = false, dbgName = "c31-lxsu0-LE128DT-pe0-lx-23", element_size = 16 : i32, interleaved_group = 0 : i32, permute = false, regIndex = 2 : i32, regLocale = #sentient<reg_type lrf>, shuffle_mode = #sentient<shuffle_mode masked2b>, stride = 1 : i32, subword_length = 1 : i32, total_elements = 64 : i32} : index, index, index, index : index
          sentient.yield %711 : index
        }
      }
      sentient.sync {dbgName = "SSRF(MSSync #1075, MSSync #1076)", implicit_sync_memory_boundary = -1 : si32, mode = #sentient<sync_mode sendrecv>, soft = false, units = [#sentient<consumer_unit lxlu>, #sentient<consumer_unit l3su>]}
      sentient.sync {dbgName = "SSRF(MSSync #1077, MSSync #1078)", implicit_sync_memory_boundary = -1 : si32, mode = #sentient<sync_mode sendrecv>, soft = false, units = [#sentient<consumer_unit lxlu>, #sentient<consumer_unit l3su>]}
      sentient.for %arg2 = %2 {element_sizes = [-1 : i32], programHeader = [], regIndices = [0 : i32], regLocales = [#sentient<reg_type lccr>]}{
        %708 = sentient.if sge, %arg2, %2 : index -> (index) {element_sizes = [16 : i32], regIndices = [2 : i32], regLocales = [#sentient<reg_type lrf>]}{
          sentient.yield %101 : index
        } else{
          %711 = sentient.if sge, %arg2, %82 : index -> (index) {element_sizes = [16 : i32], regIndices = [2 : i32], regLocales = [#sentient<reg_type lrf>]}{
            sentient.yield %102 : index
          } else{
            %712 = sentient.if sge, %arg2, %6 : index -> (index) {element_sizes = [16 : i32], regIndices = [2 : i32], regLocales = [#sentient<reg_type lrf>]}{
              sentient.yield %103 : index
            } else{
              sentient.yield %104 : index
            }
            sentient.yield %712 : index
          }
          sentient.yield %711 : index
        }
        %709 = sentient.scalar_add %708, %128 {element_size = 16 : i32, regIndex = 2 : i32, regLocale = #sentient<reg_type lrf>} : index, index
        %710 = sentient.for %arg3 = %71 iter_args(%arg4 = %709) -> (index) {element_sizes = [-1 : i32, 16 : i32, 16 : i32], programHeader = [], regIndices = [1 : i32, 2 : i32, -1 : i32], regLocales = [#sentient<reg_type lccr>, #sentient<reg_type lrf>, #sentient<reg_type lrf>]}{
          %711 = sentient.receive_and_store mutable_addr(%arg4), immutable_addr(%123), increment(%123), producer(%416) {burst_size = 0 : i32, coalesce = false, dbgName = "c31-lxsu0-LE128DT-pe0-lx-25", element_size = 16 : i32, interleaved_group = 0 : i32, permute = false, regIndex = 2 : i32, regLocale = #sentient<reg_type lrf>, shuffle_mode = #sentient<shuffle_mode masked2b>, stride = 1 : i32, subword_length = 1 : i32, total_elements = 64 : i32} : index, index, index, index : index
          sentient.yield %711 : index
        }
      }
      sentient.sync {dbgName = "SSRF(MSSync #1079, MSSync #1080)", implicit_sync_memory_boundary = -1 : si32, mode = #sentient<sync_mode sendrecv>, soft = false, units = [#sentient<consumer_unit lxlu>, #sentient<consumer_unit l3su>]}
      sentient.sync {dbgName = "SSRF(MSSync #1081, MSSync #1082)", implicit_sync_memory_boundary = -1 : si32, mode = #sentient<sync_mode sendrecv>, soft = false, units = [#sentient<consumer_unit lxlu>, #sentient<consumer_unit l3su>]}
      sentient.for %arg2 = %2 {element_sizes = [-1 : i32], programHeader = [], regIndices = [0 : i32], regLocales = [#sentient<reg_type lccr>]}{
        %708 = sentient.if sge, %arg2, %2 : index -> (index) {element_sizes = [16 : i32], regIndices = [2 : i32], regLocales = [#sentient<reg_type lrf>]}{
          sentient.yield %105 : index
        } else{
          %711 = sentient.if sge, %arg2, %82 : index -> (index) {element_sizes = [16 : i32], regIndices = [2 : i32], regLocales = [#sentient<reg_type lrf>]}{
            sentient.yield %106 : index
          } else{
            %712 = sentient.if sge, %arg2, %6 : index -> (index) {element_sizes = [16 : i32], regIndices = [2 : i32], regLocales = [#sentient<reg_type lrf>]}{
              sentient.yield %107 : index
            } else{
              sentient.yield %108 : index
            }
            sentient.yield %712 : index
          }
          sentient.yield %711 : index
        }
        %709 = sentient.scalar_add %708, %128 {element_size = 16 : i32, regIndex = 2 : i32, regLocale = #sentient<reg_type lrf>} : index, index
        %710 = sentient.for %arg3 = %71 iter_args(%arg4 = %709) -> (index) {element_sizes = [-1 : i32, 16 : i32, 16 : i32], programHeader = [], regIndices = [1 : i32, 2 : i32, -1 : i32], regLocales = [#sentient<reg_type lccr>, #sentient<reg_type lrf>, #sentient<reg_type lrf>]}{
          %711 = sentient.receive_and_store mutable_addr(%arg4), immutable_addr(%123), increment(%123), producer(%416) {burst_size = 0 : i32, coalesce = false, dbgName = "c31-lxsu0-LE128DT-pe0-lx-27", element_size = 16 : i32, interleaved_group = 0 : i32, permute = false, regIndex = 2 : i32, regLocale = #sentient<reg_type lrf>, shuffle_mode = #sentient<shuffle_mode masked2b>, stride = 1 : i32, subword_length = 1 : i32, total_elements = 64 : i32} : index, index, index, index : index
          sentient.yield %711 : index
        }
      }
      sentient.sync {dbgName = "SSRF(MSSync #1083, MSSync #1084)", implicit_sync_memory_boundary = -1 : si32, mode = #sentient<sync_mode sendrecv>, soft = false, units = [#sentient<consumer_unit lxlu>, #sentient<consumer_unit l3su>]}
      %707 = sentient.for %arg2 = %6 iter_args(%arg3 = %701) -> (index) {element_sizes = [-1 : i32, 16 : i32, 16 : i32], programHeader = [], regIndices = [0 : i32, 0 : i32, -1 : i32], regLocales = [#sentient<reg_type lccr>, #sentient<reg_type lrf>, #sentient<reg_type lrf>]}{
        %708 = sentient.scalar_sub %124, %arg3 {element_size = 16 : i32, regIndex = 0 : i32, regLocale = #sentient<reg_type lrf>} : index, index
        %709 = sentient.scalar_add %708, %69 {element_size = 16 : i32, regIndex = 2 : i32, regLocale = #sentient<reg_type lrf>} : index, index
        %710 = sentient.for %arg4 = %74 iter_args(%arg5 = %709) -> (index) {element_sizes = [-1 : i32, 16 : i32, 16 : i32], programHeader = [], regIndices = [1 : i32, 2 : i32, -1 : i32], regLocales = [#sentient<reg_type lccr>, #sentient<reg_type lrf>, #sentient<reg_type lrf>]}{
          %711 = sentient.receive_and_store mutable_addr(%arg5), immutable_addr(%75), increment(%75), producer(%416) {burst_size = 0 : i32, coalesce = false, dbgName = "c31-lxsu0-ringDT-pe0-lx-0-28", element_size = 16 : i32, interleaved_group = 0 : i32, permute = false, regIndex = 2 : i32, regLocale = #sentient<reg_type lrf>, stride = 1 : i32, subword_length = 1 : i32, total_elements = 64 : i32} : index, index, index, index : index
          sentient.yield %711 : index
        }
        sentient.yield %708 : index
      }
      sentient.sync {dbgName = "SSRF(MSSync #1085, MSSync #1086)", implicit_sync_memory_boundary = -1 : si32, mode = #sentient<sync_mode sendrecv>, soft = false, units = [#sentient<consumer_unit lxlu>, #sentient<consumer_unit l3su>]}
      sentient.for %arg2 = %2 {element_sizes = [-1 : i32], programHeader = [], regIndices = [0 : i32], regLocales = [#sentient<reg_type lccr>]}{
        %708 = sentient.if sge, %arg2, %2 : index -> (index) {element_sizes = [16 : i32], regIndices = [0 : i32], regLocales = [#sentient<reg_type lrf>]}{
          sentient.yield %109 : index
        } else{
          %711 = sentient.if sge, %arg2, %82 : index -> (index) {element_sizes = [16 : i32], regIndices = [0 : i32], regLocales = [#sentient<reg_type lrf>]}{
            sentient.yield %110 : index
          } else{
            %712 = sentient.if sge, %arg2, %6 : index -> (index) {element_sizes = [16 : i32], regIndices = [0 : i32], regLocales = [#sentient<reg_type lrf>]}{
              sentient.yield %111 : index
            } else{
              sentient.yield %112 : index
            }
            sentient.yield %712 : index
          }
          sentient.yield %711 : index
        }
        %709 = sentient.scalar_add %708, %128 {element_size = 16 : i32, regIndex = 0 : i32, regLocale = #sentient<reg_type lrf>} : index, index
        %710 = sentient.for %arg3 = %71 iter_args(%arg4 = %709) -> (index) {element_sizes = [-1 : i32, 16 : i32, 16 : i32], programHeader = [], regIndices = [1 : i32, 0 : i32, -1 : i32], regLocales = [#sentient<reg_type lccr>, #sentient<reg_type lrf>, #sentient<reg_type lrf>]}{
          %711 = sentient.receive_and_store mutable_addr(%arg4), immutable_addr(%123), increment(%123), producer(%416) {burst_size = 0 : i32, coalesce = false, dbgName = "c31-lxsu0-LE128DT-pe0-lx-29", element_size = 16 : i32, interleaved_group = 0 : i32, permute = false, regIndex = 0 : i32, regLocale = #sentient<reg_type lrf>, shuffle_mode = #sentient<shuffle_mode masked2b>, stride = 1 : i32, subword_length = 1 : i32, total_elements = 64 : i32} : index, index, index, index : index
          sentient.yield %711 : index
        }
      }
      sentient.sync {dbgName = "SSRF(MSSync #1087, MSSync #1088)", implicit_sync_memory_boundary = -1 : si32, mode = #sentient<sync_mode sendrecv>, soft = false, units = [#sentient<consumer_unit lxlu>, #sentient<consumer_unit l3su>]}
      uniform.yield
    }
  } {element_sizes = []}
  %702 = uniform.def_immutable_mapping([%545 -> %417], [%546 -> %418], [%547 -> %419], [%548 -> %420], [%549 -> %421], [%550 -> %422], [%551 -> %423], [%552 -> %424], [%553 -> %425], [%554 -> %426], [%555 -> %427], [%556 -> %428], [%557 -> %429], [%558 -> %430], [%559 -> %431], [%560 -> %432], [%561 -> %433], [%562 -> %434], [%563 -> %435], [%564 -> %436], [%565 -> %437], [%566 -> %438], [%567 -> %439], [%568 -> %440], [%569 -> %441], [%570 -> %442], [%571 -> %443], [%572 -> %444], [%573 -> %445], [%574 -> %446], [%575 -> %447], [%576 -> %448]):index
  %703 = uniform.query_map(map:%702, key:%arg0) : index
  %704 = uniform.def_immutable_mapping([%545 -> %122], [%546 -> %120], [%547 -> %122], [%548 -> %120], [%549 -> %122], [%550 -> %120], [%551 -> %122], [%552 -> %120], [%553 -> %122], [%554 -> %120], [%555 -> %122], [%556 -> %120], [%557 -> %122], [%558 -> %120], [%559 -> %122], [%560 -> %120], [%561 -> %120], [%562 -> %122], [%563 -> %120], [%564 -> %122], [%565 -> %120], [%566 -> %122], [%567 -> %120], [%568 -> %122], [%569 -> %120], [%570 -> %122], [%571 -> %120], [%572 -> %122], [%573 -> %120], [%574 -> %122], [%575 -> %120], [%576 -> %122]):index
  %705 = uniform.query_map(map:%704, key:%arg0) : index
  %706 = sentient.for %arg1 = %72 iter_args(%arg2 = %705) -> (index) {element_sizes = [-1 : i32, 16 : i32, 16 : i32], programHeader = [true], regIndices = [0 : i32, 1 : i32, -1 : i32], regLocales = [#sentient<reg_type lccr>, #sentient<reg_type lrf>, #sentient<reg_type lrf>]}{
    %707 = sentient.for %arg3 = %6 iter_args(%arg4 = %arg2) -> (index) {element_sizes = [-1 : i32, 16 : i32, 16 : i32], programHeader = [], regIndices = [1 : i32, 1 : i32, 1 : i32], regLocales = [#sentient<reg_type lccr>, #sentient<reg_type lrf>, #sentient<reg_type lrf>]}{
      %711 = sentient.for %arg5 = %2 iter_args(%arg6 = %arg4) -> (index) {element_sizes = [-1 : i32, 16 : i32, 16 : i32], programHeader = [], regIndices = [2 : i32, 1 : i32, 1 : i32], regLocales = [#sentient<reg_type lccr>, #sentient<reg_type lrf>, #sentient<reg_type lrf>]}{
        %713 = uniform.uniformize_regions -> index {
          (%arg7 -> %546, %548, %550, %552, %554, %556, %558, %560, %562, %564, %566, %568, %570, %572, %574, %576){
            %717 = sentient.for %arg8 = %2 iter_args(%arg9 = %arg6) -> (index) {element_sizes = [-1 : i32, 16 : i32, 16 : i32], programHeader = [], regIndices = [3 : i32, 1 : i32, 1 : i32], regLocales = [#sentient<reg_type lccr>, #sentient<reg_type lrf>, #sentient<reg_type lrf>]}{
              %718 = sentient.scalar_add %arg9, %70 {element_size = 16 : i32, regIndex = 1 : i32, regLocale = #sentient<reg_type lrf>} : index, index
              %719 = sentient.receive_and_store mutable_addr(%718), immutable_addr(%22), increment(%127), producer(%703) {burst_size = 0 : i32, coalesce = false, dbgName = "transfer_lds4_src:sfp_dst:lxsu", element_size = 16 : i32, interleaved_group = 0 : i32, permute = false, regIndex = 1 : i32, regLocale = #sentient<reg_type lrf>, stride = 1 : i32, subword_length = 1 : i32, total_elements = 64 : i32} : index, index, index, index : index
              sentient.yield %719 : index
            }
            uniform.yield %717 : index
          }
          (%arg7 -> %545, %547, %549, %551, %553, %555, %557, %559, %561, %563, %565, %567, %569, %571, %573, %575){
            uniform.yield %arg6 : index
          }
        } {element_sizes = [16 : i32], regIndices = [1 : i32], regLocales = [#sentient<reg_type lrf>]}
        %714 = uniform.def_immutable_mapping([%576 -> %127], [%575 -> %126], [%574 -> %127], [%573 -> %126], [%572 -> %127], [%571 -> %126], [%570 -> %127], [%569 -> %126], [%568 -> %127], [%567 -> %126], [%566 -> %127], [%565 -> %126], [%564 -> %127], [%563 -> %126], [%562 -> %127], [%561 -> %126], [%560 -> %127], [%559 -> %126], [%558 -> %127], [%557 -> %126], [%556 -> %127], [%555 -> %126], [%554 -> %127], [%553 -> %126], [%552 -> %127], [%551 -> %126], [%550 -> %127], [%549 -> %126], [%548 -> %127], [%547 -> %126], [%546 -> %127], [%545 -> %126]):index
        %715 = uniform.query_map(map:%714, key:%arg0) : index
        %716 = sentient.scalar_add %713, %715 {element_size = 16 : i32, regIndex = 1 : i32, regLocale = #sentient<reg_type lrf>} : index, index
        sentient.yield %716 : index
      }
      %712 = sentient.scalar_add %711, %20 {element_size = 16 : i32, regIndex = 1 : i32, regLocale = #sentient<reg_type lrf>} : index, index
      sentient.yield %712 : index
    }
    uniform.uniformize_regions -> () {
      (%arg3 -> %546, %548, %550, %552, %554, %556, %558, %560, %562, %564, %566, %568, %570, %572, %574, %576){
        sentient.sync {dbgName = "SSRF(sync_send_lxsu_to_l3su, sync_receive_lxsu_from_l3su)", implicit_sync_memory_boundary = -1 : si32, mode = #sentient<sync_mode sendrecv>, soft = false, units = [#sentient<consumer_unit l3su>]}
        uniform.yield
      }
    } {element_sizes = []}
    %708 = uniform.def_immutable_mapping([%576 -> %17], [%575 -> %16], [%574 -> %17], [%573 -> %16], [%572 -> %17], [%571 -> %16], [%570 -> %17], [%569 -> %16], [%568 -> %17], [%567 -> %16], [%566 -> %17], [%565 -> %16], [%564 -> %17], [%563 -> %16], [%562 -> %17], [%561 -> %16], [%560 -> %16], [%559 -> %17], [%558 -> %16], [%557 -> %17], [%556 -> %16], [%555 -> %17], [%554 -> %16], [%553 -> %17], [%552 -> %16], [%551 -> %17], [%550 -> %16], [%549 -> %17], [%548 -> %16], [%547 -> %17], [%546 -> %16], [%545 -> %17]):index
    %709 = uniform.query_map(map:%708, key:%arg0) : index
    %710 = sentient.scalar_sub %709, %707 {element_size = 16 : i32, regIndex = 1 : i32, regLocale = #sentient<reg_type lrf>} : index, index
    sentient.yield %710 : index
  }
}
Require larger IBUFF
Max IBUFF(128) Current IBUFF(153) for unit:
%545 = dataflow.get_unit {core = 0 : i32, corelet = 0 : i32, name = "lxsu-CL0", num_folds = 1 : i32, type = "lxsu"} : index
error: Unable to lower successfully the module for sdsc: 16_batchmatmul
terminate called after throwing an instance of 'DtException'
  what():  DtException: DCC causes the compilation failure, file /home/adnan-cdx/codex-isolated/gather_restickify_clean_20260706_113236/deeptools/dcc/src/Driver/dcc.cpp line 563
