[31m ERRR 03.07.2026 17:11:42.528159 [            runtime_stream.cpp: 141] RuntimeStream::synchronize() still waiting after 60000ms: in_flight_=1 device=0 — possible lost completion[0m
[31m ERRR 03.07.2026 17:11:42.529370 [            runtime_stream.cpp: 150] RuntimeStream::synchronize() device=0 completed after 60001ms (1 timeout warning(s))[0m
[DEBUG] [spyre.inductor.lowering] bmm: x[1, 512, 4096] @ y[1, 4096, 6144] -> [1, 512, 6144]
[DEBUG] [spyre.inductor.lowering] bmm: x[1, 32, 512, 128] @ y[1, 32, 128, 512] -> [1, 32, 512, 512]
[DEBUG] [spyre.inductor.lowering] bmm: x[1, 32, 512, 512] @ y[1, 32, 512, 128] -> [1, 32, 512, 128]
[DEBUG] [spyre.inductor.lowering] bmm: x[1, 512, 4096] @ y[1, 4096, 4096] -> [1, 512, 4096]
[DEBUG] [spyre.inductor.lowering] bmm: x[1, 512, 4096] @ y[1, 4096, 25600] -> [1, 512, 25600]
[DEBUG] [spyre.inductor.lowering] bmm: x[1, 512, 12800] @ y[1, 12800, 4096] -> [1, 512, 4096]
[INFO] [spyre.inductor.passes] BEFORE PRE-SCHEDULING
op0: ComputedBuffer
  layout=FixedLayout('spyre:0', torch.float16, size=[1, 512, 4096], stride=[2097152, 4096, 1])
  Pointwise(
  'spyre',
  torch.float16,
  def inner_fn(index):
      _, i1, i2 = index
      tmp0 = ops.load(arg1_1, i2 + 4096 * i1)
      tmp1 = ops.load(arg1_1, i2 + 4096 * i1)
      tmp2 = tmp0 * tmp1
      return tmp2
  ,
  ranges=[1, 512, 4096],
  origin_node=mul,
  origins=OrderedSet([mul]),
  stack_traces = {,
    File "/home/adnan/codex-isolated/dldsc_granite_clean_relayout_20260703_163108/foundation-model-stack/fms/models/granite.py", line 123, in forward,
      x = self.ln(x),
    File "/home/adnan/dt-inductor/.venv/lib64/python3.12/site-packages/torch/nn/functional.py", line 2954, in rms_norm,
      return torch.rms_norm(input, normalized_shape, weight, eps),
  ,
  }
)

op1: ComputedBuffer
  layout=FixedLayout('spyre:0', torch.float16, size=[1, 512, 1], stride=[512, 1, 512])
  SpyreReduction(
  'spyre',
  torch.float16,
  def inner_fn(index, rindex):
      _, i1, _ = index
      r0_0 = rindex
      tmp0 = ops.load(buf0, r0_0 + 4096 * i1)
      return tmp0
  ,
  ranges=[1, 512, 1],
  reduction_ranges=[4096],
  reduction_type=mean,
  origin_node=mean,
  origins=OrderedSet([mean]),
  stack_traces = {,
    File "/home/adnan/codex-isolated/dldsc_granite_clean_relayout_20260703_163108/foundation-model-stack/fms/models/granite.py", line 123, in forward,
      x = self.ln(x),
    File "/home/adnan/dt-inductor/.venv/lib64/python3.12/site-packages/torch/nn/functional.py", line 2954, in rms_norm,
      return torch.rms_norm(input, normalized_shape, weight, eps),
  ,
  }
)

op2: ComputedBuffer
  layout=FixedLayout('spyre:0', torch.float16, size=[1, 512, 1], stride=[512, 1, 512])
  Pointwise(
  'spyre',
  torch.float16,
  def inner_fn(index):
      _, i1, _ = index
      tmp0 = ops.load(buf1, i1)
      tmp1 = ops.constant(1e-05, torch.float16)
      tmp2 = tmp0 + tmp1
      return tmp2
  ,
  ranges=[1, 512, 1],
  origin_node=add,
  origins=OrderedSet([add]),
  stack_traces = {,
    File "/home/adnan/codex-isolated/dldsc_granite_clean_relayout_20260703_163108/foundation-model-stack/fms/models/granite.py", line 123, in forward,
      x = self.ln(x),
    File "/home/adnan/dt-inductor/.venv/lib64/python3.12/site-packages/torch/nn/functional.py", line 2954, in rms_norm,
      return torch.rms_norm(input, normalized_shape, weight, eps),
  ,
  }
)

op3: ComputedBuffer
  layout=FixedLayout('spyre:0', torch.float16, size=[1, 512, 1], stride=[512, 1, 512])
  Pointwise(
  'spyre',
  torch.float16,
  def inner_fn(index):
      _, i1, _ = index
      tmp0 = ops.load(buf2, i1)
      tmp1 = ops.rsqrt(tmp0)
      return tmp1
  ,
  ranges=[1, 512, 1],
  origin_node=rsqrt,
  origins=OrderedSet([rsqrt]),
  stack_traces = {,
    File "/home/adnan/codex-isolated/dldsc_granite_clean_relayout_20260703_163108/foundation-model-stack/fms/models/granite.py", line 123, in forward,
      x = self.ln(x),
    File "/home/adnan/dt-inductor/.venv/lib64/python3.12/site-packages/torch/nn/functional.py", line 2954, in rms_norm,
      return torch.rms_norm(input, normalized_shape, weight, eps),
  ,
  }
)

op4: ComputedBuffer
  layout=FixedLayout('spyre:0', torch.float16, size=[1, 512, 4096], stride=[2097152, 4096, 1])
  Pointwise(
  'spyre',
  torch.float16,
  def inner_fn(index):
      _, i1, i2 = index
      tmp0 = ops.load(arg1_1, i2 + 4096 * i1)
      tmp1 = ops.load(buf3, i1)
      tmp2 = tmp0 * tmp1
      return tmp2
  ,
  ranges=[1, 512, 4096],
  origin_node=mul_1,
  origins=OrderedSet([mul_1]),
  stack_traces = {,
    File "/home/adnan/codex-isolated/dldsc_granite_clean_relayout_20260703_163108/foundation-model-stack/fms/models/granite.py", line 123, in forward,
      x = self.ln(x),
    File "/home/adnan/dt-inductor/.venv/lib64/python3.12/site-packages/torch/nn/functional.py", line 2954, in rms_norm,
      return torch.rms_norm(input, normalized_shape, weight, eps),
  ,
  }
)

op5: ComputedBuffer
  layout=FixedLayout('spyre:0', torch.float16, size=[1, 512, 4096], stride=[2097152, 4096, 1])
  Pointwise(
  'spyre',
  torch.float16,
  def inner_fn(index):
      _, i1, i2 = index
      tmp0 = ops.load(buf4, i2 + 4096 * i1)
      tmp1 = ops.load(arg0_1, i2)
      tmp2 = tmp0 * tmp1
      return tmp2
  ,
  ranges=[1, 512, 4096],
  origin_node=view,
  origins=OrderedSet([mul_2]),
  stack_traces = {,
    File "/home/adnan/codex-isolated/dldsc_granite_clean_relayout_20260703_163108/foundation-model-stack/fms/models/granite.py", line 123, in forward,
      x = self.ln(x),
    File "/home/adnan/dt-inductor/.venv/lib64/python3.12/site-packages/torch/nn/functional.py", line 2954, in rms_norm,
      return torch.rms_norm(input, normalized_shape, weight, eps),
  ,
  }
)

op6: ComputedBuffer
  layout=FixedLayout('spyre:0', torch.float16, size=[1, 512, 6144], stride=[3145728, 6144, 1])
  Reduction(
  'spyre',
  torch.float16,
  def inner_fn(index, rindex):
      _, i1, i2 = index
      r0_0 = rindex
      tmp0 = ops.load(buf5, r0_0 + 4096 * i1)
      tmp1 = ops.load(arg2_1, r0_0 + 4096 * i2)
      return (OpsValue('tmp0'), OpsValue('tmp1'))
  ,
  ranges=[1, 512, 6144],
  reduction_ranges=[4096],
  reduction_type=batchmatmul,
  origin_node=view_2,
  origins=OrderedSet([bmm, view_1, unsqueeze, permute]),
  stack_traces = {,
    File "/home/adnan/codex-isolated/dldsc_granite_clean_relayout_20260703_163108/foundation-model-stack/fms/models/granite.py", line 124, in forward,
      x = self.attn(,
    File "/home/adnan/codex-isolated/dldsc_granite_clean_relayout_20260703_163108/foundation-model-stack/fms/modules/attention.py", line 681, in forward,
      q_out, k_out, v_out = self.in_proj(q, k, v),
    File "/home/adnan/codex-isolated/dldsc_granite_clean_relayout_20260703_163108/foundation-model-stack/fms/modules/attention.py", line 547, in forward,
      return self.qkv_fused(qkv).split(self.splits, dim=-1),
  ,
  }
)

op7: ComputedBuffer
  layout=FixedLayout('spyre:0', torch.float16, size=[1, 512, 32, 2, 2, 64], stride=[4194304, 8192, 256, 128, 64, 1])
  Pointwise(
  'spyre',
  torch.float16,
  def inner_fn(index):
      _, i1, i2, i3, i4, i5 = index
      tmp0 = ops.load(arg3_1, i5 + 64 * i4 + 128 * i3 + 256 * i1)
      tmp1 = ops.load(buf6, i5 + 64 * i4 + 128 * i2 + 6144 * i1)
      tmp2 = tmp0 * tmp1
      return tmp2
  ,
  ranges=[1, 512, 32, 2, 2, 64],
  origin_node=mul_3,
  origins=OrderedSet([mul_3, unsqueeze_1, unsqueeze_2, view_6, ...,
  stack_traces = {,
    File "/home/adnan/codex-isolated/dldsc_granite_clean_relayout_20260703_163108/foundation-model-stack/fms/models/granite.py", line 124, in forward,
      x = self.attn(,
    File "/home/adnan/codex-isolated/dldsc_granite_clean_relayout_20260703_163108/foundation-model-stack/fms/modules/attention.py", line 690, in forward,
      queries, keys = self.position_encoder.adjusted_qk(,
    File "/home/adnan/codex-isolated/dldsc_granite_clean_relayout_20260703_163108/foundation-model-stack/fms/modules/positions.py", line 352, in adjusted_qk,
      .mul(q_.unsqueeze(-3)) # B L H 1 2 D/2,
  ,
  },
  stack_traces = {,
    File "/home/adnan/codex-isolated/dldsc_granite_clean_relayout_20260703_163108/foundation-model-stack/fms/models/granite.py", line 124, in forward,
      x = self.attn(,
    File "/home/adnan/codex-isolated/dldsc_granite_clean_relayout_20260703_163108/foundation-model-stack/fms/modules/attention.py", line 690, in forward,
      queries, keys = self.position_encoder.adjusted_qk(,
    File "/home/adnan/codex-isolated/dldsc_granite_clean_relayout_20260703_163108/foundation-model-stack/fms/modules/positions.py", line 351, in adjusted_qk,
      selected_freqs[:, :, None, :, :, :] # 1 L 1 2 2 D/2,
  ,
  },
  stack_traces = {,
    File "/home/adnan/codex-isolated/dldsc_granite_clean_relayout_20260703_163108/foundation-model-stack/fms/models/granite.py", line 124, in forward,
      x = self.attn(,
    File "/home/adnan/codex-isolated/dldsc_granite_clean_relayout_20260703_163108/foundation-model-stack/fms/modules/attention.py", line 690, in forward,
      queries, keys = self.position_encoder.adjusted_qk(,
    File "/home/adnan/codex-isolated/dldsc_granite_clean_relayout_20260703_163108/foundation-model-stack/fms/modules/positions.py", line 341, in adjusted_qk,
      q_ = q_rope.view(*q.size()[:-1], 2, -1)  # B L H 2 D/2,
  ,
  },
  stack_traces = {,
    File "/home/adnan/codex-isolated/dldsc_granite_clean_relayout_20260703_163108/foundation-model-stack/fms/models/granite.py", line 124, in forward,
      x = self.attn(,
    File "/home/adnan/codex-isolated/dldsc_granite_clean_relayout_20260703_163108/foundation-model-stack/fms/modules/attention.py", line 684, in forward,
      queries = q_out.view(batch_size, q_len, self.nheads, self.emb_kq_per_head),
  ,
  },
  stack_traces = {,
    File "/home/adnan/codex-isolated/dldsc_granite_clean_relayout_20260703_163108/foundation-model-stack/fms/models/granite.py", line 124, in forward,
      x = self.attn(,
    File "/home/adnan/codex-isolated/dldsc_granite_clean_relayout_20260703_163108/foundation-model-stack/fms/modules/attention.py", line 681, in forward,
      q_out, k_out, v_out = self.in_proj(q, k, v),
    File "/home/adnan/codex-isolated/dldsc_granite_clean_relayout_20260703_163108/foundation-model-stack/fms/modules/attention.py", line 547, in forward,
      return self.qkv_fused(qkv).split(self.splits, dim=-1),
  ,
  }
)

op8: ComputedBuffer
  layout=FixedLayout('spyre:0', torch.float16, size=[1, 512, 32, 2, 1, 64], stride=[2097152, 4096, 128, 64, 64, 1])
  Reduction(
  'spyre',
  torch.float16,
  def inner_fn(index, rindex):
      _, i1, i2, i3, _, i5 = index
      r0_0 = rindex
      tmp0 = ops.load(buf7, i5 + 64 * r0_0 + 128 * i3 + 256 * i2 + 8192 * i1)
      return tmp0
  ,
  ranges=[1, 512, 32, 2, 1, 64],
  reduction_ranges=[2],
  reduction_type=sum,
  origin_node=sum_1,
  origins=OrderedSet([sum_1]),
  stack_traces = {,
    File "/home/adnan/codex-isolated/dldsc_granite_clean_relayout_20260703_163108/foundation-model-stack/fms/models/granite.py", line 124, in forward,
      x = self.attn(,
    File "/home/adnan/codex-isolated/dldsc_granite_clean_relayout_20260703_163108/foundation-model-stack/fms/modules/attention.py", line 690, in forward,
      queries, keys = self.position_encoder.adjusted_qk(,
    File "/home/adnan/codex-isolated/dldsc_granite_clean_relayout_20260703_163108/foundation-model-stack/fms/modules/positions.py", line 353, in adjusted_qk,
      .sum(4, keepdim=True),
  ,
  }
)

op9: ComputedBuffer
  layout=FixedLayout('spyre:0', torch.float16, size=[1, 32, 512, 128], stride=[2097152, 128, 4096, 1])
  Pointwise(
  'spyre',
  torch.float16,
  def inner_fn(index):
      _, i1, i2, i3 = index
      tmp0 = ops.load(buf8, i3 + 128 * i1 + 4096 * i2)
      tmp1 = ops.constant(0.08838834764831845, torch.float16)
      tmp2 = tmp0 * tmp1
      return tmp2
  ,
  ranges=[1, 32, 512, 128],
  origin_node=expand_4,
  origins=OrderedSet([mul_5, permute_3, view_10, view_8]),
  stack_traces = {,
    File "/home/adnan/codex-isolated/dldsc_granite_clean_relayout_20260703_163108/foundation-model-stack/fms/models/granite.py", line 124, in forward,
      x = self.attn(,
    File "/home/adnan/codex-isolated/dldsc_granite_clean_relayout_20260703_163108/foundation-model-stack/fms/modules/attention.py", line 713, in forward,
      attn = attn_compute_dict["compute_prefill"](,
    File "/home/adnan/codex-isolated/dldsc_granite_clean_relayout_20260703_163108/foundation-model-stack/fms/modules/attention.py", line 266, in _sdpa_compute_op,
      attn = F.scaled_dot_product_attention(,
  ,
  },
  stack_traces = {,
    File "/home/adnan/codex-isolated/dldsc_granite_clean_relayout_20260703_163108/foundation-model-stack/fms/models/granite.py", line 124, in forward,
      x = self.attn(,
    File "/home/adnan/codex-isolated/dldsc_granite_clean_relayout_20260703_163108/foundation-model-stack/fms/modules/attention.py", line 713, in forward,
      attn = attn_compute_dict["compute_prefill"](,
    File "/home/adnan/codex-isolated/dldsc_granite_clean_relayout_20260703_163108/foundation-model-stack/fms/modules/attention.py", line 218, in _sdpa_compute_op,
      queries = query.transpose(2, 1),
  ,
  },
  stack_traces = {,
    File "/home/adnan/codex-isolated/dldsc_granite_clean_relayout_20260703_163108/foundation-model-stack/fms/models/granite.py", line 124, in forward,
      x = self.attn(,
    File "/home/adnan/codex-isolated/dldsc_granite_clean_relayout_20260703_163108/foundation-model-stack/fms/modules/attention.py", line 690, in forward,
      queries, keys = self.position_encoder.adjusted_qk(,
    File "/home/adnan/codex-isolated/dldsc_granite_clean_relayout_20260703_163108/foundation-model-stack/fms/modules/positions.py", line 367, in adjusted_qk,
      q_out = q_out.view_as(q_rope),
  ,
  },
  stack_traces = {,
    File "/home/adnan/codex-isolated/dldsc_granite_clean_relayout_20260703_163108/foundation-model-stack/fms/models/granite.py", line 124, in forward,
      x = self.attn(,
    File "/home/adnan/codex-isolated/dldsc_granite_clean_relayout_20260703_163108/foundation-model-stack/fms/modules/attention.py", line 690, in forward,
      queries, keys = self.position_encoder.adjusted_qk(,
    File "/home/adnan/codex-isolated/dldsc_granite_clean_relayout_20260703_163108/foundation-model-stack/fms/modules/positions.py", line 354, in adjusted_qk,
      .flatten(3),
  ,
  }
)

op10: ComputedBuffer
  layout=FixedLayout('spyre:0', torch.float16, size=[1, 512, 8, 2, 2, 64], stride=[1048576, 2048, 256, 128, 64, 1])
  Pointwise(
  'spyre',
  torch.float16,
  def inner_fn(index):
      _, i1, i2, i3, i4, i5 = index
      tmp0 = ops.load(arg3_1, i5 + 64 * i4 + 128 * i3 + 256 * i1)
      tmp1 = ops.load(buf6, 4096 + i5 + 64 * i4 + 128 * i2 + 6144 * i1)
      tmp2 = tmp0 * tmp1
      return tmp2
  ,
  ranges=[1, 512, 8, 2, 2, 64],
  origin_node=mul_4,
  origins=OrderedSet([mul_4, unsqueeze_3, unsqueeze_4, view_7, ...,
  stack_traces = {,
    File "/home/adnan/codex-isolated/dldsc_granite_clean_relayout_20260703_163108/foundation-model-stack/fms/models/granite.py", line 124, in forward,
      x = self.attn(,
    File "/home/adnan/codex-isolated/dldsc_granite_clean_relayout_20260703_163108/foundation-model-stack/fms/modules/attention.py", line 690, in forward,
      queries, keys = self.position_encoder.adjusted_qk(,
    File "/home/adnan/codex-isolated/dldsc_granite_clean_relayout_20260703_163108/foundation-model-stack/fms/modules/positions.py", line 358, in adjusted_qk,
      .mul(k_.unsqueeze(-3)),
  ,
  },
  stack_traces = {,
    File "/home/adnan/codex-isolated/dldsc_granite_clean_relayout_20260703_163108/foundation-model-stack/fms/models/granite.py", line 124, in forward,
      x = self.attn(,
    File "/home/adnan/codex-isolated/dldsc_granite_clean_relayout_20260703_163108/foundation-model-stack/fms/modules/attention.py", line 690, in forward,
      queries, keys = self.position_encoder.adjusted_qk(,
    File "/home/adnan/codex-isolated/dldsc_granite_clean_relayout_20260703_163108/foundation-model-stack/fms/modules/positions.py", line 357, in adjusted_qk,
      selected_freqs[:, :, None, :, :, :],
  ,
  },
  stack_traces = {,
    File "/home/adnan/codex-isolated/dldsc_granite_clean_relayout_20260703_163108/foundation-model-stack/fms/models/granite.py", line 124, in forward,
      x = self.attn(,
    File "/home/adnan/codex-isolated/dldsc_granite_clean_relayout_20260703_163108/foundation-model-stack/fms/modules/attention.py", line 690, in forward,
      queries, keys = self.position_encoder.adjusted_qk(,
    File "/home/adnan/codex-isolated/dldsc_granite_clean_relayout_20260703_163108/foundation-model-stack/fms/modules/positions.py", line 342, in adjusted_qk,
      k_ = k_rope.view(*k.size()[:-1], 2, -1)  # B L H 2 D/2,
  ,
  },
  stack_traces = {,
    File "/home/adnan/codex-isolated/dldsc_granite_clean_relayout_20260703_163108/foundation-model-stack/fms/models/granite.py", line 124, in forward,
      x = self.attn(,
    File "/home/adnan/codex-isolated/dldsc_granite_clean_relayout_20260703_163108/foundation-model-stack/fms/modules/attention.py", line 685, in forward,
      keys = k_out.view(batch_size, q_len, self.kvheads, self.emb_kq_per_head),
  ,
  },
  stack_traces = {,
    File "/home/adnan/codex-isolated/dldsc_granite_clean_relayout_20260703_163108/foundation-model-stack/fms/models/granite.py", line 124, in forward,
      x = self.attn(,
    File "/home/adnan/codex-isolated/dldsc_granite_clean_relayout_20260703_163108/foundation-model-stack/fms/modules/attention.py", line 681, in forward,
      q_out, k_out, v_out = self.in_proj(q, k, v),
    File "/home/adnan/codex-isolated/dldsc_granite_clean_relayout_20260703_163108/foundation-model-stack/fms/modules/attention.py", line 547, in forward,
      return self.qkv_fused(qkv).split(self.splits, dim=-1),
  ,
  }
)

op11: ComputedBuffer
  layout=FixedLayout('spyre:0', torch.float16, size=[1, 512, 8, 2, 1, 64], stride=[524288, 1024, 128, 64, 64, 1])
  Reduction(
  'spyre',
  torch.float16,
  def inner_fn(index, rindex):
      _, i1, i2, i3, _, i5 = index
      r0_0 = rindex
      tmp0 = ops.load(buf10, i5 + 64 * r0_0 + 128 * i3 + 256 * i2 + 2048 * i1)
      return tmp0
  ,
  ranges=[1, 512, 8, 2, 1, 64],
  reduction_ranges=[2],
  reduction_type=sum,
  origin_node=sum_2,
  origins=OrderedSet([sum_2]),
  stack_traces = {,
    File "/home/adnan/codex-isolated/dldsc_granite_clean_relayout_20260703_163108/foundation-model-stack/fms/models/granite.py", line 124, in forward,
      x = self.attn(,
    File "/home/adnan/codex-isolated/dldsc_granite_clean_relayout_20260703_163108/foundation-model-stack/fms/modules/attention.py", line 690, in forward,
      queries, keys = self.position_encoder.adjusted_qk(,
    File "/home/adnan/codex-isolated/dldsc_granite_clean_relayout_20260703_163108/foundation-model-stack/fms/modules/positions.py", line 359, in adjusted_qk,
      .sum(4, keepdim=True),
  ,
  }
)

op12: ComputedBuffer
  layout=FixedLayout('spyre:0', torch.float16, size=[1, 8, 4, 512, 128], stride=[2097152, 262144, 65536, 128, 1])
  Pointwise(
  'spyre',
  torch.float16,
  def inner_fn(index):
      _, i1, i2, i3, i4 = index
      tmp0 = ops.load(buf11, i4 + 128 * i1 + 1024 * i3)
      return tmp0
  ,
  ranges=[1, 8, 4, 512, 128],
  origin_node=clone,
  origins=OrderedSet([clone, expand_2, unsqueeze_6, permute_1, ...,
  stack_traces = {,
    File "/home/adnan/codex-isolated/dldsc_granite_clean_relayout_20260703_163108/foundation-model-stack/fms/models/granite.py", line 124, in forward,
      x = self.attn(,
    File "/home/adnan/codex-isolated/dldsc_granite_clean_relayout_20260703_163108/foundation-model-stack/fms/modules/attention.py", line 713, in forward,
      attn = attn_compute_dict["compute_prefill"](,
    File "/home/adnan/codex-isolated/dldsc_granite_clean_relayout_20260703_163108/foundation-model-stack/fms/modules/attention.py", line 237, in _sdpa_compute_op,
      keys_e = key_cache.unsqueeze(2).expand(-1, -1, expansion, -1, -1).flatten(1, 2),
  ,
  },
  stack_traces = {,
    File "/home/adnan/codex-isolated/dldsc_granite_clean_relayout_20260703_163108/foundation-model-stack/fms/models/granite.py", line 124, in forward,
      x = self.attn(,
    File "/home/adnan/codex-isolated/dldsc_granite_clean_relayout_20260703_163108/foundation-model-stack/fms/modules/attention.py", line 701, in forward,
      attn_compute_dict["store"](,
    File "/home/adnan/codex-isolated/dldsc_granite_clean_relayout_20260703_163108/foundation-model-stack/fms/modules/attention.py", line 176, in _sdpa_store_op,
      keys = keys.transpose(2, 1),
  ,
  },
  stack_traces = {,
    File "/home/adnan/codex-isolated/dldsc_granite_clean_relayout_20260703_163108/foundation-model-stack/fms/models/granite.py", line 124, in forward,
      x = self.attn(,
    File "/home/adnan/codex-isolated/dldsc_granite_clean_relayout_20260703_163108/foundation-model-stack/fms/modules/attention.py", line 690, in forward,
      queries, keys = self.position_encoder.adjusted_qk(,
    File "/home/adnan/codex-isolated/dldsc_granite_clean_relayout_20260703_163108/foundation-model-stack/fms/modules/positions.py", line 368, in adjusted_qk,
      k_out = k_out.view_as(k_rope),
  ,
  },
  stack_traces = {,
    File "/home/adnan/codex-isolated/dldsc_granite_clean_relayout_20260703_163108/foundation-model-stack/fms/models/granite.py", line 124, in forward,
      x = self.attn(,
    File "/home/adnan/codex-isolated/dldsc_granite_clean_relayout_20260703_163108/foundation-model-stack/fms/modules/attention.py", line 690, in forward,
      queries, keys = self.position_encoder.adjusted_qk(,
    File "/home/adnan/codex-isolated/dldsc_granite_clean_relayout_20260703_163108/foundation-model-stack/fms/modules/positions.py", line 360, in adjusted_qk,
      .flatten(3),
  ,
  }
)

op13: ComputedBuffer
  layout=FixedLayout('spyre:0', torch.float16, size=[1, 32, 512, 128], stride=[2097152, 65536, 128, 1])
  Pointwise(
  'spyre',
  torch.float16,
  def inner_fn(index):
      _, i1, i2, i3 = index
      tmp0 = ops.load(buf12, i3 + 128 * i2 + 65536 * i1)
      tmp1 = ops.constant(0.08838834764831845, torch.float16)
      tmp2 = tmp0 * tmp1
      return tmp2
  ,
  ranges=[1, 32, 512, 128],
  origin_node=mul_6,
  origins=OrderedSet([mul_6, view_12]),
  stack_traces = {,
    File "/home/adnan/codex-isolated/dldsc_granite_clean_relayout_20260703_163108/foundation-model-stack/fms/models/granite.py", line 124, in forward,
      x = self.attn(,
    File "/home/adnan/codex-isolated/dldsc_granite_clean_relayout_20260703_163108/foundation-model-stack/fms/modules/attention.py", line 713, in forward,
      attn = attn_compute_dict["compute_prefill"](,
    File "/home/adnan/codex-isolated/dldsc_granite_clean_relayout_20260703_163108/foundation-model-stack/fms/modules/attention.py", line 266, in _sdpa_compute_op,
      attn = F.scaled_dot_product_attention(,
  ,
  },
  stack_traces = {,
    File "/home/adnan/codex-isolated/dldsc_granite_clean_relayout_20260703_163108/foundation-model-stack/fms/models/granite.py", line 124, in forward,
      x = self.attn(,
    File "/home/adnan/codex-isolated/dldsc_granite_clean_relayout_20260703_163108/foundation-model-stack/fms/modules/attention.py", line 713, in forward,
      attn = attn_compute_dict["compute_prefill"](,
    File "/home/adnan/codex-isolated/dldsc_granite_clean_relayout_20260703_163108/foundation-model-stack/fms/modules/attention.py", line 237, in _sdpa_compute_op,
      keys_e = key_cache.unsqueeze(2).expand(-1, -1, expansion, -1, -1).flatten(1, 2),
  ,
  }
)

op14: ComputedBuffer
  layout=FixedLayout('spyre:0', torch.float16, size=[1, 32, 512, 512], stride=[8388608, 512, 16384, 1])
  Reduction(
  'spyre',
  torch.float16,
  def inner_fn(index, rindex):
      _, i1, i2, i3 = index
      r0_0 = rindex
      tmp0 = ops.load(buf9, r0_0 + 128 * i1 + 4096 * i2)
      tmp1 = ops.load(buf13, r0_0 + 128 * i3 + 65536 * i1)
      return (OpsValue('tmp0'), OpsValue('tmp1'))
  ,
  ranges=[1, 32, 512, 512],
  reduction_ranges=[128],
  reduction_type=batchmatmul,
  origin_node=batched_matmul_default_1,
  origins=OrderedSet([batched_matmul_default_1, permute_4]),
  stack_traces = {,
    File "/home/adnan/codex-isolated/dldsc_granite_clean_relayout_20260703_163108/foundation-model-stack/fms/models/granite.py", line 124, in forward,
      x = self.attn(,
    File "/home/adnan/codex-isolated/dldsc_granite_clean_relayout_20260703_163108/foundation-model-stack/fms/modules/attention.py", line 713, in forward,
      attn = attn_compute_dict["compute_prefill"](,
    File "/home/adnan/codex-isolated/dldsc_granite_clean_relayout_20260703_163108/foundation-model-stack/fms/modules/attention.py", line 266, in _sdpa_compute_op,
      attn = F.scaled_dot_product_attention(,
  ,
  }
)

op15: ComputedBuffer
  layout=FixedLayout('spyre:0', torch.float16, size=[1, 32, 512, 512], stride=[8388608, 512, 16384, 1])
  Pointwise(
  'spyre',
  torch.float16,
  def inner_fn(index):
      _, i1, i2, i3 = index
      tmp0 = ops.load(buf14, i3 + 512 * i1 + 16384 * i2)
      tmp1 = ops.load(arg4_1, i3 + 512 * i2)
      tmp2 = tmp0 + tmp1
      return tmp2
  ,
  ranges=[1, 32, 512, 512],
  origin_node=add_1,
  origins=OrderedSet([add_1, unsqueeze_5]),
  stack_traces = {,
    File "/home/adnan/codex-isolated/dldsc_granite_clean_relayout_20260703_163108/foundation-model-stack/fms/models/granite.py", line 124, in forward,
      x = self.attn(,
    File "/home/adnan/codex-isolated/dldsc_granite_clean_relayout_20260703_163108/foundation-model-stack/fms/modules/attention.py", line 713, in forward,
      attn = attn_compute_dict["compute_prefill"](,
    File "/home/adnan/codex-isolated/dldsc_granite_clean_relayout_20260703_163108/foundation-model-stack/fms/modules/attention.py", line 266, in _sdpa_compute_op,
      attn = F.scaled_dot_product_attention(,
  ,
  },
  stack_traces = {,
    File "/home/adnan/codex-isolated/dldsc_granite_clean_relayout_20260703_163108/foundation-model-stack/fms/models/granite.py", line 124, in forward,
      x = self.attn(,
    File "/home/adnan/codex-isolated/dldsc_granite_clean_relayout_20260703_163108/foundation-model-stack/fms/modules/attention.py", line 713, in forward,
      attn = attn_compute_dict["compute_prefill"](,
    File "/home/adnan/codex-isolated/dldsc_granite_clean_relayout_20260703_163108/foundation-model-stack/fms/modules/attention.py", line 231, in _sdpa_compute_op,
      mask = mask.unsqueeze(1),
  ,
  }
)

op16: ComputedBuffer
  layout=FixedLayout('spyre:0', torch.float16, size=[1, 32, 512, 1], stride=[16384, 512, 1, 16384])
  Reduction(
  'spyre',
  torch.float16,
  def inner_fn(index, rindex):
      _, i1, i2, _ = index
      r0_0 = rindex
      tmp0 = ops.load(buf15, r0_0 + 512 * i1 + 16384 * i2)
      return tmp0
  ,
  ranges=[1, 32, 512, 1],
  reduction_ranges=[512],
  reduction_type=max,
  origin_node=amax,
  origins=OrderedSet([amax]),
  stack_traces = {,
    File "/home/adnan/codex-isolated/dldsc_granite_clean_relayout_20260703_163108/foundation-model-stack/fms/models/granite.py", line 124, in forward,
      x = self.attn(,
    File "/home/adnan/codex-isolated/dldsc_granite_clean_relayout_20260703_163108/foundation-model-stack/fms/modules/attention.py", line 713, in forward,
      attn = attn_compute_dict["compute_prefill"](,
    File "/home/adnan/codex-isolated/dldsc_granite_clean_relayout_20260703_163108/foundation-model-stack/fms/modules/attention.py", line 266, in _sdpa_compute_op,
      attn = F.scaled_dot_product_attention(,
  ,
  }
)

op17: ComputedBuffer
  layout=FixedLayout('spyre:0', torch.float16, size=[1, 32, 512, 512], stride=[8388608, 262144, 512, 1])
  Pointwise(
  'spyre',
  torch.float16,
  def inner_fn(index):
      _, i1, i2, i3 = index
      tmp0 = ops.load(buf15, i3 + 512 * i1 + 16384 * i2)
      tmp1 = ops.load(buf16, i2 + 512 * i1)
      tmp2 = tmp0 - tmp1
      return tmp2
  ,
  ranges=[1, 32, 512, 512],
  origin_node=sub,
  origins=OrderedSet([sub]),
  stack_traces = {,
    File "/home/adnan/codex-isolated/dldsc_granite_clean_relayout_20260703_163108/foundation-model-stack/fms/models/granite.py", line 124, in forward,
      x = self.attn(,
    File "/home/adnan/codex-isolated/dldsc_granite_clean_relayout_20260703_163108/foundation-model-stack/fms/modules/attention.py", line 713, in forward,
      attn = attn_compute_dict["compute_prefill"](,
    File "/home/adnan/codex-isolated/dldsc_granite_clean_relayout_20260703_163108/foundation-model-stack/fms/modules/attention.py", line 266, in _sdpa_compute_op,
      attn = F.scaled_dot_product_attention(,
  ,
  }
)

op18: ComputedBuffer
  layout=FixedLayout('spyre:0', torch.float16, size=[1, 32, 512, 512], stride=[8388608, 262144, 512, 1])
  Pointwise(
  'spyre',
  torch.float16,
  def inner_fn(index):
      _, i1, i2, i3 = index
      tmp0 = ops.load(buf17, i3 + 512 * i2 + 262144 * i1)
      tmp1 = ops.exp(tmp0)
      return tmp1
  ,
  ranges=[1, 32, 512, 512],
  origin_node=exp,
  origins=OrderedSet([exp]),
  stack_traces = {,
    File "/home/adnan/codex-isolated/dldsc_granite_clean_relayout_20260703_163108/foundation-model-stack/fms/models/granite.py", line 124, in forward,
      x = self.attn(,
    File "/home/adnan/codex-isolated/dldsc_granite_clean_relayout_20260703_163108/foundation-model-stack/fms/modules/attention.py", line 713, in forward,
      attn = attn_compute_dict["compute_prefill"](,
    File "/home/adnan/codex-isolated/dldsc_granite_clean_relayout_20260703_163108/foundation-model-stack/fms/modules/attention.py", line 266, in _sdpa_compute_op,
      attn = F.scaled_dot_product_attention(,
  ,
  }
)

op19: ComputedBuffer
  layout=FixedLayout('spyre:0', torch.float16, size=[1, 32, 512, 1], stride=[16384, 512, 1, 16384])
  Reduction(
  'spyre',
  torch.float16,
  def inner_fn(index, rindex):
      _, i1, i2, _ = index
      r0_0 = rindex
      tmp0 = ops.load(buf18, r0_0 + 512 * i2 + 262144 * i1)
      return tmp0
  ,
  ranges=[1, 32, 512, 1],
  reduction_ranges=[512],
  reduction_type=sum,
  origin_node=sum_3,
  origins=OrderedSet([sum_3]),
  stack_traces = {,
    File "/home/adnan/codex-isolated/dldsc_granite_clean_relayout_20260703_163108/foundation-model-stack/fms/models/granite.py", line 124, in forward,
      x = self.attn(,
    File "/home/adnan/codex-isolated/dldsc_granite_clean_relayout_20260703_163108/foundation-model-stack/fms/modules/attention.py", line 713, in forward,
      attn = attn_compute_dict["compute_prefill"](,
    File "/home/adnan/codex-isolated/dldsc_granite_clean_relayout_20260703_163108/foundation-model-stack/fms/modules/attention.py", line 266, in _sdpa_compute_op,
      attn = F.scaled_dot_product_attention(,
  ,
  }
)

op20: ComputedBuffer
  layout=FixedLayout('spyre:0', torch.float16, size=[1, 32, 512, 512], stride=[8388608, 262144, 512, 1])
  Pointwise(
  'spyre',
  torch.float16,
  def inner_fn(index):
      _, i1, i2, i3 = index
      tmp0 = ops.load(buf18, i3 + 512 * i2 + 262144 * i1)
      tmp1 = ops.load(buf19, i2 + 512 * i1)
      tmp2 = tmp0 / tmp1
      return tmp2
  ,
  ranges=[1, 32, 512, 512],
  origin_node=expand_6,
  origins=OrderedSet([div]),
  stack_traces = {,
    File "/home/adnan/codex-isolated/dldsc_granite_clean_relayout_20260703_163108/foundation-model-stack/fms/models/granite.py", line 124, in forward,
      x = self.attn(,
    File "/home/adnan/codex-isolated/dldsc_granite_clean_relayout_20260703_163108/foundation-model-stack/fms/modules/attention.py", line 713, in forward,
      attn = attn_compute_dict["compute_prefill"](,
    File "/home/adnan/codex-isolated/dldsc_granite_clean_relayout_20260703_163108/foundation-model-stack/fms/modules/attention.py", line 266, in _sdpa_compute_op,
      attn = F.scaled_dot_product_attention(,
  ,
  }
)

op21: ComputedBuffer
  layout=FixedLayout('spyre:0', torch.float16, size=[1, 8, 4, 512, 128], stride=[2097152, 262144, 65536, 128, 1])
  Pointwise(
  'spyre',
  torch.float16,
  def inner_fn(index):
      _, i1, i2, i3, i4 = index
      tmp0 = ops.load(buf6, 5120 + i4 + 128 * i1 + 6144 * i3)
      return tmp0
  ,
  ranges=[1, 8, 4, 512, 128],
  origin_node=clone_1,
  origins=OrderedSet([clone_1, expand_3, unsqueeze_7, permute_2...,
  stack_traces = {,
    File "/home/adnan/codex-isolated/dldsc_granite_clean_relayout_20260703_163108/foundation-model-stack/fms/models/granite.py", line 124, in forward,
      x = self.attn(,
    File "/home/adnan/codex-isolated/dldsc_granite_clean_relayout_20260703_163108/foundation-model-stack/fms/modules/attention.py", line 713, in forward,
      attn = attn_compute_dict["compute_prefill"](,
    File "/home/adnan/codex-isolated/dldsc_granite_clean_relayout_20260703_163108/foundation-model-stack/fms/modules/attention.py", line 239, in _sdpa_compute_op,
      value_cache.unsqueeze(2).expand(-1, -1, expansion, -1, -1).flatten(1, 2),
  ,
  },
  stack_traces = {,
    File "/home/adnan/codex-isolated/dldsc_granite_clean_relayout_20260703_163108/foundation-model-stack/fms/models/granite.py", line 124, in forward,
      x = self.attn(,
    File "/home/adnan/codex-isolated/dldsc_granite_clean_relayout_20260703_163108/foundation-model-stack/fms/modules/attention.py", line 701, in forward,
      attn_compute_dict["store"](,
    File "/home/adnan/codex-isolated/dldsc_granite_clean_relayout_20260703_163108/foundation-model-stack/fms/modules/attention.py", line 177, in _sdpa_store_op,
      values = values.transpose(2, 1),
  ,
  },
  stack_traces = {,
    File "/home/adnan/codex-isolated/dldsc_granite_clean_relayout_20260703_163108/foundation-model-stack/fms/models/granite.py", line 124, in forward,
      x = self.attn(,
    File "/home/adnan/codex-isolated/dldsc_granite_clean_relayout_20260703_163108/foundation-model-stack/fms/modules/attention.py", line 686, in forward,
      values = v_out.view(batch_size, q_len, self.kvheads, self.emb_v_per_head),
  ,
  },
  stack_traces = {,
    File "/home/adnan/codex-isolated/dldsc_granite_clean_relayout_20260703_163108/foundation-model-stack/fms/models/granite.py", line 124, in forward,
      x = self.attn(,
    File "/home/adnan/codex-isolated/dldsc_granite_clean_relayout_20260703_163108/foundation-model-stack/fms/modules/attention.py", line 681, in forward,
      q_out, k_out, v_out = self.in_proj(q, k, v),
    File "/home/adnan/codex-isolated/dldsc_granite_clean_relayout_20260703_163108/foundation-model-stack/fms/modules/attention.py", line 547, in forward,
      return self.qkv_fused(qkv).split(self.splits, dim=-1),
  ,
  }
)

op22: ComputedBuffer
  layout=FixedLayout('spyre:0', torch.float16, size=[1, 32, 512, 128], stride=[2097152, 65536, 128, 1])
  Reduction(
  'spyre',
  torch.float16,
  def inner_fn(index, rindex):
      _, i1, i2, i3 = index
      r0_0 = rindex
      tmp0 = ops.load(buf20, r0_0 + 512 * i2 + 262144 * i1)
      tmp1 = ops.load(buf21, i3 + 128 * r0_0 + 65536 * i1)
      return (OpsValue('tmp0'), OpsValue('tmp1'))
  ,
  ranges=[1, 32, 512, 128],
  reduction_ranges=[512],
  reduction_type=batchmatmul,
  origin_node=batched_matmul_default,
  origins=OrderedSet([batched_matmul_default, view_13]),
  stack_traces = {,
    File "/home/adnan/codex-isolated/dldsc_granite_clean_relayout_20260703_163108/foundation-model-stack/fms/models/granite.py", line 124, in forward,
      x = self.attn(,
    File "/home/adnan/codex-isolated/dldsc_granite_clean_relayout_20260703_163108/foundation-model-stack/fms/modules/attention.py", line 713, in forward,
      attn = attn_compute_dict["compute_prefill"](,
    File "/home/adnan/codex-isolated/dldsc_granite_clean_relayout_20260703_163108/foundation-model-stack/fms/modules/attention.py", line 239, in _sdpa_compute_op,
      value_cache.unsqueeze(2).expand(-1, -1, expansion, -1, -1).flatten(1, 2),
  ,
  }
)

op23: ComputedBuffer
  layout=FixedLayout('spyre:0', torch.float16, size=[1, 512, 32, 128], stride=[2097152, 4096, 128, 1])
  Pointwise(
  'spyre',
  torch.float16,
  def inner_fn(index):
      _, i1, i2, i3 = index
      tmp0 = ops.load(buf22, i3 + 128 * i1 + 65536 * i2)
      return tmp0
  ,
  ranges=[1, 512, 32, 128],
  origin_node=clone_2,
  origins=OrderedSet([clone_2, permute_5]),
  stack_traces = {,
    File "/home/adnan/codex-isolated/dldsc_granite_clean_relayout_20260703_163108/foundation-model-stack/fms/models/granite.py", line 124, in forward,
      x = self.attn(,
    File "/home/adnan/codex-isolated/dldsc_granite_clean_relayout_20260703_163108/foundation-model-stack/fms/modules/attention.py", line 713, in forward,
      attn = attn_compute_dict["compute_prefill"](,
    File "/home/adnan/codex-isolated/dldsc_granite_clean_relayout_20260703_163108/foundation-model-stack/fms/modules/attention.py", line 266, in _sdpa_compute_op,
      attn = F.scaled_dot_product_attention(,
  ,
  }
)

op24: ComputedBuffer
  layout=FixedLayout('spyre:0', torch.float16, size=[1, 512, 4096], stride=[2097152, 4096, 1])
  Reduction(
  'spyre',
  torch.float16,
  def inner_fn(index, rindex):
      _, i1, i2 = index
      r0_0 = rindex
      tmp0 = ops.load(buf23, r0_0 + 4096 * i1)
      tmp1 = ops.load(arg5_1, r0_0 + 4096 * i2)
      return (OpsValue('tmp0'), OpsValue('tmp1'))
  ,
  ranges=[1, 512, 4096],
  reduction_ranges=[4096],
  reduction_type=batchmatmul,
  origin_node=view_23,
  origins=OrderedSet([bmm_3, view_21, view_20, permute_7, permu...,
  stack_traces = {,
    File "/home/adnan/codex-isolated/dldsc_granite_clean_relayout_20260703_163108/foundation-model-stack/fms/models/granite.py", line 124, in forward,
      x = self.attn(,
    File "/home/adnan/codex-isolated/dldsc_granite_clean_relayout_20260703_163108/foundation-model-stack/fms/modules/attention.py", line 736, in forward,
      out = self.dense(attn),
  ,
  },
  stack_traces = {,
    File "/home/adnan/codex-isolated/dldsc_granite_clean_relayout_20260703_163108/foundation-model-stack/fms/models/granite.py", line 124, in forward,
      x = self.attn(,
    File "/home/adnan/codex-isolated/dldsc_granite_clean_relayout_20260703_163108/foundation-model-stack/fms/modules/attention.py", line 735, in forward,
      attn = attn.view(batch_size, q_len, self.nheads * self.emb_v_per_head),
  ,
  },
  stack_traces = {,
    File "/home/adnan/codex-isolated/dldsc_granite_clean_relayout_20260703_163108/foundation-model-stack/fms/models/granite.py", line 124, in forward,
      x = self.attn(,
    File "/home/adnan/codex-isolated/dldsc_granite_clean_relayout_20260703_163108/foundation-model-stack/fms/modules/attention.py", line 713, in forward,
      attn = attn_compute_dict["compute_prefill"](,
    File "/home/adnan/codex-isolated/dldsc_granite_clean_relayout_20260703_163108/foundation-model-stack/fms/modules/attention.py", line 285, in _sdpa_compute_op,
      attn = attn.transpose(2, 1),
  ,
  },
  stack_traces = {,
    File "/home/adnan/codex-isolated/dldsc_granite_clean_relayout_20260703_163108/foundation-model-stack/fms/models/granite.py", line 124, in forward,
      x = self.attn(,
    File "/home/adnan/codex-isolated/dldsc_granite_clean_relayout_20260703_163108/foundation-model-stack/fms/modules/attention.py", line 713, in forward,
      attn = attn_compute_dict["compute_prefill"](,
    File "/home/adnan/codex-isolated/dldsc_granite_clean_relayout_20260703_163108/foundation-model-stack/fms/modules/attention.py", line 266, in _sdpa_compute_op,
      attn = F.scaled_dot_product_attention(,
  ,
  }
)

op25: ComputedBuffer
  layout=FixedLayout('spyre:0', torch.float16, size=[1, 512, 4096], stride=[2097152, 4096, 1])
  Pointwise(
  'spyre',
  torch.float16,
  def inner_fn(index):
      _, i1, i2 = index
      tmp0 = ops.load(buf24, i2 + 4096 * i1)
      tmp1 = ops.constant(0.22, torch.float16)
      tmp2 = tmp0 * tmp1
      return tmp2
  ,
  ranges=[1, 512, 4096],
  origin_node=mul_7,
  origins=OrderedSet([mul_7]),
  stack_traces = {,
    File "/home/adnan/codex-isolated/dldsc_granite_clean_relayout_20260703_163108/foundation-model-stack/fms/models/granite.py", line 137, in forward,
      x = x * self.config.residual_multiplier + residual,
  ,
  }
)

op26: ComputedBuffer
  layout=FixedLayout('spyre:0', torch.float16, size=[1, 512, 4096], stride=[2097152, 4096, 1])
  Pointwise(
  'spyre',
  torch.float16,
  def inner_fn(index):
      _, i1, i2 = index
      tmp0 = ops.load(buf25, i2 + 4096 * i1)
      tmp1 = ops.load(arg1_1, i2 + 4096 * i1)
      tmp2 = tmp0 + tmp1
      return tmp2
  ,
  ranges=[1, 512, 4096],
  origin_node=add_2,
  origins=OrderedSet([add_2]),
  stack_traces = {,
    File "/home/adnan/codex-isolated/dldsc_granite_clean_relayout_20260703_163108/foundation-model-stack/fms/models/granite.py", line 137, in forward,
      x = x * self.config.residual_multiplier + residual,
  ,
  }
)

op27: ComputedBuffer
  layout=FixedLayout('spyre:0', torch.float16, size=[1, 512, 4096], stride=[2097152, 4096, 1])
  Pointwise(
  'spyre',
  torch.float16,
  def inner_fn(index):
      _, i1, i2 = index
      tmp0 = ops.load(buf26, i2 + 4096 * i1)
      tmp1 = ops.load(buf26, i2 + 4096 * i1)
      tmp2 = tmp0 * tmp1
      return tmp2
  ,
  ranges=[1, 512, 4096],
  origin_node=mul_8,
  origins=OrderedSet([mul_8]),
  stack_traces = {,
    File "/home/adnan/codex-isolated/dldsc_granite_clean_relayout_20260703_163108/foundation-model-stack/fms/models/granite.py", line 141, in forward,
      x = self.ff_ln(x),
    File "/home/adnan/dt-inductor/.venv/lib64/python3.12/site-packages/torch/nn/functional.py", line 2954, in rms_norm,
      return torch.rms_norm(input, normalized_shape, weight, eps),
  ,
  }
)

op28: ComputedBuffer
  layout=FixedLayout('spyre:0', torch.float16, size=[1, 512, 1], stride=[512, 1, 512])
  SpyreReduction(
  'spyre',
  torch.float16,
  def inner_fn(index, rindex):
      _, i1, _ = index
      r0_0 = rindex
      tmp0 = ops.load(buf27, r0_0 + 4096 * i1)
      return tmp0
  ,
  ranges=[1, 512, 1],
  reduction_ranges=[4096],
  reduction_type=mean,
  origin_node=mean_1,
  origins=OrderedSet([mean_1]),
  stack_traces = {,
    File "/home/adnan/codex-isolated/dldsc_granite_clean_relayout_20260703_163108/foundation-model-stack/fms/models/granite.py", line 141, in forward,
      x = self.ff_ln(x),
    File "/home/adnan/dt-inductor/.venv/lib64/python3.12/site-packages/torch/nn/functional.py", line 2954, in rms_norm,
      return torch.rms_norm(input, normalized_shape, weight, eps),
  ,
  }
)

op29: ComputedBuffer
  layout=FixedLayout('spyre:0', torch.float16, size=[1, 512, 1], stride=[512, 1, 512])
  Pointwise(
  'spyre',
  torch.float16,
  def inner_fn(index):
      _, i1, _ = index
      tmp0 = ops.load(buf28, i1)
      tmp1 = ops.constant(1e-05, torch.float16)
      tmp2 = tmp0 + tmp1
      return tmp2
  ,
  ranges=[1, 512, 1],
  origin_node=add_3,
  origins=OrderedSet([add_3]),
  stack_traces = {,
    File "/home/adnan/codex-isolated/dldsc_granite_clean_relayout_20260703_163108/foundation-model-stack/fms/models/granite.py", line 141, in forward,
      x = self.ff_ln(x),
    File "/home/adnan/dt-inductor/.venv/lib64/python3.12/site-packages/torch/nn/functional.py", line 2954, in rms_norm,
      return torch.rms_norm(input, normalized_shape, weight, eps),
  ,
  }
)

op30: ComputedBuffer
  layout=FixedLayout('spyre:0', torch.float16, size=[1, 512, 1], stride=[512, 1, 512])
  Pointwise(
  'spyre',
  torch.float16,
  def inner_fn(index):
      _, i1, _ = index
      tmp0 = ops.load(buf29, i1)
      tmp1 = ops.rsqrt(tmp0)
      return tmp1
  ,
  ranges=[1, 512, 1],
  origin_node=rsqrt_1,
  origins=OrderedSet([rsqrt_1]),
  stack_traces = {,
    File "/home/adnan/codex-isolated/dldsc_granite_clean_relayout_20260703_163108/foundation-model-stack/fms/models/granite.py", line 141, in forward,
      x = self.ff_ln(x),
    File "/home/adnan/dt-inductor/.venv/lib64/python3.12/site-packages/torch/nn/functional.py", line 2954, in rms_norm,
      return torch.rms_norm(input, normalized_shape, weight, eps),
  ,
  }
)

op31: ComputedBuffer
  layout=FixedLayout('spyre:0', torch.float16, size=[1, 512, 4096], stride=[2097152, 4096, 1])
  Pointwise(
  'spyre',
  torch.float16,
  def inner_fn(index):
      _, i1, i2 = index
      tmp0 = ops.load(buf26, i2 + 4096 * i1)
      tmp1 = ops.load(buf30, i1)
      tmp2 = tmp0 * tmp1
      return tmp2
  ,
  ranges=[1, 512, 4096],
  origin_node=mul_9,
  origins=OrderedSet([mul_9]),
  stack_traces = {,
    File "/home/adnan/codex-isolated/dldsc_granite_clean_relayout_20260703_163108/foundation-model-stack/fms/models/granite.py", line 141, in forward,
      x = self.ff_ln(x),
    File "/home/adnan/dt-inductor/.venv/lib64/python3.12/site-packages/torch/nn/functional.py", line 2954, in rms_norm,
      return torch.rms_norm(input, normalized_shape, weight, eps),
  ,
  }
)

op32: ComputedBuffer
  layout=FixedLayout('spyre:0', torch.float16, size=[1, 512, 4096], stride=[2097152, 4096, 1])
  Pointwise(
  'spyre',
  torch.float16,
  def inner_fn(index):
      _, i1, i2 = index
      tmp0 = ops.load(buf31, i2 + 4096 * i1)
      tmp1 = ops.load(arg6_1, i2)
      tmp2 = tmp0 * tmp1
      return tmp2
  ,
  ranges=[1, 512, 4096],
  origin_node=view_24,
  origins=OrderedSet([mul_10]),
  stack_traces = {,
    File "/home/adnan/codex-isolated/dldsc_granite_clean_relayout_20260703_163108/foundation-model-stack/fms/models/granite.py", line 141, in forward,
      x = self.ff_ln(x),
    File "/home/adnan/dt-inductor/.venv/lib64/python3.12/site-packages/torch/nn/functional.py", line 2954, in rms_norm,
      return torch.rms_norm(input, normalized_shape, weight, eps),
  ,
  }
)

op33: ComputedBuffer
  layout=FixedLayout('spyre:0', torch.float16, size=[1, 512, 25600], stride=[13107200, 25600, 1])
  Reduction(
  'spyre',
  torch.float16,
  def inner_fn(index, rindex):
      _, i1, i2 = index
      r0_0 = rindex
      tmp0 = ops.load(buf32, r0_0 + 4096 * i1)
      tmp1 = ops.load(arg7_1, r0_0 + 4096 * i2)
      return (OpsValue('tmp0'), OpsValue('tmp1'))
  ,
  ranges=[1, 512, 25600],
  reduction_ranges=[4096],
  reduction_type=batchmatmul,
  origin_node=view_26,
  origins=OrderedSet([bmm_4, view_25, unsqueeze_9, permute_9]),
  stack_traces = {,
    File "/home/adnan/codex-isolated/dldsc_granite_clean_relayout_20260703_163108/foundation-model-stack/fms/models/granite.py", line 142, in forward,
      x = self.ff_sub_layer(x),
    File "/home/adnan/codex-isolated/dldsc_granite_clean_relayout_20260703_163108/foundation-model-stack/fms/modules/feedforward.py", line 290, in forward,
      out_fused = self.wg1_fused(x),
  ,
  }
)

op34: ComputedBuffer
  layout=FixedLayout('spyre:0', torch.float16, size=[1, 512, 12800], stride=[6553600, 12800, 1])
  Pointwise(
  'spyre',
  torch.float16,
  def inner_fn(index):
      _, i1, i2 = index
      tmp0 = ops.load(buf33, i2 + 25600 * i1)
      tmp1 = ops.silu(tmp0)
      return tmp1
  ,
  ranges=[1, 512, 12800],
  origin_node=silu,
  origins=OrderedSet([silu, split_with_sizes_1]),
  stack_traces = {,
    File "/home/adnan/codex-isolated/dldsc_granite_clean_relayout_20260703_163108/foundation-model-stack/fms/models/granite.py", line 142, in forward,
      x = self.ff_sub_layer(x),
    File "/home/adnan/codex-isolated/dldsc_granite_clean_relayout_20260703_163108/foundation-model-stack/fms/modules/feedforward.py", line 292, in forward,
      out = self.a(wg) * w1,
  ,
  },
  stack_traces = {,
    File "/home/adnan/codex-isolated/dldsc_granite_clean_relayout_20260703_163108/foundation-model-stack/fms/models/granite.py", line 142, in forward,
      x = self.ff_sub_layer(x),
    File "/home/adnan/codex-isolated/dldsc_granite_clean_relayout_20260703_163108/foundation-model-stack/fms/modules/feedforward.py", line 291, in forward,
      wg, w1 = torch.split(out_fused, [self.hidden_dim, self.hidden_dim], dim=2),
  ,
  }
)

op35: ComputedBuffer
  layout=FixedLayout('spyre:0', torch.float16, size=[1, 512, 12800], stride=[6553600, 12800, 1])
  Pointwise(
  'spyre',
  torch.float16,
  def inner_fn(index):
      _, i1, i2 = index
      tmp0 = ops.load(buf34, i2 + 12800 * i1)
      tmp1 = ops.load(buf33, 12800 + i2 + 25600 * i1)
      tmp2 = tmp0 * tmp1
      return tmp2
  ,
  ranges=[1, 512, 12800],
  origin_node=view_27,
  origins=OrderedSet([mul_11, split_with_sizes_1]),
  stack_traces = {,
    File "/home/adnan/codex-isolated/dldsc_granite_clean_relayout_20260703_163108/foundation-model-stack/fms/models/granite.py", line 142, in forward,
      x = self.ff_sub_layer(x),
    File "/home/adnan/codex-isolated/dldsc_granite_clean_relayout_20260703_163108/foundation-model-stack/fms/modules/feedforward.py", line 292, in forward,
      out = self.a(wg) * w1,
  ,
  },
  stack_traces = {,
    File "/home/adnan/codex-isolated/dldsc_granite_clean_relayout_20260703_163108/foundation-model-stack/fms/models/granite.py", line 142, in forward,
      x = self.ff_sub_layer(x),
    File "/home/adnan/codex-isolated/dldsc_granite_clean_relayout_20260703_163108/foundation-model-stack/fms/modules/feedforward.py", line 291, in forward,
      wg, w1 = torch.split(out_fused, [self.hidden_dim, self.hidden_dim], dim=2),
  ,
  }
)

op36: ComputedBuffer
  layout=FixedLayout('spyre:0', torch.float16, size=[1, 512, 4096], stride=[2097152, 4096, 1])
  Reduction(
  'spyre',
  torch.float16,
  def inner_fn(index, rindex):
      _, i1, i2 = index
      r0_0 = rindex
      tmp0 = ops.load(buf35, r0_0 + 12800 * i1)
      tmp1 = ops.load(arg8_1, r0_0 + 12800 * i2)
      return (OpsValue('tmp0'), OpsValue('tmp1'))
  ,
  ranges=[1, 512, 4096],
  reduction_ranges=[12800],
  reduction_type=batchmatmul,
  origin_node=view_29,
  origins=OrderedSet([bmm_5, view_28, unsqueeze_10, permute_10]),
  stack_traces = {,
    File "/home/adnan/codex-isolated/dldsc_granite_clean_relayout_20260703_163108/foundation-model-stack/fms/models/granite.py", line 142, in forward,
      x = self.ff_sub_layer(x),
    File "/home/adnan/codex-isolated/dldsc_granite_clean_relayout_20260703_163108/foundation-model-stack/fms/modules/feedforward.py", line 297, in forward,
      return self.w2(out),
  ,
  }
)

op37: ComputedBuffer
  layout=FixedLayout('spyre:0', torch.float16, size=[1, 512, 4096], stride=[2097152, 4096, 1])
  Pointwise(
  'spyre',
  torch.float16,
  def inner_fn(index):
      _, i1, i2 = index
      tmp0 = ops.load(buf36, i2 + 4096 * i1)
      tmp1 = ops.constant(0.22, torch.float16)
      tmp2 = tmp0 * tmp1
      return tmp2
  ,
  ranges=[1, 512, 4096],
  origin_node=mul_12,
  origins=OrderedSet([mul_12]),
  stack_traces = {,
    File "/home/adnan/codex-isolated/dldsc_granite_clean_relayout_20260703_163108/foundation-model-stack/fms/models/granite.py", line 146, in forward,
      x = x * self.config.residual_multiplier + residual,
  ,
  }
)

op38: ComputedBuffer
  layout=FixedLayout('spyre:0', torch.float16, size=[1, 512, 4096], stride=[2097152, 4096, 1])
  Pointwise(
  'spyre',
  torch.float16,
  def inner_fn(index):
      _, i1, i2 = index
      tmp0 = ops.load(buf37, i2 + 4096 * i1)
      tmp1 = ops.load(buf26, i2 + 4096 * i1)
      tmp2 = tmp0 + tmp1
      return tmp2
  ,
  ranges=[1, 512, 4096],
  origin_node=add_4,
  origins=OrderedSet([add_4]),
  stack_traces = {,
    File "/home/adnan/codex-isolated/dldsc_granite_clean_relayout_20260703_163108/foundation-model-stack/fms/models/granite.py", line 146, in forward,
      x = x * self.config.residual_multiplier + residual,
  ,
  }
)


[DEBUG] [spyre.inductor.split_multi_ops] split_multi_ops: 'buf2' has 2 compute ops: [constant] -> final: add
[INFO] [spyre.inductor.split_multi_ops] split_multi_op: 'buf2' -> 1 intermediate buffers
[DEBUG] [spyre.inductor.split_multi_ops] split_multi_ops: 'buf9' has 2 compute ops: [constant] -> final: mul
[INFO] [spyre.inductor.split_multi_ops] split_multi_op: 'buf9' -> 1 intermediate buffers
[DEBUG] [spyre.inductor.split_multi_ops] split_multi_ops: 'buf13' has 2 compute ops: [constant] -> final: mul
[INFO] [spyre.inductor.split_multi_ops] split_multi_op: 'buf13' -> 1 intermediate buffers
[DEBUG] [spyre.inductor.split_multi_ops] split_multi_ops: 'buf25' has 2 compute ops: [constant] -> final: mul
[INFO] [spyre.inductor.split_multi_ops] split_multi_op: 'buf25' -> 1 intermediate buffers
[DEBUG] [spyre.inductor.split_multi_ops] split_multi_ops: 'buf29' has 2 compute ops: [constant] -> final: add
[INFO] [spyre.inductor.split_multi_ops] split_multi_op: 'buf29' -> 1 intermediate buffers
[DEBUG] [spyre.inductor.split_multi_ops] split_multi_ops: 'buf37' has 2 compute ops: [constant] -> final: mul
[INFO] [spyre.inductor.split_multi_ops] split_multi_op: 'buf37' -> 1 intermediate buffers
[INFO] [spyre.inductor.propagate_layouts] Multi-arg pointwise (buf4): producing 2 candidate output layouts.
[INFO] [spyre.inductor.propagate_layouts] Multi-arg pointwise (buf5): producing 2 candidate output layouts.
[INFO] [spyre.inductor.propagate_layouts] Multi-arg pointwise (buf17): producing 2 candidate output layouts.
[INFO] [spyre.inductor.propagate_layouts] Multi-arg pointwise (buf20): producing 2 candidate output layouts.
[INFO] [spyre.inductor.propagate_layouts] Multi-arg pointwise (buf31): producing 2 candidate output layouts.
[INFO] [spyre.inductor.propagate_layouts] Multi-arg pointwise (buf32): producing 2 candidate output layouts.
[INFO] [spyre.inductor.optimize_restickify] optimizer: beam (global)
[DEBUG] [spyre.inductor.optimize_restickify] beam after buf0 [1 states]:
  state 0 (cost=0.0):
    arg0_1: stride_map=[64, 1]
    arg1_1: stride_map=[4096, 64, -1, 1]
    arg2_1: stride_map=[64, 4096, 1]
    arg3_1: stride_map=[256, 128, 64, 64, -1, 1]
    arg4_1: stride_map=[512, 64, -1, 1]
    arg5_1: stride_map=[64, 4096, 1]
    arg6_1: stride_map=[64, 1]
    arg7_1: stride_map=[64, 4096, 1]
    arg8_1: stride_map=[64, 12800, 1]
    buf0: stride_map=[4096, 64, -1, 1]
[DEBUG] [spyre.inductor.optimize_restickify] beam after buf1 [1 states]:
  state 0 (cost=0.0):
    arg0_1: stride_map=[64, 1]
    arg1_1: stride_map=[4096, 64, -1, 1]
    arg2_1: stride_map=[64, 4096, 1]
    arg3_1: stride_map=[256, 128, 64, 64, -1, 1]
    arg4_1: stride_map=[512, 64, -1, 1]
    arg5_1: stride_map=[64, 4096, 1]
    arg6_1: stride_map=[64, 1]
    arg7_1: stride_map=[64, 4096, 1]
    arg8_1: stride_map=[64, 12800, 1]
    buf0: stride_map=[4096, 64, -1, 1]
    buf1: stride_map=[-1, -1, -1, 1, -1]
[DEBUG] [spyre.inductor.optimize_restickify] beam after buf39 [1 states]:
  state 0 (cost=0.0):
    arg0_1: stride_map=[64, 1]
    arg1_1: stride_map=[4096, 64, -1, 1]
    arg2_1: stride_map=[64, 4096, 1]
    arg3_1: stride_map=[256, 128, 64, 64, -1, 1]
    arg4_1: stride_map=[512, 64, -1, 1]
    arg5_1: stride_map=[64, 4096, 1]
    arg6_1: stride_map=[64, 1]
    arg7_1: stride_map=[64, 4096, 1]
    arg8_1: stride_map=[64, 12800, 1]
    buf0: stride_map=[4096, 64, -1, 1]
    buf1: stride_map=[-1, -1, -1, 1, -1]
    buf39: stride_map=[-1, -1]
[DEBUG] [spyre.inductor.optimize_restickify] beam after buf2 [1 states]:
  state 0 (cost=0.0):
    arg0_1: stride_map=[64, 1]
    arg1_1: stride_map=[4096, 64, -1, 1]
    arg2_1: stride_map=[64, 4096, 1]
    arg3_1: stride_map=[256, 128, 64, 64, -1, 1]
    arg4_1: stride_map=[512, 64, -1, 1]
    arg5_1: stride_map=[64, 4096, 1]
    arg6_1: stride_map=[64, 1]
    arg7_1: stride_map=[64, 4096, 1]
    arg8_1: stride_map=[64, 12800, 1]
    buf0: stride_map=[4096, 64, -1, 1]
    buf1: stride_map=[-1, -1, -1, 1, -1]
    buf39: stride_map=[-1, -1]
    buf2: stride_map=[-1, -1, -1, 1, -1]
[DEBUG] [spyre.inductor.optimize_restickify] beam after buf3 [1 states]:
  state 0 (cost=0.0):
    arg0_1: stride_map=[64, 1]
    arg1_1: stride_map=[4096, 64, -1, 1]
    arg2_1: stride_map=[64, 4096, 1]
    arg3_1: stride_map=[256, 128, 64, 64, -1, 1]
    arg4_1: stride_map=[512, 64, -1, 1]
    arg5_1: stride_map=[64, 4096, 1]
    arg6_1: stride_map=[64, 1]
    arg7_1: stride_map=[64, 4096, 1]
    arg8_1: stride_map=[64, 12800, 1]
    buf0: stride_map=[4096, 64, -1, 1]
    buf1: stride_map=[-1, -1, -1, 1, -1]
    buf39: stride_map=[-1, -1]
    buf2: stride_map=[-1, -1, -1, 1, -1]
    buf3: stride_map=[-1, -1, -1, 1, -1]
[DEBUG] [spyre.inductor.optimize_restickify] beam after buf4 [1 states]:
  state 0 (cost=0.0):
    arg0_1: stride_map=[64, 1]
    arg1_1: stride_map=[4096, 64, -1, 1]
    arg2_1: stride_map=[64, 4096, 1]
    arg3_1: stride_map=[256, 128, 64, 64, -1, 1]
    arg4_1: stride_map=[512, 64, -1, 1]
    arg5_1: stride_map=[64, 4096, 1]
    arg6_1: stride_map=[64, 1]
    arg7_1: stride_map=[64, 4096, 1]
    arg8_1: stride_map=[64, 12800, 1]
    buf0: stride_map=[4096, 64, -1, 1]
    buf1: stride_map=[-1, -1, -1, 1, -1]
    buf39: stride_map=[-1, -1]
    buf2: stride_map=[-1, -1, -1, 1, -1]
    buf3: stride_map=[-1, -1, -1, 1, -1]
    buf4: stride_map=[-1, 64, 4096, 1]
[DEBUG] [spyre.inductor.optimize_restickify] beam after buf5 [1 states]:
  state 0 (cost=0.0):
    arg0_1: stride_map=[64, 1]
    arg1_1: stride_map=[4096, 64, -1, 1]
    arg2_1: stride_map=[64, 4096, 1]
    arg3_1: stride_map=[256, 128, 64, 64, -1, 1]
    arg4_1: stride_map=[512, 64, -1, 1]
    arg5_1: stride_map=[64, 4096, 1]
    arg6_1: stride_map=[64, 1]
    arg7_1: stride_map=[64, 4096, 1]
    arg8_1: stride_map=[64, 12800, 1]
    buf0: stride_map=[4096, 64, -1, 1]
    buf1: stride_map=[-1, -1, -1, 1, -1]
    buf39: stride_map=[-1, -1]
    buf2: stride_map=[-1, -1, -1, 1, -1]
    buf3: stride_map=[-1, -1, -1, 1, -1]
    buf4: stride_map=[-1, 64, 4096, 1]
    buf5: stride_map=[-1, 64, 4096, 1]
[DEBUG] [spyre.inductor.optimize_restickify] beam after buf6 [1 states]:
  state 0 (cost=25165824.0):
    arg0_1: stride_map=[64, 1]
    arg1_1: stride_map=[4096, 64, -1, 1]
    arg2_1: stride_map=[64, 4096, 1]
    arg3_1: stride_map=[256, 128, 64, 64, -1, 1]
    arg4_1: stride_map=[512, 64, -1, 1]
    arg5_1: stride_map=[64, 4096, 1]
    arg6_1: stride_map=[64, 1]
    arg7_1: stride_map=[64, 4096, 1]
    arg8_1: stride_map=[64, 12800, 1]
    buf0: stride_map=[4096, 64, -1, 1]
    buf1: stride_map=[-1, -1, -1, 1, -1]
    buf39: stride_map=[-1, -1]
    buf2: stride_map=[-1, -1, -1, 1, -1]
    buf3: stride_map=[-1, -1, -1, 1, -1]
    buf4: stride_map=[-1, 64, 4096, 1]
    buf5: stride_map=[-1, 64, 4096, 1]
    buf6: stride_map=[6144, 64, -1, 1]
[DEBUG] [spyre.inductor.optimize_restickify] beam after buf7 [1 states]:
  state 0 (cost=25165824.0):
    arg0_1: stride_map=[64, 1]
    arg1_1: stride_map=[4096, 64, -1, 1]
    arg2_1: stride_map=[64, 4096, 1]
    arg3_1: stride_map=[256, 128, 64, 64, -1, 1]
    arg4_1: stride_map=[512, 64, -1, 1]
    arg5_1: stride_map=[64, 4096, 1]
    arg6_1: stride_map=[64, 1]
    arg7_1: stride_map=[64, 4096, 1]
    arg8_1: stride_map=[64, 12800, 1]
    buf0: stride_map=[4096, 64, -1, 1]
    buf1: stride_map=[-1, -1, -1, 1, -1]
    buf39: stride_map=[-1, -1]
    buf2: stride_map=[-1, -1, -1, 1, -1]
    buf3: stride_map=[-1, -1, -1, 1, -1]
    buf4: stride_map=[-1, 64, 4096, 1]
    buf5: stride_map=[-1, 64, 4096, 1]
    buf6: stride_map=[6144, 64, -1, 1]
    buf7: stride_map=[256, 128, 64, -1, 64, 8192, 1]
[DEBUG] [spyre.inductor.optimize_restickify] beam after buf8 [1 states]:
  state 0 (cost=25165824.0):
    arg0_1: stride_map=[64, 1]
    arg1_1: stride_map=[4096, 64, -1, 1]
    arg2_1: stride_map=[64, 4096, 1]
    arg3_1: stride_map=[256, 128, 64, 64, -1, 1]
    arg4_1: stride_map=[512, 64, -1, 1]
    arg5_1: stride_map=[64, 4096, 1]
    arg6_1: stride_map=[64, 1]
    arg7_1: stride_map=[64, 4096, 1]
    arg8_1: stride_map=[64, 12800, 1]
    buf0: stride_map=[4096, 64, -1, 1]
    buf1: stride_map=[-1, -1, -1, 1, -1]
    buf39: stride_map=[-1, -1]
    buf2: stride_map=[-1, -1, -1, 1, -1]
    buf3: stride_map=[-1, -1, -1, 1, -1]
    buf4: stride_map=[-1, 64, 4096, 1]
    buf5: stride_map=[-1, 64, 4096, 1]
    buf6: stride_map=[6144, 64, -1, 1]
    buf7: stride_map=[256, 128, 64, -1, 64, 8192, 1]
    buf8: stride_map=[128, 64, -1, -1, 64, 4096, 1]
[DEBUG] [spyre.inductor.optimize_restickify] beam after buf40 [1 states]:
  state 0 (cost=25165824.0):
    arg0_1: stride_map=[64, 1]
    arg1_1: stride_map=[4096, 64, -1, 1]
    arg2_1: stride_map=[64, 4096, 1]
    arg3_1: stride_map=[256, 128, 64, 64, -1, 1]
    arg4_1: stride_map=[512, 64, -1, 1]
    arg5_1: stride_map=[64, 4096, 1]
    arg6_1: stride_map=[64, 1]
    arg7_1: stride_map=[64, 4096, 1]
    arg8_1: stride_map=[64, 12800, 1]
    buf0: stride_map=[4096, 64, -1, 1]
    buf1: stride_map=[-1, -1, -1, 1, -1]
    buf39: stride_map=[-1, -1]
    buf2: stride_map=[-1, -1, -1, 1, -1]
    buf3: stride_map=[-1, -1, -1, 1, -1]
    buf4: stride_map=[-1, 64, 4096, 1]
    buf5: stride_map=[-1, 64, 4096, 1]
    buf6: stride_map=[6144, 64, -1, 1]
    buf7: stride_map=[256, 128, 64, -1, 64, 8192, 1]
    buf8: stride_map=[128, 64, -1, -1, 64, 4096, 1]
    buf40: stride_map=[-1, -1]
[DEBUG] [spyre.inductor.optimize_restickify] beam after buf9 [1 states]:
  state 0 (cost=25165824.0):
    arg0_1: stride_map=[64, 1]
    arg1_1: stride_map=[4096, 64, -1, 1]
    arg2_1: stride_map=[64, 4096, 1]
    arg3_1: stride_map=[256, 128, 64, 64, -1, 1]
    arg4_1: stride_map=[512, 64, -1, 1]
    arg5_1: stride_map=[64, 4096, 1]
    arg6_1: stride_map=[64, 1]
    arg7_1: stride_map=[64, 4096, 1]
    arg8_1: stride_map=[64, 12800, 1]
    buf0: stride_map=[4096, 64, -1, 1]
    buf1: stride_map=[-1, -1, -1, 1, -1]
    buf39: stride_map=[-1, -1]
    buf2: stride_map=[-1, -1, -1, 1, -1]
    buf3: stride_map=[-1, -1, -1, 1, -1]
    buf4: stride_map=[-1, 64, 4096, 1]
    buf5: stride_map=[-1, 64, 4096, 1]
    buf6: stride_map=[6144, 64, -1, 1]
    buf7: stride_map=[256, 128, 64, -1, 64, 8192, 1]
    buf8: stride_map=[128, 64, -1, -1, 64, 4096, 1]
    buf40: stride_map=[-1, -1]
    buf9: stride_map=[4096, -1, 64, 128, 1]
[DEBUG] [spyre.inductor.optimize_restickify] beam after buf10 [1 states]:
  state 0 (cost=25165824.0):
    arg0_1: stride_map=[64, 1]
    arg1_1: stride_map=[4096, 64, -1, 1]
    arg2_1: stride_map=[64, 4096, 1]
    arg3_1: stride_map=[256, 128, 64, 64, -1, 1]
    arg4_1: stride_map=[512, 64, -1, 1]
    arg5_1: stride_map=[64, 4096, 1]
    arg6_1: stride_map=[64, 1]
    arg7_1: stride_map=[64, 4096, 1]
    arg8_1: stride_map=[64, 12800, 1]
    buf0: stride_map=[4096, 64, -1, 1]
    buf1: stride_map=[-1, -1, -1, 1, -1]
    buf39: stride_map=[-1, -1]
    buf2: stride_map=[-1, -1, -1, 1, -1]
    buf3: stride_map=[-1, -1, -1, 1, -1]
    buf4: stride_map=[-1, 64, 4096, 1]
    buf5: stride_map=[-1, 64, 4096, 1]
    buf6: stride_map=[6144, 64, -1, 1]
    buf7: stride_map=[256, 128, 64, -1, 64, 8192, 1]
    buf8: stride_map=[128, 64, -1, -1, 64, 4096, 1]
    buf40: stride_map=[-1, -1]
    buf9: stride_map=[4096, -1, 64, 128, 1]
    buf10: stride_map=[256, 128, 64, -1, 64, 2048, 1]
[DEBUG] [spyre.inductor.optimize_restickify] beam after buf11 [1 states]:
  state 0 (cost=25165824.0):
    arg0_1: stride_map=[64, 1]
    arg1_1: stride_map=[4096, 64, -1, 1]
    arg2_1: stride_map=[64, 4096, 1]
    arg3_1: stride_map=[256, 128, 64, 64, -1, 1]
    arg4_1: stride_map=[512, 64, -1, 1]
    arg5_1: stride_map=[64, 4096, 1]
    arg6_1: stride_map=[64, 1]
    arg7_1: stride_map=[64, 4096, 1]
    arg8_1: stride_map=[64, 12800, 1]
    buf0: stride_map=[4096, 64, -1, 1]
    buf1: stride_map=[-1, -1, -1, 1, -1]
    buf39: stride_map=[-1, -1]
    buf2: stride_map=[-1, -1, -1, 1, -1]
    buf3: stride_map=[-1, -1, -1, 1, -1]
    buf4: stride_map=[-1, 64, 4096, 1]
    buf5: stride_map=[-1, 64, 4096, 1]
    buf6: stride_map=[6144, 64, -1, 1]
    buf7: stride_map=[256, 128, 64, -1, 64, 8192, 1]
    buf8: stride_map=[128, 64, -1, -1, 64, 4096, 1]
    buf40: stride_map=[-1, -1]
    buf9: stride_map=[4096, -1, 64, 128, 1]
    buf10: stride_map=[256, 128, 64, -1, 64, 2048, 1]
    buf11: stride_map=[128, 64, -1, -1, 64, 1024, 1]
[DEBUG] [spyre.inductor.optimize_restickify] beam after buf12 [1 states]:
  state 0 (cost=25165824.0):
    arg0_1: stride_map=[64, 1]
    arg1_1: stride_map=[4096, 64, -1, 1]
    arg2_1: stride_map=[64, 4096, 1]
    arg3_1: stride_map=[256, 128, 64, 64, -1, 1]
    arg4_1: stride_map=[512, 64, -1, 1]
    arg5_1: stride_map=[64, 4096, 1]
    arg6_1: stride_map=[64, 1]
    arg7_1: stride_map=[64, 4096, 1]
    arg8_1: stride_map=[64, 12800, 1]
    buf0: stride_map=[4096, 64, -1, 1]
    buf1: stride_map=[-1, -1, -1, 1, -1]
    buf39: stride_map=[-1, -1]
    buf2: stride_map=[-1, -1, -1, 1, -1]
    buf3: stride_map=[-1, -1, -1, 1, -1]
    buf4: stride_map=[-1, 64, 4096, 1]
    buf5: stride_map=[-1, 64, 4096, 1]
    buf6: stride_map=[6144, 64, -1, 1]
    buf7: stride_map=[256, 128, 64, -1, 64, 8192, 1]
    buf8: stride_map=[128, 64, -1, -1, 64, 4096, 1]
    buf40: stride_map=[-1, -1]
    buf9: stride_map=[4096, -1, 64, 128, 1]
    buf10: stride_map=[256, 128, 64, -1, 64, 2048, 1]
    buf11: stride_map=[128, 64, -1, -1, 64, 1024, 1]
    buf12: stride_map=[262144, 65536, 128, 64, -1, 1]
[DEBUG] [spyre.inductor.optimize_restickify] beam after buf41 [1 states]:
  state 0 (cost=25165824.0):
    arg0_1: stride_map=[64, 1]
    arg1_1: stride_map=[4096, 64, -1, 1]
    arg2_1: stride_map=[64, 4096, 1]
    arg3_1: stride_map=[256, 128, 64, 64, -1, 1]
    arg4_1: stride_map=[512, 64, -1, 1]
    arg5_1: stride_map=[64, 4096, 1]
    arg6_1: stride_map=[64, 1]
    arg7_1: stride_map=[64, 4096, 1]
    arg8_1: stride_map=[64, 12800, 1]
    buf0: stride_map=[4096, 64, -1, 1]
    buf1: stride_map=[-1, -1, -1, 1, -1]
    buf39: stride_map=[-1, -1]
    buf2: stride_map=[-1, -1, -1, 1, -1]
    buf3: stride_map=[-1, -1, -1, 1, -1]
    buf4: stride_map=[-1, 64, 4096, 1]
    buf5: stride_map=[-1, 64, 4096, 1]
    buf6: stride_map=[6144, 64, -1, 1]
    buf7: stride_map=[256, 128, 64, -1, 64, 8192, 1]
    buf8: stride_map=[128, 64, -1, -1, 64, 4096, 1]
    buf40: stride_map=[-1, -1]
    buf9: stride_map=[4096, -1, 64, 128, 1]
    buf10: stride_map=[256, 128, 64, -1, 64, 2048, 1]
    buf11: stride_map=[128, 64, -1, -1, 64, 1024, 1]
    buf12: stride_map=[262144, 65536, 128, 64, -1, 1]
    buf41: stride_map=[-1, -1]
[DEBUG] [spyre.inductor.optimize_restickify] beam after buf13 [1 states]:
  state 0 (cost=25165824.0):
    arg0_1: stride_map=[64, 1]
    arg1_1: stride_map=[4096, 64, -1, 1]
    arg2_1: stride_map=[64, 4096, 1]
    arg3_1: stride_map=[256, 128, 64, 64, -1, 1]
    arg4_1: stride_map=[512, 64, -1, 1]
    arg5_1: stride_map=[64, 4096, 1]
    arg6_1: stride_map=[64, 1]
    arg7_1: stride_map=[64, 4096, 1]
    arg8_1: stride_map=[64, 12800, 1]
    buf0: stride_map=[4096, 64, -1, 1]
    buf1: stride_map=[-1, -1, -1, 1, -1]
    buf39: stride_map=[-1, -1]
    buf2: stride_map=[-1, -1, -1, 1, -1]
    buf3: stride_map=[-1, -1, -1, 1, -1]
    buf4: stride_map=[-1, 64, 4096, 1]
    buf5: stride_map=[-1, 64, 4096, 1]
    buf6: stride_map=[6144, 64, -1, 1]
    buf7: stride_map=[256, 128, 64, -1, 64, 8192, 1]
    buf8: stride_map=[128, 64, -1, -1, 64, 4096, 1]
    buf40: stride_map=[-1, -1]
    buf9: stride_map=[4096, -1, 64, 128, 1]
    buf10: stride_map=[256, 128, 64, -1, 64, 2048, 1]
    buf11: stride_map=[128, 64, -1, -1, 64, 1024, 1]
    buf12: stride_map=[262144, 65536, 128, 64, -1, 1]
    buf41: stride_map=[-1, -1]
    buf13: stride_map=[128, -1, 64, 65536, 1]
[DEBUG] [spyre.inductor.optimize_restickify] beam after buf14 [1 states]:
  state 0 (cost=27262976.0):
    arg0_1: stride_map=[64, 1]
    arg1_1: stride_map=[4096, 64, -1, 1]
    arg2_1: stride_map=[64, 4096, 1]
    arg3_1: stride_map=[256, 128, 64, 64, -1, 1]
    arg4_1: stride_map=[512, 64, -1, 1]
    arg5_1: stride_map=[64, 4096, 1]
    arg6_1: stride_map=[64, 1]
    arg7_1: stride_map=[64, 4096, 1]
    arg8_1: stride_map=[64, 12800, 1]
    buf0: stride_map=[4096, 64, -1, 1]
    buf1: stride_map=[-1, -1, -1, 1, -1]
    buf39: stride_map=[-1, -1]
    buf2: stride_map=[-1, -1, -1, 1, -1]
    buf3: stride_map=[-1, -1, -1, 1, -1]
    buf4: stride_map=[-1, 64, 4096, 1]
    buf5: stride_map=[-1, 64, 4096, 1]
    buf6: stride_map=[6144, 64, -1, 1]
    buf7: stride_map=[256, 128, 64, -1, 64, 8192, 1]
    buf8: stride_map=[128, 64, -1, -1, 64, 4096, 1]
    buf40: stride_map=[-1, -1]
    buf9: stride_map=[4096, -1, 64, 128, 1]
    buf10: stride_map=[256, 128, 64, -1, 64, 2048, 1]
    buf11: stride_map=[128, 64, -1, -1, 64, 1024, 1]
    buf12: stride_map=[262144, 65536, 128, 64, -1, 1]
    buf41: stride_map=[-1, -1]
    buf13: stride_map=[128, -1, 64, 65536, 1]
    buf14: stride_map=[512, 16384, 64, -1, 1]
[DEBUG] [spyre.inductor.optimize_restickify] beam after buf15 [1 states]:
  state 0 (cost=27262976.0):
    arg0_1: stride_map=[64, 1]
    arg1_1: stride_map=[4096, 64, -1, 1]
    arg2_1: stride_map=[64, 4096, 1]
    arg3_1: stride_map=[256, 128, 64, 64, -1, 1]
    arg4_1: stride_map=[512, 64, -1, 1]
    arg5_1: stride_map=[64, 4096, 1]
    arg6_1: stride_map=[64, 1]
    arg7_1: stride_map=[64, 4096, 1]
    arg8_1: stride_map=[64, 12800, 1]
    buf0: stride_map=[4096, 64, -1, 1]
    buf1: stride_map=[-1, -1, -1, 1, -1]
    buf39: stride_map=[-1, -1]
    buf2: stride_map=[-1, -1, -1, 1, -1]
    buf3: stride_map=[-1, -1, -1, 1, -1]
    buf4: stride_map=[-1, 64, 4096, 1]
    buf5: stride_map=[-1, 64, 4096, 1]
    buf6: stride_map=[6144, 64, -1, 1]
    buf7: stride_map=[256, 128, 64, -1, 64, 8192, 1]
    buf8: stride_map=[128, 64, -1, -1, 64, 4096, 1]
    buf40: stride_map=[-1, -1]
    buf9: stride_map=[4096, -1, 64, 128, 1]
    buf10: stride_map=[256, 128, 64, -1, 64, 2048, 1]
    buf11: stride_map=[128, 64, -1, -1, 64, 1024, 1]
    buf12: stride_map=[262144, 65536, 128, 64, -1, 1]
    buf41: stride_map=[-1, -1]
    buf13: stride_map=[128, -1, 64, 65536, 1]
    buf14: stride_map=[512, 16384, 64, -1, 1]
    buf15: stride_map=[16384, -1, 64, 512, 1]
[DEBUG] [spyre.inductor.optimize_restickify] beam after buf16 [1 states]:
  state 0 (cost=27262976.0):
    arg0_1: stride_map=[64, 1]
    arg1_1: stride_map=[4096, 64, -1, 1]
    arg2_1: stride_map=[64, 4096, 1]
    arg3_1: stride_map=[256, 128, 64, 64, -1, 1]
    arg4_1: stride_map=[512, 64, -1, 1]
    arg5_1: stride_map=[64, 4096, 1]
    arg6_1: stride_map=[64, 1]
    arg7_1: stride_map=[64, 4096, 1]
    arg8_1: stride_map=[64, 12800, 1]
    buf0: stride_map=[4096, 64, -1, 1]
    buf1: stride_map=[-1, -1, -1, 1, -1]
    buf39: stride_map=[-1, -1]
    buf2: stride_map=[-1, -1, -1, 1, -1]
    buf3: stride_map=[-1, -1, -1, 1, -1]
    buf4: stride_map=[-1, 64, 4096, 1]
    buf5: stride_map=[-1, 64, 4096, 1]
    buf6: stride_map=[6144, 64, -1, 1]
    buf7: stride_map=[256, 128, 64, -1, 64, 8192, 1]
    buf8: stride_map=[128, 64, -1, -1, 64, 4096, 1]
    buf40: stride_map=[-1, -1]
    buf9: stride_map=[4096, -1, 64, 128, 1]
    buf10: stride_map=[256, 128, 64, -1, 64, 2048, 1]
    buf11: stride_map=[128, 64, -1, -1, 64, 1024, 1]
    buf12: stride_map=[262144, 65536, 128, 64, -1, 1]
    buf41: stride_map=[-1, -1]
    buf13: stride_map=[128, -1, 64, 65536, 1]
    buf14: stride_map=[512, 16384, 64, -1, 1]
    buf15: stride_map=[16384, -1, 64, 512, 1]
    buf16: stride_map=[1, -1, -1, -1, 512, -1]
[DEBUG] [spyre.inductor.optimize_restickify] beam after buf17 [1 states]:
  state 0 (cost=27262976.0):
    arg0_1: stride_map=[64, 1]
    arg1_1: stride_map=[4096, 64, -1, 1]
    arg2_1: stride_map=[64, 4096, 1]
    arg3_1: stride_map=[256, 128, 64, 64, -1, 1]
    arg4_1: stride_map=[512, 64, -1, 1]
    arg5_1: stride_map=[64, 4096, 1]
    arg6_1: stride_map=[64, 1]
    arg7_1: stride_map=[64, 4096, 1]
    arg8_1: stride_map=[64, 12800, 1]
    buf0: stride_map=[4096, 64, -1, 1]
    buf1: stride_map=[-1, -1, -1, 1, -1]
    buf39: stride_map=[-1, -1]
    buf2: stride_map=[-1, -1, -1, 1, -1]
    buf3: stride_map=[-1, -1, -1, 1, -1]
    buf4: stride_map=[-1, 64, 4096, 1]
    buf5: stride_map=[-1, 64, 4096, 1]
    buf6: stride_map=[6144, 64, -1, 1]
    buf7: stride_map=[256, 128, 64, -1, 64, 8192, 1]
    buf8: stride_map=[128, 64, -1, -1, 64, 4096, 1]
    buf40: stride_map=[-1, -1]
    buf9: stride_map=[4096, -1, 64, 128, 1]
    buf10: stride_map=[256, 128, 64, -1, 64, 2048, 1]
    buf11: stride_map=[128, 64, -1, -1, 64, 1024, 1]
    buf12: stride_map=[262144, 65536, 128, 64, -1, 1]
    buf41: stride_map=[-1, -1]
    buf13: stride_map=[128, -1, 64, 65536, 1]
    buf14: stride_map=[512, 16384, 64, -1, 1]
    buf15: stride_map=[16384, -1, 64, 512, 1]
    buf16: stride_map=[1, -1, -1, -1, 512, -1]
    buf17: stride_map=[512, -1, 64, 262144, 1]
[DEBUG] [spyre.inductor.optimize_restickify] beam after buf18 [1 states]:
  state 0 (cost=27262976.0):
    arg0_1: stride_map=[64, 1]
    arg1_1: stride_map=[4096, 64, -1, 1]
    arg2_1: stride_map=[64, 4096, 1]
    arg3_1: stride_map=[256, 128, 64, 64, -1, 1]
    arg4_1: stride_map=[512, 64, -1, 1]
    arg5_1: stride_map=[64, 4096, 1]
    arg6_1: stride_map=[64, 1]
    arg7_1: stride_map=[64, 4096, 1]
    arg8_1: stride_map=[64, 12800, 1]
    buf0: stride_map=[4096, 64, -1, 1]
    buf1: stride_map=[-1, -1, -1, 1, -1]
    buf39: stride_map=[-1, -1]
    buf2: stride_map=[-1, -1, -1, 1, -1]
    buf3: stride_map=[-1, -1, -1, 1, -1]
    buf4: stride_map=[-1, 64, 4096, 1]
    buf5: stride_map=[-1, 64, 4096, 1]
    buf6: stride_map=[6144, 64, -1, 1]
    buf7: stride_map=[256, 128, 64, -1, 64, 8192, 1]
    buf8: stride_map=[128, 64, -1, -1, 64, 4096, 1]
    buf40: stride_map=[-1, -1]
    buf9: stride_map=[4096, -1, 64, 128, 1]
    buf10: stride_map=[256, 128, 64, -1, 64, 2048, 1]
    buf11: stride_map=[128, 64, -1, -1, 64, 1024, 1]
    buf12: stride_map=[262144, 65536, 128, 64, -1, 1]
    buf41: stride_map=[-1, -1]
    buf13: stride_map=[128, -1, 64, 65536, 1]
    buf14: stride_map=[512, 16384, 64, -1, 1]
    buf15: stride_map=[16384, -1, 64, 512, 1]
    buf16: stride_map=[1, -1, -1, -1, 512, -1]
    buf17: stride_map=[512, -1, 64, 262144, 1]
    buf18: stride_map=[512, -1, 64, 262144, 1]
[DEBUG] [spyre.inductor.optimize_restickify] beam after buf19 [2 states]:
  state 0 (cost=27262976.0):
    arg0_1: stride_map=[64, 1]
    arg1_1: stride_map=[4096, 64, -1, 1]
    arg2_1: stride_map=[64, 4096, 1]
    arg3_1: stride_map=[256, 128, 64, 64, -1, 1]
    arg4_1: stride_map=[512, 64, -1, 1]
    arg5_1: stride_map=[64, 4096, 1]
    arg6_1: stride_map=[64, 1]
    arg7_1: stride_map=[64, 4096, 1]
    arg8_1: stride_map=[64, 12800, 1]
    buf0: stride_map=[4096, 64, -1, 1]
    buf1: stride_map=[-1, -1, -1, 1, -1]
    buf39: stride_map=[-1, -1]
    buf2: stride_map=[-1, -1, -1, 1, -1]
    buf3: stride_map=[-1, -1, -1, 1, -1]
    buf4: stride_map=[-1, 64, 4096, 1]
    buf5: stride_map=[-1, 64, 4096, 1]
    buf6: stride_map=[6144, 64, -1, 1]
    buf7: stride_map=[256, 128, 64, -1, 64, 8192, 1]
    buf8: stride_map=[128, 64, -1, -1, 64, 4096, 1]
    buf40: stride_map=[-1, -1]
    buf9: stride_map=[4096, -1, 64, 128, 1]
    buf10: stride_map=[256, 128, 64, -1, 64, 2048, 1]
    buf11: stride_map=[128, 64, -1, -1, 64, 1024, 1]
    buf12: stride_map=[262144, 65536, 128, 64, -1, 1]
    buf41: stride_map=[-1, -1]
    buf13: stride_map=[128, -1, 64, 65536, 1]
    buf14: stride_map=[512, 16384, 64, -1, 1]
    buf15: stride_map=[16384, -1, 64, 512, 1]
    buf16: stride_map=[1, -1, -1, -1, 512, -1]
    buf17: stride_map=[512, -1, 64, 262144, 1]
    buf18: stride_map=[512, -1, 64, 262144, 1]
    buf19: stride_map=[1, -1, -1, -1, 512, -1]
  state 1 (cost=27262976.0):
    arg0_1: stride_map=[64, 1]
    arg1_1: stride_map=[4096, 64, -1, 1]
    arg2_1: stride_map=[64, 4096, 1]
    arg3_1: stride_map=[256, 128, 64, 64, -1, 1]
    arg4_1: stride_map=[512, 64, -1, 1]
    arg5_1: stride_map=[64, 4096, 1]
    arg6_1: stride_map=[64, 1]
    arg7_1: stride_map=[64, 4096, 1]
    arg8_1: stride_map=[64, 12800, 1]
    buf0: stride_map=[4096, 64, -1, 1]
    buf1: stride_map=[-1, -1, -1, 1, -1]
    buf39: stride_map=[-1, -1]
    buf2: stride_map=[-1, -1, -1, 1, -1]
    buf3: stride_map=[-1, -1, -1, 1, -1]
    buf4: stride_map=[-1, 64, 4096, 1]
    buf5: stride_map=[-1, 64, 4096, 1]
    buf6: stride_map=[6144, 64, -1, 1]
    buf7: stride_map=[256, 128, 64, -1, 64, 8192, 1]
    buf8: stride_map=[128, 64, -1, -1, 64, 4096, 1]
    buf40: stride_map=[-1, -1]
    buf9: stride_map=[4096, -1, 64, 128, 1]
    buf10: stride_map=[256, 128, 64, -1, 64, 2048, 1]
    buf11: stride_map=[128, 64, -1, -1, 64, 1024, 1]
    buf12: stride_map=[262144, 65536, 128, 64, -1, 1]
    buf41: stride_map=[-1, -1]
    buf13: stride_map=[128, -1, 64, 65536, 1]
    buf14: stride_map=[512, 16384, 64, -1, 1]
    buf15: stride_map=[16384, -1, 64, 512, 1]
    buf16: stride_map=[1, -1, -1, -1, 512, -1]
    buf17: stride_map=[512, -1, 64, 262144, 1]
    buf18: stride_map=[512, -1, 64, 262144, 1]
    buf19: stride_map=[1, -1, -1, -1, 512, -1]
[DEBUG] [spyre.inductor.optimize_restickify] beam after buf20 [2 states]:
  state 0 (cost=27262976.0):
    arg0_1: stride_map=[64, 1]
    arg1_1: stride_map=[4096, 64, -1, 1]
    arg2_1: stride_map=[64, 4096, 1]
    arg3_1: stride_map=[256, 128, 64, 64, -1, 1]
    arg4_1: stride_map=[512, 64, -1, 1]
    arg5_1: stride_map=[64, 4096, 1]
    arg6_1: stride_map=[64, 1]
    arg7_1: stride_map=[64, 4096, 1]
    arg8_1: stride_map=[64, 12800, 1]
    buf0: stride_map=[4096, 64, -1, 1]
    buf1: stride_map=[-1, -1, -1, 1, -1]
    buf39: stride_map=[-1, -1]
    buf2: stride_map=[-1, -1, -1, 1, -1]
    buf3: stride_map=[-1, -1, -1, 1, -1]
    buf4: stride_map=[-1, 64, 4096, 1]
    buf5: stride_map=[-1, 64, 4096, 1]
    buf6: stride_map=[6144, 64, -1, 1]
    buf7: stride_map=[256, 128, 64, -1, 64, 8192, 1]
    buf8: stride_map=[128, 64, -1, -1, 64, 4096, 1]
    buf40: stride_map=[-1, -1]
    buf9: stride_map=[4096, -1, 64, 128, 1]
    buf10: stride_map=[256, 128, 64, -1, 64, 2048, 1]
    buf11: stride_map=[128, 64, -1, -1, 64, 1024, 1]
    buf12: stride_map=[262144, 65536, 128, 64, -1, 1]
    buf41: stride_map=[-1, -1]
    buf13: stride_map=[128, -1, 64, 65536, 1]
    buf14: stride_map=[512, 16384, 64, -1, 1]
    buf15: stride_map=[16384, -1, 64, 512, 1]
    buf16: stride_map=[1, -1, -1, -1, 512, -1]
    buf17: stride_map=[512, -1, 64, 262144, 1]
    buf18: stride_map=[512, -1, 64, 262144, 1]
    buf19: stride_map=[1, -1, -1, -1, 512, -1]
    buf20: stride_map=[512, -1, 64, 262144, 1]
  state 1 (cost=27262976.0):
    arg0_1: stride_map=[64, 1]
    arg1_1: stride_map=[4096, 64, -1, 1]
    arg2_1: stride_map=[64, 4096, 1]
    arg3_1: stride_map=[256, 128, 64, 64, -1, 1]
    arg4_1: stride_map=[512, 64, -1, 1]
    arg5_1: stride_map=[64, 4096, 1]
    arg6_1: stride_map=[64, 1]
    arg7_1: stride_map=[64, 4096, 1]
    arg8_1: stride_map=[64, 12800, 1]
    buf0: stride_map=[4096, 64, -1, 1]
    buf1: stride_map=[-1, -1, -1, 1, -1]
    buf39: stride_map=[-1, -1]
    buf2: stride_map=[-1, -1, -1, 1, -1]
    buf3: stride_map=[-1, -1, -1, 1, -1]
    buf4: stride_map=[-1, 64, 4096, 1]
    buf5: stride_map=[-1, 64, 4096, 1]
    buf6: stride_map=[6144, 64, -1, 1]
    buf7: stride_map=[256, 128, 64, -1, 64, 8192, 1]
    buf8: stride_map=[128, 64, -1, -1, 64, 4096, 1]
    buf40: stride_map=[-1, -1]
    buf9: stride_map=[4096, -1, 64, 128, 1]
    buf10: stride_map=[256, 128, 64, -1, 64, 2048, 1]
    buf11: stride_map=[128, 64, -1, -1, 64, 1024, 1]
    buf12: stride_map=[262144, 65536, 128, 64, -1, 1]
    buf41: stride_map=[-1, -1]
    buf13: stride_map=[128, -1, 64, 65536, 1]
    buf14: stride_map=[512, 16384, 64, -1, 1]
    buf15: stride_map=[16384, -1, 64, 512, 1]
    buf16: stride_map=[1, -1, -1, -1, 512, -1]
    buf17: stride_map=[512, -1, 64, 262144, 1]
    buf18: stride_map=[512, -1, 64, 262144, 1]
    buf19: stride_map=[1, -1, -1, -1, 512, -1]
    buf20: stride_map=[512, -1, 64, 262144, 1]
[DEBUG] [spyre.inductor.optimize_restickify] beam after buf21 [2 states]:
  state 0 (cost=27262976.0):
    arg0_1: stride_map=[64, 1]
    arg1_1: stride_map=[4096, 64, -1, 1]
    arg2_1: stride_map=[64, 4096, 1]
    arg3_1: stride_map=[256, 128, 64, 64, -1, 1]
    arg4_1: stride_map=[512, 64, -1, 1]
    arg5_1: stride_map=[64, 4096, 1]
    arg6_1: stride_map=[64, 1]
    arg7_1: stride_map=[64, 4096, 1]
    arg8_1: stride_map=[64, 12800, 1]
    buf0: stride_map=[4096, 64, -1, 1]
    buf1: stride_map=[-1, -1, -1, 1, -1]
    buf39: stride_map=[-1, -1]
    buf2: stride_map=[-1, -1, -1, 1, -1]
    buf3: stride_map=[-1, -1, -1, 1, -1]
    buf4: stride_map=[-1, 64, 4096, 1]
    buf5: stride_map=[-1, 64, 4096, 1]
    buf6: stride_map=[6144, 64, -1, 1]
    buf7: stride_map=[256, 128, 64, -1, 64, 8192, 1]
    buf8: stride_map=[128, 64, -1, -1, 64, 4096, 1]
    buf40: stride_map=[-1, -1]
    buf9: stride_map=[4096, -1, 64, 128, 1]
    buf10: stride_map=[256, 128, 64, -1, 64, 2048, 1]
    buf11: stride_map=[128, 64, -1, -1, 64, 1024, 1]
    buf12: stride_map=[262144, 65536, 128, 64, -1, 1]
    buf41: stride_map=[-1, -1]
    buf13: stride_map=[128, -1, 64, 65536, 1]
    buf14: stride_map=[512, 16384, 64, -1, 1]
    buf15: stride_map=[16384, -1, 64, 512, 1]
    buf16: stride_map=[1, -1, -1, -1, 512, -1]
    buf17: stride_map=[512, -1, 64, 262144, 1]
    buf18: stride_map=[512, -1, 64, 262144, 1]
    buf19: stride_map=[1, -1, -1, -1, 512, -1]
    buf20: stride_map=[512, -1, 64, 262144, 1]
    buf21: stride_map=[262144, 65536, 128, 64, -1, 1]
  state 1 (cost=27262976.0):
    arg0_1: stride_map=[64, 1]
    arg1_1: stride_map=[4096, 64, -1, 1]
    arg2_1: stride_map=[64, 4096, 1]
    arg3_1: stride_map=[256, 128, 64, 64, -1, 1]
    arg4_1: stride_map=[512, 64, -1, 1]
    arg5_1: stride_map=[64, 4096, 1]
    arg6_1: stride_map=[64, 1]
    arg7_1: stride_map=[64, 4096, 1]
    arg8_1: stride_map=[64, 12800, 1]
    buf0: stride_map=[4096, 64, -1, 1]
    buf1: stride_map=[-1, -1, -1, 1, -1]
    buf39: stride_map=[-1, -1]
    buf2: stride_map=[-1, -1, -1, 1, -1]
    buf3: stride_map=[-1, -1, -1, 1, -1]
    buf4: stride_map=[-1, 64, 4096, 1]
    buf5: stride_map=[-1, 64, 4096, 1]
    buf6: stride_map=[6144, 64, -1, 1]
    buf7: stride_map=[256, 128, 64, -1, 64, 8192, 1]
    buf8: stride_map=[128, 64, -1, -1, 64, 4096, 1]
    buf40: stride_map=[-1, -1]
    buf9: stride_map=[4096, -1, 64, 128, 1]
    buf10: stride_map=[256, 128, 64, -1, 64, 2048, 1]
    buf11: stride_map=[128, 64, -1, -1, 64, 1024, 1]
    buf12: stride_map=[262144, 65536, 128, 64, -1, 1]
    buf41: stride_map=[-1, -1]
    buf13: stride_map=[128, -1, 64, 65536, 1]
    buf14: stride_map=[512, 16384, 64, -1, 1]
    buf15: stride_map=[16384, -1, 64, 512, 1]
    buf16: stride_map=[1, -1, -1, -1, 512, -1]
    buf17: stride_map=[512, -1, 64, 262144, 1]
    buf18: stride_map=[512, -1, 64, 262144, 1]
    buf19: stride_map=[1, -1, -1, -1, 512, -1]
    buf20: stride_map=[512, -1, 64, 262144, 1]
    buf21: stride_map=[262144, 65536, 128, 64, -1, 1]
[DEBUG] [spyre.inductor.optimize_restickify] beam after buf22 [2 states]:
  state 0 (cost=27262976.0):
    arg0_1: stride_map=[64, 1]
    arg1_1: stride_map=[4096, 64, -1, 1]
    arg2_1: stride_map=[64, 4096, 1]
    arg3_1: stride_map=[256, 128, 64, 64, -1, 1]
    arg4_1: stride_map=[512, 64, -1, 1]
    arg5_1: stride_map=[64, 4096, 1]
    arg6_1: stride_map=[64, 1]
    arg7_1: stride_map=[64, 4096, 1]
    arg8_1: stride_map=[64, 12800, 1]
    buf0: stride_map=[4096, 64, -1, 1]
    buf1: stride_map=[-1, -1, -1, 1, -1]
    buf39: stride_map=[-1, -1]
    buf2: stride_map=[-1, -1, -1, 1, -1]
    buf3: stride_map=[-1, -1, -1, 1, -1]
    buf4: stride_map=[-1, 64, 4096, 1]
    buf5: stride_map=[-1, 64, 4096, 1]
    buf6: stride_map=[6144, 64, -1, 1]
    buf7: stride_map=[256, 128, 64, -1, 64, 8192, 1]
    buf8: stride_map=[128, 64, -1, -1, 64, 4096, 1]
    buf40: stride_map=[-1, -1]
    buf9: stride_map=[4096, -1, 64, 128, 1]
    buf10: stride_map=[256, 128, 64, -1, 64, 2048, 1]
    buf11: stride_map=[128, 64, -1, -1, 64, 1024, 1]
    buf12: stride_map=[262144, 65536, 128, 64, -1, 1]
    buf41: stride_map=[-1, -1]
    buf13: stride_map=[128, -1, 64, 65536, 1]
    buf14: stride_map=[512, 16384, 64, -1, 1]
    buf15: stride_map=[16384, -1, 64, 512, 1]
    buf16: stride_map=[1, -1, -1, -1, 512, -1]
    buf17: stride_map=[512, -1, 64, 262144, 1]
    buf18: stride_map=[512, -1, 64, 262144, 1]
    buf19: stride_map=[1, -1, -1, -1, 512, -1]
    buf20: stride_map=[512, -1, 64, 262144, 1]
    buf21: stride_map=[262144, 65536, 128, 64, -1, 1]
    buf22: stride_map=[65536, 128, 64, -1, 1]
  state 1 (cost=27262976.0):
    arg0_1: stride_map=[64, 1]
    arg1_1: stride_map=[4096, 64, -1, 1]
    arg2_1: stride_map=[64, 4096, 1]
    arg3_1: stride_map=[256, 128, 64, 64, -1, 1]
    arg4_1: stride_map=[512, 64, -1, 1]
    arg5_1: stride_map=[64, 4096, 1]
    arg6_1: stride_map=[64, 1]
    arg7_1: stride_map=[64, 4096, 1]
    arg8_1: stride_map=[64, 12800, 1]
    buf0: stride_map=[4096, 64, -1, 1]
    buf1: stride_map=[-1, -1, -1, 1, -1]
    buf39: stride_map=[-1, -1]
    buf2: stride_map=[-1, -1, -1, 1, -1]
    buf3: stride_map=[-1, -1, -1, 1, -1]
    buf4: stride_map=[-1, 64, 4096, 1]
    buf5: stride_map=[-1, 64, 4096, 1]
    buf6: stride_map=[6144, 64, -1, 1]
    buf7: stride_map=[256, 128, 64, -1, 64, 8192, 1]
    buf8: stride_map=[128, 64, -1, -1, 64, 4096, 1]
    buf40: stride_map=[-1, -1]
    buf9: stride_map=[4096, -1, 64, 128, 1]
    buf10: stride_map=[256, 128, 64, -1, 64, 2048, 1]
    buf11: stride_map=[128, 64, -1, -1, 64, 1024, 1]
    buf12: stride_map=[262144, 65536, 128, 64, -1, 1]
    buf41: stride_map=[-1, -1]
    buf13: stride_map=[128, -1, 64, 65536, 1]
    buf14: stride_map=[512, 16384, 64, -1, 1]
    buf15: stride_map=[16384, -1, 64, 512, 1]
    buf16: stride_map=[1, -1, -1, -1, 512, -1]
    buf17: stride_map=[512, -1, 64, 262144, 1]
    buf18: stride_map=[512, -1, 64, 262144, 1]
    buf19: stride_map=[1, -1, -1, -1, 512, -1]
    buf20: stride_map=[512, -1, 64, 262144, 1]
    buf21: stride_map=[262144, 65536, 128, 64, -1, 1]
    buf22: stride_map=[65536, 128, 64, -1, 1]
[DEBUG] [spyre.inductor.optimize_restickify] beam after buf23 [2 states]:
  state 0 (cost=27262976.0):
    arg0_1: stride_map=[64, 1]
    arg1_1: stride_map=[4096, 64, -1, 1]
    arg2_1: stride_map=[64, 4096, 1]
    arg3_1: stride_map=[256, 128, 64, 64, -1, 1]
    arg4_1: stride_map=[512, 64, -1, 1]
    arg5_1: stride_map=[64, 4096, 1]
    arg6_1: stride_map=[64, 1]
    arg7_1: stride_map=[64, 4096, 1]
    arg8_1: stride_map=[64, 12800, 1]
    buf0: stride_map=[4096, 64, -1, 1]
    buf1: stride_map=[-1, -1, -1, 1, -1]
    buf39: stride_map=[-1, -1]
    buf2: stride_map=[-1, -1, -1, 1, -1]
    buf3: stride_map=[-1, -1, -1, 1, -1]
    buf4: stride_map=[-1, 64, 4096, 1]
    buf5: stride_map=[-1, 64, 4096, 1]
    buf6: stride_map=[6144, 64, -1, 1]
    buf7: stride_map=[256, 128, 64, -1, 64, 8192, 1]
    buf8: stride_map=[128, 64, -1, -1, 64, 4096, 1]
    buf40: stride_map=[-1, -1]
    buf9: stride_map=[4096, -1, 64, 128, 1]
    buf10: stride_map=[256, 128, 64, -1, 64, 2048, 1]
    buf11: stride_map=[128, 64, -1, -1, 64, 1024, 1]
    buf12: stride_map=[262144, 65536, 128, 64, -1, 1]
    buf41: stride_map=[-1, -1]
    buf13: stride_map=[128, -1, 64, 65536, 1]
    buf14: stride_map=[512, 16384, 64, -1, 1]
    buf15: stride_map=[16384, -1, 64, 512, 1]
    buf16: stride_map=[1, -1, -1, -1, 512, -1]
    buf17: stride_map=[512, -1, 64, 262144, 1]
    buf18: stride_map=[512, -1, 64, 262144, 1]
    buf19: stride_map=[1, -1, -1, -1, 512, -1]
    buf20: stride_map=[512, -1, 64, 262144, 1]
    buf21: stride_map=[262144, 65536, 128, 64, -1, 1]
    buf22: stride_map=[65536, 128, 64, -1, 1]
    buf23: stride_map=[4096, 128, 64, -1, 1]
  state 1 (cost=27262976.0):
    arg0_1: stride_map=[64, 1]
    arg1_1: stride_map=[4096, 64, -1, 1]
    arg2_1: stride_map=[64, 4096, 1]
    arg3_1: stride_map=[256, 128, 64, 64, -1, 1]
    arg4_1: stride_map=[512, 64, -1, 1]
    arg5_1: stride_map=[64, 4096, 1]
    arg6_1: stride_map=[64, 1]
    arg7_1: stride_map=[64, 4096, 1]
    arg8_1: stride_map=[64, 12800, 1]
    buf0: stride_map=[4096, 64, -1, 1]
    buf1: stride_map=[-1, -1, -1, 1, -1]
    buf39: stride_map=[-1, -1]
    buf2: stride_map=[-1, -1, -1, 1, -1]
    buf3: stride_map=[-1, -1, -1, 1, -1]
    buf4: stride_map=[-1, 64, 4096, 1]
    buf5: stride_map=[-1, 64, 4096, 1]
    buf6: stride_map=[6144, 64, -1, 1]
    buf7: stride_map=[256, 128, 64, -1, 64, 8192, 1]
    buf8: stride_map=[128, 64, -1, -1, 64, 4096, 1]
    buf40: stride_map=[-1, -1]
    buf9: stride_map=[4096, -1, 64, 128, 1]
    buf10: stride_map=[256, 128, 64, -1, 64, 2048, 1]
    buf11: stride_map=[128, 64, -1, -1, 64, 1024, 1]
    buf12: stride_map=[262144, 65536, 128, 64, -1, 1]
    buf41: stride_map=[-1, -1]
    buf13: stride_map=[128, -1, 64, 65536, 1]
    buf14: stride_map=[512, 16384, 64, -1, 1]
    buf15: stride_map=[16384, -1, 64, 512, 1]
    buf16: stride_map=[1, -1, -1, -1, 512, -1]
    buf17: stride_map=[512, -1, 64, 262144, 1]
    buf18: stride_map=[512, -1, 64, 262144, 1]
    buf19: stride_map=[1, -1, -1, -1, 512, -1]
    buf20: stride_map=[512, -1, 64, 262144, 1]
    buf21: stride_map=[262144, 65536, 128, 64, -1, 1]
    buf22: stride_map=[65536, 128, 64, -1, 1]
    buf23: stride_map=[4096, 128, 64, -1, 1]
[DEBUG] [spyre.inductor.optimize_restickify] beam after buf24 [2 states]:
  state 0 (cost=44040192.0):
    arg0_1: stride_map=[64, 1]
    arg1_1: stride_map=[4096, 64, -1, 1]
    arg2_1: stride_map=[64, 4096, 1]
    arg3_1: stride_map=[256, 128, 64, 64, -1, 1]
    arg4_1: stride_map=[512, 64, -1, 1]
    arg5_1: stride_map=[64, 4096, 1]
    arg6_1: stride_map=[64, 1]
    arg7_1: stride_map=[64, 4096, 1]
    arg8_1: stride_map=[64, 12800, 1]
    buf0: stride_map=[4096, 64, -1, 1]
    buf1: stride_map=[-1, -1, -1, 1, -1]
    buf39: stride_map=[-1, -1]
    buf2: stride_map=[-1, -1, -1, 1, -1]
    buf3: stride_map=[-1, -1, -1, 1, -1]
    buf4: stride_map=[-1, 64, 4096, 1]
    buf5: stride_map=[-1, 64, 4096, 1]
    buf6: stride_map=[6144, 64, -1, 1]
    buf7: stride_map=[256, 128, 64, -1, 64, 8192, 1]
    buf8: stride_map=[128, 64, -1, -1, 64, 4096, 1]
    buf40: stride_map=[-1, -1]
    buf9: stride_map=[4096, -1, 64, 128, 1]
    buf10: stride_map=[256, 128, 64, -1, 64, 2048, 1]
    buf11: stride_map=[128, 64, -1, -1, 64, 1024, 1]
    buf12: stride_map=[262144, 65536, 128, 64, -1, 1]
    buf41: stride_map=[-1, -1]
    buf13: stride_map=[128, -1, 64, 65536, 1]
    buf14: stride_map=[512, 16384, 64, -1, 1]
    buf15: stride_map=[16384, -1, 64, 512, 1]
    buf16: stride_map=[1, -1, -1, -1, 512, -1]
    buf17: stride_map=[512, -1, 64, 262144, 1]
    buf18: stride_map=[512, -1, 64, 262144, 1]
    buf19: stride_map=[1, -1, -1, -1, 512, -1]
    buf20: stride_map=[512, -1, 64, 262144, 1]
    buf21: stride_map=[262144, 65536, 128, 64, -1, 1]
    buf22: stride_map=[65536, 128, 64, -1, 1]
    buf23: stride_map=[4096, 128, 64, -1, 1]
    buf24: stride_map=[4096, 64, -1, 1]
  state 1 (cost=44040192.0):
    arg0_1: stride_map=[64, 1]
    arg1_1: stride_map=[4096, 64, -1, 1]
    arg2_1: stride_map=[64, 4096, 1]
    arg3_1: stride_map=[256, 128, 64, 64, -1, 1]
    arg4_1: stride_map=[512, 64, -1, 1]
    arg5_1: stride_map=[64, 4096, 1]
    arg6_1: stride_map=[64, 1]
    arg7_1: stride_map=[64, 4096, 1]
    arg8_1: stride_map=[64, 12800, 1]
    buf0: stride_map=[4096, 64, -1, 1]
    buf1: stride_map=[-1, -1, -1, 1, -1]
    buf39: stride_map=[-1, -1]
    buf2: stride_map=[-1, -1, -1, 1, -1]
    buf3: stride_map=[-1, -1, -1, 1, -1]
    buf4: stride_map=[-1, 64, 4096, 1]
    buf5: stride_map=[-1, 64, 4096, 1]
    buf6: stride_map=[6144, 64, -1, 1]
    buf7: stride_map=[256, 128, 64, -1, 64, 8192, 1]
    buf8: stride_map=[128, 64, -1, -1, 64, 4096, 1]
    buf40: stride_map=[-1, -1]
    buf9: stride_map=[4096, -1, 64, 128, 1]
    buf10: stride_map=[256, 128, 64, -1, 64, 2048, 1]
    buf11: stride_map=[128, 64, -1, -1, 64, 1024, 1]
    buf12: stride_map=[262144, 65536, 128, 64, -1, 1]
    buf41: stride_map=[-1, -1]
    buf13: stride_map=[128, -1, 64, 65536, 1]
    buf14: stride_map=[512, 16384, 64, -1, 1]
    buf15: stride_map=[16384, -1, 64, 512, 1]
    buf16: stride_map=[1, -1, -1, -1, 512, -1]
    buf17: stride_map=[512, -1, 64, 262144, 1]
    buf18: stride_map=[512, -1, 64, 262144, 1]
    buf19: stride_map=[1, -1, -1, -1, 512, -1]
    buf20: stride_map=[512, -1, 64, 262144, 1]
    buf21: stride_map=[262144, 65536, 128, 64, -1, 1]
    buf22: stride_map=[65536, 128, 64, -1, 1]
    buf23: stride_map=[4096, 128, 64, -1, 1]
    buf24: stride_map=[4096, 64, -1, 1]
[DEBUG] [spyre.inductor.optimize_restickify] beam after buf42 [2 states]:
  state 0 (cost=44040192.0):
    arg0_1: stride_map=[64, 1]
    arg1_1: stride_map=[4096, 64, -1, 1]
    arg2_1: stride_map=[64, 4096, 1]
    arg3_1: stride_map=[256, 128, 64, 64, -1, 1]
    arg4_1: stride_map=[512, 64, -1, 1]
    arg5_1: stride_map=[64, 4096, 1]
    arg6_1: stride_map=[64, 1]
    arg7_1: stride_map=[64, 4096, 1]
    arg8_1: stride_map=[64, 12800, 1]
    buf0: stride_map=[4096, 64, -1, 1]
    buf1: stride_map=[-1, -1, -1, 1, -1]
    buf39: stride_map=[-1, -1]
    buf2: stride_map=[-1, -1, -1, 1, -1]
    buf3: stride_map=[-1, -1, -1, 1, -1]
    buf4: stride_map=[-1, 64, 4096, 1]
    buf5: stride_map=[-1, 64, 4096, 1]
    buf6: stride_map=[6144, 64, -1, 1]
    buf7: stride_map=[256, 128, 64, -1, 64, 8192, 1]
    buf8: stride_map=[128, 64, -1, -1, 64, 4096, 1]
    buf40: stride_map=[-1, -1]
    buf9: stride_map=[4096, -1, 64, 128, 1]
    buf10: stride_map=[256, 128, 64, -1, 64, 2048, 1]
    buf11: stride_map=[128, 64, -1, -1, 64, 1024, 1]
    buf12: stride_map=[262144, 65536, 128, 64, -1, 1]
    buf41: stride_map=[-1, -1]
    buf13: stride_map=[128, -1, 64, 65536, 1]
    buf14: stride_map=[512, 16384, 64, -1, 1]
    buf15: stride_map=[16384, -1, 64, 512, 1]
    buf16: stride_map=[1, -1, -1, -1, 512, -1]
    buf17: stride_map=[512, -1, 64, 262144, 1]
    buf18: stride_map=[512, -1, 64, 262144, 1]
    buf19: stride_map=[1, -1, -1, -1, 512, -1]
    buf20: stride_map=[512, -1, 64, 262144, 1]
    buf21: stride_map=[262144, 65536, 128, 64, -1, 1]
    buf22: stride_map=[65536, 128, 64, -1, 1]
    buf23: stride_map=[4096, 128, 64, -1, 1]
    buf24: stride_map=[4096, 64, -1, 1]
    buf42: stride_map=[-1, -1]
  state 1 (cost=44040192.0):
    arg0_1: stride_map=[64, 1]
    arg1_1: stride_map=[4096, 64, -1, 1]
    arg2_1: stride_map=[64, 4096, 1]
    arg3_1: stride_map=[256, 128, 64, 64, -1, 1]
    arg4_1: stride_map=[512, 64, -1, 1]
    arg5_1: stride_map=[64, 4096, 1]
    arg6_1: stride_map=[64, 1]
    arg7_1: stride_map=[64, 4096, 1]
    arg8_1: stride_map=[64, 12800, 1]
    buf0: stride_map=[4096, 64, -1, 1]
    buf1: stride_map=[-1, -1, -1, 1, -1]
    buf39: stride_map=[-1, -1]
    buf2: stride_map=[-1, -1, -1, 1, -1]
    buf3: stride_map=[-1, -1, -1, 1, -1]
    buf4: stride_map=[-1, 64, 4096, 1]
    buf5: stride_map=[-1, 64, 4096, 1]
    buf6: stride_map=[6144, 64, -1, 1]
    buf7: stride_map=[256, 128, 64, -1, 64, 8192, 1]
    buf8: stride_map=[128, 64, -1, -1, 64, 4096, 1]
    buf40: stride_map=[-1, -1]
    buf9: stride_map=[4096, -1, 64, 128, 1]
    buf10: stride_map=[256, 128, 64, -1, 64, 2048, 1]
    buf11: stride_map=[128, 64, -1, -1, 64, 1024, 1]
    buf12: stride_map=[262144, 65536, 128, 64, -1, 1]
    buf41: stride_map=[-1, -1]
    buf13: stride_map=[128, -1, 64, 65536, 1]
    buf14: stride_map=[512, 16384, 64, -1, 1]
    buf15: stride_map=[16384, -1, 64, 512, 1]
    buf16: stride_map=[1, -1, -1, -1, 512, -1]
    buf17: stride_map=[512, -1, 64, 262144, 1]
    buf18: stride_map=[512, -1, 64, 262144, 1]
    buf19: stride_map=[1, -1, -1, -1, 512, -1]
    buf20: stride_map=[512, -1, 64, 262144, 1]
    buf21: stride_map=[262144, 65536, 128, 64, -1, 1]
    buf22: stride_map=[65536, 128, 64, -1, 1]
    buf23: stride_map=[4096, 128, 64, -1, 1]
    buf24: stride_map=[4096, 64, -1, 1]
    buf42: stride_map=[-1, -1]
[DEBUG] [spyre.inductor.optimize_restickify] beam after buf25 [2 states]:
  state 0 (cost=44040192.0):
    arg0_1: stride_map=[64, 1]
    arg1_1: stride_map=[4096, 64, -1, 1]
    arg2_1: stride_map=[64, 4096, 1]
    arg3_1: stride_map=[256, 128, 64, 64, -1, 1]
    arg4_1: stride_map=[512, 64, -1, 1]
    arg5_1: stride_map=[64, 4096, 1]
    arg6_1: stride_map=[64, 1]
    arg7_1: stride_map=[64, 4096, 1]
    arg8_1: stride_map=[64, 12800, 1]
    buf0: stride_map=[4096, 64, -1, 1]
    buf1: stride_map=[-1, -1, -1, 1, -1]
    buf39: stride_map=[-1, -1]
    buf2: stride_map=[-1, -1, -1, 1, -1]
    buf3: stride_map=[-1, -1, -1, 1, -1]
    buf4: stride_map=[-1, 64, 4096, 1]
    buf5: stride_map=[-1, 64, 4096, 1]
    buf6: stride_map=[6144, 64, -1, 1]
    buf7: stride_map=[256, 128, 64, -1, 64, 8192, 1]
    buf8: stride_map=[128, 64, -1, -1, 64, 4096, 1]
    buf40: stride_map=[-1, -1]
    buf9: stride_map=[4096, -1, 64, 128, 1]
    buf10: stride_map=[256, 128, 64, -1, 64, 2048, 1]
    buf11: stride_map=[128, 64, -1, -1, 64, 1024, 1]
    buf12: stride_map=[262144, 65536, 128, 64, -1, 1]
    buf41: stride_map=[-1, -1]
    buf13: stride_map=[128, -1, 64, 65536, 1]
    buf14: stride_map=[512, 16384, 64, -1, 1]
    buf15: stride_map=[16384, -1, 64, 512, 1]
    buf16: stride_map=[1, -1, -1, -1, 512, -1]
    buf17: stride_map=[512, -1, 64, 262144, 1]
    buf18: stride_map=[512, -1, 64, 262144, 1]
    buf19: stride_map=[1, -1, -1, -1, 512, -1]
    buf20: stride_map=[512, -1, 64, 262144, 1]
    buf21: stride_map=[262144, 65536, 128, 64, -1, 1]
    buf22: stride_map=[65536, 128, 64, -1, 1]
    buf23: stride_map=[4096, 128, 64, -1, 1]
    buf24: stride_map=[4096, 64, -1, 1]
    buf42: stride_map=[-1, -1]
    buf25: stride_map=[4096, 64, -1, 1]
  state 1 (cost=44040192.0):
    arg0_1: stride_map=[64, 1]
    arg1_1: stride_map=[4096, 64, -1, 1]
    arg2_1: stride_map=[64, 4096, 1]
    arg3_1: stride_map=[256, 128, 64, 64, -1, 1]
    arg4_1: stride_map=[512, 64, -1, 1]
    arg5_1: stride_map=[64, 4096, 1]
    arg6_1: stride_map=[64, 1]
    arg7_1: stride_map=[64, 4096, 1]
    arg8_1: stride_map=[64, 12800, 1]
    buf0: stride_map=[4096, 64, -1, 1]
    buf1: stride_map=[-1, -1, -1, 1, -1]
    buf39: stride_map=[-1, -1]
    buf2: stride_map=[-1, -1, -1, 1, -1]
    buf3: stride_map=[-1, -1, -1, 1, -1]
    buf4: stride_map=[-1, 64, 4096, 1]
    buf5: stride_map=[-1, 64, 4096, 1]
    buf6: stride_map=[6144, 64, -1, 1]
    buf7: stride_map=[256, 128, 64, -1, 64, 8192, 1]
    buf8: stride_map=[128, 64, -1, -1, 64, 4096, 1]
    buf40: stride_map=[-1, -1]
    buf9: stride_map=[4096, -1, 64, 128, 1]
    buf10: stride_map=[256, 128, 64, -1, 64, 2048, 1]
    buf11: stride_map=[128, 64, -1, -1, 64, 1024, 1]
    buf12: stride_map=[262144, 65536, 128, 64, -1, 1]
    buf41: stride_map=[-1, -1]
    buf13: stride_map=[128, -1, 64, 65536, 1]
    buf14: stride_map=[512, 16384, 64, -1, 1]
    buf15: stride_map=[16384, -1, 64, 512, 1]
    buf16: stride_map=[1, -1, -1, -1, 512, -1]
    buf17: stride_map=[512, -1, 64, 262144, 1]
    buf18: stride_map=[512, -1, 64, 262144, 1]
    buf19: stride_map=[1, -1, -1, -1, 512, -1]
    buf20: stride_map=[512, -1, 64, 262144, 1]
    buf21: stride_map=[262144, 65536, 128, 64, -1, 1]
    buf22: stride_map=[65536, 128, 64, -1, 1]
    buf23: stride_map=[4096, 128, 64, -1, 1]
    buf24: stride_map=[4096, 64, -1, 1]
    buf42: stride_map=[-1, -1]
    buf25: stride_map=[4096, 64, -1, 1]
[DEBUG] [spyre.inductor.optimize_restickify] beam after buf26 [2 states]:
  state 0 (cost=44040192.0):
    arg0_1: stride_map=[64, 1]
    arg1_1: stride_map=[4096, 64, -1, 1]
    arg2_1: stride_map=[64, 4096, 1]
    arg3_1: stride_map=[256, 128, 64, 64, -1, 1]
    arg4_1: stride_map=[512, 64, -1, 1]
    arg5_1: stride_map=[64, 4096, 1]
    arg6_1: stride_map=[64, 1]
    arg7_1: stride_map=[64, 4096, 1]
    arg8_1: stride_map=[64, 12800, 1]
    buf0: stride_map=[4096, 64, -1, 1]
    buf1: stride_map=[-1, -1, -1, 1, -1]
    buf39: stride_map=[-1, -1]
    buf2: stride_map=[-1, -1, -1, 1, -1]
    buf3: stride_map=[-1, -1, -1, 1, -1]
    buf4: stride_map=[-1, 64, 4096, 1]
    buf5: stride_map=[-1, 64, 4096, 1]
    buf6: stride_map=[6144, 64, -1, 1]
    buf7: stride_map=[256, 128, 64, -1, 64, 8192, 1]
    buf8: stride_map=[128, 64, -1, -1, 64, 4096, 1]
    buf40: stride_map=[-1, -1]
    buf9: stride_map=[4096, -1, 64, 128, 1]
    buf10: stride_map=[256, 128, 64, -1, 64, 2048, 1]
    buf11: stride_map=[128, 64, -1, -1, 64, 1024, 1]
    buf12: stride_map=[262144, 65536, 128, 64, -1, 1]
    buf41: stride_map=[-1, -1]
    buf13: stride_map=[128, -1, 64, 65536, 1]
    buf14: stride_map=[512, 16384, 64, -1, 1]
    buf15: stride_map=[16384, -1, 64, 512, 1]
    buf16: stride_map=[1, -1, -1, -1, 512, -1]
    buf17: stride_map=[512, -1, 64, 262144, 1]
    buf18: stride_map=[512, -1, 64, 262144, 1]
    buf19: stride_map=[1, -1, -1, -1, 512, -1]
    buf20: stride_map=[512, -1, 64, 262144, 1]
    buf21: stride_map=[262144, 65536, 128, 64, -1, 1]
    buf22: stride_map=[65536, 128, 64, -1, 1]
    buf23: stride_map=[4096, 128, 64, -1, 1]
    buf24: stride_map=[4096, 64, -1, 1]
    buf42: stride_map=[-1, -1]
    buf25: stride_map=[4096, 64, -1, 1]
    buf26: stride_map=[4096, 64, -1, 1]
  state 1 (cost=44040192.0):
    arg0_1: stride_map=[64, 1]
    arg1_1: stride_map=[4096, 64, -1, 1]
    arg2_1: stride_map=[64, 4096, 1]
    arg3_1: stride_map=[256, 128, 64, 64, -1, 1]
    arg4_1: stride_map=[512, 64, -1, 1]
    arg5_1: stride_map=[64, 4096, 1]
    arg6_1: stride_map=[64, 1]
    arg7_1: stride_map=[64, 4096, 1]
    arg8_1: stride_map=[64, 12800, 1]
    buf0: stride_map=[4096, 64, -1, 1]
    buf1: stride_map=[-1, -1, -1, 1, -1]
    buf39: stride_map=[-1, -1]
    buf2: stride_map=[-1, -1, -1, 1, -1]
    buf3: stride_map=[-1, -1, -1, 1, -1]
    buf4: stride_map=[-1, 64, 4096, 1]
    buf5: stride_map=[-1, 64, 4096, 1]
    buf6: stride_map=[6144, 64, -1, 1]
    buf7: stride_map=[256, 128, 64, -1, 64, 8192, 1]
    buf8: stride_map=[128, 64, -1, -1, 64, 4096, 1]
    buf40: stride_map=[-1, -1]
    buf9: stride_map=[4096, -1, 64, 128, 1]
    buf10: stride_map=[256, 128, 64, -1, 64, 2048, 1]
    buf11: stride_map=[128, 64, -1, -1, 64, 1024, 1]
    buf12: stride_map=[262144, 65536, 128, 64, -1, 1]
    buf41: stride_map=[-1, -1]
    buf13: stride_map=[128, -1, 64, 65536, 1]
    buf14: stride_map=[512, 16384, 64, -1, 1]
    buf15: stride_map=[16384, -1, 64, 512, 1]
    buf16: stride_map=[1, -1, -1, -1, 512, -1]
    buf17: stride_map=[512, -1, 64, 262144, 1]
    buf18: stride_map=[512, -1, 64, 262144, 1]
    buf19: stride_map=[1, -1, -1, -1, 512, -1]
    buf20: stride_map=[512, -1, 64, 262144, 1]
    buf21: stride_map=[262144, 65536, 128, 64, -1, 1]
    buf22: stride_map=[65536, 128, 64, -1, 1]
    buf23: stride_map=[4096, 128, 64, -1, 1]
    buf24: stride_map=[4096, 64, -1, 1]
    buf42: stride_map=[-1, -1]
    buf25: stride_map=[4096, 64, -1, 1]
    buf26: stride_map=[4096, 64, -1, 1]
[DEBUG] [spyre.inductor.optimize_restickify] beam after buf27 [2 states]:
  state 0 (cost=44040192.0):
    arg0_1: stride_map=[64, 1]
    arg1_1: stride_map=[4096, 64, -1, 1]
    arg2_1: stride_map=[64, 4096, 1]
    arg3_1: stride_map=[256, 128, 64, 64, -1, 1]
    arg4_1: stride_map=[512, 64, -1, 1]
    arg5_1: stride_map=[64, 4096, 1]
    arg6_1: stride_map=[64, 1]
    arg7_1: stride_map=[64, 4096, 1]
    arg8_1: stride_map=[64, 12800, 1]
    buf0: stride_map=[4096, 64, -1, 1]
    buf1: stride_map=[-1, -1, -1, 1, -1]
    buf39: stride_map=[-1, -1]
    buf2: stride_map=[-1, -1, -1, 1, -1]
    buf3: stride_map=[-1, -1, -1, 1, -1]
    buf4: stride_map=[-1, 64, 4096, 1]
    buf5: stride_map=[-1, 64, 4096, 1]
    buf6: stride_map=[6144, 64, -1, 1]
    buf7: stride_map=[256, 128, 64, -1, 64, 8192, 1]
    buf8: stride_map=[128, 64, -1, -1, 64, 4096, 1]
    buf40: stride_map=[-1, -1]
    buf9: stride_map=[4096, -1, 64, 128, 1]
    buf10: stride_map=[256, 128, 64, -1, 64, 2048, 1]
    buf11: stride_map=[128, 64, -1, -1, 64, 1024, 1]
    buf12: stride_map=[262144, 65536, 128, 64, -1, 1]
    buf41: stride_map=[-1, -1]
    buf13: stride_map=[128, -1, 64, 65536, 1]
    buf14: stride_map=[512, 16384, 64, -1, 1]
    buf15: stride_map=[16384, -1, 64, 512, 1]
    buf16: stride_map=[1, -1, -1, -1, 512, -1]
    buf17: stride_map=[512, -1, 64, 262144, 1]
    buf18: stride_map=[512, -1, 64, 262144, 1]
    buf19: stride_map=[1, -1, -1, -1, 512, -1]
    buf20: stride_map=[512, -1, 64, 262144, 1]
    buf21: stride_map=[262144, 65536, 128, 64, -1, 1]
    buf22: stride_map=[65536, 128, 64, -1, 1]
    buf23: stride_map=[4096, 128, 64, -1, 1]
    buf24: stride_map=[4096, 64, -1, 1]
    buf42: stride_map=[-1, -1]
    buf25: stride_map=[4096, 64, -1, 1]
    buf26: stride_map=[4096, 64, -1, 1]
    buf27: stride_map=[4096, 64, -1, 1]
  state 1 (cost=44040192.0):
    arg0_1: stride_map=[64, 1]
    arg1_1: stride_map=[4096, 64, -1, 1]
    arg2_1: stride_map=[64, 4096, 1]
    arg3_1: stride_map=[256, 128, 64, 64, -1, 1]
    arg4_1: stride_map=[512, 64, -1, 1]
    arg5_1: stride_map=[64, 4096, 1]
    arg6_1: stride_map=[64, 1]
    arg7_1: stride_map=[64, 4096, 1]
    arg8_1: stride_map=[64, 12800, 1]
    buf0: stride_map=[4096, 64, -1, 1]
    buf1: stride_map=[-1, -1, -1, 1, -1]
    buf39: stride_map=[-1, -1]
    buf2: stride_map=[-1, -1, -1, 1, -1]
    buf3: stride_map=[-1, -1, -1, 1, -1]
    buf4: stride_map=[-1, 64, 4096, 1]
    buf5: stride_map=[-1, 64, 4096, 1]
    buf6: stride_map=[6144, 64, -1, 1]
    buf7: stride_map=[256, 128, 64, -1, 64, 8192, 1]
    buf8: stride_map=[128, 64, -1, -1, 64, 4096, 1]
    buf40: stride_map=[-1, -1]
    buf9: stride_map=[4096, -1, 64, 128, 1]
    buf10: stride_map=[256, 128, 64, -1, 64, 2048, 1]
    buf11: stride_map=[128, 64, -1, -1, 64, 1024, 1]
    buf12: stride_map=[262144, 65536, 128, 64, -1, 1]
    buf41: stride_map=[-1, -1]
    buf13: stride_map=[128, -1, 64, 65536, 1]
    buf14: stride_map=[512, 16384, 64, -1, 1]
    buf15: stride_map=[16384, -1, 64, 512, 1]
    buf16: stride_map=[1, -1, -1, -1, 512, -1]
    buf17: stride_map=[512, -1, 64, 262144, 1]
    buf18: stride_map=[512, -1, 64, 262144, 1]
    buf19: stride_map=[1, -1, -1, -1, 512, -1]
    buf20: stride_map=[512, -1, 64, 262144, 1]
    buf21: stride_map=[262144, 65536, 128, 64, -1, 1]
    buf22: stride_map=[65536, 128, 64, -1, 1]
    buf23: stride_map=[4096, 128, 64, -1, 1]
    buf24: stride_map=[4096, 64, -1, 1]
    buf42: stride_map=[-1, -1]
    buf25: stride_map=[4096, 64, -1, 1]
    buf26: stride_map=[4096, 64, -1, 1]
    buf27: stride_map=[4096, 64, -1, 1]
[DEBUG] [spyre.inductor.optimize_restickify] beam after buf28 [2 states]:
  state 0 (cost=44040192.0):
    arg0_1: stride_map=[64, 1]
    arg1_1: stride_map=[4096, 64, -1, 1]
    arg2_1: stride_map=[64, 4096, 1]
    arg3_1: stride_map=[256, 128, 64, 64, -1, 1]
    arg4_1: stride_map=[512, 64, -1, 1]
    arg5_1: stride_map=[64, 4096, 1]
    arg6_1: stride_map=[64, 1]
    arg7_1: stride_map=[64, 4096, 1]
    arg8_1: stride_map=[64, 12800, 1]
    buf0: stride_map=[4096, 64, -1, 1]
    buf1: stride_map=[-1, -1, -1, 1, -1]
    buf39: stride_map=[-1, -1]
    buf2: stride_map=[-1, -1, -1, 1, -1]
    buf3: stride_map=[-1, -1, -1, 1, -1]
    buf4: stride_map=[-1, 64, 4096, 1]
    buf5: stride_map=[-1, 64, 4096, 1]
    buf6: stride_map=[6144, 64, -1, 1]
    buf7: stride_map=[256, 128, 64, -1, 64, 8192, 1]
    buf8: stride_map=[128, 64, -1, -1, 64, 4096, 1]
    buf40: stride_map=[-1, -1]
    buf9: stride_map=[4096, -1, 64, 128, 1]
    buf10: stride_map=[256, 128, 64, -1, 64, 2048, 1]
    buf11: stride_map=[128, 64, -1, -1, 64, 1024, 1]
    buf12: stride_map=[262144, 65536, 128, 64, -1, 1]
    buf41: stride_map=[-1, -1]
    buf13: stride_map=[128, -1, 64, 65536, 1]
    buf14: stride_map=[512, 16384, 64, -1, 1]
    buf15: stride_map=[16384, -1, 64, 512, 1]
    buf16: stride_map=[1, -1, -1, -1, 512, -1]
    buf17: stride_map=[512, -1, 64, 262144, 1]
    buf18: stride_map=[512, -1, 64, 262144, 1]
    buf19: stride_map=[1, -1, -1, -1, 512, -1]
    buf20: stride_map=[512, -1, 64, 262144, 1]
    buf21: stride_map=[262144, 65536, 128, 64, -1, 1]
    buf22: stride_map=[65536, 128, 64, -1, 1]
    buf23: stride_map=[4096, 128, 64, -1, 1]
    buf24: stride_map=[4096, 64, -1, 1]
    buf42: stride_map=[-1, -1]
    buf25: stride_map=[4096, 64, -1, 1]
    buf26: stride_map=[4096, 64, -1, 1]
    buf27: stride_map=[4096, 64, -1, 1]
    buf28: stride_map=[-1, -1, -1, 1, -1]
  state 1 (cost=44040192.0):
    arg0_1: stride_map=[64, 1]
    arg1_1: stride_map=[4096, 64, -1, 1]
    arg2_1: stride_map=[64, 4096, 1]
    arg3_1: stride_map=[256, 128, 64, 64, -1, 1]
    arg4_1: stride_map=[512, 64, -1, 1]
    arg5_1: stride_map=[64, 4096, 1]
    arg6_1: stride_map=[64, 1]
    arg7_1: stride_map=[64, 4096, 1]
    arg8_1: stride_map=[64, 12800, 1]
    buf0: stride_map=[4096, 64, -1, 1]
    buf1: stride_map=[-1, -1, -1, 1, -1]
    buf39: stride_map=[-1, -1]
    buf2: stride_map=[-1, -1, -1, 1, -1]
    buf3: stride_map=[-1, -1, -1, 1, -1]
    buf4: stride_map=[-1, 64, 4096, 1]
    buf5: stride_map=[-1, 64, 4096, 1]
    buf6: stride_map=[6144, 64, -1, 1]
    buf7: stride_map=[256, 128, 64, -1, 64, 8192, 1]
    buf8: stride_map=[128, 64, -1, -1, 64, 4096, 1]
    buf40: stride_map=[-1, -1]
    buf9: stride_map=[4096, -1, 64, 128, 1]
    buf10: stride_map=[256, 128, 64, -1, 64, 2048, 1]
    buf11: stride_map=[128, 64, -1, -1, 64, 1024, 1]
    buf12: stride_map=[262144, 65536, 128, 64, -1, 1]
    buf41: stride_map=[-1, -1]
    buf13: stride_map=[128, -1, 64, 65536, 1]
    buf14: stride_map=[512, 16384, 64, -1, 1]
    buf15: stride_map=[16384, -1, 64, 512, 1]
    buf16: stride_map=[1, -1, -1, -1, 512, -1]
    buf17: stride_map=[512, -1, 64, 262144, 1]
    buf18: stride_map=[512, -1, 64, 262144, 1]
    buf19: stride_map=[1, -1, -1, -1, 512, -1]
    buf20: stride_map=[512, -1, 64, 262144, 1]
    buf21: stride_map=[262144, 65536, 128, 64, -1, 1]
    buf22: stride_map=[65536, 128, 64, -1, 1]
    buf23: stride_map=[4096, 128, 64, -1, 1]
    buf24: stride_map=[4096, 64, -1, 1]
    buf42: stride_map=[-1, -1]
    buf25: stride_map=[4096, 64, -1, 1]
    buf26: stride_map=[4096, 64, -1, 1]
    buf27: stride_map=[4096, 64, -1, 1]
    buf28: stride_map=[-1, -1, -1, 1, -1]
[DEBUG] [spyre.inductor.optimize_restickify] beam after buf43 [2 states]:
  state 0 (cost=44040192.0):
    arg0_1: stride_map=[64, 1]
    arg1_1: stride_map=[4096, 64, -1, 1]
    arg2_1: stride_map=[64, 4096, 1]
    arg3_1: stride_map=[256, 128, 64, 64, -1, 1]
    arg4_1: stride_map=[512, 64, -1, 1]
    arg5_1: stride_map=[64, 4096, 1]
    arg6_1: stride_map=[64, 1]
    arg7_1: stride_map=[64, 4096, 1]
    arg8_1: stride_map=[64, 12800, 1]
    buf0: stride_map=[4096, 64, -1, 1]
    buf1: stride_map=[-1, -1, -1, 1, -1]
    buf39: stride_map=[-1, -1]
    buf2: stride_map=[-1, -1, -1, 1, -1]
    buf3: stride_map=[-1, -1, -1, 1, -1]
    buf4: stride_map=[-1, 64, 4096, 1]
    buf5: stride_map=[-1, 64, 4096, 1]
    buf6: stride_map=[6144, 64, -1, 1]
    buf7: stride_map=[256, 128, 64, -1, 64, 8192, 1]
    buf8: stride_map=[128, 64, -1, -1, 64, 4096, 1]
    buf40: stride_map=[-1, -1]
    buf9: stride_map=[4096, -1, 64, 128, 1]
    buf10: stride_map=[256, 128, 64, -1, 64, 2048, 1]
    buf11: stride_map=[128, 64, -1, -1, 64, 1024, 1]
    buf12: stride_map=[262144, 65536, 128, 64, -1, 1]
    buf41: stride_map=[-1, -1]
    buf13: stride_map=[128, -1, 64, 65536, 1]
    buf14: stride_map=[512, 16384, 64, -1, 1]
    buf15: stride_map=[16384, -1, 64, 512, 1]
    buf16: stride_map=[1, -1, -1, -1, 512, -1]
    buf17: stride_map=[512, -1, 64, 262144, 1]
    buf18: stride_map=[512, -1, 64, 262144, 1]
    buf19: stride_map=[1, -1, -1, -1, 512, -1]
    buf20: stride_map=[512, -1, 64, 262144, 1]
    buf21: stride_map=[262144, 65536, 128, 64, -1, 1]
    buf22: stride_map=[65536, 128, 64, -1, 1]
    buf23: stride_map=[4096, 128, 64, -1, 1]
    buf24: stride_map=[4096, 64, -1, 1]
    buf42: stride_map=[-1, -1]
    buf25: stride_map=[4096, 64, -1, 1]
    buf26: stride_map=[4096, 64, -1, 1]
    buf27: stride_map=[4096, 64, -1, 1]
    buf28: stride_map=[-1, -1, -1, 1, -1]
    buf43: stride_map=[-1, -1]
  state 1 (cost=44040192.0):
    arg0_1: stride_map=[64, 1]
    arg1_1: stride_map=[4096, 64, -1, 1]
    arg2_1: stride_map=[64, 4096, 1]
    arg3_1: stride_map=[256, 128, 64, 64, -1, 1]
    arg4_1: stride_map=[512, 64, -1, 1]
    arg5_1: stride_map=[64, 4096, 1]
    arg6_1: stride_map=[64, 1]
    arg7_1: stride_map=[64, 4096, 1]
    arg8_1: stride_map=[64, 12800, 1]
    buf0: stride_map=[4096, 64, -1, 1]
    buf1: stride_map=[-1, -1, -1, 1, -1]
    buf39: stride_map=[-1, -1]
    buf2: stride_map=[-1, -1, -1, 1, -1]
    buf3: stride_map=[-1, -1, -1, 1, -1]
    buf4: stride_map=[-1, 64, 4096, 1]
    buf5: stride_map=[-1, 64, 4096, 1]
    buf6: stride_map=[6144, 64, -1, 1]
    buf7: stride_map=[256, 128, 64, -1, 64, 8192, 1]
    buf8: stride_map=[128, 64, -1, -1, 64, 4096, 1]
    buf40: stride_map=[-1, -1]
    buf9: stride_map=[4096, -1, 64, 128, 1]
    buf10: stride_map=[256, 128, 64, -1, 64, 2048, 1]
    buf11: stride_map=[128, 64, -1, -1, 64, 1024, 1]
    buf12: stride_map=[262144, 65536, 128, 64, -1, 1]
    buf41: stride_map=[-1, -1]
    buf13: stride_map=[128, -1, 64, 65536, 1]
    buf14: stride_map=[512, 16384, 64, -1, 1]
    buf15: stride_map=[16384, -1, 64, 512, 1]
    buf16: stride_map=[1, -1, -1, -1, 512, -1]
    buf17: stride_map=[512, -1, 64, 262144, 1]
    buf18: stride_map=[512, -1, 64, 262144, 1]
    buf19: stride_map=[1, -1, -1, -1, 512, -1]
    buf20: stride_map=[512, -1, 64, 262144, 1]
    buf21: stride_map=[262144, 65536, 128, 64, -1, 1]
    buf22: stride_map=[65536, 128, 64, -1, 1]
    buf23: stride_map=[4096, 128, 64, -1, 1]
    buf24: stride_map=[4096, 64, -1, 1]
    buf42: stride_map=[-1, -1]
    buf25: stride_map=[4096, 64, -1, 1]
    buf26: stride_map=[4096, 64, -1, 1]
    buf27: stride_map=[4096, 64, -1, 1]
    buf28: stride_map=[-1, -1, -1, 1, -1]
    buf43: stride_map=[-1, -1]
[DEBUG] [spyre.inductor.optimize_restickify] beam after buf29 [2 states]:
  state 0 (cost=44040192.0):
    arg0_1: stride_map=[64, 1]
    arg1_1: stride_map=[4096, 64, -1, 1]
    arg2_1: stride_map=[64, 4096, 1]
    arg3_1: stride_map=[256, 128, 64, 64, -1, 1]
    arg4_1: stride_map=[512, 64, -1, 1]
    arg5_1: stride_map=[64, 4096, 1]
    arg6_1: stride_map=[64, 1]
    arg7_1: stride_map=[64, 4096, 1]
    arg8_1: stride_map=[64, 12800, 1]
    buf0: stride_map=[4096, 64, -1, 1]
    buf1: stride_map=[-1, -1, -1, 1, -1]
    buf39: stride_map=[-1, -1]
    buf2: stride_map=[-1, -1, -1, 1, -1]
    buf3: stride_map=[-1, -1, -1, 1, -1]
    buf4: stride_map=[-1, 64, 4096, 1]
    buf5: stride_map=[-1, 64, 4096, 1]
    buf6: stride_map=[6144, 64, -1, 1]
    buf7: stride_map=[256, 128, 64, -1, 64, 8192, 1]
    buf8: stride_map=[128, 64, -1, -1, 64, 4096, 1]
    buf40: stride_map=[-1, -1]
    buf9: stride_map=[4096, -1, 64, 128, 1]
    buf10: stride_map=[256, 128, 64, -1, 64, 2048, 1]
    buf11: stride_map=[128, 64, -1, -1, 64, 1024, 1]
    buf12: stride_map=[262144, 65536, 128, 64, -1, 1]
    buf41: stride_map=[-1, -1]
    buf13: stride_map=[128, -1, 64, 65536, 1]
    buf14: stride_map=[512, 16384, 64, -1, 1]
    buf15: stride_map=[16384, -1, 64, 512, 1]
    buf16: stride_map=[1, -1, -1, -1, 512, -1]
    buf17: stride_map=[512, -1, 64, 262144, 1]
    buf18: stride_map=[512, -1, 64, 262144, 1]
    buf19: stride_map=[1, -1, -1, -1, 512, -1]
    buf20: stride_map=[512, -1, 64, 262144, 1]
    buf21: stride_map=[262144, 65536, 128, 64, -1, 1]
    buf22: stride_map=[65536, 128, 64, -1, 1]
    buf23: stride_map=[4096, 128, 64, -1, 1]
    buf24: stride_map=[4096, 64, -1, 1]
    buf42: stride_map=[-1, -1]
    buf25: stride_map=[4096, 64, -1, 1]
    buf26: stride_map=[4096, 64, -1, 1]
    buf27: stride_map=[4096, 64, -1, 1]
    buf28: stride_map=[-1, -1, -1, 1, -1]
    buf43: stride_map=[-1, -1]
    buf29: stride_map=[-1, -1, -1, 1, -1]
  state 1 (cost=44040192.0):
    arg0_1: stride_map=[64, 1]
    arg1_1: stride_map=[4096, 64, -1, 1]
    arg2_1: stride_map=[64, 4096, 1]
    arg3_1: stride_map=[256, 128, 64, 64, -1, 1]
    arg4_1: stride_map=[512, 64, -1, 1]
    arg5_1: stride_map=[64, 4096, 1]
    arg6_1: stride_map=[64, 1]
    arg7_1: stride_map=[64, 4096, 1]
    arg8_1: stride_map=[64, 12800, 1]
    buf0: stride_map=[4096, 64, -1, 1]
    buf1: stride_map=[-1, -1, -1, 1, -1]
    buf39: stride_map=[-1, -1]
    buf2: stride_map=[-1, -1, -1, 1, -1]
    buf3: stride_map=[-1, -1, -1, 1, -1]
    buf4: stride_map=[-1, 64, 4096, 1]
    buf5: stride_map=[-1, 64, 4096, 1]
    buf6: stride_map=[6144, 64, -1, 1]
    buf7: stride_map=[256, 128, 64, -1, 64, 8192, 1]
    buf8: stride_map=[128, 64, -1, -1, 64, 4096, 1]
    buf40: stride_map=[-1, -1]
    buf9: stride_map=[4096, -1, 64, 128, 1]
    buf10: stride_map=[256, 128, 64, -1, 64, 2048, 1]
    buf11: stride_map=[128, 64, -1, -1, 64, 1024, 1]
    buf12: stride_map=[262144, 65536, 128, 64, -1, 1]
    buf41: stride_map=[-1, -1]
    buf13: stride_map=[128, -1, 64, 65536, 1]
    buf14: stride_map=[512, 16384, 64, -1, 1]
    buf15: stride_map=[16384, -1, 64, 512, 1]
    buf16: stride_map=[1, -1, -1, -1, 512, -1]
    buf17: stride_map=[512, -1, 64, 262144, 1]
    buf18: stride_map=[512, -1, 64, 262144, 1]
    buf19: stride_map=[1, -1, -1, -1, 512, -1]
    buf20: stride_map=[512, -1, 64, 262144, 1]
    buf21: stride_map=[262144, 65536, 128, 64, -1, 1]
    buf22: stride_map=[65536, 128, 64, -1, 1]
    buf23: stride_map=[4096, 128, 64, -1, 1]
    buf24: stride_map=[4096, 64, -1, 1]
    buf42: stride_map=[-1, -1]
    buf25: stride_map=[4096, 64, -1, 1]
    buf26: stride_map=[4096, 64, -1, 1]
    buf27: stride_map=[4096, 64, -1, 1]
    buf28: stride_map=[-1, -1, -1, 1, -1]
    buf43: stride_map=[-1, -1]
    buf29: stride_map=[-1, -1, -1, 1, -1]
[DEBUG] [spyre.inductor.optimize_restickify] beam after buf30 [2 states]:
  state 0 (cost=44040192.0):
    arg0_1: stride_map=[64, 1]
    arg1_1: stride_map=[4096, 64, -1, 1]
    arg2_1: stride_map=[64, 4096, 1]
    arg3_1: stride_map=[256, 128, 64, 64, -1, 1]
    arg4_1: stride_map=[512, 64, -1, 1]
    arg5_1: stride_map=[64, 4096, 1]
    arg6_1: stride_map=[64, 1]
    arg7_1: stride_map=[64, 4096, 1]
    arg8_1: stride_map=[64, 12800, 1]
    buf0: stride_map=[4096, 64, -1, 1]
    buf1: stride_map=[-1, -1, -1, 1, -1]
    buf39: stride_map=[-1, -1]
    buf2: stride_map=[-1, -1, -1, 1, -1]
    buf3: stride_map=[-1, -1, -1, 1, -1]
    buf4: stride_map=[-1, 64, 4096, 1]
    buf5: stride_map=[-1, 64, 4096, 1]
    buf6: stride_map=[6144, 64, -1, 1]
    buf7: stride_map=[256, 128, 64, -1, 64, 8192, 1]
    buf8: stride_map=[128, 64, -1, -1, 64, 4096, 1]
    buf40: stride_map=[-1, -1]
    buf9: stride_map=[4096, -1, 64, 128, 1]
    buf10: stride_map=[256, 128, 64, -1, 64, 2048, 1]
    buf11: stride_map=[128, 64, -1, -1, 64, 1024, 1]
    buf12: stride_map=[262144, 65536, 128, 64, -1, 1]
    buf41: stride_map=[-1, -1]
    buf13: stride_map=[128, -1, 64, 65536, 1]
    buf14: stride_map=[512, 16384, 64, -1, 1]
    buf15: stride_map=[16384, -1, 64, 512, 1]
    buf16: stride_map=[1, -1, -1, -1, 512, -1]
    buf17: stride_map=[512, -1, 64, 262144, 1]
    buf18: stride_map=[512, -1, 64, 262144, 1]
    buf19: stride_map=[1, -1, -1, -1, 512, -1]
    buf20: stride_map=[512, -1, 64, 262144, 1]
    buf21: stride_map=[262144, 65536, 128, 64, -1, 1]
    buf22: stride_map=[65536, 128, 64, -1, 1]
    buf23: stride_map=[4096, 128, 64, -1, 1]
    buf24: stride_map=[4096, 64, -1, 1]
    buf42: stride_map=[-1, -1]
    buf25: stride_map=[4096, 64, -1, 1]
    buf26: stride_map=[4096, 64, -1, 1]
    buf27: stride_map=[4096, 64, -1, 1]
    buf28: stride_map=[-1, -1, -1, 1, -1]
    buf43: stride_map=[-1, -1]
    buf29: stride_map=[-1, -1, -1, 1, -1]
    buf30: stride_map=[-1, -1, -1, 1, -1]
  state 1 (cost=44040192.0):
    arg0_1: stride_map=[64, 1]
    arg1_1: stride_map=[4096, 64, -1, 1]
    arg2_1: stride_map=[64, 4096, 1]
    arg3_1: stride_map=[256, 128, 64, 64, -1, 1]
    arg4_1: stride_map=[512, 64, -1, 1]
    arg5_1: stride_map=[64, 4096, 1]
    arg6_1: stride_map=[64, 1]
    arg7_1: stride_map=[64, 4096, 1]
    arg8_1: stride_map=[64, 12800, 1]
    buf0: stride_map=[4096, 64, -1, 1]
    buf1: stride_map=[-1, -1, -1, 1, -1]
    buf39: stride_map=[-1, -1]
    buf2: stride_map=[-1, -1, -1, 1, -1]
    buf3: stride_map=[-1, -1, -1, 1, -1]
    buf4: stride_map=[-1, 64, 4096, 1]
    buf5: stride_map=[-1, 64, 4096, 1]
    buf6: stride_map=[6144, 64, -1, 1]
    buf7: stride_map=[256, 128, 64, -1, 64, 8192, 1]
    buf8: stride_map=[128, 64, -1, -1, 64, 4096, 1]
    buf40: stride_map=[-1, -1]
    buf9: stride_map=[4096, -1, 64, 128, 1]
    buf10: stride_map=[256, 128, 64, -1, 64, 2048, 1]
    buf11: stride_map=[128, 64, -1, -1, 64, 1024, 1]
    buf12: stride_map=[262144, 65536, 128, 64, -1, 1]
    buf41: stride_map=[-1, -1]
    buf13: stride_map=[128, -1, 64, 65536, 1]
    buf14: stride_map=[512, 16384, 64, -1, 1]
    buf15: stride_map=[16384, -1, 64, 512, 1]
    buf16: stride_map=[1, -1, -1, -1, 512, -1]
    buf17: stride_map=[512, -1, 64, 262144, 1]
    buf18: stride_map=[512, -1, 64, 262144, 1]
    buf19: stride_map=[1, -1, -1, -1, 512, -1]
    buf20: stride_map=[512, -1, 64, 262144, 1]
    buf21: stride_map=[262144, 65536, 128, 64, -1, 1]
    buf22: stride_map=[65536, 128, 64, -1, 1]
    buf23: stride_map=[4096, 128, 64, -1, 1]
    buf24: stride_map=[4096, 64, -1, 1]
    buf42: stride_map=[-1, -1]
    buf25: stride_map=[4096, 64, -1, 1]
    buf26: stride_map=[4096, 64, -1, 1]
    buf27: stride_map=[4096, 64, -1, 1]
    buf28: stride_map=[-1, -1, -1, 1, -1]
    buf43: stride_map=[-1, -1]
    buf29: stride_map=[-1, -1, -1, 1, -1]
    buf30: stride_map=[-1, -1, -1, 1, -1]
[DEBUG] [spyre.inductor.optimize_restickify] beam after buf31 [2 states]:
  state 0 (cost=44040192.0):
    arg0_1: stride_map=[64, 1]
    arg1_1: stride_map=[4096, 64, -1, 1]
    arg2_1: stride_map=[64, 4096, 1]
    arg3_1: stride_map=[256, 128, 64, 64, -1, 1]
    arg4_1: stride_map=[512, 64, -1, 1]
    arg5_1: stride_map=[64, 4096, 1]
    arg6_1: stride_map=[64, 1]
    arg7_1: stride_map=[64, 4096, 1]
    arg8_1: stride_map=[64, 12800, 1]
    buf0: stride_map=[4096, 64, -1, 1]
    buf1: stride_map=[-1, -1, -1, 1, -1]
    buf39: stride_map=[-1, -1]
    buf2: stride_map=[-1, -1, -1, 1, -1]
    buf3: stride_map=[-1, -1, -1, 1, -1]
    buf4: stride_map=[-1, 64, 4096, 1]
    buf5: stride_map=[-1, 64, 4096, 1]
    buf6: stride_map=[6144, 64, -1, 1]
    buf7: stride_map=[256, 128, 64, -1, 64, 8192, 1]
    buf8: stride_map=[128, 64, -1, -1, 64, 4096, 1]
    buf40: stride_map=[-1, -1]
    buf9: stride_map=[4096, -1, 64, 128, 1]
    buf10: stride_map=[256, 128, 64, -1, 64, 2048, 1]
    buf11: stride_map=[128, 64, -1, -1, 64, 1024, 1]
    buf12: stride_map=[262144, 65536, 128, 64, -1, 1]
    buf41: stride_map=[-1, -1]
    buf13: stride_map=[128, -1, 64, 65536, 1]
    buf14: stride_map=[512, 16384, 64, -1, 1]
    buf15: stride_map=[16384, -1, 64, 512, 1]
    buf16: stride_map=[1, -1, -1, -1, 512, -1]
    buf17: stride_map=[512, -1, 64, 262144, 1]
    buf18: stride_map=[512, -1, 64, 262144, 1]
    buf19: stride_map=[1, -1, -1, -1, 512, -1]
    buf20: stride_map=[512, -1, 64, 262144, 1]
    buf21: stride_map=[262144, 65536, 128, 64, -1, 1]
    buf22: stride_map=[65536, 128, 64, -1, 1]
    buf23: stride_map=[4096, 128, 64, -1, 1]
    buf24: stride_map=[4096, 64, -1, 1]
    buf42: stride_map=[-1, -1]
    buf25: stride_map=[4096, 64, -1, 1]
    buf26: stride_map=[4096, 64, -1, 1]
    buf27: stride_map=[4096, 64, -1, 1]
    buf28: stride_map=[-1, -1, -1, 1, -1]
    buf43: stride_map=[-1, -1]
    buf29: stride_map=[-1, -1, -1, 1, -1]
    buf30: stride_map=[-1, -1, -1, 1, -1]
    buf31: stride_map=[-1, 64, 4096, 1]
  state 1 (cost=44040192.0):
    arg0_1: stride_map=[64, 1]
    arg1_1: stride_map=[4096, 64, -1, 1]
    arg2_1: stride_map=[64, 4096, 1]
    arg3_1: stride_map=[256, 128, 64, 64, -1, 1]
    arg4_1: stride_map=[512, 64, -1, 1]
    arg5_1: stride_map=[64, 4096, 1]
    arg6_1: stride_map=[64, 1]
    arg7_1: stride_map=[64, 4096, 1]
    arg8_1: stride_map=[64, 12800, 1]
    buf0: stride_map=[4096, 64, -1, 1]
    buf1: stride_map=[-1, -1, -1, 1, -1]
    buf39: stride_map=[-1, -1]
    buf2: stride_map=[-1, -1, -1, 1, -1]
    buf3: stride_map=[-1, -1, -1, 1, -1]
    buf4: stride_map=[-1, 64, 4096, 1]
    buf5: stride_map=[-1, 64, 4096, 1]
    buf6: stride_map=[6144, 64, -1, 1]
    buf7: stride_map=[256, 128, 64, -1, 64, 8192, 1]
    buf8: stride_map=[128, 64, -1, -1, 64, 4096, 1]
    buf40: stride_map=[-1, -1]
    buf9: stride_map=[4096, -1, 64, 128, 1]
    buf10: stride_map=[256, 128, 64, -1, 64, 2048, 1]
    buf11: stride_map=[128, 64, -1, -1, 64, 1024, 1]
    buf12: stride_map=[262144, 65536, 128, 64, -1, 1]
    buf41: stride_map=[-1, -1]
    buf13: stride_map=[128, -1, 64, 65536, 1]
    buf14: stride_map=[512, 16384, 64, -1, 1]
    buf15: stride_map=[16384, -1, 64, 512, 1]
    buf16: stride_map=[1, -1, -1, -1, 512, -1]
    buf17: stride_map=[512, -1, 64, 262144, 1]
    buf18: stride_map=[512, -1, 64, 262144, 1]
    buf19: stride_map=[1, -1, -1, -1, 512, -1]
    buf20: stride_map=[512, -1, 64, 262144, 1]
    buf21: stride_map=[262144, 65536, 128, 64, -1, 1]
    buf22: stride_map=[65536, 128, 64, -1, 1]
    buf23: stride_map=[4096, 128, 64, -1, 1]
    buf24: stride_map=[4096, 64, -1, 1]
    buf42: stride_map=[-1, -1]
    buf25: stride_map=[4096, 64, -1, 1]
    buf26: stride_map=[4096, 64, -1, 1]
    buf27: stride_map=[4096, 64, -1, 1]
    buf28: stride_map=[-1, -1, -1, 1, -1]
    buf43: stride_map=[-1, -1]
    buf29: stride_map=[-1, -1, -1, 1, -1]
    buf30: stride_map=[-1, -1, -1, 1, -1]
    buf31: stride_map=[-1, 64, 4096, 1]
[DEBUG] [spyre.inductor.optimize_restickify] beam after buf32 [2 states]:
  state 0 (cost=44040192.0):
    arg0_1: stride_map=[64, 1]
    arg1_1: stride_map=[4096, 64, -1, 1]
    arg2_1: stride_map=[64, 4096, 1]
    arg3_1: stride_map=[256, 128, 64, 64, -1, 1]
    arg4_1: stride_map=[512, 64, -1, 1]
    arg5_1: stride_map=[64, 4096, 1]
    arg6_1: stride_map=[64, 1]
    arg7_1: stride_map=[64, 4096, 1]
    arg8_1: stride_map=[64, 12800, 1]
    buf0: stride_map=[4096, 64, -1, 1]
    buf1: stride_map=[-1, -1, -1, 1, -1]
    buf39: stride_map=[-1, -1]
    buf2: stride_map=[-1, -1, -1, 1, -1]
    buf3: stride_map=[-1, -1, -1, 1, -1]
    buf4: stride_map=[-1, 64, 4096, 1]
    buf5: stride_map=[-1, 64, 4096, 1]
    buf6: stride_map=[6144, 64, -1, 1]
    buf7: stride_map=[256, 128, 64, -1, 64, 8192, 1]
    buf8: stride_map=[128, 64, -1, -1, 64, 4096, 1]
    buf40: stride_map=[-1, -1]
    buf9: stride_map=[4096, -1, 64, 128, 1]
    buf10: stride_map=[256, 128, 64, -1, 64, 2048, 1]
    buf11: stride_map=[128, 64, -1, -1, 64, 1024, 1]
    buf12: stride_map=[262144, 65536, 128, 64, -1, 1]
    buf41: stride_map=[-1, -1]
    buf13: stride_map=[128, -1, 64, 65536, 1]
    buf14: stride_map=[512, 16384, 64, -1, 1]
    buf15: stride_map=[16384, -1, 64, 512, 1]
    buf16: stride_map=[1, -1, -1, -1, 512, -1]
    buf17: stride_map=[512, -1, 64, 262144, 1]
    buf18: stride_map=[512, -1, 64, 262144, 1]
    buf19: stride_map=[1, -1, -1, -1, 512, -1]
    buf20: stride_map=[512, -1, 64, 262144, 1]
    buf21: stride_map=[262144, 65536, 128, 64, -1, 1]
    buf22: stride_map=[65536, 128, 64, -1, 1]
    buf23: stride_map=[4096, 128, 64, -1, 1]
    buf24: stride_map=[4096, 64, -1, 1]
    buf42: stride_map=[-1, -1]
    buf25: stride_map=[4096, 64, -1, 1]
    buf26: stride_map=[4096, 64, -1, 1]
    buf27: stride_map=[4096, 64, -1, 1]
    buf28: stride_map=[-1, -1, -1, 1, -1]
    buf43: stride_map=[-1, -1]
    buf29: stride_map=[-1, -1, -1, 1, -1]
    buf30: stride_map=[-1, -1, -1, 1, -1]
    buf31: stride_map=[-1, 64, 4096, 1]
    buf32: stride_map=[-1, 64, 4096, 1]
  state 1 (cost=44040192.0):
    arg0_1: stride_map=[64, 1]
    arg1_1: stride_map=[4096, 64, -1, 1]
    arg2_1: stride_map=[64, 4096, 1]
    arg3_1: stride_map=[256, 128, 64, 64, -1, 1]
    arg4_1: stride_map=[512, 64, -1, 1]
    arg5_1: stride_map=[64, 4096, 1]
    arg6_1: stride_map=[64, 1]
    arg7_1: stride_map=[64, 4096, 1]
    arg8_1: stride_map=[64, 12800, 1]
    buf0: stride_map=[4096, 64, -1, 1]
    buf1: stride_map=[-1, -1, -1, 1, -1]
    buf39: stride_map=[-1, -1]
    buf2: stride_map=[-1, -1, -1, 1, -1]
    buf3: stride_map=[-1, -1, -1, 1, -1]
    buf4: stride_map=[-1, 64, 4096, 1]
    buf5: stride_map=[-1, 64, 4096, 1]
    buf6: stride_map=[6144, 64, -1, 1]
    buf7: stride_map=[256, 128, 64, -1, 64, 8192, 1]
    buf8: stride_map=[128, 64, -1, -1, 64, 4096, 1]
    buf40: stride_map=[-1, -1]
    buf9: stride_map=[4096, -1, 64, 128, 1]
    buf10: stride_map=[256, 128, 64, -1, 64, 2048, 1]
    buf11: stride_map=[128, 64, -1, -1, 64, 1024, 1]
    buf12: stride_map=[262144, 65536, 128, 64, -1, 1]
    buf41: stride_map=[-1, -1]
    buf13: stride_map=[128, -1, 64, 65536, 1]
    buf14: stride_map=[512, 16384, 64, -1, 1]
    buf15: stride_map=[16384, -1, 64, 512, 1]
    buf16: stride_map=[1, -1, -1, -1, 512, -1]
    buf17: stride_map=[512, -1, 64, 262144, 1]
    buf18: stride_map=[512, -1, 64, 262144, 1]
    buf19: stride_map=[1, -1, -1, -1, 512, -1]
    buf20: stride_map=[512, -1, 64, 262144, 1]
    buf21: stride_map=[262144, 65536, 128, 64, -1, 1]
    buf22: stride_map=[65536, 128, 64, -1, 1]
    buf23: stride_map=[4096, 128, 64, -1, 1]
    buf24: stride_map=[4096, 64, -1, 1]
    buf42: stride_map=[-1, -1]
    buf25: stride_map=[4096, 64, -1, 1]
    buf26: stride_map=[4096, 64, -1, 1]
    buf27: stride_map=[4096, 64, -1, 1]
    buf28: stride_map=[-1, -1, -1, 1, -1]
    buf43: stride_map=[-1, -1]
    buf29: stride_map=[-1, -1, -1, 1, -1]
    buf30: stride_map=[-1, -1, -1, 1, -1]
    buf31: stride_map=[-1, 64, 4096, 1]
    buf32: stride_map=[-1, 64, 4096, 1]
[DEBUG] [spyre.inductor.optimize_restickify] beam after buf33 [2 states]:
  state 0 (cost=148897792.0):
    arg0_1: stride_map=[64, 1]
    arg1_1: stride_map=[4096, 64, -1, 1]
    arg2_1: stride_map=[64, 4096, 1]
    arg3_1: stride_map=[256, 128, 64, 64, -1, 1]
    arg4_1: stride_map=[512, 64, -1, 1]
    arg5_1: stride_map=[64, 4096, 1]
    arg6_1: stride_map=[64, 1]
    arg7_1: stride_map=[64, 4096, 1]
    arg8_1: stride_map=[64, 12800, 1]
    buf0: stride_map=[4096, 64, -1, 1]
    buf1: stride_map=[-1, -1, -1, 1, -1]
    buf39: stride_map=[-1, -1]
    buf2: stride_map=[-1, -1, -1, 1, -1]
    buf3: stride_map=[-1, -1, -1, 1, -1]
    buf4: stride_map=[-1, 64, 4096, 1]
    buf5: stride_map=[-1, 64, 4096, 1]
    buf6: stride_map=[6144, 64, -1, 1]
    buf7: stride_map=[256, 128, 64, -1, 64, 8192, 1]
    buf8: stride_map=[128, 64, -1, -1, 64, 4096, 1]
    buf40: stride_map=[-1, -1]
    buf9: stride_map=[4096, -1, 64, 128, 1]
    buf10: stride_map=[256, 128, 64, -1, 64, 2048, 1]
    buf11: stride_map=[128, 64, -1, -1, 64, 1024, 1]
    buf12: stride_map=[262144, 65536, 128, 64, -1, 1]
    buf41: stride_map=[-1, -1]
    buf13: stride_map=[128, -1, 64, 65536, 1]
    buf14: stride_map=[512, 16384, 64, -1, 1]
    buf15: stride_map=[16384, -1, 64, 512, 1]
    buf16: stride_map=[1, -1, -1, -1, 512, -1]
    buf17: stride_map=[512, -1, 64, 262144, 1]
    buf18: stride_map=[512, -1, 64, 262144, 1]
    buf19: stride_map=[1, -1, -1, -1, 512, -1]
    buf20: stride_map=[512, -1, 64, 262144, 1]
    buf21: stride_map=[262144, 65536, 128, 64, -1, 1]
    buf22: stride_map=[65536, 128, 64, -1, 1]
    buf23: stride_map=[4096, 128, 64, -1, 1]
    buf24: stride_map=[4096, 64, -1, 1]
    buf42: stride_map=[-1, -1]
    buf25: stride_map=[4096, 64, -1, 1]
    buf26: stride_map=[4096, 64, -1, 1]
    buf27: stride_map=[4096, 64, -1, 1]
    buf28: stride_map=[-1, -1, -1, 1, -1]
    buf43: stride_map=[-1, -1]
    buf29: stride_map=[-1, -1, -1, 1, -1]
    buf30: stride_map=[-1, -1, -1, 1, -1]
    buf31: stride_map=[-1, 64, 4096, 1]
    buf32: stride_map=[-1, 64, 4096, 1]
    buf33: stride_map=[25600, 64, -1, 1]
  state 1 (cost=148897792.0):
    arg0_1: stride_map=[64, 1]
    arg1_1: stride_map=[4096, 64, -1, 1]
    arg2_1: stride_map=[64, 4096, 1]
    arg3_1: stride_map=[256, 128, 64, 64, -1, 1]
    arg4_1: stride_map=[512, 64, -1, 1]
    arg5_1: stride_map=[64, 4096, 1]
    arg6_1: stride_map=[64, 1]
    arg7_1: stride_map=[64, 4096, 1]
    arg8_1: stride_map=[64, 12800, 1]
    buf0: stride_map=[4096, 64, -1, 1]
    buf1: stride_map=[-1, -1, -1, 1, -1]
    buf39: stride_map=[-1, -1]
    buf2: stride_map=[-1, -1, -1, 1, -1]
    buf3: stride_map=[-1, -1, -1, 1, -1]
    buf4: stride_map=[-1, 64, 4096, 1]
    buf5: stride_map=[-1, 64, 4096, 1]
    buf6: stride_map=[6144, 64, -1, 1]
    buf7: stride_map=[256, 128, 64, -1, 64, 8192, 1]
    buf8: stride_map=[128, 64, -1, -1, 64, 4096, 1]
    buf40: stride_map=[-1, -1]
    buf9: stride_map=[4096, -1, 64, 128, 1]
    buf10: stride_map=[256, 128, 64, -1, 64, 2048, 1]
    buf11: stride_map=[128, 64, -1, -1, 64, 1024, 1]
    buf12: stride_map=[262144, 65536, 128, 64, -1, 1]
    buf41: stride_map=[-1, -1]
    buf13: stride_map=[128, -1, 64, 65536, 1]
    buf14: stride_map=[512, 16384, 64, -1, 1]
    buf15: stride_map=[16384, -1, 64, 512, 1]
    buf16: stride_map=[1, -1, -1, -1, 512, -1]
    buf17: stride_map=[512, -1, 64, 262144, 1]
    buf18: stride_map=[512, -1, 64, 262144, 1]
    buf19: stride_map=[1, -1, -1, -1, 512, -1]
    buf20: stride_map=[512, -1, 64, 262144, 1]
    buf21: stride_map=[262144, 65536, 128, 64, -1, 1]
    buf22: stride_map=[65536, 128, 64, -1, 1]
    buf23: stride_map=[4096, 128, 64, -1, 1]
    buf24: stride_map=[4096, 64, -1, 1]
    buf42: stride_map=[-1, -1]
    buf25: stride_map=[4096, 64, -1, 1]
    buf26: stride_map=[4096, 64, -1, 1]
    buf27: stride_map=[4096, 64, -1, 1]
    buf28: stride_map=[-1, -1, -1, 1, -1]
    buf43: stride_map=[-1, -1]
    buf29: stride_map=[-1, -1, -1, 1, -1]
    buf30: stride_map=[-1, -1, -1, 1, -1]
    buf31: stride_map=[-1, 64, 4096, 1]
    buf32: stride_map=[-1, 64, 4096, 1]
    buf33: stride_map=[25600, 64, -1, 1]
[DEBUG] [spyre.inductor.optimize_restickify] beam after buf34 [2 states]:
  state 0 (cost=148897792.0):
    arg0_1: stride_map=[64, 1]
    arg1_1: stride_map=[4096, 64, -1, 1]
    arg2_1: stride_map=[64, 4096, 1]
    arg3_1: stride_map=[256, 128, 64, 64, -1, 1]
    arg4_1: stride_map=[512, 64, -1, 1]
    arg5_1: stride_map=[64, 4096, 1]
    arg6_1: stride_map=[64, 1]
    arg7_1: stride_map=[64, 4096, 1]
    arg8_1: stride_map=[64, 12800, 1]
    buf0: stride_map=[4096, 64, -1, 1]
    buf1: stride_map=[-1, -1, -1, 1, -1]
    buf39: stride_map=[-1, -1]
    buf2: stride_map=[-1, -1, -1, 1, -1]
    buf3: stride_map=[-1, -1, -1, 1, -1]
    buf4: stride_map=[-1, 64, 4096, 1]
    buf5: stride_map=[-1, 64, 4096, 1]
    buf6: stride_map=[6144, 64, -1, 1]
    buf7: stride_map=[256, 128, 64, -1, 64, 8192, 1]
    buf8: stride_map=[128, 64, -1, -1, 64, 4096, 1]
    buf40: stride_map=[-1, -1]
    buf9: stride_map=[4096, -1, 64, 128, 1]
    buf10: stride_map=[256, 128, 64, -1, 64, 2048, 1]
    buf11: stride_map=[128, 64, -1, -1, 64, 1024, 1]
    buf12: stride_map=[262144, 65536, 128, 64, -1, 1]
    buf41: stride_map=[-1, -1]
    buf13: stride_map=[128, -1, 64, 65536, 1]
    buf14: stride_map=[512, 16384, 64, -1, 1]
    buf15: stride_map=[16384, -1, 64, 512, 1]
    buf16: stride_map=[1, -1, -1, -1, 512, -1]
    buf17: stride_map=[512, -1, 64, 262144, 1]
    buf18: stride_map=[512, -1, 64, 262144, 1]
    buf19: stride_map=[1, -1, -1, -1, 512, -1]
    buf20: stride_map=[512, -1, 64, 262144, 1]
    buf21: stride_map=[262144, 65536, 128, 64, -1, 1]
    buf22: stride_map=[65536, 128, 64, -1, 1]
    buf23: stride_map=[4096, 128, 64, -1, 1]
    buf24: stride_map=[4096, 64, -1, 1]
    buf42: stride_map=[-1, -1]
    buf25: stride_map=[4096, 64, -1, 1]
    buf26: stride_map=[4096, 64, -1, 1]
    buf27: stride_map=[4096, 64, -1, 1]
    buf28: stride_map=[-1, -1, -1, 1, -1]
    buf43: stride_map=[-1, -1]
    buf29: stride_map=[-1, -1, -1, 1, -1]
    buf30: stride_map=[-1, -1, -1, 1, -1]
    buf31: stride_map=[-1, 64, 4096, 1]
    buf32: stride_map=[-1, 64, 4096, 1]
    buf33: stride_map=[25600, 64, -1, 1]
    buf34: stride_map=[-1, 64, 12800, 1]
  state 1 (cost=148897792.0):
    arg0_1: stride_map=[64, 1]
    arg1_1: stride_map=[4096, 64, -1, 1]
    arg2_1: stride_map=[64, 4096, 1]
    arg3_1: stride_map=[256, 128, 64, 64, -1, 1]
    arg4_1: stride_map=[512, 64, -1, 1]
    arg5_1: stride_map=[64, 4096, 1]
    arg6_1: stride_map=[64, 1]
    arg7_1: stride_map=[64, 4096, 1]
    arg8_1: stride_map=[64, 12800, 1]
    buf0: stride_map=[4096, 64, -1, 1]
    buf1: stride_map=[-1, -1, -1, 1, -1]
    buf39: stride_map=[-1, -1]
    buf2: stride_map=[-1, -1, -1, 1, -1]
    buf3: stride_map=[-1, -1, -1, 1, -1]
    buf4: stride_map=[-1, 64, 4096, 1]
    buf5: stride_map=[-1, 64, 4096, 1]
    buf6: stride_map=[6144, 64, -1, 1]
    buf7: stride_map=[256, 128, 64, -1, 64, 8192, 1]
    buf8: stride_map=[128, 64, -1, -1, 64, 4096, 1]
    buf40: stride_map=[-1, -1]
    buf9: stride_map=[4096, -1, 64, 128, 1]
    buf10: stride_map=[256, 128, 64, -1, 64, 2048, 1]
    buf11: stride_map=[128, 64, -1, -1, 64, 1024, 1]
    buf12: stride_map=[262144, 65536, 128, 64, -1, 1]
    buf41: stride_map=[-1, -1]
    buf13: stride_map=[128, -1, 64, 65536, 1]
    buf14: stride_map=[512, 16384, 64, -1, 1]
    buf15: stride_map=[16384, -1, 64, 512, 1]
    buf16: stride_map=[1, -1, -1, -1, 512, -1]
    buf17: stride_map=[512, -1, 64, 262144, 1]
    buf18: stride_map=[512, -1, 64, 262144, 1]
    buf19: stride_map=[1, -1, -1, -1, 512, -1]
    buf20: stride_map=[512, -1, 64, 262144, 1]
    buf21: stride_map=[262144, 65536, 128, 64, -1, 1]
    buf22: stride_map=[65536, 128, 64, -1, 1]
    buf23: stride_map=[4096, 128, 64, -1, 1]
    buf24: stride_map=[4096, 64, -1, 1]
    buf42: stride_map=[-1, -1]
    buf25: stride_map=[4096, 64, -1, 1]
    buf26: stride_map=[4096, 64, -1, 1]
    buf27: stride_map=[4096, 64, -1, 1]
    buf28: stride_map=[-1, -1, -1, 1, -1]
    buf43: stride_map=[-1, -1]
    buf29: stride_map=[-1, -1, -1, 1, -1]
    buf30: stride_map=[-1, -1, -1, 1, -1]
    buf31: stride_map=[-1, 64, 4096, 1]
    buf32: stride_map=[-1, 64, 4096, 1]
    buf33: stride_map=[25600, 64, -1, 1]
    buf34: stride_map=[-1, 64, 12800, 1]
[DEBUG] [spyre.inductor.optimize_restickify] beam after buf35 [2 states]:
  state 0 (cost=148897792.0):
    arg0_1: stride_map=[64, 1]
    arg1_1: stride_map=[4096, 64, -1, 1]
    arg2_1: stride_map=[64, 4096, 1]
    arg3_1: stride_map=[256, 128, 64, 64, -1, 1]
    arg4_1: stride_map=[512, 64, -1, 1]
    arg5_1: stride_map=[64, 4096, 1]
    arg6_1: stride_map=[64, 1]
    arg7_1: stride_map=[64, 4096, 1]
    arg8_1: stride_map=[64, 12800, 1]
    buf0: stride_map=[4096, 64, -1, 1]
    buf1: stride_map=[-1, -1, -1, 1, -1]
    buf39: stride_map=[-1, -1]
    buf2: stride_map=[-1, -1, -1, 1, -1]
    buf3: stride_map=[-1, -1, -1, 1, -1]
    buf4: stride_map=[-1, 64, 4096, 1]
    buf5: stride_map=[-1, 64, 4096, 1]
    buf6: stride_map=[6144, 64, -1, 1]
    buf7: stride_map=[256, 128, 64, -1, 64, 8192, 1]
    buf8: stride_map=[128, 64, -1, -1, 64, 4096, 1]
    buf40: stride_map=[-1, -1]
    buf9: stride_map=[4096, -1, 64, 128, 1]
    buf10: stride_map=[256, 128, 64, -1, 64, 2048, 1]
    buf11: stride_map=[128, 64, -1, -1, 64, 1024, 1]
    buf12: stride_map=[262144, 65536, 128, 64, -1, 1]
    buf41: stride_map=[-1, -1]
    buf13: stride_map=[128, -1, 64, 65536, 1]
    buf14: stride_map=[512, 16384, 64, -1, 1]
    buf15: stride_map=[16384, -1, 64, 512, 1]
    buf16: stride_map=[1, -1, -1, -1, 512, -1]
    buf17: stride_map=[512, -1, 64, 262144, 1]
    buf18: stride_map=[512, -1, 64, 262144, 1]
    buf19: stride_map=[1, -1, -1, -1, 512, -1]
    buf20: stride_map=[512, -1, 64, 262144, 1]
    buf21: stride_map=[262144, 65536, 128, 64, -1, 1]
    buf22: stride_map=[65536, 128, 64, -1, 1]
    buf23: stride_map=[4096, 128, 64, -1, 1]
    buf24: stride_map=[4096, 64, -1, 1]
    buf42: stride_map=[-1, -1]
    buf25: stride_map=[4096, 64, -1, 1]
    buf26: stride_map=[4096, 64, -1, 1]
    buf27: stride_map=[4096, 64, -1, 1]
    buf28: stride_map=[-1, -1, -1, 1, -1]
    buf43: stride_map=[-1, -1]
    buf29: stride_map=[-1, -1, -1, 1, -1]
    buf30: stride_map=[-1, -1, -1, 1, -1]
    buf31: stride_map=[-1, 64, 4096, 1]
    buf32: stride_map=[-1, 64, 4096, 1]
    buf33: stride_map=[25600, 64, -1, 1]
    buf34: stride_map=[-1, 64, 12800, 1]
    buf35: stride_map=[-1, 64, 12800, 1]
  state 1 (cost=148897792.0):
    arg0_1: stride_map=[64, 1]
    arg1_1: stride_map=[4096, 64, -1, 1]
    arg2_1: stride_map=[64, 4096, 1]
    arg3_1: stride_map=[256, 128, 64, 64, -1, 1]
    arg4_1: stride_map=[512, 64, -1, 1]
    arg5_1: stride_map=[64, 4096, 1]
    arg6_1: stride_map=[64, 1]
    arg7_1: stride_map=[64, 4096, 1]
    arg8_1: stride_map=[64, 12800, 1]
    buf0: stride_map=[4096, 64, -1, 1]
    buf1: stride_map=[-1, -1, -1, 1, -1]
    buf39: stride_map=[-1, -1]
    buf2: stride_map=[-1, -1, -1, 1, -1]
    buf3: stride_map=[-1, -1, -1, 1, -1]
    buf4: stride_map=[-1, 64, 4096, 1]
    buf5: stride_map=[-1, 64, 4096, 1]
    buf6: stride_map=[6144, 64, -1, 1]
    buf7: stride_map=[256, 128, 64, -1, 64, 8192, 1]
    buf8: stride_map=[128, 64, -1, -1, 64, 4096, 1]
    buf40: stride_map=[-1, -1]
    buf9: stride_map=[4096, -1, 64, 128, 1]
    buf10: stride_map=[256, 128, 64, -1, 64, 2048, 1]
    buf11: stride_map=[128, 64, -1, -1, 64, 1024, 1]
    buf12: stride_map=[262144, 65536, 128, 64, -1, 1]
    buf41: stride_map=[-1, -1]
    buf13: stride_map=[128, -1, 64, 65536, 1]
    buf14: stride_map=[512, 16384, 64, -1, 1]
    buf15: stride_map=[16384, -1, 64, 512, 1]
    buf16: stride_map=[1, -1, -1, -1, 512, -1]
    buf17: stride_map=[512, -1, 64, 262144, 1]
    buf18: stride_map=[512, -1, 64, 262144, 1]
    buf19: stride_map=[1, -1, -1, -1, 512, -1]
    buf20: stride_map=[512, -1, 64, 262144, 1]
    buf21: stride_map=[262144, 65536, 128, 64, -1, 1]
    buf22: stride_map=[65536, 128, 64, -1, 1]
    buf23: stride_map=[4096, 128, 64, -1, 1]
    buf24: stride_map=[4096, 64, -1, 1]
    buf42: stride_map=[-1, -1]
    buf25: stride_map=[4096, 64, -1, 1]
    buf26: stride_map=[4096, 64, -1, 1]
    buf27: stride_map=[4096, 64, -1, 1]
    buf28: stride_map=[-1, -1, -1, 1, -1]
    buf43: stride_map=[-1, -1]
    buf29: stride_map=[-1, -1, -1, 1, -1]
    buf30: stride_map=[-1, -1, -1, 1, -1]
    buf31: stride_map=[-1, 64, 4096, 1]
    buf32: stride_map=[-1, 64, 4096, 1]
    buf33: stride_map=[25600, 64, -1, 1]
    buf34: stride_map=[-1, 64, 12800, 1]
    buf35: stride_map=[-1, 64, 12800, 1]
[DEBUG] [spyre.inductor.optimize_restickify] beam after buf36 [2 states]:
  state 0 (cost=201326592.0):
    arg0_1: stride_map=[64, 1]
    arg1_1: stride_map=[4096, 64, -1, 1]
    arg2_1: stride_map=[64, 4096, 1]
    arg3_1: stride_map=[256, 128, 64, 64, -1, 1]
    arg4_1: stride_map=[512, 64, -1, 1]
    arg5_1: stride_map=[64, 4096, 1]
    arg6_1: stride_map=[64, 1]
    arg7_1: stride_map=[64, 4096, 1]
    arg8_1: stride_map=[64, 12800, 1]
    buf0: stride_map=[4096, 64, -1, 1]
    buf1: stride_map=[-1, -1, -1, 1, -1]
    buf39: stride_map=[-1, -1]
    buf2: stride_map=[-1, -1, -1, 1, -1]
    buf3: stride_map=[-1, -1, -1, 1, -1]
    buf4: stride_map=[-1, 64, 4096, 1]
    buf5: stride_map=[-1, 64, 4096, 1]
    buf6: stride_map=[6144, 64, -1, 1]
    buf7: stride_map=[256, 128, 64, -1, 64, 8192, 1]
    buf8: stride_map=[128, 64, -1, -1, 64, 4096, 1]
    buf40: stride_map=[-1, -1]
    buf9: stride_map=[4096, -1, 64, 128, 1]
    buf10: stride_map=[256, 128, 64, -1, 64, 2048, 1]
    buf11: stride_map=[128, 64, -1, -1, 64, 1024, 1]
    buf12: stride_map=[262144, 65536, 128, 64, -1, 1]
    buf41: stride_map=[-1, -1]
    buf13: stride_map=[128, -1, 64, 65536, 1]
    buf14: stride_map=[512, 16384, 64, -1, 1]
    buf15: stride_map=[16384, -1, 64, 512, 1]
    buf16: stride_map=[1, -1, -1, -1, 512, -1]
    buf17: stride_map=[512, -1, 64, 262144, 1]
    buf18: stride_map=[512, -1, 64, 262144, 1]
    buf19: stride_map=[1, -1, -1, -1, 512, -1]
    buf20: stride_map=[512, -1, 64, 262144, 1]
    buf21: stride_map=[262144, 65536, 128, 64, -1, 1]
    buf22: stride_map=[65536, 128, 64, -1, 1]
    buf23: stride_map=[4096, 128, 64, -1, 1]
    buf24: stride_map=[4096, 64, -1, 1]
    buf42: stride_map=[-1, -1]
    buf25: stride_map=[4096, 64, -1, 1]
    buf26: stride_map=[4096, 64, -1, 1]
    buf27: stride_map=[4096, 64, -1, 1]
    buf28: stride_map=[-1, -1, -1, 1, -1]
    buf43: stride_map=[-1, -1]
    buf29: stride_map=[-1, -1, -1, 1, -1]
    buf30: stride_map=[-1, -1, -1, 1, -1]
    buf31: stride_map=[-1, 64, 4096, 1]
    buf32: stride_map=[-1, 64, 4096, 1]
    buf33: stride_map=[25600, 64, -1, 1]
    buf34: stride_map=[-1, 64, 12800, 1]
    buf35: stride_map=[-1, 64, 12800, 1]
    buf36: stride_map=[4096, 64, -1, 1]
  state 1 (cost=201326592.0):
    arg0_1: stride_map=[64, 1]
    arg1_1: stride_map=[4096, 64, -1, 1]
    arg2_1: stride_map=[64, 4096, 1]
    arg3_1: stride_map=[256, 128, 64, 64, -1, 1]
    arg4_1: stride_map=[512, 64, -1, 1]
    arg5_1: stride_map=[64, 4096, 1]
    arg6_1: stride_map=[64, 1]
    arg7_1: stride_map=[64, 4096, 1]
    arg8_1: stride_map=[64, 12800, 1]
    buf0: stride_map=[4096, 64, -1, 1]
    buf1: stride_map=[-1, -1, -1, 1, -1]
    buf39: stride_map=[-1, -1]
    buf2: stride_map=[-1, -1, -1, 1, -1]
    buf3: stride_map=[-1, -1, -1, 1, -1]
    buf4: stride_map=[-1, 64, 4096, 1]
    buf5: stride_map=[-1, 64, 4096, 1]
    buf6: stride_map=[6144, 64, -1, 1]
    buf7: stride_map=[256, 128, 64, -1, 64, 8192, 1]
    buf8: stride_map=[128, 64, -1, -1, 64, 4096, 1]
    buf40: stride_map=[-1, -1]
    buf9: stride_map=[4096, -1, 64, 128, 1]
    buf10: stride_map=[256, 128, 64, -1, 64, 2048, 1]
    buf11: stride_map=[128, 64, -1, -1, 64, 1024, 1]
    buf12: stride_map=[262144, 65536, 128, 64, -1, 1]
    buf41: stride_map=[-1, -1]
    buf13: stride_map=[128, -1, 64, 65536, 1]
    buf14: stride_map=[512, 16384, 64, -1, 1]
    buf15: stride_map=[16384, -1, 64, 512, 1]
    buf16: stride_map=[1, -1, -1, -1, 512, -1]
    buf17: stride_map=[512, -1, 64, 262144, 1]
    buf18: stride_map=[512, -1, 64, 262144, 1]
    buf19: stride_map=[1, -1, -1, -1, 512, -1]
    buf20: stride_map=[512, -1, 64, 262144, 1]
    buf21: stride_map=[262144, 65536, 128, 64, -1, 1]
    buf22: stride_map=[65536, 128, 64, -1, 1]
    buf23: stride_map=[4096, 128, 64, -1, 1]
    buf24: stride_map=[4096, 64, -1, 1]
    buf42: stride_map=[-1, -1]
    buf25: stride_map=[4096, 64, -1, 1]
    buf26: stride_map=[4096, 64, -1, 1]
    buf27: stride_map=[4096, 64, -1, 1]
    buf28: stride_map=[-1, -1, -1, 1, -1]
    buf43: stride_map=[-1, -1]
    buf29: stride_map=[-1, -1, -1, 1, -1]
    buf30: stride_map=[-1, -1, -1, 1, -1]
    buf31: stride_map=[-1, 64, 4096, 1]
    buf32: stride_map=[-1, 64, 4096, 1]
    buf33: stride_map=[25600, 64, -1, 1]
    buf34: stride_map=[-1, 64, 12800, 1]
    buf35: stride_map=[-1, 64, 12800, 1]
    buf36: stride_map=[4096, 64, -1, 1]
[DEBUG] [spyre.inductor.optimize_restickify] beam after buf44 [2 states]:
  state 0 (cost=201326592.0):
    arg0_1: stride_map=[64, 1]
    arg1_1: stride_map=[4096, 64, -1, 1]
    arg2_1: stride_map=[64, 4096, 1]
    arg3_1: stride_map=[256, 128, 64, 64, -1, 1]
    arg4_1: stride_map=[512, 64, -1, 1]
    arg5_1: stride_map=[64, 4096, 1]
    arg6_1: stride_map=[64, 1]
    arg7_1: stride_map=[64, 4096, 1]
    arg8_1: stride_map=[64, 12800, 1]
    buf0: stride_map=[4096, 64, -1, 1]
    buf1: stride_map=[-1, -1, -1, 1, -1]
    buf39: stride_map=[-1, -1]
    buf2: stride_map=[-1, -1, -1, 1, -1]
    buf3: stride_map=[-1, -1, -1, 1, -1]
    buf4: stride_map=[-1, 64, 4096, 1]
    buf5: stride_map=[-1, 64, 4096, 1]
    buf6: stride_map=[6144, 64, -1, 1]
    buf7: stride_map=[256, 128, 64, -1, 64, 8192, 1]
    buf8: stride_map=[128, 64, -1, -1, 64, 4096, 1]
    buf40: stride_map=[-1, -1]
    buf9: stride_map=[4096, -1, 64, 128, 1]
    buf10: stride_map=[256, 128, 64, -1, 64, 2048, 1]
    buf11: stride_map=[128, 64, -1, -1, 64, 1024, 1]
    buf12: stride_map=[262144, 65536, 128, 64, -1, 1]
    buf41: stride_map=[-1, -1]
    buf13: stride_map=[128, -1, 64, 65536, 1]
    buf14: stride_map=[512, 16384, 64, -1, 1]
    buf15: stride_map=[16384, -1, 64, 512, 1]
    buf16: stride_map=[1, -1, -1, -1, 512, -1]
    buf17: stride_map=[512, -1, 64, 262144, 1]
    buf18: stride_map=[512, -1, 64, 262144, 1]
    buf19: stride_map=[1, -1, -1, -1, 512, -1]
    buf20: stride_map=[512, -1, 64, 262144, 1]
    buf21: stride_map=[262144, 65536, 128, 64, -1, 1]
    buf22: stride_map=[65536, 128, 64, -1, 1]
    buf23: stride_map=[4096, 128, 64, -1, 1]
    buf24: stride_map=[4096, 64, -1, 1]
    buf42: stride_map=[-1, -1]
    buf25: stride_map=[4096, 64, -1, 1]
    buf26: stride_map=[4096, 64, -1, 1]
    buf27: stride_map=[4096, 64, -1, 1]
    buf28: stride_map=[-1, -1, -1, 1, -1]
    buf43: stride_map=[-1, -1]
    buf29: stride_map=[-1, -1, -1, 1, -1]
    buf30: stride_map=[-1, -1, -1, 1, -1]
    buf31: stride_map=[-1, 64, 4096, 1]
    buf32: stride_map=[-1, 64, 4096, 1]
    buf33: stride_map=[25600, 64, -1, 1]
    buf34: stride_map=[-1, 64, 12800, 1]
    buf35: stride_map=[-1, 64, 12800, 1]
    buf36: stride_map=[4096, 64, -1, 1]
    buf44: stride_map=[-1, -1]
  state 1 (cost=201326592.0):
    arg0_1: stride_map=[64, 1]
    arg1_1: stride_map=[4096, 64, -1, 1]
    arg2_1: stride_map=[64, 4096, 1]
    arg3_1: stride_map=[256, 128, 64, 64, -1, 1]
    arg4_1: stride_map=[512, 64, -1, 1]
    arg5_1: stride_map=[64, 4096, 1]
    arg6_1: stride_map=[64, 1]
    arg7_1: stride_map=[64, 4096, 1]
    arg8_1: stride_map=[64, 12800, 1]
    buf0: stride_map=[4096, 64, -1, 1]
    buf1: stride_map=[-1, -1, -1, 1, -1]
    buf39: stride_map=[-1, -1]
    buf2: stride_map=[-1, -1, -1, 1, -1]
    buf3: stride_map=[-1, -1, -1, 1, -1]
    buf4: stride_map=[-1, 64, 4096, 1]
    buf5: stride_map=[-1, 64, 4096, 1]
    buf6: stride_map=[6144, 64, -1, 1]
    buf7: stride_map=[256, 128, 64, -1, 64, 8192, 1]
    buf8: stride_map=[128, 64, -1, -1, 64, 4096, 1]
    buf40: stride_map=[-1, -1]
    buf9: stride_map=[4096, -1, 64, 128, 1]
    buf10: stride_map=[256, 128, 64, -1, 64, 2048, 1]
    buf11: stride_map=[128, 64, -1, -1, 64, 1024, 1]
    buf12: stride_map=[262144, 65536, 128, 64, -1, 1]
    buf41: stride_map=[-1, -1]
    buf13: stride_map=[128, -1, 64, 65536, 1]
    buf14: stride_map=[512, 16384, 64, -1, 1]
    buf15: stride_map=[16384, -1, 64, 512, 1]
    buf16: stride_map=[1, -1, -1, -1, 512, -1]
    buf17: stride_map=[512, -1, 64, 262144, 1]
    buf18: stride_map=[512, -1, 64, 262144, 1]
    buf19: stride_map=[1, -1, -1, -1, 512, -1]
    buf20: stride_map=[512, -1, 64, 262144, 1]
    buf21: stride_map=[262144, 65536, 128, 64, -1, 1]
    buf22: stride_map=[65536, 128, 64, -1, 1]
    buf23: stride_map=[4096, 128, 64, -1, 1]
    buf24: stride_map=[4096, 64, -1, 1]
    buf42: stride_map=[-1, -1]
    buf25: stride_map=[4096, 64, -1, 1]
    buf26: stride_map=[4096, 64, -1, 1]
    buf27: stride_map=[4096, 64, -1, 1]
    buf28: stride_map=[-1, -1, -1, 1, -1]
    buf43: stride_map=[-1, -1]
    buf29: stride_map=[-1, -1, -1, 1, -1]
    buf30: stride_map=[-1, -1, -1, 1, -1]
    buf31: stride_map=[-1, 64, 4096, 1]
    buf32: stride_map=[-1, 64, 4096, 1]
    buf33: stride_map=[25600, 64, -1, 1]
    buf34: stride_map=[-1, 64, 12800, 1]
    buf35: stride_map=[-1, 64, 12800, 1]
    buf36: stride_map=[4096, 64, -1, 1]
    buf44: stride_map=[-1, -1]
[DEBUG] [spyre.inductor.optimize_restickify] beam after buf37 [2 states]:
  state 0 (cost=201326592.0):
    arg0_1: stride_map=[64, 1]
    arg1_1: stride_map=[4096, 64, -1, 1]
    arg2_1: stride_map=[64, 4096, 1]
    arg3_1: stride_map=[256, 128, 64, 64, -1, 1]
    arg4_1: stride_map=[512, 64, -1, 1]
    arg5_1: stride_map=[64, 4096, 1]
    arg6_1: stride_map=[64, 1]
    arg7_1: stride_map=[64, 4096, 1]
    arg8_1: stride_map=[64, 12800, 1]
    buf0: stride_map=[4096, 64, -1, 1]
    buf1: stride_map=[-1, -1, -1, 1, -1]
    buf39: stride_map=[-1, -1]
    buf2: stride_map=[-1, -1, -1, 1, -1]
    buf3: stride_map=[-1, -1, -1, 1, -1]
    buf4: stride_map=[-1, 64, 4096, 1]
    buf5: stride_map=[-1, 64, 4096, 1]
    buf6: stride_map=[6144, 64, -1, 1]
    buf7: stride_map=[256, 128, 64, -1, 64, 8192, 1]
    buf8: stride_map=[128, 64, -1, -1, 64, 4096, 1]
    buf40: stride_map=[-1, -1]
    buf9: stride_map=[4096, -1, 64, 128, 1]
    buf10: stride_map=[256, 128, 64, -1, 64, 2048, 1]
    buf11: stride_map=[128, 64, -1, -1, 64, 1024, 1]
    buf12: stride_map=[262144, 65536, 128, 64, -1, 1]
    buf41: stride_map=[-1, -1]
    buf13: stride_map=[128, -1, 64, 65536, 1]
    buf14: stride_map=[512, 16384, 64, -1, 1]
    buf15: stride_map=[16384, -1, 64, 512, 1]
    buf16: stride_map=[1, -1, -1, -1, 512, -1]
    buf17: stride_map=[512, -1, 64, 262144, 1]
    buf18: stride_map=[512, -1, 64, 262144, 1]
    buf19: stride_map=[1, -1, -1, -1, 512, -1]
    buf20: stride_map=[512, -1, 64, 262144, 1]
    buf21: stride_map=[262144, 65536, 128, 64, -1, 1]
    buf22: stride_map=[65536, 128, 64, -1, 1]
    buf23: stride_map=[4096, 128, 64, -1, 1]
    buf24: stride_map=[4096, 64, -1, 1]
    buf42: stride_map=[-1, -1]
    buf25: stride_map=[4096, 64, -1, 1]
    buf26: stride_map=[4096, 64, -1, 1]
    buf27: stride_map=[4096, 64, -1, 1]
    buf28: stride_map=[-1, -1, -1, 1, -1]
    buf43: stride_map=[-1, -1]
    buf29: stride_map=[-1, -1, -1, 1, -1]
    buf30: stride_map=[-1, -1, -1, 1, -1]
    buf31: stride_map=[-1, 64, 4096, 1]
    buf32: stride_map=[-1, 64, 4096, 1]
    buf33: stride_map=[25600, 64, -1, 1]
    buf34: stride_map=[-1, 64, 12800, 1]
    buf35: stride_map=[-1, 64, 12800, 1]
    buf36: stride_map=[4096, 64, -1, 1]
    buf44: stride_map=[-1, -1]
    buf37: stride_map=[4096, 64, -1, 1]
  state 1 (cost=201326592.0):
    arg0_1: stride_map=[64, 1]
    arg1_1: stride_map=[4096, 64, -1, 1]
    arg2_1: stride_map=[64, 4096, 1]
    arg3_1: stride_map=[256, 128, 64, 64, -1, 1]
    arg4_1: stride_map=[512, 64, -1, 1]
    arg5_1: stride_map=[64, 4096, 1]
    arg6_1: stride_map=[64, 1]
    arg7_1: stride_map=[64, 4096, 1]
    arg8_1: stride_map=[64, 12800, 1]
    buf0: stride_map=[4096, 64, -1, 1]
    buf1: stride_map=[-1, -1, -1, 1, -1]
    buf39: stride_map=[-1, -1]
    buf2: stride_map=[-1, -1, -1, 1, -1]
    buf3: stride_map=[-1, -1, -1, 1, -1]
    buf4: stride_map=[-1, 64, 4096, 1]
    buf5: stride_map=[-1, 64, 4096, 1]
    buf6: stride_map=[6144, 64, -1, 1]
    buf7: stride_map=[256, 128, 64, -1, 64, 8192, 1]
    buf8: stride_map=[128, 64, -1, -1, 64, 4096, 1]
    buf40: stride_map=[-1, -1]
    buf9: stride_map=[4096, -1, 64, 128, 1]
    buf10: stride_map=[256, 128, 64, -1, 64, 2048, 1]
    buf11: stride_map=[128, 64, -1, -1, 64, 1024, 1]
    buf12: stride_map=[262144, 65536, 128, 64, -1, 1]
    buf41: stride_map=[-1, -1]
    buf13: stride_map=[128, -1, 64, 65536, 1]
    buf14: stride_map=[512, 16384, 64, -1, 1]
    buf15: stride_map=[16384, -1, 64, 512, 1]
    buf16: stride_map=[1, -1, -1, -1, 512, -1]
    buf17: stride_map=[512, -1, 64, 262144, 1]
    buf18: stride_map=[512, -1, 64, 262144, 1]
    buf19: stride_map=[1, -1, -1, -1, 512, -1]
    buf20: stride_map=[512, -1, 64, 262144, 1]
    buf21: stride_map=[262144, 65536, 128, 64, -1, 1]
    buf22: stride_map=[65536, 128, 64, -1, 1]
    buf23: stride_map=[4096, 128, 64, -1, 1]
    buf24: stride_map=[4096, 64, -1, 1]
    buf42: stride_map=[-1, -1]
    buf25: stride_map=[4096, 64, -1, 1]
    buf26: stride_map=[4096, 64, -1, 1]
    buf27: stride_map=[4096, 64, -1, 1]
    buf28: stride_map=[-1, -1, -1, 1, -1]
    buf43: stride_map=[-1, -1]
    buf29: stride_map=[-1, -1, -1, 1, -1]
    buf30: stride_map=[-1, -1, -1, 1, -1]
    buf31: stride_map=[-1, 64, 4096, 1]
    buf32: stride_map=[-1, 64, 4096, 1]
    buf33: stride_map=[25600, 64, -1, 1]
    buf34: stride_map=[-1, 64, 12800, 1]
    buf35: stride_map=[-1, 64, 12800, 1]
    buf36: stride_map=[4096, 64, -1, 1]
    buf44: stride_map=[-1, -1]
    buf37: stride_map=[4096, 64, -1, 1]
[DEBUG] [spyre.inductor.optimize_restickify] beam after buf38 [2 states]:
  state 0 (cost=201326592.0):
    arg0_1: stride_map=[64, 1]
    arg1_1: stride_map=[4096, 64, -1, 1]
    arg2_1: stride_map=[64, 4096, 1]
    arg3_1: stride_map=[256, 128, 64, 64, -1, 1]
    arg4_1: stride_map=[512, 64, -1, 1]
    arg5_1: stride_map=[64, 4096, 1]
    arg6_1: stride_map=[64, 1]
    arg7_1: stride_map=[64, 4096, 1]
    arg8_1: stride_map=[64, 12800, 1]
    buf0: stride_map=[4096, 64, -1, 1]
    buf1: stride_map=[-1, -1, -1, 1, -1]
    buf39: stride_map=[-1, -1]
    buf2: stride_map=[-1, -1, -1, 1, -1]
    buf3: stride_map=[-1, -1, -1, 1, -1]
    buf4: stride_map=[-1, 64, 4096, 1]
    buf5: stride_map=[-1, 64, 4096, 1]
    buf6: stride_map=[6144, 64, -1, 1]
    buf7: stride_map=[256, 128, 64, -1, 64, 8192, 1]
    buf8: stride_map=[128, 64, -1, -1, 64, 4096, 1]
    buf40: stride_map=[-1, -1]
    buf9: stride_map=[4096, -1, 64, 128, 1]
    buf10: stride_map=[256, 128, 64, -1, 64, 2048, 1]
    buf11: stride_map=[128, 64, -1, -1, 64, 1024, 1]
    buf12: stride_map=[262144, 65536, 128, 64, -1, 1]
    buf41: stride_map=[-1, -1]
    buf13: stride_map=[128, -1, 64, 65536, 1]
    buf14: stride_map=[512, 16384, 64, -1, 1]
    buf15: stride_map=[16384, -1, 64, 512, 1]
    buf16: stride_map=[1, -1, -1, -1, 512, -1]
    buf17: stride_map=[512, -1, 64, 262144, 1]
    buf18: stride_map=[512, -1, 64, 262144, 1]
    buf19: stride_map=[1, -1, -1, -1, 512, -1]
    buf20: stride_map=[512, -1, 64, 262144, 1]
    buf21: stride_map=[262144, 65536, 128, 64, -1, 1]
    buf22: stride_map=[65536, 128, 64, -1, 1]
    buf23: stride_map=[4096, 128, 64, -1, 1]
    buf24: stride_map=[4096, 64, -1, 1]
    buf42: stride_map=[-1, -1]
    buf25: stride_map=[4096, 64, -1, 1]
    buf26: stride_map=[4096, 64, -1, 1]
    buf27: stride_map=[4096, 64, -1, 1]
    buf28: stride_map=[-1, -1, -1, 1, -1]
    buf43: stride_map=[-1, -1]
    buf29: stride_map=[-1, -1, -1, 1, -1]
    buf30: stride_map=[-1, -1, -1, 1, -1]
    buf31: stride_map=[-1, 64, 4096, 1]
    buf32: stride_map=[-1, 64, 4096, 1]
    buf33: stride_map=[25600, 64, -1, 1]
    buf34: stride_map=[-1, 64, 12800, 1]
    buf35: stride_map=[-1, 64, 12800, 1]
    buf36: stride_map=[4096, 64, -1, 1]
    buf44: stride_map=[-1, -1]
    buf37: stride_map=[4096, 64, -1, 1]
    buf38: stride_map=[4096, 64, -1, 1]
  state 1 (cost=201326592.0):
    arg0_1: stride_map=[64, 1]
    arg1_1: stride_map=[4096, 64, -1, 1]
    arg2_1: stride_map=[64, 4096, 1]
    arg3_1: stride_map=[256, 128, 64, 64, -1, 1]
    arg4_1: stride_map=[512, 64, -1, 1]
    arg5_1: stride_map=[64, 4096, 1]
    arg6_1: stride_map=[64, 1]
    arg7_1: stride_map=[64, 4096, 1]
    arg8_1: stride_map=[64, 12800, 1]
    buf0: stride_map=[4096, 64, -1, 1]
    buf1: stride_map=[-1, -1, -1, 1, -1]
    buf39: stride_map=[-1, -1]
    buf2: stride_map=[-1, -1, -1, 1, -1]
    buf3: stride_map=[-1, -1, -1, 1, -1]
    buf4: stride_map=[-1, 64, 4096, 1]
    buf5: stride_map=[-1, 64, 4096, 1]
    buf6: stride_map=[6144, 64, -1, 1]
    buf7: stride_map=[256, 128, 64, -1, 64, 8192, 1]
    buf8: stride_map=[128, 64, -1, -1, 64, 4096, 1]
    buf40: stride_map=[-1, -1]
    buf9: stride_map=[4096, -1, 64, 128, 1]
    buf10: stride_map=[256, 128, 64, -1, 64, 2048, 1]
    buf11: stride_map=[128, 64, -1, -1, 64, 1024, 1]
    buf12: stride_map=[262144, 65536, 128, 64, -1, 1]
    buf41: stride_map=[-1, -1]
    buf13: stride_map=[128, -1, 64, 65536, 1]
    buf14: stride_map=[512, 16384, 64, -1, 1]
    buf15: stride_map=[16384, -1, 64, 512, 1]
    buf16: stride_map=[1, -1, -1, -1, 512, -1]
    buf17: stride_map=[512, -1, 64, 262144, 1]
    buf18: stride_map=[512, -1, 64, 262144, 1]
    buf19: stride_map=[1, -1, -1, -1, 512, -1]
    buf20: stride_map=[512, -1, 64, 262144, 1]
    buf21: stride_map=[262144, 65536, 128, 64, -1, 1]
    buf22: stride_map=[65536, 128, 64, -1, 1]
    buf23: stride_map=[4096, 128, 64, -1, 1]
    buf24: stride_map=[4096, 64, -1, 1]
    buf42: stride_map=[-1, -1]
    buf25: stride_map=[4096, 64, -1, 1]
    buf26: stride_map=[4096, 64, -1, 1]
    buf27: stride_map=[4096, 64, -1, 1]
    buf28: stride_map=[-1, -1, -1, 1, -1]
    buf43: stride_map=[-1, -1]
    buf29: stride_map=[-1, -1, -1, 1, -1]
    buf30: stride_map=[-1, -1, -1, 1, -1]
    buf31: stride_map=[-1, 64, 4096, 1]
    buf32: stride_map=[-1, 64, 4096, 1]
    buf33: stride_map=[25600, 64, -1, 1]
    buf34: stride_map=[-1, 64, 12800, 1]
    buf35: stride_map=[-1, 64, 12800, 1]
    buf36: stride_map=[4096, 64, -1, 1]
    buf44: stride_map=[-1, -1]
    buf37: stride_map=[4096, 64, -1, 1]
    buf38: stride_map=[4096, 64, -1, 1]
[INFO] [spyre.inductor.optimize_restickify] beam search done: max states = 2, best cost = 201326592.0
[INFO] [spyre.inductor.insert_restickify] Injecting restickify on buf6 input arg2_1: [64, 4096, 1] -> [262144, 1, 4096]
[INFO] [spyre.inductor.insert_restickify] Injecting restickify on buf14 input buf13: [128, -1, 64, 65536, 1] -> [1, -1, 8192, 65536, 128]
[INFO] [spyre.inductor.insert_restickify] Injecting restickify on buf24 input arg5_1: [64, 4096, 1] -> [262144, 1, 4096]
[INFO] [spyre.inductor.insert_restickify] Injecting restickify on buf33 input arg7_1: [64, 4096, 1] -> [262144, 1, 4096]
[INFO] [spyre.inductor.insert_restickify] Injecting restickify on buf36 input arg8_1: [64, 12800, 1] -> [819200, 1, 12800]
[DEBUG] [spyre.inductor.insert_restickify] restickify plan:
  restickify arg2_1 (graph_input) -> buf6 (reduction:batchmatmul)  stride_map=[262144, 1, 4096]
  restickify buf13 (computed) -> buf14 (reduction:batchmatmul)  stride_map=[1, -1, 8192, 65536, 128]
  restickify arg5_1 (graph_input) -> buf24 (reduction:batchmatmul)  stride_map=[262144, 1, 4096]
  restickify arg7_1 (graph_input) -> buf33 (reduction:batchmatmul)  stride_map=[262144, 1, 4096]
  restickify arg8_1 (graph_input) -> buf36 (reduction:batchmatmul)  stride_map=[819200, 1, 12800]
[DEBUG] [spyre.inductor.dedup_constants] dedup_and_promote_constants: merged buf43 into canonical buf39
[DEBUG] [spyre.inductor.dedup_constants] dedup_and_promote_constants: merged buf41 into canonical buf40
[DEBUG] [spyre.inductor.dedup_constants] dedup_and_promote_constants: merged buf44 into canonical buf42
[DEBUG] [spyre.inductor.dedup_constants] dedup_and_promote_constants: 3 constant(s) promoted to front of operations
[INFO] [spyre.inductor.assign_dim_hints] coarse_tile_groups: 0 group(s) formed
  ungrouped: [buf0(no hints), buf1(no hints), buf2(no hints), buf3(no hints), buf4(no hints), buf5(no hints), buf45(no hints), buf6(no hints), buf7(no hints), buf8(no hints), buf9(no hints), buf10(no hints), buf11(no hints), buf12(no hints), buf13(no hints), buf46(no hints), buf14(no hints), buf15(no hints), buf16(no hints), buf17(no hints), buf18(no hints), buf19(no hints), buf20(no hints), buf21(no hints), buf22(no hints), buf23(no hints), buf47(no hints), buf24(no hints), buf25(no hints), buf26(no hints), buf27(no hints), buf28(no hints), buf29(no hints), buf30(no hints), buf31(no hints), buf32(no hints), buf48(no hints), buf33(no hints), buf34(no hints), buf35(no hints), buf49(no hints), buf36(no hints), buf37(no hints), buf38(no hints)]
[DEBUG] [spyre.inductor.work_division] cost_model work_division buf6: b=() m=4 n=8 k=1 rhs_loaded_once=True cost=593.7us [B=1 M=512 K=4096 N=6144]
[DEBUG] [spyre.inductor.work_division] cost_model_matmul_division work_division buf6: cores=32, iteration_space={d0: 512, d1: 6144, d2: 4096}, it_space_adjusted={d0: 512, d1: 96, d2: 64}, min_splits={}, op_it_space_splits=({6144: 4, 1: 8}, {})
[DEBUG] [spyre.inductor.work_division] cost_model work_division buf14: b=(1,) m=16 n=2 k=1 rhs_loaded_once=False cost=146.0us [B=32 M=512 K=128 N=512]
[DEBUG] [spyre.inductor.work_division] cost_model_matmul_division work_division buf14: cores=32, iteration_space={d0: 32, d1: 512, d2: 512, d3: 128}, it_space_adjusted={d0: 32, d1: 512, d2: 8, d3: 2}, min_splits={}, op_it_space_splits=({16384: 16, 1: 2}, {})
[DEBUG] [spyre.inductor.work_division] cost_model work_division buf22: b=(1,) m=32 n=1 k=1 rhs_loaded_once=False cost=150.3us [B=32 M=512 K=512 N=128]
[DEBUG] [spyre.inductor.work_division] cost_model work_division buf24: b=() m=4 n=8 k=1 rhs_loaded_once=True cost=399.6us [B=1 M=512 K=4096 N=4096]
[DEBUG] [spyre.inductor.work_division] cost_model_matmul_division work_division buf24: cores=32, iteration_space={d0: 512, d1: 4096, d2: 4096}, it_space_adjusted={d0: 512, d1: 64, d2: 64}, min_splits={}, op_it_space_splits=({4096: 4, 1: 8}, {})
[DEBUG] [spyre.inductor.work_division] cost_model work_division buf33: b=() m=4 n=8 k=1 rhs_loaded_once=True cost=2350.8us [B=1 M=512 K=4096 N=25600]
[DEBUG] [spyre.inductor.work_division] cost_model_matmul_division work_division buf33: cores=32, iteration_space={d0: 512, d1: 25600, d2: 4096}, it_space_adjusted={d0: 512, d1: 400, d2: 64}, min_splits={}, op_it_space_splits=({25600: 4, 1: 8}, {})
[DEBUG] [spyre.inductor.work_division] cost_model work_division buf36: b=() m=8 n=4 k=1 rhs_loaded_once=True cost=1210.5us [B=1 M=512 K=12800 N=4096]
[DEBUG] [spyre.inductor.work_division] cost_model_matmul_division work_division buf36: cores=32, iteration_space={d0: 512, d1: 4096, d2: 12800}, it_space_adjusted={d0: 512, d1: 64, d2: 200}, min_splits={}, op_it_space_splits=({4096: 8, 1: 4}, {})
[DEBUG] [spyre.inductor.work_division] work_distribution work_division buf0: cores=32, iteration_space={d0: 512, d1: 4096}, it_space_adjusted={d0: 512, d1: 64}, symbol_meta={}, priorities=[d0, d1], min_splits={}, op_it_space_splits=({4096: 32}, {})
[DEBUG] [spyre.inductor.work_division] work_distribution work_division buf1: cores=32, iteration_space={d0: 512, d1: 4096}, it_space_adjusted={d0: 512, d1: 64}, symbol_meta={}, priorities=[d0, d1], min_splits={}, op_it_space_splits=({1: 32}, {})
[DEBUG] [spyre.inductor.work_division] work_distribution work_division buf2: cores=32, iteration_space={d0: 512}, it_space_adjusted={d0: 512}, symbol_meta={}, priorities=[d0], min_splits={}, op_it_space_splits=({1: 32}, {})
[DEBUG] [spyre.inductor.work_division] work_distribution work_division buf3: cores=32, iteration_space={d0: 512}, it_space_adjusted={d0: 512}, symbol_meta={}, priorities=[d0], min_splits={}, op_it_space_splits=({1: 32}, {})
[DEBUG] [spyre.inductor.work_division] work_distribution work_division buf4: cores=32, iteration_space={d0: 512, d1: 4096}, it_space_adjusted={d0: 512, d1: 64}, symbol_meta={}, priorities=[d0, d1], min_splits={}, op_it_space_splits=({4096: 32}, {})
[DEBUG] [spyre.inductor.work_division] work_distribution work_division buf5: cores=32, iteration_space={d0: 512, d1: 4096}, it_space_adjusted={d0: 512, d1: 64}, symbol_meta={}, priorities=[d0, d1], min_splits={}, op_it_space_splits=({4096: 32}, {})
[DEBUG] [spyre.inductor.work_division] work_distribution work_division buf45: cores=32, iteration_space={d0: 6144, d1: 4096}, it_space_adjusted={d0: 96, d1: 64}, symbol_meta={}, priorities=[d0, d1], min_splits={}, op_it_space_splits=({4096: 32}, {})
[DEBUG] [spyre.inductor.work_division] work_distribution work_division buf7: cores=32, iteration_space={d0: 512, d1: 32, d2: 2, d3: 2, d4: 64}, it_space_adjusted={d0: 512, d1: 32, d2: 2, d3: 2, d4: 1}, symbol_meta={}, priorities=[d0, d1, d2, d3, d4], min_splits={}, op_it_space_splits=({8192: 32}, {})
[DEBUG] [spyre.inductor.work_division] work_distribution work_division buf8: cores=32, iteration_space={d0: 512, d1: 32, d2: 2, d3: 64, d4: 2}, it_space_adjusted={d0: 512, d1: 32, d2: 2, d3: 1, d4: 2}, symbol_meta={}, priorities=[d0, d1, d2, d4, d3], min_splits={}, op_it_space_splits=({4096: 32}, {})
[DEBUG] [spyre.inductor.work_division] work_distribution work_division buf9: cores=32, iteration_space={d0: 32, d1: 512, d2: 128}, it_space_adjusted={d0: 32, d1: 512, d2: 2}, symbol_meta={}, priorities=[d1, d0, d2], min_splits={}, op_it_space_splits=({4096: 32}, {})
[DEBUG] [spyre.inductor.work_division] work_distribution work_division buf10: cores=32, iteration_space={d0: 512, d1: 8, d2: 2, d3: 2, d4: 64}, it_space_adjusted={d0: 512, d1: 8, d2: 2, d3: 2, d4: 1}, symbol_meta={}, priorities=[d0, d1, d2, d3, d4], min_splits={}, op_it_space_splits=({2048: 32}, {})
[DEBUG] [spyre.inductor.work_division] work_distribution work_division buf11: cores=32, iteration_space={d0: 512, d1: 8, d2: 2, d3: 64, d4: 2}, it_space_adjusted={d0: 512, d1: 8, d2: 2, d3: 1, d4: 2}, symbol_meta={}, priorities=[d0, d1, d2, d4, d3], min_splits={}, op_it_space_splits=({1024: 32}, {})
[DEBUG] [spyre.inductor.work_division] work_distribution work_division buf12: cores=32, iteration_space={d0: 8, d1: 4, d2: 512, d3: 128}, it_space_adjusted={d0: 8, d1: 4, d2: 512, d3: 2}, symbol_meta={}, priorities=[d2, d0, d1, d3], min_splits={}, op_it_space_splits=({128: 32}, {})
[DEBUG] [spyre.inductor.work_division] work_distribution work_division buf13: cores=32, iteration_space={d0: 32, d1: 512, d2: 128}, it_space_adjusted={d0: 32, d1: 512, d2: 2}, symbol_meta={}, priorities=[d1, d0, d2], min_splits={}, op_it_space_splits=({128: 32}, {})
[DEBUG] [spyre.inductor.work_division] work_distribution work_division buf46: cores=32, iteration_space={d0: 32, d1: 512, d2: 128}, it_space_adjusted={d0: 32, d1: 8, d2: 2}, symbol_meta={}, priorities=[d0, d1, d2], min_splits={}, op_it_space_splits=({65536: 32}, {})
[DEBUG] [spyre.inductor.work_division] work_distribution work_division buf15: cores=32, iteration_space={d0: 32, d1: 512, d2: 512}, it_space_adjusted={d0: 32, d1: 512, d2: 8}, symbol_meta={}, priorities=[d1, d0, d2], min_splits={}, op_it_space_splits=({16384: 32}, {})
[DEBUG] [spyre.inductor.work_division] work_distribution work_division buf16: cores=32, iteration_space={d0: 32, d1: 512, d2: 512}, it_space_adjusted={d0: 32, d1: 512, d2: 8}, symbol_meta={}, priorities=[d1, d0, d2], min_splits={}, op_it_space_splits=({1: 32}, {})
[DEBUG] [spyre.inductor.work_division] work_distribution work_division buf17: cores=32, iteration_space={d0: 32, d1: 512, d2: 512}, it_space_adjusted={d0: 32, d1: 512, d2: 8}, symbol_meta={}, priorities=[d1, d0, d2], min_splits={}, op_it_space_splits=({512: 32}, {})
[DEBUG] [spyre.inductor.work_division] work_distribution work_division buf18: cores=32, iteration_space={d0: 32, d1: 512, d2: 512}, it_space_adjusted={d0: 32, d1: 512, d2: 8}, symbol_meta={}, priorities=[d1, d0, d2], min_splits={}, op_it_space_splits=({512: 32}, {})
[DEBUG] [spyre.inductor.work_division] work_distribution work_division buf19: cores=32, iteration_space={d0: 32, d1: 512, d2: 512}, it_space_adjusted={d0: 32, d1: 512, d2: 8}, symbol_meta={}, priorities=[d1, d0, d2], min_splits={}, op_it_space_splits=({1: 32}, {})
[DEBUG] [spyre.inductor.work_division] work_distribution work_division buf20: cores=32, iteration_space={d0: 32, d1: 512, d2: 512}, it_space_adjusted={d0: 32, d1: 512, d2: 8}, symbol_meta={}, priorities=[d1, d0, d2], min_splits={}, op_it_space_splits=({512: 32}, {})
[DEBUG] [spyre.inductor.work_division] work_distribution work_division buf21: cores=32, iteration_space={d0: 8, d1: 4, d2: 512, d3: 128}, it_space_adjusted={d0: 8, d1: 4, d2: 512, d3: 2}, symbol_meta={}, priorities=[d2, d0, d1, d3], min_splits={}, op_it_space_splits=({128: 32}, {})
[DEBUG] [spyre.inductor.work_division] work_distribution work_division buf22: cores=32, iteration_space={d0: 32, d1: 512, d2: 128, d3: 512}, it_space_adjusted={d0: 32, d1: 512, d2: 2, d3: 8}, symbol_meta={}, priorities=[d1, d0, d2, d3], min_splits={}, op_it_space_splits=({128: 32}, {})
[DEBUG] [spyre.inductor.work_division] work_distribution work_division buf23: cores=32, iteration_space={d0: 512, d1: 32, d2: 128}, it_space_adjusted={d0: 512, d1: 32, d2: 2}, symbol_meta={}, priorities=[d0, d1, d2], min_splits={}, op_it_space_splits=({4096: 32}, {})
[DEBUG] [spyre.inductor.work_division] work_distribution work_division buf47: cores=32, iteration_space={d0: 4096, d1: 4096}, it_space_adjusted={d0: 64, d1: 64}, symbol_meta={}, priorities=[d0, d1], min_splits={}, op_it_space_splits=({4096: 32}, {})
[DEBUG] [spyre.inductor.work_division] work_distribution work_division buf25: cores=32, iteration_space={d0: 512, d1: 4096}, it_space_adjusted={d0: 512, d1: 64}, symbol_meta={}, priorities=[d0, d1], min_splits={}, op_it_space_splits=({4096: 32}, {})
[DEBUG] [spyre.inductor.work_division] work_distribution work_division buf26: cores=32, iteration_space={d0: 512, d1: 4096}, it_space_adjusted={d0: 512, d1: 64}, symbol_meta={}, priorities=[d0, d1], min_splits={}, op_it_space_splits=({4096: 32}, {})
[DEBUG] [spyre.inductor.work_division] work_distribution work_division buf27: cores=32, iteration_space={d0: 512, d1: 4096}, it_space_adjusted={d0: 512, d1: 64}, symbol_meta={}, priorities=[d0, d1], min_splits={}, op_it_space_splits=({4096: 32}, {})
[DEBUG] [spyre.inductor.work_division] work_distribution work_division buf28: cores=32, iteration_space={d0: 512, d1: 4096}, it_space_adjusted={d0: 512, d1: 64}, symbol_meta={}, priorities=[d0, d1], min_splits={}, op_it_space_splits=({1: 32}, {})
[DEBUG] [spyre.inductor.work_division] work_distribution work_division buf29: cores=32, iteration_space={d0: 512}, it_space_adjusted={d0: 512}, symbol_meta={}, priorities=[d0], min_splits={}, op_it_space_splits=({1: 32}, {})
[DEBUG] [spyre.inductor.work_division] work_distribution work_division buf30: cores=32, iteration_space={d0: 512}, it_space_adjusted={d0: 512}, symbol_meta={}, priorities=[d0], min_splits={}, op_it_space_splits=({1: 32}, {})
[DEBUG] [spyre.inductor.work_division] work_distribution work_division buf31: cores=32, iteration_space={d0: 512, d1: 4096}, it_space_adjusted={d0: 512, d1: 64}, symbol_meta={}, priorities=[d0, d1], min_splits={}, op_it_space_splits=({4096: 32}, {})
[DEBUG] [spyre.inductor.work_division] work_distribution work_division buf32: cores=32, iteration_space={d0: 512, d1: 4096}, it_space_adjusted={d0: 512, d1: 64}, symbol_meta={}, priorities=[d0, d1], min_splits={}, op_it_space_splits=({4096: 32}, {})
[DEBUG] [spyre.inductor.work_division] work_distribution work_division buf48: cores=25, iteration_space={d0: 25600, d1: 4096}, it_space_adjusted={d0: 400, d1: 64}, symbol_meta={}, priorities=[d0, d1], min_splits={}, op_it_space_splits=({4096: 25}, {})
[DEBUG] [spyre.inductor.work_division] work_distribution work_division buf34: cores=32, iteration_space={d0: 512, d1: 12800}, it_space_adjusted={d0: 512, d1: 200}, symbol_meta={}, priorities=[d0, d1], min_splits={}, op_it_space_splits=({12800: 32}, {})
[DEBUG] [spyre.inductor.work_division] work_distribution work_division buf35: cores=32, iteration_space={d0: 512, d1: 12800}, it_space_adjusted={d0: 512, d1: 200}, symbol_meta={}, priorities=[d0, d1], min_splits={}, op_it_space_splits=({12800: 32}, {})
[DEBUG] [spyre.inductor.work_division] work_distribution work_division buf49: cores=25, iteration_space={d0: 4096, d1: 12800}, it_space_adjusted={d0: 64, d1: 200}, symbol_meta={}, priorities=[d1, d0], min_splits={}, op_it_space_splits=({1: 25}, {})
[DEBUG] [spyre.inductor.work_division] work_distribution work_division buf37: cores=32, iteration_space={d0: 512, d1: 4096}, it_space_adjusted={d0: 512, d1: 64}, symbol_meta={}, priorities=[d0, d1], min_splits={}, op_it_space_splits=({4096: 32}, {})
[DEBUG] [spyre.inductor.work_division] work_distribution work_division buf38: cores=32, iteration_space={d0: 512, d1: 4096}, it_space_adjusted={d0: 512, d1: 64}, symbol_meta={}, priorities=[d0, d1], min_splits={}, op_it_space_splits=({4096: 32}, {})
[DEBUG] [spyre.inductor.lx_relayout] planned 20 LX relayout edge(s)
[DEBUG] [spyre.inductor.lx_relayout] planned 20 LX relayout edge(s)
[DEBUG] [spyre.inductor.scratchpad.plan_solver] scratchpad limit: 2048 KB
[DEBUG] [spyre.inductor.scratchpad.plan_solver] t=3: 128 KB  [buf0_128KB@0x0]
[DEBUG] [spyre.inductor.scratchpad.plan_solver] t=4: 130 KB  [buf0_128KB@0x0, buf1_2KB@0x20000]
[DEBUG] [spyre.inductor.scratchpad.plan_solver] t=5: 4 KB  [buf1_2KB@0x20000, buf2_2KB@0x20000]
[DEBUG] [spyre.inductor.scratchpad.plan_solver] t=6: 4 KB  [buf2_2KB@0x20000, buf3_2KB@0x20000]
[DEBUG] [spyre.inductor.scratchpad.plan_solver] t=7: 130 KB  [buf3_2KB@0x20000, buf4_128KB@0x0]
[DEBUG] [spyre.inductor.scratchpad.plan_solver] t=8: 128 KB  [buf4_128KB@0x0]
[DEBUG] [spyre.inductor.scratchpad.plan_solver] t=9: 0 KB  []
[DEBUG] [spyre.inductor.scratchpad.plan_solver] t=10: 1024 KB  [__spyre_lx_relayout_reserve__:buf6:buf5_1024KB@0x0]
[DEBUG] [spyre.inductor.scratchpad.plan_solver] t=11: 448 KB  [buf7_256KB@0x0, __spyre_lx_relayout_reserve__:buf7:buf6_192KB@0x40000]
[DEBUG] [spyre.inductor.scratchpad.plan_solver] t=12: 384 KB  [buf7_256KB@0x0, buf8_128KB@0x40000]
[DEBUG] [spyre.inductor.scratchpad.plan_solver] t=13: 256 KB  [buf8_128KB@0x40000, buf9_128KB@0x0]
[DEBUG] [spyre.inductor.scratchpad.plan_solver] t=14: 384 KB  [buf9_128KB@0x0, buf10_64KB@0x20000, __spyre_lx_relayout_reserve__:buf10:buf6_192KB@0x30000]
[DEBUG] [spyre.inductor.scratchpad.plan_solver] t=15: 192 KB  [buf9_128KB@0x0, buf10_64KB@0x20000]
[DEBUG] [spyre.inductor.scratchpad.plan_solver] t=16: 128 KB  [buf9_128KB@0x0]
[DEBUG] [spyre.inductor.scratchpad.plan_solver] t=17: 256 KB  [buf9_128KB@0x0, buf13_128KB@0x20000]
[DEBUG] [spyre.inductor.scratchpad.plan_solver] t=18: 512 KB  [buf9_128KB@0x0, buf13_128KB@0x20000, buf46_128KB@0x40000, __spyre_lx_relayout_reserve__:buf46:buf13_128KB@0x60000]
[DEBUG] [spyre.inductor.scratchpad.plan_solver] t=19: 512 KB  [buf9_128KB@0x0, buf46_128KB@0x40000, __spyre_lx_relayout_reserve__:buf14:buf9_256KB@0x60000]
[DEBUG] [spyre.inductor.scratchpad.plan_solver] t=20: 1024 KB  [buf15_512KB@0x0, __spyre_lx_relayout_reserve__:buf15:buf14_512KB@0x80000]
[DEBUG] [spyre.inductor.scratchpad.plan_solver] t=21: 576 KB  [buf15_512KB@0x0, buf16_64KB@0x80000]
[DEBUG] [spyre.inductor.scratchpad.plan_solver] t=22: 1088 KB  [buf15_512KB@0x0, buf16_64KB@0x80000, buf17_512KB@0x90000]
[DEBUG] [spyre.inductor.scratchpad.plan_solver] t=23: 1024 KB  [buf17_512KB@0x90000, buf18_512KB@0x90000]
[DEBUG] [spyre.inductor.scratchpad.plan_solver] t=24: 576 KB  [buf18_512KB@0x90000, buf19_64KB@0x0]
[DEBUG] [spyre.inductor.scratchpad.plan_solver] t=25: 1088 KB  [buf18_512KB@0x90000, buf19_64KB@0x0, buf20_512KB@0x90000]
[DEBUG] [spyre.inductor.scratchpad.plan_solver] t=26: 704 KB  [buf20_512KB@0x90000, __spyre_lx_relayout_reserve__:buf21:buf6_192KB@0x0]
[DEBUG] [spyre.inductor.scratchpad.plan_solver] t=27: 640 KB  [buf20_512KB@0x90000, buf22_128KB@0x0]
[DEBUG] [spyre.inductor.scratchpad.plan_solver] t=28: 128 KB  [buf22_128KB@0x0]
[DEBUG] [spyre.inductor.scratchpad.plan_solver] t=29: 0 KB  []
[DEBUG] [spyre.inductor.scratchpad.plan_solver] t=30: 1024 KB  [__spyre_lx_relayout_reserve__:buf24:buf23_1024KB@0x0]
[DEBUG] [spyre.inductor.scratchpad.plan_solver] t=31: 256 KB  [buf25_128KB@0x0, __spyre_lx_relayout_reserve__:buf25:buf24_128KB@0x20000]
[DEBUG] [spyre.inductor.scratchpad.plan_solver] t=32: 256 KB  [buf25_128KB@0x0, buf26_128KB@0x0]
[DEBUG] [spyre.inductor.scratchpad.plan_solver] t=33: 256 KB  [buf26_128KB@0x0, buf27_128KB@0x20000]
[DEBUG] [spyre.inductor.scratchpad.plan_solver] t=34: 258 KB  [buf26_128KB@0x0, buf27_128KB@0x20000, buf28_2KB@0x40000]
[DEBUG] [spyre.inductor.scratchpad.plan_solver] t=35: 132 KB  [buf26_128KB@0x0, buf28_2KB@0x40000, buf29_2KB@0x40000]
[DEBUG] [spyre.inductor.scratchpad.plan_solver] t=36: 132 KB  [buf26_128KB@0x0, buf29_2KB@0x40000, buf30_2KB@0x40000]
[DEBUG] [spyre.inductor.scratchpad.plan_solver] t=37: 258 KB  [buf26_128KB@0x0, buf30_2KB@0x40000, buf31_128KB@0x40800]
[DEBUG] [spyre.inductor.scratchpad.plan_solver] t=38: 256 KB  [buf26_128KB@0x0, buf31_128KB@0x40800]
[DEBUG] [spyre.inductor.scratchpad.plan_solver] t=39: 128 KB  [buf26_128KB@0x0]
[DEBUG] [spyre.inductor.scratchpad.plan_solver] t=40: 1152 KB  [buf26_128KB@0x0, __spyre_lx_relayout_reserve__:buf33:buf32_1024KB@0x20000]
[DEBUG] [spyre.inductor.scratchpad.plan_solver] t=41: 1328 KB  [buf26_128KB@0x0, buf34_400KB@0x20000, __spyre_lx_relayout_reserve__:buf34:buf33_800KB@0x84000]
[DEBUG] [spyre.inductor.scratchpad.plan_solver] t=42: 1328 KB  [buf26_128KB@0x0, buf34_400KB@0x20000, __spyre_lx_relayout_reserve__:buf35:buf33_800KB@0x84000]
[DEBUG] [spyre.inductor.scratchpad.plan_solver] t=43: 128 KB  [buf26_128KB@0x0]
[DEBUG] [spyre.inductor.scratchpad.plan_solver] t=44: 1728 KB  [buf26_128KB@0x0, __spyre_lx_relayout_reserve__:buf36:buf35_1600KB@0x20000]
[DEBUG] [spyre.inductor.scratchpad.plan_solver] t=45: 384 KB  [buf26_128KB@0x0, buf37_128KB@0x20000, __spyre_lx_relayout_reserve__:buf37:buf36_128KB@0x40000]
[DEBUG] [spyre.inductor.scratchpad.plan_solver] t=46: 256 KB  [buf26_128KB@0x0, buf37_128KB@0x20000]
[DEBUG] [spyre.inductor.scratchpad.allocator] lx_pinning: buf39 (constant) → core div mismatch
[DEBUG] [spyre.inductor.scratchpad.allocator] lx_pinning: buf40 (constant) → core div mismatch
[DEBUG] [spyre.inductor.scratchpad.allocator] lx_pinning: buf42 (constant) → core div mismatch
[DEBUG] [spyre.inductor.scratchpad.allocator] lx_pinning: buf0 (mul) → lx
[DEBUG] [spyre.inductor.scratchpad.allocator] lx_pinning: buf1 (mean) → lx
[DEBUG] [spyre.inductor.scratchpad.allocator] lx_pinning: buf2 (add) → lx
[DEBUG] [spyre.inductor.scratchpad.allocator] lx_pinning: buf3 (rsqrt) → lx
[DEBUG] [spyre.inductor.scratchpad.allocator] lx_pinning: buf4 (mul) → lx
[DEBUG] [spyre.inductor.scratchpad.allocator] lx_pinning: buf5 (reshape) → op not allowed
[DEBUG] [spyre.inductor.scratchpad.allocator] lx_pinning: buf45 (restickify) → op not allowed
[DEBUG] [spyre.inductor.scratchpad.allocator] lx_pinning: buf6 (None) → op not allowed
[DEBUG] [spyre.inductor.scratchpad.allocator] lx_pinning: buf7 (mul) → lx
[DEBUG] [spyre.inductor.scratchpad.allocator] lx_pinning: buf8 (sum) → lx
[DEBUG] [spyre.inductor.scratchpad.allocator] lx_pinning: buf9 (expand) → lx
[DEBUG] [spyre.inductor.scratchpad.allocator] lx_pinning: buf10 (mul) → lx
[DEBUG] [spyre.inductor.scratchpad.allocator] lx_pinning: buf11 (sum) → lx
[DEBUG] [spyre.inductor.scratchpad.allocator] lx_pinning: buf12 (clone) → op not allowed
[DEBUG] [spyre.inductor.scratchpad.allocator] lx_pinning: buf13 (mul) → lx
[DEBUG] [spyre.inductor.scratchpad.allocator] lx_pinning: buf46 (restickify) → lx
[DEBUG] [spyre.inductor.scratchpad.allocator] lx_pinning: buf14 (None) → op not allowed
[DEBUG] [spyre.inductor.scratchpad.allocator] lx_pinning: buf15 (add) → lx
[DEBUG] [spyre.inductor.scratchpad.allocator] lx_pinning: buf16 (amax) → lx
[DEBUG] [spyre.inductor.scratchpad.allocator] lx_pinning: buf17 (sub) → lx
[DEBUG] [spyre.inductor.scratchpad.allocator] lx_pinning: buf18 (exp) → lx
[DEBUG] [spyre.inductor.scratchpad.allocator] lx_pinning: buf19 (sum) → lx
[DEBUG] [spyre.inductor.scratchpad.allocator] lx_pinning: buf20 (expand) → lx
[DEBUG] [spyre.inductor.scratchpad.allocator] lx_pinning: buf21 (clone) → op not allowed
[DEBUG] [spyre.inductor.scratchpad.allocator] lx_pinning: buf22 (batched_matmul) → lx
[DEBUG] [spyre.inductor.scratchpad.allocator] lx_pinning: buf23 (clone) → op not allowed
[DEBUG] [spyre.inductor.scratchpad.allocator] lx_pinning: buf47 (restickify) → op not allowed
[DEBUG] [spyre.inductor.scratchpad.allocator] lx_pinning: buf24 (None) → op not allowed
[DEBUG] [spyre.inductor.scratchpad.allocator] lx_pinning: buf25 (mul) → lx
[DEBUG] [spyre.inductor.scratchpad.allocator] lx_pinning: buf26 (add) → lx
[DEBUG] [spyre.inductor.scratchpad.allocator] lx_pinning: buf27 (mul) → lx
[DEBUG] [spyre.inductor.scratchpad.allocator] lx_pinning: buf28 (mean) → lx
[DEBUG] [spyre.inductor.scratchpad.allocator] lx_pinning: buf29 (add) → lx
[DEBUG] [spyre.inductor.scratchpad.allocator] lx_pinning: buf30 (rsqrt) → lx
[DEBUG] [spyre.inductor.scratchpad.allocator] lx_pinning: buf31 (mul) → lx
[DEBUG] [spyre.inductor.scratchpad.allocator] lx_pinning: buf32 (reshape) → op not allowed
[DEBUG] [spyre.inductor.scratchpad.allocator] lx_pinning: buf48 (restickify) → op not allowed
[DEBUG] [spyre.inductor.scratchpad.allocator] lx_pinning: buf33 (None) → op not allowed
[DEBUG] [spyre.inductor.scratchpad.allocator] lx_pinning: buf34 (silu) → lx
[DEBUG] [spyre.inductor.scratchpad.allocator] lx_pinning: buf35 (reshape) → op not allowed
[DEBUG] [spyre.inductor.scratchpad.allocator] lx_pinning: buf49 (restickify) → op not allowed
[DEBUG] [spyre.inductor.scratchpad.allocator] lx_pinning: buf36 (None) → op not allowed
[DEBUG] [spyre.inductor.scratchpad.allocator] lx_pinning: buf37 (mul) → lx
[DEBUG] [spyre.inductor.scratchpad.allocator] lx_pinning: buf38 (add) → lx
[INFO] [spyre.inductor.passes] AFTER PRE-SCHEDULING
op39: SpyreConstantFallback

op40: SpyreConstantFallback

op42: SpyreConstantFallback

op0: ComputedBuffer
  layout=FixedTiledLayout('spyre:0', torch.float16, size=[1, 512, 4096], stride=[2097152, 4096, 1], device_layout=SpyreTensorLayout(device_size=[512, 64, 1, 64], stride_map =[4096, 64, -1, 1], device_dtype=DataFormats.SEN169_FP16))
  allocation={'lx': 0}
  op_it_space_splits={d0: 32, d1: 1}
  Pointwise(
  'spyre',
  torch.float16,
  def inner_fn(index):
      _, i1, i2 = index
      tmp0 = ops.load(arg1_1, i2 + 4096 * i1)
      tmp1 = ops.load(arg1_1, i2 + 4096 * i1)
      tmp2 = tmp0 * tmp1
      return tmp2
  ,
  ranges=[1, 512, 4096],
  origin_node=mul,
  origins=OrderedSet([mul]),
  stack_traces = {,
    File "/home/adnan/codex-isolated/dldsc_granite_clean_relayout_20260703_163108/foundation-model-stack/fms/models/granite.py", line 123, in forward,
      x = self.ln(x),
    File "/home/adnan/dt-inductor/.venv/lib64/python3.12/site-packages/torch/nn/functional.py", line 2954, in rms_norm,
      return torch.rms_norm(input, normalized_shape, weight, eps),
  ,
  }
)

op1: ComputedBuffer
  layout=FixedTiledLayout('spyre:0', torch.float16, size=[1, 512, 1], stride=[512, 1, 512], device_layout=SpyreTensorLayout(device_size=[1, 1, 1, 512, 64], stride_map =[-1, -1, -1, 1, -1], device_dtype=DataFormats.SEN169_FP16))
  allocation={'lx': 131072}
  op_it_space_splits={d0: 32, d1: 1}
  SpyreReduction(
  'spyre',
  torch.float16,
  def inner_fn(index, rindex):
      _, i1, _ = index
      r0_0 = rindex
      tmp0 = ops.load(buf0, r0_0 + 4096 * i1)
      return tmp0
  ,
  ranges=[1, 512, 1],
  reduction_ranges=[4096],
  reduction_type=mean,
  origin_node=mean,
  origins=OrderedSet([mean]),
  stack_traces = {,
    File "/home/adnan/codex-isolated/dldsc_granite_clean_relayout_20260703_163108/foundation-model-stack/fms/models/granite.py", line 123, in forward,
      x = self.ln(x),
    File "/home/adnan/dt-inductor/.venv/lib64/python3.12/site-packages/torch/nn/functional.py", line 2954, in rms_norm,
      return torch.rms_norm(input, normalized_shape, weight, eps),
  ,
  }
)

op2: ComputedBuffer
  layout=FixedTiledLayout('spyre:0', torch.float16, size=[1, 512, 1], stride=[512, 1, 512], device_layout=SpyreTensorLayout(device_size=[1, 1, 1, 512, 64], stride_map =[-1, -1, -1, 1, -1], device_dtype=DataFormats.SEN169_FP16))
  allocation={'lx': 131072}
  op_it_space_splits={d0: 32}
  Pointwise(
  'spyre',
  torch.float16,
  def inner_fn(index):
      _, i1, _ = index
      tmp0 = ops.load(buf1, i1)
      tmp1 = ops.load(buf39, 0)
      tmp2 = tmp0 + tmp1
      return tmp2
  ,
  ranges=[1, 512, 1],
  origin_node=None,
  origins=OrderedSet([add]),
  stack_traces = {,
    File "/home/adnan/codex-isolated/dldsc_granite_clean_relayout_20260703_163108/foundation-model-stack/fms/models/granite.py", line 123, in forward,
      x = self.ln(x),
    File "/home/adnan/dt-inductor/.venv/lib64/python3.12/site-packages/torch/nn/functional.py", line 2954, in rms_norm,
      return torch.rms_norm(input, normalized_shape, weight, eps),
  ,
  }
)

op3: ComputedBuffer
  layout=FixedTiledLayout('spyre:0', torch.float16, size=[1, 512, 1], stride=[512, 1, 512], device_layout=SpyreTensorLayout(device_size=[1, 1, 1, 512, 64], stride_map =[-1, -1, -1, 1, -1], device_dtype=DataFormats.SEN169_FP16))
  allocation={'lx': 131072}
  op_it_space_splits={d0: 32}
  Pointwise(
  'spyre',
  torch.float16,
  def inner_fn(index):
      _, i1, _ = index
      tmp0 = ops.load(buf2, i1)
      tmp1 = ops.rsqrt(tmp0)
      return tmp1
  ,
  ranges=[1, 512, 1],
  origin_node=rsqrt,
  origins=OrderedSet([rsqrt]),
  stack_traces = {,
    File "/home/adnan/codex-isolated/dldsc_granite_clean_relayout_20260703_163108/foundation-model-stack/fms/models/granite.py", line 123, in forward,
      x = self.ln(x),
    File "/home/adnan/dt-inductor/.venv/lib64/python3.12/site-packages/torch/nn/functional.py", line 2954, in rms_norm,
      return torch.rms_norm(input, normalized_shape, weight, eps),
  ,
  }
)

op4: ComputedBuffer
  layout=FixedTiledLayout('spyre:0', torch.float16, size=[1, 512, 4096], stride=[2097152, 4096, 1], device_layout=SpyreTensorLayout(device_size=[1, 64, 512, 64], stride_map =[-1, 64, 4096, 1], device_dtype=DataFormats.SEN169_FP16))
  allocation={'lx': 0}
  op_it_space_splits={d0: 32, d1: 1}
  Pointwise(
  'spyre',
  torch.float16,
  def inner_fn(index):
      _, i1, i2 = index
      tmp0 = ops.load(arg1_1, i2 + 4096 * i1)
      tmp1 = ops.load(buf3, i1)
      tmp2 = tmp0 * tmp1
      return tmp2
  ,
  ranges=[1, 512, 4096],
  origin_node=mul_1,
  origins=OrderedSet([mul_1]),
  stack_traces = {,
    File "/home/adnan/codex-isolated/dldsc_granite_clean_relayout_20260703_163108/foundation-model-stack/fms/models/granite.py", line 123, in forward,
      x = self.ln(x),
    File "/home/adnan/dt-inductor/.venv/lib64/python3.12/site-packages/torch/nn/functional.py", line 2954, in rms_norm,
      return torch.rms_norm(input, normalized_shape, weight, eps),
  ,
  }
)

op5: ComputedBuffer
  layout=FixedTiledLayout('spyre:0', torch.float16, size=[1, 512, 4096], stride=[2097152, 4096, 1], device_layout=SpyreTensorLayout(device_size=[1, 64, 512, 64], stride_map =[-1, 64, 4096, 1], device_dtype=DataFormats.SEN169_FP16))
  op_it_space_splits={d0: 32, d1: 1}
  Pointwise(
  'spyre',
  torch.float16,
  def inner_fn(index):
      _, i1, i2 = index
      tmp0 = ops.load(buf4, i2 + 4096 * i1)
      tmp1 = ops.load(arg0_1, i2)
      tmp2 = tmp0 * tmp1
      return tmp2
  ,
  ranges=[1, 512, 4096],
  origin_node=view,
  origins=OrderedSet([mul_2]),
  stack_traces = {,
    File "/home/adnan/codex-isolated/dldsc_granite_clean_relayout_20260703_163108/foundation-model-stack/fms/models/granite.py", line 123, in forward,
      x = self.ln(x),
    File "/home/adnan/dt-inductor/.venv/lib64/python3.12/site-packages/torch/nn/functional.py", line 2954, in rms_norm,
      return torch.rms_norm(input, normalized_shape, weight, eps),
  ,
  }
)

op45: ComputedBuffer
  layout=FixedTiledLayout('spyre:0', torch.float16, size=[6144, 4096], stride=[4096, 1], device_layout=SpyreTensorLayout(device_size=[96, 4096, 64], stride_map =[262144, 1, 4096], device_dtype=DataFormats.SEN169_FP16))
  op_it_space_splits={d0: 32, d1: 1}
  Pointwise(
  'spyre',
  torch.float16,
  def inner_fn(index):
      i0, i1 = index
      tmp0 = ops.load(arg2_1, i1 + 4096 * i0)
      return tmp0
  ,
  ranges=[6144, 4096],
  origin_node=restickify_default,
  origins=OrderedSet([restickify_default])
)

op6: ComputedBuffer
  layout=FixedTiledLayout('spyre:0', torch.float16, size=[1, 512, 6144], stride=[3145728, 6144, 1], device_layout=SpyreTensorLayout(device_size=[512, 96, 1, 64], stride_map =[6144, 64, -1, 1], device_dtype=DataFormats.SEN169_FP16))
  op_it_space_splits={d0: 4, d1: 8, d2: 1}
  Reduction(
  'spyre',
  torch.float16,
  def inner_fn(index, rindex):
      _, i1, i2 = index
      r0_0 = rindex
      tmp0 = ops.load(buf5, r0_0 + 4096 * i1)
      tmp1 = ops.load(arg2_1, r0_0 + 4096 * i2)
      return (OpsValue('tmp0'), OpsValue('tmp1'))
  ,
  ranges=[1, 512, 6144],
  reduction_ranges=[4096],
  reduction_type=batchmatmul,
  origin_node=view_2,
  origins=OrderedSet([bmm, view_1, unsqueeze, permute]),
  stack_traces = {,
    File "/home/adnan/codex-isolated/dldsc_granite_clean_relayout_20260703_163108/foundation-model-stack/fms/models/granite.py", line 124, in forward,
      x = self.attn(,
    File "/home/adnan/codex-isolated/dldsc_granite_clean_relayout_20260703_163108/foundation-model-stack/fms/modules/attention.py", line 681, in forward,
      q_out, k_out, v_out = self.in_proj(q, k, v),
    File "/home/adnan/codex-isolated/dldsc_granite_clean_relayout_20260703_163108/foundation-model-stack/fms/modules/attention.py", line 547, in forward,
      return self.qkv_fused(qkv).split(self.splits, dim=-1),
  ,
  }
)

op7: ComputedBuffer
  layout=FixedTiledLayout('spyre:0', torch.float16, size=[1, 512, 32, 2, 2, 64], stride=[4194304, 8192, 256, 128, 64, 1], device_layout=SpyreTensorLayout(device_size=[32, 2, 2, 1, 1, 512, 64], stride_map =[256, 128, 64, -1, 64, 8192, 1], device_dtype=DataFormats.SEN169_FP16))
  allocation={'lx': 0}
  op_it_space_splits={d0: 32, d1: 1, d2: 1, d3: 1, d4: 1}
  Pointwise(
  'spyre',
  torch.float16,
  def inner_fn(index):
      _, i1, i2, i3, i4, i5 = index
      tmp0 = ops.load(arg3_1, i5 + 64 * i4 + 128 * i3 + 256 * i1)
      tmp1 = ops.load(buf6, i5 + 64 * i4 + 128 * i2 + 6144 * i1)
      tmp2 = tmp0 * tmp1
      return tmp2
  ,
  ranges=[1, 512, 32, 2, 2, 64],
  origin_node=mul_3,
  origins=OrderedSet([mul_3, unsqueeze_1, unsqueeze_2, view_6, ...,
  stack_traces = {,
    File "/home/adnan/codex-isolated/dldsc_granite_clean_relayout_20260703_163108/foundation-model-stack/fms/models/granite.py", line 124, in forward,
      x = self.attn(,
    File "/home/adnan/codex-isolated/dldsc_granite_clean_relayout_20260703_163108/foundation-model-stack/fms/modules/attention.py", line 690, in forward,
      queries, keys = self.position_encoder.adjusted_qk(,
    File "/home/adnan/codex-isolated/dldsc_granite_clean_relayout_20260703_163108/foundation-model-stack/fms/modules/positions.py", line 352, in adjusted_qk,
      .mul(q_.unsqueeze(-3)) # B L H 1 2 D/2,
  ,
  },
  stack_traces = {,
    File "/home/adnan/codex-isolated/dldsc_granite_clean_relayout_20260703_163108/foundation-model-stack/fms/models/granite.py", line 124, in forward,
      x = self.attn(,
    File "/home/adnan/codex-isolated/dldsc_granite_clean_relayout_20260703_163108/foundation-model-stack/fms/modules/attention.py", line 690, in forward,
      queries, keys = self.position_encoder.adjusted_qk(,
    File "/home/adnan/codex-isolated/dldsc_granite_clean_relayout_20260703_163108/foundation-model-stack/fms/modules/positions.py", line 351, in adjusted_qk,
      selected_freqs[:, :, None, :, :, :] # 1 L 1 2 2 D/2,
  ,
  },
  stack_traces = {,
    File "/home/adnan/codex-isolated/dldsc_granite_clean_relayout_20260703_163108/foundation-model-stack/fms/models/granite.py", line 124, in forward,
      x = self.attn(,
    File "/home/adnan/codex-isolated/dldsc_granite_clean_relayout_20260703_163108/foundation-model-stack/fms/modules/attention.py", line 690, in forward,
      queries, keys = self.position_encoder.adjusted_qk(,
    File "/home/adnan/codex-isolated/dldsc_granite_clean_relayout_20260703_163108/foundation-model-stack/fms/modules/positions.py", line 341, in adjusted_qk,
      q_ = q_rope.view(*q.size()[:-1], 2, -1)  # B L H 2 D/2,
  ,
  },
  stack_traces = {,
    File "/home/adnan/codex-isolated/dldsc_granite_clean_relayout_20260703_163108/foundation-model-stack/fms/models/granite.py", line 124, in forward,
      x = self.attn(,
    File "/home/adnan/codex-isolated/dldsc_granite_clean_relayout_20260703_163108/foundation-model-stack/fms/modules/attention.py", line 684, in forward,
      queries = q_out.view(batch_size, q_len, self.nheads, self.emb_kq_per_head),
  ,
  },
  stack_traces = {,
    File "/home/adnan/codex-isolated/dldsc_granite_clean_relayout_20260703_163108/foundation-model-stack/fms/models/granite.py", line 124, in forward,
      x = self.attn(,
    File "/home/adnan/codex-isolated/dldsc_granite_clean_relayout_20260703_163108/foundation-model-stack/fms/modules/attention.py", line 681, in forward,
      q_out, k_out, v_out = self.in_proj(q, k, v),
    File "/home/adnan/codex-isolated/dldsc_granite_clean_relayout_20260703_163108/foundation-model-stack/fms/modules/attention.py", line 547, in forward,
      return self.qkv_fused(qkv).split(self.splits, dim=-1),
  ,
  }
)

op8: ComputedBuffer
  layout=FixedTiledLayout('spyre:0', torch.float16, size=[1, 512, 32, 2, 1, 64], stride=[2097152, 4096, 128, 64, 64, 1], device_layout=SpyreTensorLayout(device_size=[32, 2, 1, 1, 1, 512, 64], stride_map =[128, 64, -1, -1, 64, 4096, 1], device_dtype=DataFormats.SEN169_FP16))
  allocation={'lx': 262144}
  op_it_space_splits={d0: 32, d1: 1, d2: 1, d3: 1, d4: 1}
  Reduction(
  'spyre',
  torch.float16,
  def inner_fn(index, rindex):
      _, i1, i2, i3, _, i5 = index
      r0_0 = rindex
      tmp0 = ops.load(buf7, i5 + 64 * r0_0 + 128 * i3 + 256 * i2 + 8192 * i1)
      return tmp0
  ,
  ranges=[1, 512, 32, 2, 1, 64],
  reduction_ranges=[2],
  reduction_type=sum,
  origin_node=sum_1,
  origins=OrderedSet([sum_1]),
  stack_traces = {,
    File "/home/adnan/codex-isolated/dldsc_granite_clean_relayout_20260703_163108/foundation-model-stack/fms/models/granite.py", line 124, in forward,
      x = self.attn(,
    File "/home/adnan/codex-isolated/dldsc_granite_clean_relayout_20260703_163108/foundation-model-stack/fms/modules/attention.py", line 690, in forward,
      queries, keys = self.position_encoder.adjusted_qk(,
    File "/home/adnan/codex-isolated/dldsc_granite_clean_relayout_20260703_163108/foundation-model-stack/fms/modules/positions.py", line 353, in adjusted_qk,
      .sum(4, keepdim=True),
  ,
  }
)

op9: ComputedBuffer
  layout=FixedTiledLayout('spyre:0', torch.float16, size=[1, 32, 512, 128], stride=[2097152, 128, 4096, 1], device_layout=SpyreTensorLayout(device_size=[512, 1, 2, 32, 64], stride_map =[4096, -1, 64, 128, 1], device_dtype=DataFormats.SEN169_FP16))
  allocation={'lx': 0}
  op_it_space_splits={d0: 1, d1: 32, d2: 1}
  Pointwise(
  'spyre',
  torch.float16,
  def inner_fn(index):
      _, i1, i2, i3 = index
      tmp0 = ops.load(buf8, i3 + 128 * i1 + 4096 * i2)
      tmp1 = ops.load(buf40, 0)
      tmp2 = tmp0 * tmp1
      return tmp2
  ,
  ranges=[1, 32, 512, 128],
  origin_node=None,
  origins=OrderedSet([mul_5, permute_3, view_10, view_8]),
  stack_traces = {,
    File "/home/adnan/codex-isolated/dldsc_granite_clean_relayout_20260703_163108/foundation-model-stack/fms/models/granite.py", line 124, in forward,
      x = self.attn(,
    File "/home/adnan/codex-isolated/dldsc_granite_clean_relayout_20260703_163108/foundation-model-stack/fms/modules/attention.py", line 713, in forward,
      attn = attn_compute_dict["compute_prefill"](,
    File "/home/adnan/codex-isolated/dldsc_granite_clean_relayout_20260703_163108/foundation-model-stack/fms/modules/attention.py", line 266, in _sdpa_compute_op,
      attn = F.scaled_dot_product_attention(,
  ,
  },
  stack_traces = {,
    File "/home/adnan/codex-isolated/dldsc_granite_clean_relayout_20260703_163108/foundation-model-stack/fms/models/granite.py", line 124, in forward,
      x = self.attn(,
    File "/home/adnan/codex-isolated/dldsc_granite_clean_relayout_20260703_163108/foundation-model-stack/fms/modules/attention.py", line 713, in forward,
      attn = attn_compute_dict["compute_prefill"](,
    File "/home/adnan/codex-isolated/dldsc_granite_clean_relayout_20260703_163108/foundation-model-stack/fms/modules/attention.py", line 218, in _sdpa_compute_op,
      queries = query.transpose(2, 1),
  ,
  },
  stack_traces = {,
    File "/home/adnan/codex-isolated/dldsc_granite_clean_relayout_20260703_163108/foundation-model-stack/fms/models/granite.py", line 124, in forward,
      x = self.attn(,
    File "/home/adnan/codex-isolated/dldsc_granite_clean_relayout_20260703_163108/foundation-model-stack/fms/modules/attention.py", line 690, in forward,
      queries, keys = self.position_encoder.adjusted_qk(,
    File "/home/adnan/codex-isolated/dldsc_granite_clean_relayout_20260703_163108/foundation-model-stack/fms/modules/positions.py", line 367, in adjusted_qk,
      q_out = q_out.view_as(q_rope),
  ,
  },
  stack_traces = {,
    File "/home/adnan/codex-isolated/dldsc_granite_clean_relayout_20260703_163108/foundation-model-stack/fms/models/granite.py", line 124, in forward,
      x = self.attn(,
    File "/home/adnan/codex-isolated/dldsc_granite_clean_relayout_20260703_163108/foundation-model-stack/fms/modules/attention.py", line 690, in forward,
      queries, keys = self.position_encoder.adjusted_qk(,
    File "/home/adnan/codex-isolated/dldsc_granite_clean_relayout_20260703_163108/foundation-model-stack/fms/modules/positions.py", line 354, in adjusted_qk,
      .flatten(3),
  ,
  }
)

op10: ComputedBuffer
  layout=FixedTiledLayout('spyre:0', torch.float16, size=[1, 512, 8, 2, 2, 64], stride=[1048576, 2048, 256, 128, 64, 1], device_layout=SpyreTensorLayout(device_size=[8, 2, 2, 1, 1, 512, 64], stride_map =[256, 128, 64, -1, 64, 2048, 1], device_dtype=DataFormats.SEN169_FP16))
  allocation={'lx': 131072}
  op_it_space_splits={d0: 32, d1: 1, d2: 1, d3: 1, d4: 1}
  Pointwise(
  'spyre',
  torch.float16,
  def inner_fn(index):
      _, i1, i2, i3, i4, i5 = index
      tmp0 = ops.load(arg3_1, i5 + 64 * i4 + 128 * i3 + 256 * i1)
      tmp1 = ops.load(buf6, 4096 + i5 + 64 * i4 + 128 * i2 + 6144 * i1)
      tmp2 = tmp0 * tmp1
      return tmp2
  ,
  ranges=[1, 512, 8, 2, 2, 64],
  origin_node=mul_4,
  origins=OrderedSet([mul_4, unsqueeze_3, unsqueeze_4, view_7, ...,
  stack_traces = {,
    File "/home/adnan/codex-isolated/dldsc_granite_clean_relayout_20260703_163108/foundation-model-stack/fms/models/granite.py", line 124, in forward,
      x = self.attn(,
    File "/home/adnan/codex-isolated/dldsc_granite_clean_relayout_20260703_163108/foundation-model-stack/fms/modules/attention.py", line 690, in forward,
      queries, keys = self.position_encoder.adjusted_qk(,
    File "/home/adnan/codex-isolated/dldsc_granite_clean_relayout_20260703_163108/foundation-model-stack/fms/modules/positions.py", line 358, in adjusted_qk,
      .mul(k_.unsqueeze(-3)),
  ,
  },
  stack_traces = {,
    File "/home/adnan/codex-isolated/dldsc_granite_clean_relayout_20260703_163108/foundation-model-stack/fms/models/granite.py", line 124, in forward,
      x = self.attn(,
    File "/home/adnan/codex-isolated/dldsc_granite_clean_relayout_20260703_163108/foundation-model-stack/fms/modules/attention.py", line 690, in forward,
      queries, keys = self.position_encoder.adjusted_qk(,
    File "/home/adnan/codex-isolated/dldsc_granite_clean_relayout_20260703_163108/foundation-model-stack/fms/modules/positions.py", line 357, in adjusted_qk,
      selected_freqs[:, :, None, :, :, :],
  ,
  },
  stack_traces = {,
    File "/home/adnan/codex-isolated/dldsc_granite_clean_relayout_20260703_163108/foundation-model-stack/fms/models/granite.py", line 124, in forward,
      x = self.attn(,
    File "/home/adnan/codex-isolated/dldsc_granite_clean_relayout_20260703_163108/foundation-model-stack/fms/modules/attention.py", line 690, in forward,
      queries, keys = self.position_encoder.adjusted_qk(,
    File "/home/adnan/codex-isolated/dldsc_granite_clean_relayout_20260703_163108/foundation-model-stack/fms/modules/positions.py", line 342, in adjusted_qk,
      k_ = k_rope.view(*k.size()[:-1], 2, -1)  # B L H 2 D/2,
  ,
  },
  stack_traces = {,
    File "/home/adnan/codex-isolated/dldsc_granite_clean_relayout_20260703_163108/foundation-model-stack/fms/models/granite.py", line 124, in forward,
      x = self.attn(,
    File "/home/adnan/codex-isolated/dldsc_granite_clean_relayout_20260703_163108/foundation-model-stack/fms/modules/attention.py", line 685, in forward,
      keys = k_out.view(batch_size, q_len, self.kvheads, self.emb_kq_per_head),
  ,
  },
  stack_traces = {,
    File "/home/adnan/codex-isolated/dldsc_granite_clean_relayout_20260703_163108/foundation-model-stack/fms/models/granite.py", line 124, in forward,
      x = self.attn(,
    File "/home/adnan/codex-isolated/dldsc_granite_clean_relayout_20260703_163108/foundation-model-stack/fms/modules/attention.py", line 681, in forward,
      q_out, k_out, v_out = self.in_proj(q, k, v),
    File "/home/adnan/codex-isolated/dldsc_granite_clean_relayout_20260703_163108/foundation-model-stack/fms/modules/attention.py", line 547, in forward,
      return self.qkv_fused(qkv).split(self.splits, dim=-1),
  ,
  }
)

op11: ComputedBuffer
  layout=FixedTiledLayout('spyre:0', torch.float16, size=[1, 512, 8, 2, 1, 64], stride=[524288, 1024, 128, 64, 64, 1], device_layout=SpyreTensorLayout(device_size=[8, 2, 1, 1, 1, 512, 64], stride_map =[128, 64, -1, -1, 64, 1024, 1], device_dtype=DataFormats.SEN169_FP16))
  op_it_space_splits={d0: 32, d1: 1, d2: 1, d3: 1, d4: 1}
  Reduction(
  'spyre',
  torch.float16,
  def inner_fn(index, rindex):
      _, i1, i2, i3, _, i5 = index
      r0_0 = rindex
      tmp0 = ops.load(buf10, i5 + 64 * r0_0 + 128 * i3 + 256 * i2 + 2048 * i1)
      return tmp0
  ,
  ranges=[1, 512, 8, 2, 1, 64],
  reduction_ranges=[2],
  reduction_type=sum,
  origin_node=sum_2,
  origins=OrderedSet([sum_2]),
  stack_traces = {,
    File "/home/adnan/codex-isolated/dldsc_granite_clean_relayout_20260703_163108/foundation-model-stack/fms/models/granite.py", line 124, in forward,
      x = self.attn(,
    File "/home/adnan/codex-isolated/dldsc_granite_clean_relayout_20260703_163108/foundation-model-stack/fms/modules/attention.py", line 690, in forward,
      queries, keys = self.position_encoder.adjusted_qk(,
    File "/home/adnan/codex-isolated/dldsc_granite_clean_relayout_20260703_163108/foundation-model-stack/fms/modules/positions.py", line 359, in adjusted_qk,
      .sum(4, keepdim=True),
  ,
  }
)

op12: ComputedBuffer
  layout=FixedTiledLayout('spyre:0', torch.float16, size=[1, 8, 4, 512, 128], stride=[2097152, 262144, 65536, 128, 1], device_layout=SpyreTensorLayout(device_size=[8, 4, 512, 2, 1, 64], stride_map =[262144, 65536, 128, 64, -1, 1], device_dtype=DataFormats.SEN169_FP16))
  op_it_space_splits={d0: 1, d1: 1, d2: 32, d3: 1}
  Pointwise(
  'spyre',
  torch.float16,
  def inner_fn(index):
      _, i1, i2, i3, i4 = index
      tmp0 = ops.load(buf11, i4 + 128 * i1 + 1024 * i3)
      return tmp0
  ,
  ranges=[1, 8, 4, 512, 128],
  origin_node=clone,
  origins=OrderedSet([clone, expand_2, unsqueeze_6, permute_1, ...,
  stack_traces = {,
    File "/home/adnan/codex-isolated/dldsc_granite_clean_relayout_20260703_163108/foundation-model-stack/fms/models/granite.py", line 124, in forward,
      x = self.attn(,
    File "/home/adnan/codex-isolated/dldsc_granite_clean_relayout_20260703_163108/foundation-model-stack/fms/modules/attention.py", line 713, in forward,
      attn = attn_compute_dict["compute_prefill"](,
    File "/home/adnan/codex-isolated/dldsc_granite_clean_relayout_20260703_163108/foundation-model-stack/fms/modules/attention.py", line 237, in _sdpa_compute_op,
      keys_e = key_cache.unsqueeze(2).expand(-1, -1, expansion, -1, -1).flatten(1, 2),
  ,
  },
  stack_traces = {,
    File "/home/adnan/codex-isolated/dldsc_granite_clean_relayout_20260703_163108/foundation-model-stack/fms/models/granite.py", line 124, in forward,
      x = self.attn(,
    File "/home/adnan/codex-isolated/dldsc_granite_clean_relayout_20260703_163108/foundation-model-stack/fms/modules/attention.py", line 701, in forward,
      attn_compute_dict["store"](,
    File "/home/adnan/codex-isolated/dldsc_granite_clean_relayout_20260703_163108/foundation-model-stack/fms/modules/attention.py", line 176, in _sdpa_store_op,
      keys = keys.transpose(2, 1),
  ,
  },
  stack_traces = {,
    File "/home/adnan/codex-isolated/dldsc_granite_clean_relayout_20260703_163108/foundation-model-stack/fms/models/granite.py", line 124, in forward,
      x = self.attn(,
    File "/home/adnan/codex-isolated/dldsc_granite_clean_relayout_20260703_163108/foundation-model-stack/fms/modules/attention.py", line 690, in forward,
      queries, keys = self.position_encoder.adjusted_qk(,
    File "/home/adnan/codex-isolated/dldsc_granite_clean_relayout_20260703_163108/foundation-model-stack/fms/modules/positions.py", line 368, in adjusted_qk,
      k_out = k_out.view_as(k_rope),
  ,
  },
  stack_traces = {,
    File "/home/adnan/codex-isolated/dldsc_granite_clean_relayout_20260703_163108/foundation-model-stack/fms/models/granite.py", line 124, in forward,
      x = self.attn(,
    File "/home/adnan/codex-isolated/dldsc_granite_clean_relayout_20260703_163108/foundation-model-stack/fms/modules/attention.py", line 690, in forward,
      queries, keys = self.position_encoder.adjusted_qk(,
    File "/home/adnan/codex-isolated/dldsc_granite_clean_relayout_20260703_163108/foundation-model-stack/fms/modules/positions.py", line 360, in adjusted_qk,
      .flatten(3),
  ,
  }
)

op13: ComputedBuffer
  layout=FixedTiledLayout('spyre:0', torch.float16, size=[1, 32, 512, 128], stride=[2097152, 65536, 128, 1], device_layout=SpyreTensorLayout(device_size=[512, 1, 2, 32, 64], stride_map =[128, -1, 64, 65536, 1], device_dtype=DataFormats.SEN169_FP16))
  allocation={'lx': 131072}
  op_it_space_splits={d0: 1, d1: 32, d2: 1}
  Pointwise(
  'spyre',
  torch.float16,
  def inner_fn(index):
      _, i1, i2, i3 = index
      tmp0 = ops.load(buf12, i3 + 128 * i2 + 65536 * i1)
      tmp1 = ops.load(buf40, 0)
      tmp2 = tmp0 * tmp1
      return tmp2
  ,
  ranges=[1, 32, 512, 128],
  origin_node=None,
  origins=OrderedSet([mul_6, view_12]),
  stack_traces = {,
    File "/home/adnan/codex-isolated/dldsc_granite_clean_relayout_20260703_163108/foundation-model-stack/fms/models/granite.py", line 124, in forward,
      x = self.attn(,
    File "/home/adnan/codex-isolated/dldsc_granite_clean_relayout_20260703_163108/foundation-model-stack/fms/modules/attention.py", line 713, in forward,
      attn = attn_compute_dict["compute_prefill"](,
    File "/home/adnan/codex-isolated/dldsc_granite_clean_relayout_20260703_163108/foundation-model-stack/fms/modules/attention.py", line 266, in _sdpa_compute_op,
      attn = F.scaled_dot_product_attention(,
  ,
  },
  stack_traces = {,
    File "/home/adnan/codex-isolated/dldsc_granite_clean_relayout_20260703_163108/foundation-model-stack/fms/models/granite.py", line 124, in forward,
      x = self.attn(,
    File "/home/adnan/codex-isolated/dldsc_granite_clean_relayout_20260703_163108/foundation-model-stack/fms/modules/attention.py", line 713, in forward,
      attn = attn_compute_dict["compute_prefill"](,
    File "/home/adnan/codex-isolated/dldsc_granite_clean_relayout_20260703_163108/foundation-model-stack/fms/modules/attention.py", line 237, in _sdpa_compute_op,
      keys_e = key_cache.unsqueeze(2).expand(-1, -1, expansion, -1, -1).flatten(1, 2),
  ,
  }
)

op46: ComputedBuffer
  layout=FixedTiledLayout('spyre:0', torch.float16, size=[1, 32, 512, 128], stride=[2097152, 65536, 128, 1], device_layout=SpyreTensorLayout(device_size=[128, 1, 8, 32, 64], stride_map =[1, -1, 8192, 65536, 128], device_dtype=DataFormats.SEN169_FP16))
  allocation={'lx': 262144}
  op_it_space_splits={d0: 32, d1: 1, d2: 1}
  Pointwise(
  'spyre',
  torch.float16,
  def inner_fn(index):
      _, i1, i2, i3 = index
      tmp0 = ops.load(buf13, i3 + 128 * i2 + 65536 * i1)
      return tmp0
  ,
  ranges=[1, 32, 512, 128],
  origin_node=restickify_default_1,
  origins=OrderedSet([restickify_default_1])
)

op14: ComputedBuffer
  layout=FixedTiledLayout('spyre:0', torch.float16, size=[1, 32, 512, 512], stride=[8388608, 512, 16384, 1], device_layout=SpyreTensorLayout(device_size=[32, 512, 8, 1, 64], stride_map =[512, 16384, 64, -1, 1], device_dtype=DataFormats.SEN169_FP16))
  op_it_space_splits={d0: 1, d1: 16, d2: 2, d3: 1}
  Reduction(
  'spyre',
  torch.float16,
  def inner_fn(index, rindex):
      _, i1, i2, i3 = index
      r0_0 = rindex
      tmp0 = ops.load(buf9, r0_0 + 128 * i1 + 4096 * i2)
      tmp1 = ops.load(buf13, r0_0 + 128 * i3 + 65536 * i1)
      return (OpsValue('tmp0'), OpsValue('tmp1'))
  ,
  ranges=[1, 32, 512, 512],
  reduction_ranges=[128],
  reduction_type=batchmatmul,
  origin_node=batched_matmul_default_1,
  origins=OrderedSet([batched_matmul_default_1, permute_4]),
  stack_traces = {,
    File "/home/adnan/codex-isolated/dldsc_granite_clean_relayout_20260703_163108/foundation-model-stack/fms/models/granite.py", line 124, in forward,
      x = self.attn(,
    File "/home/adnan/codex-isolated/dldsc_granite_clean_relayout_20260703_163108/foundation-model-stack/fms/modules/attention.py", line 713, in forward,
      attn = attn_compute_dict["compute_prefill"](,
    File "/home/adnan/codex-isolated/dldsc_granite_clean_relayout_20260703_163108/foundation-model-stack/fms/modules/attention.py", line 266, in _sdpa_compute_op,
      attn = F.scaled_dot_product_attention(,
  ,
  }
)

op15: ComputedBuffer
  layout=FixedTiledLayout('spyre:0', torch.float16, size=[1, 32, 512, 512], stride=[8388608, 512, 16384, 1], device_layout=SpyreTensorLayout(device_size=[512, 1, 8, 32, 64], stride_map =[16384, -1, 64, 512, 1], device_dtype=DataFormats.SEN169_FP16))
  allocation={'lx': 0}
  op_it_space_splits={d0: 1, d1: 32, d2: 1}
  Pointwise(
  'spyre',
  torch.float16,
  def inner_fn(index):
      _, i1, i2, i3 = index
      tmp0 = ops.load(buf14, i3 + 512 * i1 + 16384 * i2)
      tmp1 = ops.load(arg4_1, i3 + 512 * i2)
      tmp2 = tmp0 + tmp1
      return tmp2
  ,
  ranges=[1, 32, 512, 512],
  origin_node=add_1,
  origins=OrderedSet([add_1, unsqueeze_5]),
  stack_traces = {,
    File "/home/adnan/codex-isolated/dldsc_granite_clean_relayout_20260703_163108/foundation-model-stack/fms/models/granite.py", line 124, in forward,
      x = self.attn(,
    File "/home/adnan/codex-isolated/dldsc_granite_clean_relayout_20260703_163108/foundation-model-stack/fms/modules/attention.py", line 713, in forward,
      attn = attn_compute_dict["compute_prefill"](,
    File "/home/adnan/codex-isolated/dldsc_granite_clean_relayout_20260703_163108/foundation-model-stack/fms/modules/attention.py", line 266, in _sdpa_compute_op,
      attn = F.scaled_dot_product_attention(,
  ,
  },
  stack_traces = {,
    File "/home/adnan/codex-isolated/dldsc_granite_clean_relayout_20260703_163108/foundation-model-stack/fms/models/granite.py", line 124, in forward,
      x = self.attn(,
    File "/home/adnan/codex-isolated/dldsc_granite_clean_relayout_20260703_163108/foundation-model-stack/fms/modules/attention.py", line 713, in forward,
      attn = attn_compute_dict["compute_prefill"](,
    File "/home/adnan/codex-isolated/dldsc_granite_clean_relayout_20260703_163108/foundation-model-stack/fms/modules/attention.py", line 231, in _sdpa_compute_op,
      mask = mask.unsqueeze(1),
  ,
  }
)

op16: ComputedBuffer
  layout=FixedTiledLayout('spyre:0', torch.float16, size=[1, 32, 512, 1], stride=[16384, 512, 1, 16384], device_layout=SpyreTensorLayout(device_size=[512, 1, 1, 1, 32, 64], stride_map =[1, -1, -1, -1, 512, -1], device_dtype=DataFormats.SEN169_FP16))
  allocation={'lx': 524288}
  op_it_space_splits={d0: 1, d1: 32, d2: 1}
  Reduction(
  'spyre',
  torch.float16,
  def inner_fn(index, rindex):
      _, i1, i2, _ = index
      r0_0 = rindex
      tmp0 = ops.load(buf15, r0_0 + 512 * i1 + 16384 * i2)
      return tmp0
  ,
  ranges=[1, 32, 512, 1],
  reduction_ranges=[512],
  reduction_type=max,
  origin_node=amax,
  origins=OrderedSet([amax]),
  stack_traces = {,
    File "/home/adnan/codex-isolated/dldsc_granite_clean_relayout_20260703_163108/foundation-model-stack/fms/models/granite.py", line 124, in forward,
      x = self.attn(,
    File "/home/adnan/codex-isolated/dldsc_granite_clean_relayout_20260703_163108/foundation-model-stack/fms/modules/attention.py", line 713, in forward,
      attn = attn_compute_dict["compute_prefill"](,
    File "/home/adnan/codex-isolated/dldsc_granite_clean_relayout_20260703_163108/foundation-model-stack/fms/modules/attention.py", line 266, in _sdpa_compute_op,
      attn = F.scaled_dot_product_attention(,
  ,
  }
)

op17: ComputedBuffer
  layout=FixedTiledLayout('spyre:0', torch.float16, size=[1, 32, 512, 512], stride=[8388608, 262144, 512, 1], device_layout=SpyreTensorLayout(device_size=[512, 1, 8, 32, 64], stride_map =[512, -1, 64, 262144, 1], device_dtype=DataFormats.SEN169_FP16))
  allocation={'lx': 589824}
  op_it_space_splits={d0: 1, d1: 32, d2: 1}
  Pointwise(
  'spyre',
  torch.float16,
  def inner_fn(index):
      _, i1, i2, i3 = index
      tmp0 = ops.load(buf15, i3 + 512 * i1 + 16384 * i2)
      tmp1 = ops.load(buf16, i2 + 512 * i1)
      tmp2 = tmp0 - tmp1
      return tmp2
  ,
  ranges=[1, 32, 512, 512],
  origin_node=sub,
  origins=OrderedSet([sub]),
  stack_traces = {,
    File "/home/adnan/codex-isolated/dldsc_granite_clean_relayout_20260703_163108/foundation-model-stack/fms/models/granite.py", line 124, in forward,
      x = self.attn(,
    File "/home/adnan/codex-isolated/dldsc_granite_clean_relayout_20260703_163108/foundation-model-stack/fms/modules/attention.py", line 713, in forward,
      attn = attn_compute_dict["compute_prefill"](,
    File "/home/adnan/codex-isolated/dldsc_granite_clean_relayout_20260703_163108/foundation-model-stack/fms/modules/attention.py", line 266, in _sdpa_compute_op,
      attn = F.scaled_dot_product_attention(,
  ,
  }
)

op18: ComputedBuffer
  layout=FixedTiledLayout('spyre:0', torch.float16, size=[1, 32, 512, 512], stride=[8388608, 262144, 512, 1], device_layout=SpyreTensorLayout(device_size=[512, 1, 8, 32, 64], stride_map =[512, -1, 64, 262144, 1], device_dtype=DataFormats.SEN169_FP16))
  allocation={'lx': 589824}
  op_it_space_splits={d0: 1, d1: 32, d2: 1}
  Pointwise(
  'spyre',
  torch.float16,
  def inner_fn(index):
      _, i1, i2, i3 = index
      tmp0 = ops.load(buf17, i3 + 512 * i2 + 262144 * i1)
      tmp1 = ops.exp(tmp0)
      return tmp1
  ,
  ranges=[1, 32, 512, 512],
  origin_node=exp,
  origins=OrderedSet([exp]),
  stack_traces = {,
    File "/home/adnan/codex-isolated/dldsc_granite_clean_relayout_20260703_163108/foundation-model-stack/fms/models/granite.py", line 124, in forward,
      x = self.attn(,
    File "/home/adnan/codex-isolated/dldsc_granite_clean_relayout_20260703_163108/foundation-model-stack/fms/modules/attention.py", line 713, in forward,
      attn = attn_compute_dict["compute_prefill"](,
    File "/home/adnan/codex-isolated/dldsc_granite_clean_relayout_20260703_163108/foundation-model-stack/fms/modules/attention.py", line 266, in _sdpa_compute_op,
      attn = F.scaled_dot_product_attention(,
  ,
  }
)

op19: ComputedBuffer
  layout=FixedTiledLayout('spyre:0', torch.float16, size=[1, 32, 512, 1], stride=[16384, 512, 1, 16384], device_layout=SpyreTensorLayout(device_size=[512, 1, 1, 1, 32, 64], stride_map =[1, -1, -1, -1, 512, -1], device_dtype=DataFormats.SEN169_FP16))
  allocation={'lx': 0}
  op_it_space_splits={d0: 1, d1: 32, d2: 1}
  Reduction(
  'spyre',
  torch.float16,
  def inner_fn(index, rindex):
      _, i1, i2, _ = index
      r0_0 = rindex
      tmp0 = ops.load(buf18, r0_0 + 512 * i2 + 262144 * i1)
      return tmp0
  ,
  ranges=[1, 32, 512, 1],
  reduction_ranges=[512],
  reduction_type=sum,
  origin_node=sum_3,
  origins=OrderedSet([sum_3]),
  stack_traces = {,
    File "/home/adnan/codex-isolated/dldsc_granite_clean_relayout_20260703_163108/foundation-model-stack/fms/models/granite.py", line 124, in forward,
      x = self.attn(,
    File "/home/adnan/codex-isolated/dldsc_granite_clean_relayout_20260703_163108/foundation-model-stack/fms/modules/attention.py", line 713, in forward,
      attn = attn_compute_dict["compute_prefill"](,
    File "/home/adnan/codex-isolated/dldsc_granite_clean_relayout_20260703_163108/foundation-model-stack/fms/modules/attention.py", line 266, in _sdpa_compute_op,
      attn = F.scaled_dot_product_attention(,
  ,
  }
)

op20: ComputedBuffer
  layout=FixedTiledLayout('spyre:0', torch.float16, size=[1, 32, 512, 512], stride=[8388608, 262144, 512, 1], device_layout=SpyreTensorLayout(device_size=[512, 1, 8, 32, 64], stride_map =[512, -1, 64, 262144, 1], device_dtype=DataFormats.SEN169_FP16))
  allocation={'lx': 589824}
  op_it_space_splits={d0: 1, d1: 32, d2: 1}
  Pointwise(
  'spyre',
  torch.float16,
  def inner_fn(index):
      _, i1, i2, i3 = index
      tmp0 = ops.load(buf18, i3 + 512 * i2 + 262144 * i1)
      tmp1 = ops.load(buf19, i2 + 512 * i1)
      tmp2 = tmp0 / tmp1
      return tmp2
  ,
  ranges=[1, 32, 512, 512],
  origin_node=expand_6,
  origins=OrderedSet([div]),
  stack_traces = {,
    File "/home/adnan/codex-isolated/dldsc_granite_clean_relayout_20260703_163108/foundation-model-stack/fms/models/granite.py", line 124, in forward,
      x = self.attn(,
    File "/home/adnan/codex-isolated/dldsc_granite_clean_relayout_20260703_163108/foundation-model-stack/fms/modules/attention.py", line 713, in forward,
      attn = attn_compute_dict["compute_prefill"](,
    File "/home/adnan/codex-isolated/dldsc_granite_clean_relayout_20260703_163108/foundation-model-stack/fms/modules/attention.py", line 266, in _sdpa_compute_op,
      attn = F.scaled_dot_product_attention(,
  ,
  }
)

op21: ComputedBuffer
  layout=FixedTiledLayout('spyre:0', torch.float16, size=[1, 8, 4, 512, 128], stride=[2097152, 262144, 65536, 128, 1], device_layout=SpyreTensorLayout(device_size=[8, 4, 512, 2, 1, 64], stride_map =[262144, 65536, 128, 64, -1, 1], device_dtype=DataFormats.SEN169_FP16))
  op_it_space_splits={d0: 1, d1: 1, d2: 32, d3: 1}
  Pointwise(
  'spyre',
  torch.float16,
  def inner_fn(index):
      _, i1, i2, i3, i4 = index
      tmp0 = ops.load(buf6, 5120 + i4 + 128 * i1 + 6144 * i3)
      return tmp0
  ,
  ranges=[1, 8, 4, 512, 128],
  origin_node=clone_1,
  origins=OrderedSet([clone_1, expand_3, unsqueeze_7, permute_2...,
  stack_traces = {,
    File "/home/adnan/codex-isolated/dldsc_granite_clean_relayout_20260703_163108/foundation-model-stack/fms/models/granite.py", line 124, in forward,
      x = self.attn(,
    File "/home/adnan/codex-isolated/dldsc_granite_clean_relayout_20260703_163108/foundation-model-stack/fms/modules/attention.py", line 713, in forward,
      attn = attn_compute_dict["compute_prefill"](,
    File "/home/adnan/codex-isolated/dldsc_granite_clean_relayout_20260703_163108/foundation-model-stack/fms/modules/attention.py", line 239, in _sdpa_compute_op,
      value_cache.unsqueeze(2).expand(-1, -1, expansion, -1, -1).flatten(1, 2),
  ,
  },
  stack_traces = {,
    File "/home/adnan/codex-isolated/dldsc_granite_clean_relayout_20260703_163108/foundation-model-stack/fms/models/granite.py", line 124, in forward,
      x = self.attn(,
    File "/home/adnan/codex-isolated/dldsc_granite_clean_relayout_20260703_163108/foundation-model-stack/fms/modules/attention.py", line 701, in forward,
      attn_compute_dict["store"](,
    File "/home/adnan/codex-isolated/dldsc_granite_clean_relayout_20260703_163108/foundation-model-stack/fms/modules/attention.py", line 177, in _sdpa_store_op,
      values = values.transpose(2, 1),
  ,
  },
  stack_traces = {,
    File "/home/adnan/codex-isolated/dldsc_granite_clean_relayout_20260703_163108/foundation-model-stack/fms/models/granite.py", line 124, in forward,
      x = self.attn(,
    File "/home/adnan/codex-isolated/dldsc_granite_clean_relayout_20260703_163108/foundation-model-stack/fms/modules/attention.py", line 686, in forward,
      values = v_out.view(batch_size, q_len, self.kvheads, self.emb_v_per_head),
  ,
  },
  stack_traces = {,
    File "/home/adnan/codex-isolated/dldsc_granite_clean_relayout_20260703_163108/foundation-model-stack/fms/models/granite.py", line 124, in forward,
      x = self.attn(,
    File "/home/adnan/codex-isolated/dldsc_granite_clean_relayout_20260703_163108/foundation-model-stack/fms/modules/attention.py", line 681, in forward,
      q_out, k_out, v_out = self.in_proj(q, k, v),
    File "/home/adnan/codex-isolated/dldsc_granite_clean_relayout_20260703_163108/foundation-model-stack/fms/modules/attention.py", line 547, in forward,
      return self.qkv_fused(qkv).split(self.splits, dim=-1),
  ,
  }
)

op22: ComputedBuffer
  layout=FixedTiledLayout('spyre:0', torch.float16, size=[1, 32, 512, 128], stride=[2097152, 65536, 128, 1], device_layout=SpyreTensorLayout(device_size=[32, 512, 2, 1, 64], stride_map =[65536, 128, 64, -1, 1], device_dtype=DataFormats.SEN169_FP16))
  allocation={'lx': 0}
  op_it_space_splits={d0: 1, d1: 32, d2: 1, d3: 1}
  Reduction(
  'spyre',
  torch.float16,
  def inner_fn(index, rindex):
      _, i1, i2, i3 = index
      r0_0 = rindex
      tmp0 = ops.load(buf20, r0_0 + 512 * i2 + 262144 * i1)
      tmp1 = ops.load(buf21, i3 + 128 * r0_0 + 65536 * i1)
      return (OpsValue('tmp0'), OpsValue('tmp1'))
  ,
  ranges=[1, 32, 512, 128],
  reduction_ranges=[512],
  reduction_type=batchmatmul,
  origin_node=batched_matmul_default,
  origins=OrderedSet([batched_matmul_default, view_13]),
  stack_traces = {,
    File "/home/adnan/codex-isolated/dldsc_granite_clean_relayout_20260703_163108/foundation-model-stack/fms/models/granite.py", line 124, in forward,
      x = self.attn(,
    File "/home/adnan/codex-isolated/dldsc_granite_clean_relayout_20260703_163108/foundation-model-stack/fms/modules/attention.py", line 713, in forward,
      attn = attn_compute_dict["compute_prefill"](,
    File "/home/adnan/codex-isolated/dldsc_granite_clean_relayout_20260703_163108/foundation-model-stack/fms/modules/attention.py", line 239, in _sdpa_compute_op,
      value_cache.unsqueeze(2).expand(-1, -1, expansion, -1, -1).flatten(1, 2),
  ,
  }
)

op23: ComputedBuffer
  layout=FixedTiledLayout('spyre:0', torch.float16, size=[1, 512, 32, 128], stride=[2097152, 4096, 128, 1], device_layout=SpyreTensorLayout(device_size=[512, 32, 2, 1, 64], stride_map =[4096, 128, 64, -1, 1], device_dtype=DataFormats.SEN169_FP16))
  op_it_space_splits={d0: 32, d1: 1, d2: 1}
  Pointwise(
  'spyre',
  torch.float16,
  def inner_fn(index):
      _, i1, i2, i3 = index
      tmp0 = ops.load(buf22, i3 + 128 * i1 + 65536 * i2)
      return tmp0
  ,
  ranges=[1, 512, 32, 128],
  origin_node=clone_2,
  origins=OrderedSet([clone_2, permute_5]),
  stack_traces = {,
    File "/home/adnan/codex-isolated/dldsc_granite_clean_relayout_20260703_163108/foundation-model-stack/fms/models/granite.py", line 124, in forward,
      x = self.attn(,
    File "/home/adnan/codex-isolated/dldsc_granite_clean_relayout_20260703_163108/foundation-model-stack/fms/modules/attention.py", line 713, in forward,
      attn = attn_compute_dict["compute_prefill"](,
    File "/home/adnan/codex-isolated/dldsc_granite_clean_relayout_20260703_163108/foundation-model-stack/fms/modules/attention.py", line 266, in _sdpa_compute_op,
      attn = F.scaled_dot_product_attention(,
  ,
  }
)

op47: ComputedBuffer
  layout=FixedTiledLayout('spyre:0', torch.float16, size=[4096, 4096], stride=[4096, 1], device_layout=SpyreTensorLayout(device_size=[64, 4096, 64], stride_map =[262144, 1, 4096], device_dtype=DataFormats.SEN169_FP16))
  op_it_space_splits={d0: 32, d1: 1}
  Pointwise(
  'spyre',
  torch.float16,
  def inner_fn(index):
      i0, i1 = index
      tmp0 = ops.load(arg5_1, i1 + 4096 * i0)
      return tmp0
  ,
  ranges=[4096, 4096],
  origin_node=restickify_default_2,
  origins=OrderedSet([restickify_default_2])
)

op24: ComputedBuffer
  layout=FixedTiledLayout('spyre:0', torch.float16, size=[1, 512, 4096], stride=[2097152, 4096, 1], device_layout=SpyreTensorLayout(device_size=[512, 64, 1, 64], stride_map =[4096, 64, -1, 1], device_dtype=DataFormats.SEN169_FP16))
  op_it_space_splits={d0: 4, d1: 8, d2: 1}
  Reduction(
  'spyre',
  torch.float16,
  def inner_fn(index, rindex):
      _, i1, i2 = index
      r0_0 = rindex
      tmp0 = ops.load(buf23, r0_0 + 4096 * i1)
      tmp1 = ops.load(arg5_1, r0_0 + 4096 * i2)
      return (OpsValue('tmp0'), OpsValue('tmp1'))
  ,
  ranges=[1, 512, 4096],
  reduction_ranges=[4096],
  reduction_type=batchmatmul,
  origin_node=view_23,
  origins=OrderedSet([bmm_3, view_21, view_20, permute_7, permu...,
  stack_traces = {,
    File "/home/adnan/codex-isolated/dldsc_granite_clean_relayout_20260703_163108/foundation-model-stack/fms/models/granite.py", line 124, in forward,
      x = self.attn(,
    File "/home/adnan/codex-isolated/dldsc_granite_clean_relayout_20260703_163108/foundation-model-stack/fms/modules/attention.py", line 736, in forward,
      out = self.dense(attn),
  ,
  },
  stack_traces = {,
    File "/home/adnan/codex-isolated/dldsc_granite_clean_relayout_20260703_163108/foundation-model-stack/fms/models/granite.py", line 124, in forward,
      x = self.attn(,
    File "/home/adnan/codex-isolated/dldsc_granite_clean_relayout_20260703_163108/foundation-model-stack/fms/modules/attention.py", line 735, in forward,
      attn = attn.view(batch_size, q_len, self.nheads * self.emb_v_per_head),
  ,
  },
  stack_traces = {,
    File "/home/adnan/codex-isolated/dldsc_granite_clean_relayout_20260703_163108/foundation-model-stack/fms/models/granite.py", line 124, in forward,
      x = self.attn(,
    File "/home/adnan/codex-isolated/dldsc_granite_clean_relayout_20260703_163108/foundation-model-stack/fms/modules/attention.py", line 713, in forward,
      attn = attn_compute_dict["compute_prefill"](,
    File "/home/adnan/codex-isolated/dldsc_granite_clean_relayout_20260703_163108/foundation-model-stack/fms/modules/attention.py", line 285, in _sdpa_compute_op,
      attn = attn.transpose(2, 1),
  ,
  },
  stack_traces = {,
    File "/home/adnan/codex-isolated/dldsc_granite_clean_relayout_20260703_163108/foundation-model-stack/fms/models/granite.py", line 124, in forward,
      x = self.attn(,
    File "/home/adnan/codex-isolated/dldsc_granite_clean_relayout_20260703_163108/foundation-model-stack/fms/modules/attention.py", line 713, in forward,
      attn = attn_compute_dict["compute_prefill"](,
    File "/home/adnan/codex-isolated/dldsc_granite_clean_relayout_20260703_163108/foundation-model-stack/fms/modules/attention.py", line 266, in _sdpa_compute_op,
      attn = F.scaled_dot_product_attention(,
  ,
  }
)

op25: ComputedBuffer
  layout=FixedTiledLayout('spyre:0', torch.float16, size=[1, 512, 4096], stride=[2097152, 4096, 1], device_layout=SpyreTensorLayout(device_size=[512, 64, 1, 64], stride_map =[4096, 64, -1, 1], device_dtype=DataFormats.SEN169_FP16))
  allocation={'lx': 0}
  op_it_space_splits={d0: 32, d1: 1}
  Pointwise(
  'spyre',
  torch.float16,
  def inner_fn(index):
      _, i1, i2 = index
      tmp0 = ops.load(buf24, i2 + 4096 * i1)
      tmp1 = ops.load(buf42, 0)
      tmp2 = tmp0 * tmp1
      return tmp2
  ,
  ranges=[1, 512, 4096],
  origin_node=None,
  origins=OrderedSet([mul_7]),
  stack_traces = {,
    File "/home/adnan/codex-isolated/dldsc_granite_clean_relayout_20260703_163108/foundation-model-stack/fms/models/granite.py", line 137, in forward,
      x = x * self.config.residual_multiplier + residual,
  ,
  }
)

op26: ComputedBuffer
  layout=FixedTiledLayout('spyre:0', torch.float16, size=[1, 512, 4096], stride=[2097152, 4096, 1], device_layout=SpyreTensorLayout(device_size=[512, 64, 1, 64], stride_map =[4096, 64, -1, 1], device_dtype=DataFormats.SEN169_FP16))
  allocation={'lx': 0}
  op_it_space_splits={d0: 32, d1: 1}
  Pointwise(
  'spyre',
  torch.float16,
  def inner_fn(index):
      _, i1, i2 = index
      tmp0 = ops.load(buf25, i2 + 4096 * i1)
      tmp1 = ops.load(arg1_1, i2 + 4096 * i1)
      tmp2 = tmp0 + tmp1
      return tmp2
  ,
  ranges=[1, 512, 4096],
  origin_node=add_2,
  origins=OrderedSet([add_2]),
  stack_traces = {,
    File "/home/adnan/codex-isolated/dldsc_granite_clean_relayout_20260703_163108/foundation-model-stack/fms/models/granite.py", line 137, in forward,
      x = x * self.config.residual_multiplier + residual,
  ,
  }
)

op27: ComputedBuffer
  layout=FixedTiledLayout('spyre:0', torch.float16, size=[1, 512, 4096], stride=[2097152, 4096, 1], device_layout=SpyreTensorLayout(device_size=[512, 64, 1, 64], stride_map =[4096, 64, -1, 1], device_dtype=DataFormats.SEN169_FP16))
  allocation={'lx': 131072}
  op_it_space_splits={d0: 32, d1: 1}
  Pointwise(
  'spyre',
  torch.float16,
  def inner_fn(index):
      _, i1, i2 = index
      tmp0 = ops.load(buf26, i2 + 4096 * i1)
      tmp1 = ops.load(buf26, i2 + 4096 * i1)
      tmp2 = tmp0 * tmp1
      return tmp2
  ,
  ranges=[1, 512, 4096],
  origin_node=mul_8,
  origins=OrderedSet([mul_8]),
  stack_traces = {,
    File "/home/adnan/codex-isolated/dldsc_granite_clean_relayout_20260703_163108/foundation-model-stack/fms/models/granite.py", line 141, in forward,
      x = self.ff_ln(x),
    File "/home/adnan/dt-inductor/.venv/lib64/python3.12/site-packages/torch/nn/functional.py", line 2954, in rms_norm,
      return torch.rms_norm(input, normalized_shape, weight, eps),
  ,
  }
)

op28: ComputedBuffer
  layout=FixedTiledLayout('spyre:0', torch.float16, size=[1, 512, 1], stride=[512, 1, 512], device_layout=SpyreTensorLayout(device_size=[1, 1, 1, 512, 64], stride_map =[-1, -1, -1, 1, -1], device_dtype=DataFormats.SEN169_FP16))
  allocation={'lx': 262144}
  op_it_space_splits={d0: 32, d1: 1}
  SpyreReduction(
  'spyre',
  torch.float16,
  def inner_fn(index, rindex):
      _, i1, _ = index
      r0_0 = rindex
      tmp0 = ops.load(buf27, r0_0 + 4096 * i1)
      return tmp0
  ,
  ranges=[1, 512, 1],
  reduction_ranges=[4096],
  reduction_type=mean,
  origin_node=mean_1,
  origins=OrderedSet([mean_1]),
  stack_traces = {,
    File "/home/adnan/codex-isolated/dldsc_granite_clean_relayout_20260703_163108/foundation-model-stack/fms/models/granite.py", line 141, in forward,
      x = self.ff_ln(x),
    File "/home/adnan/dt-inductor/.venv/lib64/python3.12/site-packages/torch/nn/functional.py", line 2954, in rms_norm,
      return torch.rms_norm(input, normalized_shape, weight, eps),
  ,
  }
)

op29: ComputedBuffer
  layout=FixedTiledLayout('spyre:0', torch.float16, size=[1, 512, 1], stride=[512, 1, 512], device_layout=SpyreTensorLayout(device_size=[1, 1, 1, 512, 64], stride_map =[-1, -1, -1, 1, -1], device_dtype=DataFormats.SEN169_FP16))
  allocation={'lx': 262144}
  op_it_space_splits={d0: 32}
  Pointwise(
  'spyre',
  torch.float16,
  def inner_fn(index):
      _, i1, _ = index
      tmp0 = ops.load(buf28, i1)
      tmp1 = ops.load(buf39, 0)
      tmp2 = tmp0 + tmp1
      return tmp2
  ,
  ranges=[1, 512, 1],
  origin_node=None,
  origins=OrderedSet([add_3]),
  stack_traces = {,
    File "/home/adnan/codex-isolated/dldsc_granite_clean_relayout_20260703_163108/foundation-model-stack/fms/models/granite.py", line 141, in forward,
      x = self.ff_ln(x),
    File "/home/adnan/dt-inductor/.venv/lib64/python3.12/site-packages/torch/nn/functional.py", line 2954, in rms_norm,
      return torch.rms_norm(input, normalized_shape, weight, eps),
  ,
  }
)

op30: ComputedBuffer
  layout=FixedTiledLayout('spyre:0', torch.float16, size=[1, 512, 1], stride=[512, 1, 512], device_layout=SpyreTensorLayout(device_size=[1, 1, 1, 512, 64], stride_map =[-1, -1, -1, 1, -1], device_dtype=DataFormats.SEN169_FP16))
  allocation={'lx': 262144}
  op_it_space_splits={d0: 32}
  Pointwise(
  'spyre',
  torch.float16,
  def inner_fn(index):
      _, i1, _ = index
      tmp0 = ops.load(buf29, i1)
      tmp1 = ops.rsqrt(tmp0)
      return tmp1
  ,
  ranges=[1, 512, 1],
  origin_node=rsqrt_1,
  origins=OrderedSet([rsqrt_1]),
  stack_traces = {,
    File "/home/adnan/codex-isolated/dldsc_granite_clean_relayout_20260703_163108/foundation-model-stack/fms/models/granite.py", line 141, in forward,
      x = self.ff_ln(x),
    File "/home/adnan/dt-inductor/.venv/lib64/python3.12/site-packages/torch/nn/functional.py", line 2954, in rms_norm,
      return torch.rms_norm(input, normalized_shape, weight, eps),
  ,
  }
)

op31: ComputedBuffer
  layout=FixedTiledLayout('spyre:0', torch.float16, size=[1, 512, 4096], stride=[2097152, 4096, 1], device_layout=SpyreTensorLayout(device_size=[1, 64, 512, 64], stride_map =[-1, 64, 4096, 1], device_dtype=DataFormats.SEN169_FP16))
  allocation={'lx': 264192}
  op_it_space_splits={d0: 32, d1: 1}
  Pointwise(
  'spyre',
  torch.float16,
  def inner_fn(index):
      _, i1, i2 = index
      tmp0 = ops.load(buf26, i2 + 4096 * i1)
      tmp1 = ops.load(buf30, i1)
      tmp2 = tmp0 * tmp1
      return tmp2
  ,
  ranges=[1, 512, 4096],
  origin_node=mul_9,
  origins=OrderedSet([mul_9]),
  stack_traces = {,
    File "/home/adnan/codex-isolated/dldsc_granite_clean_relayout_20260703_163108/foundation-model-stack/fms/models/granite.py", line 141, in forward,
      x = self.ff_ln(x),
    File "/home/adnan/dt-inductor/.venv/lib64/python3.12/site-packages/torch/nn/functional.py", line 2954, in rms_norm,
      return torch.rms_norm(input, normalized_shape, weight, eps),
  ,
  }
)

op32: ComputedBuffer
  layout=FixedTiledLayout('spyre:0', torch.float16, size=[1, 512, 4096], stride=[2097152, 4096, 1], device_layout=SpyreTensorLayout(device_size=[1, 64, 512, 64], stride_map =[-1, 64, 4096, 1], device_dtype=DataFormats.SEN169_FP16))
  op_it_space_splits={d0: 32, d1: 1}
  Pointwise(
  'spyre',
  torch.float16,
  def inner_fn(index):
      _, i1, i2 = index
      tmp0 = ops.load(buf31, i2 + 4096 * i1)
      tmp1 = ops.load(arg6_1, i2)
      tmp2 = tmp0 * tmp1
      return tmp2
  ,
  ranges=[1, 512, 4096],
  origin_node=view_24,
  origins=OrderedSet([mul_10]),
  stack_traces = {,
    File "/home/adnan/codex-isolated/dldsc_granite_clean_relayout_20260703_163108/foundation-model-stack/fms/models/granite.py", line 141, in forward,
      x = self.ff_ln(x),
    File "/home/adnan/dt-inductor/.venv/lib64/python3.12/site-packages/torch/nn/functional.py", line 2954, in rms_norm,
      return torch.rms_norm(input, normalized_shape, weight, eps),
  ,
  }
)

op48: ComputedBuffer
  layout=FixedTiledLayout('spyre:0', torch.float16, size=[25600, 4096], stride=[4096, 1], device_layout=SpyreTensorLayout(device_size=[400, 4096, 64], stride_map =[262144, 1, 4096], device_dtype=DataFormats.SEN169_FP16))
  op_it_space_splits={d0: 25, d1: 1}
  Pointwise(
  'spyre',
  torch.float16,
  def inner_fn(index):
      i0, i1 = index
      tmp0 = ops.load(arg7_1, i1 + 4096 * i0)
      return tmp0
  ,
  ranges=[25600, 4096],
  origin_node=restickify_default_3,
  origins=OrderedSet([restickify_default_3])
)

op33: ComputedBuffer
  layout=FixedTiledLayout('spyre:0', torch.float16, size=[1, 512, 25600], stride=[13107200, 25600, 1], device_layout=SpyreTensorLayout(device_size=[512, 400, 1, 64], stride_map =[25600, 64, -1, 1], device_dtype=DataFormats.SEN169_FP16))
  op_it_space_splits={d0: 4, d1: 8, d2: 1}
  Reduction(
  'spyre',
  torch.float16,
  def inner_fn(index, rindex):
      _, i1, i2 = index
      r0_0 = rindex
      tmp0 = ops.load(buf32, r0_0 + 4096 * i1)
      tmp1 = ops.load(arg7_1, r0_0 + 4096 * i2)
      return (OpsValue('tmp0'), OpsValue('tmp1'))
  ,
  ranges=[1, 512, 25600],
  reduction_ranges=[4096],
  reduction_type=batchmatmul,
  origin_node=view_26,
  origins=OrderedSet([bmm_4, view_25, unsqueeze_9, permute_9]),
  stack_traces = {,
    File "/home/adnan/codex-isolated/dldsc_granite_clean_relayout_20260703_163108/foundation-model-stack/fms/models/granite.py", line 142, in forward,
      x = self.ff_sub_layer(x),
    File "/home/adnan/codex-isolated/dldsc_granite_clean_relayout_20260703_163108/foundation-model-stack/fms/modules/feedforward.py", line 290, in forward,
      out_fused = self.wg1_fused(x),
  ,
  }
)

op34: ComputedBuffer
  layout=FixedTiledLayout('spyre:0', torch.float16, size=[1, 512, 12800], stride=[6553600, 12800, 1], device_layout=SpyreTensorLayout(device_size=[1, 200, 512, 64], stride_map =[-1, 64, 12800, 1], device_dtype=DataFormats.SEN169_FP16))
  allocation={'lx': 131072}
  op_it_space_splits={d0: 32, d1: 1}
  Pointwise(
  'spyre',
  torch.float16,
  def inner_fn(index):
      _, i1, i2 = index
      tmp0 = ops.load(buf33, i2 + 25600 * i1)
      tmp1 = ops.silu(tmp0)
      return tmp1
  ,
  ranges=[1, 512, 12800],
  origin_node=silu,
  origins=OrderedSet([silu, split_with_sizes_1]),
  stack_traces = {,
    File "/home/adnan/codex-isolated/dldsc_granite_clean_relayout_20260703_163108/foundation-model-stack/fms/models/granite.py", line 142, in forward,
      x = self.ff_sub_layer(x),
    File "/home/adnan/codex-isolated/dldsc_granite_clean_relayout_20260703_163108/foundation-model-stack/fms/modules/feedforward.py", line 292, in forward,
      out = self.a(wg) * w1,
  ,
  },
  stack_traces = {,
    File "/home/adnan/codex-isolated/dldsc_granite_clean_relayout_20260703_163108/foundation-model-stack/fms/models/granite.py", line 142, in forward,
      x = self.ff_sub_layer(x),
    File "/home/adnan/codex-isolated/dldsc_granite_clean_relayout_20260703_163108/foundation-model-stack/fms/modules/feedforward.py", line 291, in forward,
      wg, w1 = torch.split(out_fused, [self.hidden_dim, self.hidden_dim], dim=2),
  ,
  }
)

op35: ComputedBuffer
  layout=FixedTiledLayout('spyre:0', torch.float16, size=[1, 512, 12800], stride=[6553600, 12800, 1], device_layout=SpyreTensorLayout(device_size=[1, 200, 512, 64], stride_map =[-1, 64, 12800, 1], device_dtype=DataFormats.SEN169_FP16))
  op_it_space_splits={d0: 32, d1: 1}
  Pointwise(
  'spyre',
  torch.float16,
  def inner_fn(index):
      _, i1, i2 = index
      tmp0 = ops.load(buf34, i2 + 12800 * i1)
      tmp1 = ops.load(buf33, 12800 + i2 + 25600 * i1)
      tmp2 = tmp0 * tmp1
      return tmp2
  ,
  ranges=[1, 512, 12800],
  origin_node=view_27,
  origins=OrderedSet([mul_11, split_with_sizes_1]),
  stack_traces = {,
    File "/home/adnan/codex-isolated/dldsc_granite_clean_relayout_20260703_163108/foundation-model-stack/fms/models/granite.py", line 142, in forward,
      x = self.ff_sub_layer(x),
    File "/home/adnan/codex-isolated/dldsc_granite_clean_relayout_20260703_163108/foundation-model-stack/fms/modules/feedforward.py", line 292, in forward,
      out = self.a(wg) * w1,
  ,
  },
  stack_traces = {,
    File "/home/adnan/codex-isolated/dldsc_granite_clean_relayout_20260703_163108/foundation-model-stack/fms/models/granite.py", line 142, in forward,
      x = self.ff_sub_layer(x),
    File "/home/adnan/codex-isolated/dldsc_granite_clean_relayout_20260703_163108/foundation-model-stack/fms/modules/feedforward.py", line 291, in forward,
      wg, w1 = torch.split(out_fused, [self.hidden_dim, self.hidden_dim], dim=2),
  ,
  }
)

op49: ComputedBuffer
  layout=FixedTiledLayout('spyre:0', torch.float16, size=[4096, 12800], stride=[12800, 1], device_layout=SpyreTensorLayout(device_size=[64, 12800, 64], stride_map =[819200, 1, 12800], device_dtype=DataFormats.SEN169_FP16))
  op_it_space_splits={d0: 1, d1: 25}
  Pointwise(
  'spyre',
  torch.float16,
  def inner_fn(index):
      i0, i1 = index
      tmp0 = ops.load(arg8_1, i1 + 12800 * i0)
      return tmp0
  ,
  ranges=[4096, 12800],
  origin_node=restickify_default_4,
  origins=OrderedSet([restickify_default_4])
)

op36: ComputedBuffer
  layout=FixedTiledLayout('spyre:0', torch.float16, size=[1, 512, 4096], stride=[2097152, 4096, 1], device_layout=SpyreTensorLayout(device_size=[512, 64, 1, 64], stride_map =[4096, 64, -1, 1], device_dtype=DataFormats.SEN169_FP16))
  op_it_space_splits={d0: 8, d1: 4, d2: 1}
  Reduction(
  'spyre',
  torch.float16,
  def inner_fn(index, rindex):
      _, i1, i2 = index
      r0_0 = rindex
      tmp0 = ops.load(buf35, r0_0 + 12800 * i1)
      tmp1 = ops.load(arg8_1, r0_0 + 12800 * i2)
      return (OpsValue('tmp0'), OpsValue('tmp1'))
  ,
  ranges=[1, 512, 4096],
  reduction_ranges=[12800],
  reduction_type=batchmatmul,
  origin_node=view_29,
  origins=OrderedSet([bmm_5, view_28, unsqueeze_10, permute_10]),
  stack_traces = {,
    File "/home/adnan/codex-isolated/dldsc_granite_clean_relayout_20260703_163108/foundation-model-stack/fms/models/granite.py", line 142, in forward,
      x = self.ff_sub_layer(x),
    File "/home/adnan/codex-isolated/dldsc_granite_clean_relayout_20260703_163108/foundation-model-stack/fms/modules/feedforward.py", line 297, in forward,
      return self.w2(out),
  ,
  }
)

op37: ComputedBuffer
  layout=FixedTiledLayout('spyre:0', torch.float16, size=[1, 512, 4096], stride=[2097152, 4096, 1], device_layout=SpyreTensorLayout(device_size=[512, 64, 1, 64], stride_map =[4096, 64, -1, 1], device_dtype=DataFormats.SEN169_FP16))
  allocation={'lx': 131072}
  op_it_space_splits={d0: 32, d1: 1}
  Pointwise(
  'spyre',
  torch.float16,
  def inner_fn(index):
      _, i1, i2 = index
      tmp0 = ops.load(buf36, i2 + 4096 * i1)
      tmp1 = ops.load(buf42, 0)
      tmp2 = tmp0 * tmp1
      return tmp2
  ,
  ranges=[1, 512, 4096],
  origin_node=None,
  origins=OrderedSet([mul_12]),
  stack_traces = {,
    File "/home/adnan/codex-isolated/dldsc_granite_clean_relayout_20260703_163108/foundation-model-stack/fms/models/granite.py", line 146, in forward,
      x = x * self.config.residual_multiplier + residual,
  ,
  }
)

op38: ComputedBuffer
  layout=FixedTiledLayout('spyre:0', torch.float16, size=[1, 512, 4096], stride=[2097152, 4096, 1], device_layout=SpyreTensorLayout(device_size=[512, 64, 1, 64], stride_map =[4096, 64, -1, 1], device_dtype=DataFormats.SEN169_FP16))
  op_it_space_splits={d0: 32, d1: 1}
  Pointwise(
  'spyre',
  torch.float16,
  def inner_fn(index):
      _, i1, i2 = index
      tmp0 = ops.load(buf37, i2 + 4096 * i1)
      tmp1 = ops.load(buf26, i2 + 4096 * i1)
      tmp2 = tmp0 + tmp1
      return tmp2
  ,
  ranges=[1, 512, 4096],
  origin_node=add_4,
  origins=OrderedSet([add_4]),
  stack_traces = {,
    File "/home/adnan/codex-isolated/dldsc_granite_clean_relayout_20260703_163108/foundation-model-stack/fms/models/granite.py", line 146, in forward,
      x = x * self.config.residual_multiplier + residual,
  ,
  }
)


[DEBUG] [spyre.inductor.MEMORY_PLANNING] memory_planning: buf5  live=[8,10]  size=4194304  offset=0
[DEBUG] [spyre.inductor.MEMORY_PLANNING] memory_planning: buf45  live=[9,10]  size=50331648  offset=4194304
[DEBUG] [spyre.inductor.MEMORY_PLANNING] memory_planning: buf12  live=[16,17]  size=4194304  offset=0
[DEBUG] [spyre.inductor.MEMORY_PLANNING] memory_planning: buf14  live=[19,20]  size=16777216  offset=4194304
[DEBUG] [spyre.inductor.MEMORY_PLANNING] memory_planning: buf21  live=[26,27]  size=4194304  offset=0
[DEBUG] [spyre.inductor.MEMORY_PLANNING] memory_planning: buf23  live=[28,30]  size=4194304  offset=20971520
[DEBUG] [spyre.inductor.MEMORY_PLANNING] memory_planning: buf47  live=[29,30]  size=33554432  offset=54525952
[DEBUG] [spyre.inductor.MEMORY_PLANNING] memory_planning: buf24  live=[30,31]  size=4194304  offset=4194304
[DEBUG] [spyre.inductor.MEMORY_PLANNING] memory_planning: buf32  live=[38,40]  size=4194304  offset=0
[DEBUG] [spyre.inductor.MEMORY_PLANNING] memory_planning: buf48  live=[39,40]  size=209715200  offset=88080384
[DEBUG] [spyre.inductor.MEMORY_PLANNING] memory_planning: buf33  live=[40,42]  size=26214400  offset=25165824
[DEBUG] [spyre.inductor.MEMORY_PLANNING] memory_planning: buf35  live=[42,44]  size=13107200  offset=54525952
[DEBUG] [spyre.inductor.MEMORY_PLANNING] memory_planning: buf49  live=[43,44]  size=104857600  offset=88080384
[DEBUG] [spyre.inductor.MEMORY_PLANNING] memory_planning: buf36  live=[44,45]  size=4194304  offset=8388608
[INFO] [spyre.inductor.MEMORY_PLANNING] memory_planning: assigned 14 intermediates, peak concurrent usage 0.22 GB, pool extent 0.28 GB / 16.00 GB
[DEBUG] [spyre.inductor.spyre_kernel] kernel_load: arg1_1, shape=[1, 512, 4096], device_size=[512, 64, 1, 64]
[DEBUG] [spyre.inductor.spyre_kernel] kernel_load: arg1_1, shape=[1, 512, 4096], device_size=[512, 64, 1, 64]
[DEBUG] [spyre.inductor.spyre_kernel] kernel_store: buf0 (type: PointwiseOp), shape=[1, 512, 4096], device_size=[512, 64, 1, 64], op_info={}
[DEBUG] [spyre.inductor.spyre_kernel] kernel_load: buf0, shape=[1, 512, 4096], device_size=[512, 64, 1, 64]
[DEBUG] [spyre.inductor.spyre_kernel] kernel_store_reduction: buf1 (op: mean), shape=[1, 512, 1], device_size=[1, 1, 1, 512, 64], op_info={'constants': {'scaling_factor': 0.000244140625000000}}
[DEBUG] [spyre.inductor.spyre_kernel] kernel_load: buf1, shape=[1, 512, 1], device_size=[1, 1, 1, 512, 64]
[DEBUG] [spyre.inductor.spyre_kernel] kernel_load: buf39, shape=[], device_size=[1, 64]
[DEBUG] [spyre.inductor.spyre_kernel] kernel_store: buf2 (type: PointwiseOp), shape=[1, 512, 1], device_size=[1, 1, 1, 512, 64], op_info={}
[DEBUG] [spyre.inductor.spyre_kernel] kernel_load: buf2, shape=[1, 512, 1], device_size=[1, 1, 1, 512, 64]
[DEBUG] [spyre.inductor.spyre_kernel] kernel_store: buf3 (type: PointwiseOp), shape=[1, 512, 1], device_size=[1, 1, 1, 512, 64], op_info={}
[DEBUG] [spyre.inductor.spyre_kernel] kernel_load: arg1_1, shape=[1, 512, 4096], device_size=[512, 64, 1, 64]
[DEBUG] [spyre.inductor.spyre_kernel] kernel_load: buf3, shape=[1, 512, 1], device_size=[1, 1, 1, 512, 64]
[DEBUG] [spyre.inductor.spyre_kernel] kernel_store: buf4 (type: PointwiseOp), shape=[1, 512, 4096], device_size=[1, 64, 512, 64], op_info={}
[DEBUG] [spyre.inductor.spyre_kernel] kernel_load: buf4, shape=[1, 512, 4096], device_size=[1, 64, 512, 64]
[DEBUG] [spyre.inductor.spyre_kernel] kernel_load: arg0_1, shape=[4096], device_size=[64, 64]
[DEBUG] [spyre.inductor.spyre_kernel] kernel_store: buf5 (type: PointwiseOp), shape=[1, 512, 4096], device_size=[1, 64, 512, 64], op_info={}
[DEBUG] [spyre.inductor.spyre_kernel] kernel_load: arg2_1, shape=[6144, 4096], device_size=[64, 6144, 64]
[DEBUG] [spyre.inductor.spyre_kernel] kernel_store: buf45 (type: TensorAccess), shape=[6144, 4096], device_size=[96, 4096, 64], op_info={}
[DEBUG] [spyre.inductor.spyre_kernel] kernel_load: buf5, shape=[1, 512, 4096], device_size=[1, 64, 512, 64]
[DEBUG] [spyre.inductor.spyre_kernel] kernel_load: buf45, shape=[6144, 4096], device_size=[96, 4096, 64]
[DEBUG] [spyre.inductor.spyre_kernel] kernel_store_reduction: buf6 (op: batchmatmul), shape=[1, 512, 6144], device_size=[512, 96, 1, 64], op_info={}
[DEBUG] [spyre.inductor.spyre_kernel] op_spec: mul, is_reduction=False, iteration_space={c0: (512, 32), c1: (4096, 1)}, op_info={}
[DEBUG] [spyre.inductor.spyre_kernel] op_spec: mean, is_reduction=True, iteration_space={c0: (512, 32), c1: (4096, 1)}, op_info={'constants': {'scaling_factor': 0.000244140625000000}}
[DEBUG] [spyre.inductor.spyre_kernel] op_spec: add, is_reduction=False, iteration_space={c0: (512, 32)}, op_info={}
[DEBUG] [spyre.inductor.spyre_kernel] op_spec: rsqrt, is_reduction=False, iteration_space={c0: (512, 32)}, op_info={}
[DEBUG] [spyre.inductor.spyre_kernel] op_spec: mul, is_reduction=False, iteration_space={c0: (512, 32), c1: (4096, 1)}, op_info={}
[DEBUG] [spyre.inductor.spyre_kernel] op_spec: mul, is_reduction=False, iteration_space={c0: (512, 32), c1: (4096, 1)}, op_info={}
[DEBUG] [spyre.inductor.spyre_kernel] op_spec: ReStickifyOpHBM, is_reduction=False, iteration_space={c0: (6144, 32), c1: (4096, 1)}, op_info={}
[DEBUG] [spyre.inductor.spyre_kernel] op_spec: batchmatmul, is_reduction=True, iteration_space={c0: (512, 4), c1: (6144, 8), c2: (4096, 1)}, op_info={'lx_relayout_classifications': [{'source_name': 'buf45', 'producer_name': 'buf45', 'consumer_name': 'buf6', 'kind': 'matmul_operand_broadcast', 'producer_core_count': 32, 'consumer_core_count': 32, 'producer_core_id_to_device_slice': {'0': {'0': 0}, '1': {'0': 1}, '2': {'0': 2}, '3': {'0': 3}, '4': {'0': 4}, '5': {'0': 5}, '6': {'0': 6}, '7': {'0': 7}, '8': {'0': 8}, '9': {'0': 9}, '10': {'0': 10}, '11': {'0': 11}, '12': {'0': 12}, '13': {'0': 13}, '14': {'0': 14}, '15': {'0': 15}, '16': {'0': 16}, '17': {'0': 17}, '18': {'0': 18}, '19': {'0': 19}, '20': {'0': 20}, '21': {'0': 21}, '22': {'0': 22}, '23': {'0': 23}, '24': {'0': 24}, '25': {'0': 25}, '26': {'0': 26}, '27': {'0': 27}, '28': {'0': 28}, '29': {'0': 29}, '30': {'0': 30}, '31': {'0': 31}}, 'producer_work_slice_dims': {'0': 32}, 'consumer_work_slice_dims': {'0': 8}, 'consumer_core_id_to_device_slice': {'0': {'0': 0}, '1': {'0': 0}, '2': {'0': 0}, '3': {'0': 0}, '4': {'0': 1}, '5': {'0': 1}, '6': {'0': 1}, '7': {'0': 1}, '8': {'0': 2}, '9': {'0': 2}, '10': {'0': 2}, '11': {'0': 2}, '12': {'0': 3}, '13': {'0': 3}, '14': {'0': 3}, '15': {'0': 3}, '16': {'0': 4}, '17': {'0': 4}, '18': {'0': 4}, '19': {'0': 4}, '20': {'0': 5}, '21': {'0': 5}, '22': {'0': 5}, '23': {'0': 5}, '24': {'0': 6}, '25': {'0': 6}, '26': {'0': 6}, '27': {'0': 6}, '28': {'0': 7}, '29': {'0': 7}, '30': {'0': 7}, '31': {'0': 7}}, 'read_index': 1, 'realized': False, 'communication_class': 'all_gather', 'communication_pattern': 'all_gather_replicate', 'max_fanout': 4, 'max_fanin': 4, 'transfer_count': 128, 'requires_staged_realization': True, 'unsupported_reason': 'matmul operand all-gather/broadcast metadata only; backend must stage materialization through the matmul transfer loop', 'classification': 'matmul_operand_broadcast', 'producer_op': 'restickify', 'consumer_op': 'batchmatmul', 'operand_read_index': 1, 'operand_role': 'rhs', 'consumer_tensor_work_slice_dims': {'0': 8}, 'consumer_compute_work_slice_dims': {'6144': 4, '1': 8}, 'operand_kernel_layout': {'layoutDimOrder_': ['out', 'in', 'x'], 'stickDimOrder_': ['out']}, 'staging_scope': 'matmul_transfer_loop'}]}
[DEBUG] [spyre.inductor.spyre_kernel] kernel_load: arg3_1, shape=[1, 512, 2, 2, 64], device_size=[512, 2, 2, 1, 1, 64]
[DEBUG] [spyre.inductor.spyre_kernel] kernel_load: buf6, shape=[1, 512, 6144], device_size=[512, 96, 1, 64]
[DEBUG] [spyre.inductor.spyre_kernel] kernel_store: buf7 (type: PointwiseOp), shape=[1, 512, 32, 2, 2, 64], device_size=[32, 2, 2, 1, 1, 512, 64], op_info={}
[DEBUG] [spyre.inductor.spyre_kernel] kernel_load: buf7, shape=[1, 512, 32, 2, 2, 64], device_size=[32, 2, 2, 1, 1, 512, 64]
[DEBUG] [spyre.inductor.spyre_kernel] kernel_store_reduction: buf8 (op: sum), shape=[1, 512, 32, 2, 1, 64], device_size=[32, 2, 1, 1, 1, 512, 64], op_info={}
[DEBUG] [spyre.inductor.spyre_kernel] kernel_load: buf8, shape=[1, 512, 32, 2, 1, 64], device_size=[32, 2, 1, 1, 1, 512, 64]
[DEBUG] [spyre.inductor.spyre_kernel] kernel_load: buf40, shape=[], device_size=[1, 64]
[DEBUG] [spyre.inductor.spyre_kernel] kernel_store: buf9 (type: PointwiseOp), shape=[1, 32, 512, 128], device_size=[512, 1, 2, 32, 64], op_info={}
[DEBUG] [spyre.inductor.spyre_kernel] kernel_load: arg3_1, shape=[1, 512, 2, 2, 64], device_size=[512, 2, 2, 1, 1, 64]
[DEBUG] [spyre.inductor.spyre_kernel] kernel_load: buf6, shape=[1, 512, 6144], device_size=[512, 96, 1, 64]
[DEBUG] [spyre.inductor.spyre_kernel] kernel_store: buf10 (type: PointwiseOp), shape=[1, 512, 8, 2, 2, 64], device_size=[8, 2, 2, 1, 1, 512, 64], op_info={}
[DEBUG] [spyre.inductor.spyre_kernel] kernel_load: buf10, shape=[1, 512, 8, 2, 2, 64], device_size=[8, 2, 2, 1, 1, 512, 64]
[DEBUG] [spyre.inductor.spyre_kernel] kernel_store_reduction: buf11 (op: sum), shape=[1, 512, 8, 2, 1, 64], device_size=[8, 2, 1, 1, 1, 512, 64], op_info={}
[DEBUG] [spyre.inductor.spyre_kernel] kernel_load: buf11, shape=[1, 512, 8, 2, 1, 64], device_size=[8, 2, 1, 1, 1, 512, 64]
[DEBUG] [spyre.inductor.spyre_kernel] kernel_store: buf12 (type: TensorAccess), shape=[1, 8, 4, 512, 128], device_size=[8, 4, 512, 2, 1, 64], op_info={}
[DEBUG] [spyre.inductor.spyre_kernel] kernel_load: buf12, shape=[1, 8, 4, 512, 128], device_size=[8, 4, 512, 2, 1, 64]
[DEBUG] [spyre.inductor.spyre_kernel] kernel_load: buf40, shape=[], device_size=[1, 64]
[DEBUG] [spyre.inductor.spyre_kernel] kernel_store: buf13 (type: PointwiseOp), shape=[1, 32, 512, 128], device_size=[512, 1, 2, 32, 64], op_info={}
[DEBUG] [spyre.inductor.spyre_kernel] kernel_load: buf13, shape=[1, 32, 512, 128], device_size=[512, 1, 2, 32, 64]
[DEBUG] [spyre.inductor.spyre_kernel] kernel_store: buf46 (type: TensorAccess), shape=[1, 32, 512, 128], device_size=[128, 1, 8, 32, 64], op_info={}
[DEBUG] [spyre.inductor.spyre_kernel] kernel_load: buf9, shape=[1, 32, 512, 128], device_size=[512, 1, 2, 32, 64]
[DEBUG] [spyre.inductor.spyre_kernel] kernel_load: buf46, shape=[1, 32, 512, 128], device_size=[128, 1, 8, 32, 64]
[DEBUG] [spyre.inductor.spyre_kernel] kernel_store_reduction: buf14 (op: batchmatmul), shape=[1, 32, 512, 512], device_size=[32, 512, 8, 1, 64], op_info={}
[DEBUG] [spyre.inductor.spyre_kernel] kernel_load: buf14, shape=[1, 32, 512, 512], device_size=[32, 512, 8, 1, 64]
[DEBUG] [spyre.inductor.spyre_kernel] kernel_load: arg4_1, shape=[1, 512, 512], device_size=[512, 8, 1, 64]
[DEBUG] [spyre.inductor.spyre_kernel] kernel_store: buf15 (type: PointwiseOp), shape=[1, 32, 512, 512], device_size=[512, 1, 8, 32, 64], op_info={}
[DEBUG] [spyre.inductor.spyre_kernel] kernel_load: buf15, shape=[1, 32, 512, 512], device_size=[512, 1, 8, 32, 64]
[DEBUG] [spyre.inductor.spyre_kernel] kernel_store_reduction: buf16 (op: max), shape=[1, 32, 512, 1], device_size=[512, 1, 1, 1, 32, 64], op_info={}
[DEBUG] [spyre.inductor.spyre_kernel] kernel_load: buf15, shape=[1, 32, 512, 512], device_size=[512, 1, 8, 32, 64]
[DEBUG] [spyre.inductor.spyre_kernel] kernel_load: buf16, shape=[1, 32, 512, 1], device_size=[512, 1, 1, 1, 32, 64]
[DEBUG] [spyre.inductor.spyre_kernel] kernel_store: buf17 (type: PointwiseOp), shape=[1, 32, 512, 512], device_size=[512, 1, 8, 32, 64], op_info={}
[DEBUG] [spyre.inductor.spyre_kernel] kernel_load: buf17, shape=[1, 32, 512, 512], device_size=[512, 1, 8, 32, 64]
[DEBUG] [spyre.inductor.spyre_kernel] kernel_store: buf18 (type: PointwiseOp), shape=[1, 32, 512, 512], device_size=[512, 1, 8, 32, 64], op_info={}
[DEBUG] [spyre.inductor.spyre_kernel] kernel_load: buf18, shape=[1, 32, 512, 512], device_size=[512, 1, 8, 32, 64]
[DEBUG] [spyre.inductor.spyre_kernel] kernel_store_reduction: buf19 (op: sum), shape=[1, 32, 512, 1], device_size=[512, 1, 1, 1, 32, 64], op_info={}
[DEBUG] [spyre.inductor.spyre_kernel] kernel_load: buf18, shape=[1, 32, 512, 512], device_size=[512, 1, 8, 32, 64]
[DEBUG] [spyre.inductor.spyre_kernel] kernel_load: buf19, shape=[1, 32, 512, 1], device_size=[512, 1, 1, 1, 32, 64]
[DEBUG] [spyre.inductor.spyre_kernel] kernel_store: buf20 (type: PointwiseOp), shape=[1, 32, 512, 512], device_size=[512, 1, 8, 32, 64], op_info={}
[DEBUG] [spyre.inductor.spyre_kernel] kernel_load: buf6, shape=[1, 512, 6144], device_size=[512, 96, 1, 64]
[DEBUG] [spyre.inductor.spyre_kernel] kernel_store: buf21 (type: TensorAccess), shape=[1, 8, 4, 512, 128], device_size=[8, 4, 512, 2, 1, 64], op_info={}
[DEBUG] [spyre.inductor.spyre_kernel] kernel_load: buf20, shape=[1, 32, 512, 512], device_size=[512, 1, 8, 32, 64]
[DEBUG] [spyre.inductor.spyre_kernel] kernel_load: buf21, shape=[1, 8, 4, 512, 128], device_size=[8, 4, 512, 2, 1, 64]
[DEBUG] [spyre.inductor.spyre_kernel] kernel_store_reduction: buf22 (op: batchmatmul), shape=[1, 32, 512, 128], device_size=[32, 512, 2, 1, 64], op_info={}
[DEBUG] [spyre.inductor.spyre_kernel] kernel_load: buf22, shape=[1, 32, 512, 128], device_size=[32, 512, 2, 1, 64]
[DEBUG] [spyre.inductor.spyre_kernel] kernel_store: buf23 (type: TensorAccess), shape=[1, 512, 32, 128], device_size=[512, 32, 2, 1, 64], op_info={}
[DEBUG] [spyre.inductor.spyre_kernel] op_spec: mul, is_reduction=False, iteration_space={d0: (512, 32), d1: (32, 1), d2: (2, 1), d3: (64, 1), d4: (2, 1)}, op_info={}
[DEBUG] [spyre.inductor.spyre_kernel] op_spec: sum, is_reduction=True, iteration_space={c0: (512, 32), c1: (32, 1), c2: (2, 1), c3: (64, 1), c4: (2, 1)}, op_info={}
[DEBUG] [spyre.inductor.spyre_kernel] op_spec: mul, is_reduction=False, iteration_space={c0: (512, 32), c1: (32, 1), c2: (128, 1)}, op_info={}
[DEBUG] [spyre.inductor.spyre_kernel] op_spec: mul, is_reduction=False, iteration_space={d0: (512, 32), d1: (8, 1), d2: (2, 1), d3: (64, 1), d4: (2, 1)}, op_info={}
[DEBUG] [spyre.inductor.spyre_kernel] op_spec: sum, is_reduction=True, iteration_space={c0: (512, 32), c1: (8, 1), c2: (2, 1), c3: (64, 1), c4: (2, 1)}, op_info={}
[DEBUG] [spyre.inductor.spyre_kernel] op_spec: identity, is_reduction=False, iteration_space={c0: (8, 1), c1: (4, 1), c2: (512, 32), c3: (128, 1)}, op_info={}
[DEBUG] [spyre.inductor.spyre_kernel] op_spec: mul, is_reduction=False, iteration_space={c0: (32, 1), c1: (512, 32), c2: (128, 1)}, op_info={}
[DEBUG] [spyre.inductor.spyre_kernel] op_spec: ReStickifyOpLx, is_reduction=False, iteration_space={c0: (32, 32), c1: (512, 1), c2: (128, 1)}, op_info={}
[DEBUG] [spyre.inductor.spyre_kernel] op_spec: batchmatmul, is_reduction=True, iteration_space={c0: (512, 16), c1: (32, 1), c2: (512, 2), c3: (128, 1)}, op_info={'lx_relayout_classifications': [{'source_name': 'buf46', 'producer_name': 'buf46', 'consumer_name': 'buf14', 'kind': 'matmul_operand_broadcast', 'producer_core_count': 32, 'consumer_core_count': 32, 'producer_core_id_to_device_slice': {'0': {'3': 0}, '1': {'3': 1}, '2': {'3': 2}, '3': {'3': 3}, '4': {'3': 4}, '5': {'3': 5}, '6': {'3': 6}, '7': {'3': 7}, '8': {'3': 8}, '9': {'3': 9}, '10': {'3': 10}, '11': {'3': 11}, '12': {'3': 12}, '13': {'3': 13}, '14': {'3': 14}, '15': {'3': 15}, '16': {'3': 16}, '17': {'3': 17}, '18': {'3': 18}, '19': {'3': 19}, '20': {'3': 20}, '21': {'3': 21}, '22': {'3': 22}, '23': {'3': 23}, '24': {'3': 24}, '25': {'3': 25}, '26': {'3': 26}, '27': {'3': 27}, '28': {'3': 28}, '29': {'3': 29}, '30': {'3': 30}, '31': {'3': 31}}, 'producer_work_slice_dims': {'3': 32}, 'consumer_work_slice_dims': {'2': 2}, 'consumer_core_id_to_device_slice': {'0': {'2': 0}, '1': {'2': 0}, '2': {'2': 0}, '3': {'2': 0}, '4': {'2': 0}, '5': {'2': 0}, '6': {'2': 0}, '7': {'2': 0}, '8': {'2': 0}, '9': {'2': 0}, '10': {'2': 0}, '11': {'2': 0}, '12': {'2': 0}, '13': {'2': 0}, '14': {'2': 0}, '15': {'2': 0}, '16': {'2': 1}, '17': {'2': 1}, '18': {'2': 1}, '19': {'2': 1}, '20': {'2': 1}, '21': {'2': 1}, '22': {'2': 1}, '23': {'2': 1}, '24': {'2': 1}, '25': {'2': 1}, '26': {'2': 1}, '27': {'2': 1}, '28': {'2': 1}, '29': {'2': 1}, '30': {'2': 1}, '31': {'2': 1}}, 'read_index': 1, 'realized': False, 'communication_class': 'all_gather', 'communication_pattern': 'all_gather_replicate', 'max_fanout': 32, 'max_fanin': 32, 'transfer_count': 1024, 'requires_staged_realization': True, 'unsupported_reason': 'matmul operand all-gather/broadcast metadata only; backend must stage materialization through the matmul transfer loop', 'classification': 'matmul_operand_broadcast', 'producer_op': 'restickify', 'consumer_op': 'batchmatmul', 'operand_read_index': 1, 'operand_role': 'rhs', 'consumer_tensor_work_slice_dims': {'2': 2}, 'consumer_compute_work_slice_dims': {'16384': 16, '1': 2}, 'operand_kernel_layout': {'layoutDimOrder_': ['out', 'in', 'x'], 'stickDimOrder_': ['out']}, 'staging_scope': 'matmul_transfer_loop'}]}
[DEBUG] [spyre.inductor.spyre_kernel] op_spec: add, is_reduction=False, iteration_space={d0: (32, 1), d1: (512, 32), d2: (512, 1)}, op_info={}
[DEBUG] [spyre.inductor.spyre_kernel] op_spec: max, is_reduction=True, iteration_space={c0: (32, 1), c1: (512, 32), c2: (512, 1)}, op_info={}
[DEBUG] [spyre.inductor.spyre_kernel] op_spec: sub, is_reduction=False, iteration_space={c0: (32, 1), c1: (512, 32), c2: (512, 1)}, op_info={}
[DEBUG] [spyre.inductor.spyre_kernel] op_spec: exp, is_reduction=False, iteration_space={c0: (32, 1), c1: (512, 32), c2: (512, 1)}, op_info={}
[DEBUG] [spyre.inductor.spyre_kernel] op_spec: sum, is_reduction=True, iteration_space={c0: (32, 1), c1: (512, 32), c2: (512, 1)}, op_info={}
[DEBUG] [spyre.inductor.spyre_kernel] op_spec: realdiv, is_reduction=False, iteration_space={c0: (32, 1), c1: (512, 32), c2: (512, 1)}, op_info={}
[DEBUG] [spyre.inductor.spyre_kernel] op_spec: identity, is_reduction=False, iteration_space={c0: (8, 1), c1: (4, 1), c2: (512, 32), c3: (128, 1)}, op_info={}
[DEBUG] [spyre.inductor.spyre_kernel] op_spec: batchmatmul, is_reduction=True, iteration_space={c0: (32, 1), c1: (512, 32), c2: (128, 1), c3: (512, 1)}, op_info={'lx_relayout_classifications': [{'source_name': 'buf21', 'producer_name': 'buf21', 'consumer_name': 'buf22', 'kind': 'matmul_operand_broadcast', 'producer_core_count': 32, 'consumer_core_count': 32, 'producer_core_id_to_device_slice': {'0': {'2': 0}, '1': {'2': 1}, '2': {'2': 2}, '3': {'2': 3}, '4': {'2': 4}, '5': {'2': 5}, '6': {'2': 6}, '7': {'2': 7}, '8': {'2': 8}, '9': {'2': 9}, '10': {'2': 10}, '11': {'2': 11}, '12': {'2': 12}, '13': {'2': 13}, '14': {'2': 14}, '15': {'2': 15}, '16': {'2': 16}, '17': {'2': 17}, '18': {'2': 18}, '19': {'2': 19}, '20': {'2': 20}, '21': {'2': 21}, '22': {'2': 22}, '23': {'2': 23}, '24': {'2': 24}, '25': {'2': 25}, '26': {'2': 26}, '27': {'2': 27}, '28': {'2': 28}, '29': {'2': 29}, '30': {'2': 30}, '31': {'2': 31}}, 'producer_work_slice_dims': {'2': 32}, 'consumer_work_slice_dims': {}, 'consumer_core_id_to_device_slice': {'0': {}, '1': {}, '2': {}, '3': {}, '4': {}, '5': {}, '6': {}, '7': {}, '8': {}, '9': {}, '10': {}, '11': {}, '12': {}, '13': {}, '14': {}, '15': {}, '16': {}, '17': {}, '18': {}, '19': {}, '20': {}, '21': {}, '22': {}, '23': {}, '24': {}, '25': {}, '26': {}, '27': {}, '28': {}, '29': {}, '30': {}, '31': {}}, 'read_index': 1, 'realized': False, 'communication_class': 'all_gather', 'communication_pattern': 'all_gather_replicate', 'max_fanout': 32, 'max_fanin': 32, 'transfer_count': 1024, 'requires_staged_realization': True, 'unsupported_reason': 'matmul operand all-gather/broadcast metadata only; backend must stage materialization through the matmul transfer loop', 'classification': 'matmul_operand_broadcast', 'producer_op': 'clone', 'consumer_op': 'batchmatmul', 'operand_read_index': 1, 'operand_role': 'rhs', 'consumer_tensor_work_slice_dims': {}, 'consumer_compute_work_slice_dims': {'128': 32}, 'operand_kernel_layout': {'layoutDimOrder_': ['out', 'in', 'x'], 'stickDimOrder_': ['out']}, 'staging_scope': 'matmul_transfer_loop'}]}
[DEBUG] [spyre.inductor.spyre_kernel] op_spec: identity, is_reduction=False, iteration_space={d0: (32, 1), d1: (512, 32), d2: (128, 1)}, op_info={}
[DEBUG] [spyre.inductor.spyre_kernel] kernel_load: arg5_1, shape=[4096, 4096], device_size=[64, 4096, 64]
[DEBUG] [spyre.inductor.spyre_kernel] kernel_store: buf47 (type: TensorAccess), shape=[4096, 4096], device_size=[64, 4096, 64], op_info={}
[DEBUG] [spyre.inductor.spyre_kernel] kernel_load: buf23, shape=[1, 512, 32, 128], device_size=[512, 32, 2, 1, 64]
[DEBUG] [spyre.inductor.spyre_kernel] kernel_load: buf47, shape=[4096, 4096], device_size=[64, 4096, 64]
[DEBUG] [spyre.inductor.spyre_kernel] kernel_store_reduction: buf24 (op: batchmatmul), shape=[1, 512, 4096], device_size=[512, 64, 1, 64], op_info={}
[DEBUG] [spyre.inductor.spyre_kernel] kernel_load: buf24, shape=[1, 512, 4096], device_size=[512, 64, 1, 64]
[DEBUG] [spyre.inductor.spyre_kernel] kernel_load: buf42, shape=[], device_size=[1, 64]
[DEBUG] [spyre.inductor.spyre_kernel] kernel_store: buf25 (type: PointwiseOp), shape=[1, 512, 4096], device_size=[512, 64, 1, 64], op_info={}
[DEBUG] [spyre.inductor.spyre_kernel] kernel_load: buf25, shape=[1, 512, 4096], device_size=[512, 64, 1, 64]
[DEBUG] [spyre.inductor.spyre_kernel] kernel_load: arg1_1, shape=[1, 512, 4096], device_size=[512, 64, 1, 64]
[DEBUG] [spyre.inductor.spyre_kernel] kernel_store: buf26 (type: PointwiseOp), shape=[1, 512, 4096], device_size=[512, 64, 1, 64], op_info={}
[DEBUG] [spyre.inductor.spyre_kernel] kernel_load: buf26, shape=[1, 512, 4096], device_size=[512, 64, 1, 64]
[DEBUG] [spyre.inductor.spyre_kernel] kernel_load: buf26, shape=[1, 512, 4096], device_size=[512, 64, 1, 64]
[DEBUG] [spyre.inductor.spyre_kernel] kernel_store: buf27 (type: PointwiseOp), shape=[1, 512, 4096], device_size=[512, 64, 1, 64], op_info={}
[DEBUG] [spyre.inductor.spyre_kernel] kernel_load: buf27, shape=[1, 512, 4096], device_size=[512, 64, 1, 64]
[DEBUG] [spyre.inductor.spyre_kernel] kernel_store_reduction: buf28 (op: mean), shape=[1, 512, 1], device_size=[1, 1, 1, 512, 64], op_info={'constants': {'scaling_factor': 0.000244140625000000}}
[DEBUG] [spyre.inductor.spyre_kernel] kernel_load: buf28, shape=[1, 512, 1], device_size=[1, 1, 1, 512, 64]
[DEBUG] [spyre.inductor.spyre_kernel] kernel_load: buf39, shape=[], device_size=[1, 64]
[DEBUG] [spyre.inductor.spyre_kernel] kernel_store: buf29 (type: PointwiseOp), shape=[1, 512, 1], device_size=[1, 1, 1, 512, 64], op_info={}
[DEBUG] [spyre.inductor.spyre_kernel] kernel_load: buf29, shape=[1, 512, 1], device_size=[1, 1, 1, 512, 64]
[DEBUG] [spyre.inductor.spyre_kernel] kernel_store: buf30 (type: PointwiseOp), shape=[1, 512, 1], device_size=[1, 1, 1, 512, 64], op_info={}
[DEBUG] [spyre.inductor.spyre_kernel] kernel_load: buf26, shape=[1, 512, 4096], device_size=[512, 64, 1, 64]
[DEBUG] [spyre.inductor.spyre_kernel] kernel_load: buf30, shape=[1, 512, 1], device_size=[1, 1, 1, 512, 64]
[DEBUG] [spyre.inductor.spyre_kernel] kernel_store: buf31 (type: PointwiseOp), shape=[1, 512, 4096], device_size=[1, 64, 512, 64], op_info={}
[DEBUG] [spyre.inductor.spyre_kernel] kernel_load: buf31, shape=[1, 512, 4096], device_size=[1, 64, 512, 64]
[DEBUG] [spyre.inductor.spyre_kernel] kernel_load: arg6_1, shape=[4096], device_size=[64, 64]
[DEBUG] [spyre.inductor.spyre_kernel] kernel_store: buf32 (type: PointwiseOp), shape=[1, 512, 4096], device_size=[1, 64, 512, 64], op_info={}
[DEBUG] [spyre.inductor.spyre_kernel] op_spec: ReStickifyOpHBM, is_reduction=False, iteration_space={c0: (4096, 32), c1: (4096, 1)}, op_info={}
[DEBUG] [spyre.inductor.spyre_kernel] op_spec: batchmatmul, is_reduction=True, iteration_space={c0: (512, 4), c1: (4096, 8), c2: (4096, 1)}, op_info={'lx_relayout_classifications': [{'source_name': 'buf47', 'producer_name': 'buf47', 'consumer_name': 'buf24', 'kind': 'matmul_operand_broadcast', 'producer_core_count': 32, 'consumer_core_count': 32, 'producer_core_id_to_device_slice': {'0': {'0': 0}, '1': {'0': 1}, '2': {'0': 2}, '3': {'0': 3}, '4': {'0': 4}, '5': {'0': 5}, '6': {'0': 6}, '7': {'0': 7}, '8': {'0': 8}, '9': {'0': 9}, '10': {'0': 10}, '11': {'0': 11}, '12': {'0': 12}, '13': {'0': 13}, '14': {'0': 14}, '15': {'0': 15}, '16': {'0': 16}, '17': {'0': 17}, '18': {'0': 18}, '19': {'0': 19}, '20': {'0': 20}, '21': {'0': 21}, '22': {'0': 22}, '23': {'0': 23}, '24': {'0': 24}, '25': {'0': 25}, '26': {'0': 26}, '27': {'0': 27}, '28': {'0': 28}, '29': {'0': 29}, '30': {'0': 30}, '31': {'0': 31}}, 'producer_work_slice_dims': {'0': 32}, 'consumer_work_slice_dims': {'0': 8}, 'consumer_core_id_to_device_slice': {'0': {'0': 0}, '1': {'0': 0}, '2': {'0': 0}, '3': {'0': 0}, '4': {'0': 1}, '5': {'0': 1}, '6': {'0': 1}, '7': {'0': 1}, '8': {'0': 2}, '9': {'0': 2}, '10': {'0': 2}, '11': {'0': 2}, '12': {'0': 3}, '13': {'0': 3}, '14': {'0': 3}, '15': {'0': 3}, '16': {'0': 4}, '17': {'0': 4}, '18': {'0': 4}, '19': {'0': 4}, '20': {'0': 5}, '21': {'0': 5}, '22': {'0': 5}, '23': {'0': 5}, '24': {'0': 6}, '25': {'0': 6}, '26': {'0': 6}, '27': {'0': 6}, '28': {'0': 7}, '29': {'0': 7}, '30': {'0': 7}, '31': {'0': 7}}, 'read_index': 1, 'realized': False, 'communication_class': 'all_gather', 'communication_pattern': 'all_gather_replicate', 'max_fanout': 4, 'max_fanin': 4, 'transfer_count': 128, 'requires_staged_realization': True, 'unsupported_reason': 'matmul operand all-gather/broadcast metadata only; backend must stage materialization through the matmul transfer loop', 'classification': 'matmul_operand_broadcast', 'producer_op': 'restickify', 'consumer_op': 'batchmatmul', 'operand_read_index': 1, 'operand_role': 'rhs', 'consumer_tensor_work_slice_dims': {'0': 8}, 'consumer_compute_work_slice_dims': {'4096': 4, '1': 8}, 'operand_kernel_layout': {'layoutDimOrder_': ['out', 'in', 'x'], 'stickDimOrder_': ['out']}, 'staging_scope': 'matmul_transfer_loop'}]}
[DEBUG] [spyre.inductor.spyre_kernel] op_spec: mul, is_reduction=False, iteration_space={c0: (512, 32), c1: (4096, 1)}, op_info={}
[DEBUG] [spyre.inductor.spyre_kernel] op_spec: add, is_reduction=False, iteration_space={c0: (512, 32), c1: (4096, 1)}, op_info={}
[DEBUG] [spyre.inductor.spyre_kernel] op_spec: mul, is_reduction=False, iteration_space={c0: (512, 32), c1: (4096, 1)}, op_info={}
[DEBUG] [spyre.inductor.spyre_kernel] op_spec: mean, is_reduction=True, iteration_space={c0: (512, 32), c1: (4096, 1)}, op_info={'constants': {'scaling_factor': 0.000244140625000000}}
[DEBUG] [spyre.inductor.spyre_kernel] op_spec: add, is_reduction=False, iteration_space={c0: (512, 32)}, op_info={}
[DEBUG] [spyre.inductor.spyre_kernel] op_spec: rsqrt, is_reduction=False, iteration_space={c0: (512, 32)}, op_info={}
[DEBUG] [spyre.inductor.spyre_kernel] op_spec: mul, is_reduction=False, iteration_space={c0: (512, 32), c1: (4096, 1)}, op_info={}
[DEBUG] [spyre.inductor.spyre_kernel] op_spec: mul, is_reduction=False, iteration_space={c0: (512, 32), c1: (4096, 1)}, op_info={}
[DEBUG] [spyre.inductor.spyre_kernel] kernel_load: arg7_1, shape=[25600, 4096], device_size=[64, 25600, 64]
[DEBUG] [spyre.inductor.spyre_kernel] kernel_store: buf48 (type: TensorAccess), shape=[25600, 4096], device_size=[400, 4096, 64], op_info={}
[DEBUG] [spyre.inductor.spyre_kernel] kernel_load: buf32, shape=[1, 512, 4096], device_size=[1, 64, 512, 64]
[DEBUG] [spyre.inductor.spyre_kernel] kernel_load: buf48, shape=[25600, 4096], device_size=[400, 4096, 64]
[DEBUG] [spyre.inductor.spyre_kernel] kernel_store_reduction: buf33 (op: batchmatmul), shape=[1, 512, 25600], device_size=[512, 400, 1, 64], op_info={}
[DEBUG] [spyre.inductor.spyre_kernel] kernel_load: buf33, shape=[1, 512, 25600], device_size=[512, 400, 1, 64]
[DEBUG] [spyre.inductor.spyre_kernel] kernel_store: buf34 (type: PointwiseOp), shape=[1, 512, 12800], device_size=[1, 200, 512, 64], op_info={}
[DEBUG] [spyre.inductor.spyre_kernel] kernel_load: buf34, shape=[1, 512, 12800], device_size=[1, 200, 512, 64]
[DEBUG] [spyre.inductor.spyre_kernel] kernel_load: buf33, shape=[1, 512, 25600], device_size=[512, 400, 1, 64]
[DEBUG] [spyre.inductor.spyre_kernel] kernel_store: buf35 (type: PointwiseOp), shape=[1, 512, 12800], device_size=[1, 200, 512, 64], op_info={}
[DEBUG] [spyre.inductor.spyre_kernel] kernel_load: arg8_1, shape=[4096, 12800], device_size=[200, 4096, 64]
[DEBUG] [spyre.inductor.spyre_kernel] kernel_store: buf49 (type: TensorAccess), shape=[4096, 12800], device_size=[64, 12800, 64], op_info={}
[DEBUG] [spyre.inductor.spyre_kernel] kernel_load: buf35, shape=[1, 512, 12800], device_size=[1, 200, 512, 64]
[DEBUG] [spyre.inductor.spyre_kernel] kernel_load: buf49, shape=[4096, 12800], device_size=[64, 12800, 64]
[DEBUG] [spyre.inductor.spyre_kernel] kernel_store_reduction: buf36 (op: batchmatmul), shape=[1, 512, 4096], device_size=[512, 64, 1, 64], op_info={}
[DEBUG] [spyre.inductor.spyre_kernel] kernel_load: buf36, shape=[1, 512, 4096], device_size=[512, 64, 1, 64]
[DEBUG] [spyre.inductor.spyre_kernel] kernel_load: buf42, shape=[], device_size=[1, 64]
[DEBUG] [spyre.inductor.spyre_kernel] kernel_store: buf37 (type: PointwiseOp), shape=[1, 512, 4096], device_size=[512, 64, 1, 64], op_info={}
[DEBUG] [spyre.inductor.spyre_kernel] kernel_load: buf37, shape=[1, 512, 4096], device_size=[512, 64, 1, 64]
[DEBUG] [spyre.inductor.spyre_kernel] kernel_load: buf26, shape=[1, 512, 4096], device_size=[512, 64, 1, 64]
[DEBUG] [spyre.inductor.spyre_kernel] kernel_store: buf38 (type: PointwiseOp), shape=[1, 512, 4096], device_size=[512, 64, 1, 64], op_info={}
[DEBUG] [spyre.inductor.spyre_kernel] op_spec: ReStickifyOpHBM, is_reduction=False, iteration_space={c0: (25600, 25), c1: (4096, 1)}, op_info={}
[DEBUG] [spyre.inductor.spyre_kernel] op_spec: batchmatmul, is_reduction=True, iteration_space={c0: (512, 4), c1: (25600, 8), c2: (4096, 1)}, op_info={'lx_relayout_classifications': [{'source_name': 'buf48', 'producer_name': 'buf48', 'consumer_name': 'buf33', 'kind': 'matmul_operand_broadcast', 'producer_core_count': 25, 'consumer_core_count': 32, 'producer_core_id_to_device_slice': {'0': {'0': 0}, '1': {'0': 1}, '2': {'0': 2}, '3': {'0': 3}, '4': {'0': 4}, '5': {'0': 5}, '6': {'0': 6}, '7': {'0': 7}, '8': {'0': 8}, '9': {'0': 9}, '10': {'0': 10}, '11': {'0': 11}, '12': {'0': 12}, '13': {'0': 13}, '14': {'0': 14}, '15': {'0': 15}, '16': {'0': 16}, '17': {'0': 17}, '18': {'0': 18}, '19': {'0': 19}, '20': {'0': 20}, '21': {'0': 21}, '22': {'0': 22}, '23': {'0': 23}, '24': {'0': 24}}, 'producer_work_slice_dims': {'0': 25}, 'consumer_work_slice_dims': {'0': 8}, 'consumer_core_id_to_device_slice': {'0': {'0': 0}, '1': {'0': 0}, '2': {'0': 0}, '3': {'0': 0}, '4': {'0': 1}, '5': {'0': 1}, '6': {'0': 1}, '7': {'0': 1}, '8': {'0': 2}, '9': {'0': 2}, '10': {'0': 2}, '11': {'0': 2}, '12': {'0': 3}, '13': {'0': 3}, '14': {'0': 3}, '15': {'0': 3}, '16': {'0': 4}, '17': {'0': 4}, '18': {'0': 4}, '19': {'0': 4}, '20': {'0': 5}, '21': {'0': 5}, '22': {'0': 5}, '23': {'0': 5}, '24': {'0': 6}, '25': {'0': 6}, '26': {'0': 6}, '27': {'0': 6}, '28': {'0': 7}, '29': {'0': 7}, '30': {'0': 7}, '31': {'0': 7}}, 'read_index': 1, 'realized': False, 'communication_class': 'all_gather', 'communication_pattern': 'all_gather_replicate', 'max_fanout': 8, 'max_fanin': 4, 'transfer_count': 128, 'requires_staged_realization': True, 'unsupported_reason': 'matmul operand all-gather/broadcast metadata only; backend must stage materialization through the matmul transfer loop', 'classification': 'matmul_operand_broadcast', 'producer_op': 'restickify', 'consumer_op': 'batchmatmul', 'operand_read_index': 1, 'operand_role': 'rhs', 'consumer_tensor_work_slice_dims': {'0': 8}, 'consumer_compute_work_slice_dims': {'25600': 4, '1': 8}, 'operand_kernel_layout': {'layoutDimOrder_': ['out', 'in', 'x'], 'stickDimOrder_': ['out']}, 'staging_scope': 'matmul_transfer_loop'}]}
[DEBUG] [spyre.inductor.spyre_kernel] op_spec: silu, is_reduction=False, iteration_space={c0: (512, 32), c1: (12800, 1)}, op_info={}
[DEBUG] [spyre.inductor.spyre_kernel] op_spec: mul, is_reduction=False, iteration_space={c0: (512, 32), c1: (12800, 1)}, op_info={}
[DEBUG] [spyre.inductor.spyre_kernel] op_spec: ReStickifyOpHBM, is_reduction=False, iteration_space={c0: (4096, 1), c1: (12800, 25)}, op_info={}
[DEBUG] [spyre.inductor.spyre_kernel] op_spec: batchmatmul, is_reduction=True, iteration_space={c0: (512, 8), c1: (4096, 4), c2: (12800, 1)}, op_info={'lx_relayout_classifications': [{'source_name': 'buf49', 'producer_name': 'buf49', 'consumer_name': 'buf36', 'kind': 'matmul_operand_broadcast', 'producer_core_count': 25, 'consumer_core_count': 32, 'producer_core_id_to_device_slice': {'0': {'1': 0}, '1': {'1': 1}, '2': {'1': 2}, '3': {'1': 3}, '4': {'1': 4}, '5': {'1': 5}, '6': {'1': 6}, '7': {'1': 7}, '8': {'1': 8}, '9': {'1': 9}, '10': {'1': 10}, '11': {'1': 11}, '12': {'1': 12}, '13': {'1': 13}, '14': {'1': 14}, '15': {'1': 15}, '16': {'1': 16}, '17': {'1': 17}, '18': {'1': 18}, '19': {'1': 19}, '20': {'1': 20}, '21': {'1': 21}, '22': {'1': 22}, '23': {'1': 23}, '24': {'1': 24}}, 'producer_work_slice_dims': {'1': 25}, 'consumer_work_slice_dims': {'0': 4}, 'consumer_core_id_to_device_slice': {'0': {'0': 0}, '1': {'0': 0}, '2': {'0': 0}, '3': {'0': 0}, '4': {'0': 0}, '5': {'0': 0}, '6': {'0': 0}, '7': {'0': 0}, '8': {'0': 1}, '9': {'0': 1}, '10': {'0': 1}, '11': {'0': 1}, '12': {'0': 1}, '13': {'0': 1}, '14': {'0': 1}, '15': {'0': 1}, '16': {'0': 2}, '17': {'0': 2}, '18': {'0': 2}, '19': {'0': 2}, '20': {'0': 2}, '21': {'0': 2}, '22': {'0': 2}, '23': {'0': 2}, '24': {'0': 3}, '25': {'0': 3}, '26': {'0': 3}, '27': {'0': 3}, '28': {'0': 3}, '29': {'0': 3}, '30': {'0': 3}, '31': {'0': 3}}, 'read_index': 1, 'realized': False, 'communication_class': 'all_gather', 'communication_pattern': 'all_gather_replicate', 'max_fanout': 32, 'max_fanin': 25, 'transfer_count': 800, 'requires_staged_realization': True, 'unsupported_reason': 'matmul operand all-gather/broadcast metadata only; backend must stage materialization through the matmul transfer loop', 'classification': 'matmul_operand_broadcast', 'producer_op': 'restickify', 'consumer_op': 'batchmatmul', 'operand_read_index': 1, 'operand_role': 'rhs', 'consumer_tensor_work_slice_dims': {'0': 4}, 'consumer_compute_work_slice_dims': {'4096': 8, '1': 4}, 'operand_kernel_layout': {'layoutDimOrder_': ['out', 'in', 'x'], 'stickDimOrder_': ['out']}, 'staging_scope': 'matmul_transfer_loop'}]}
[DEBUG] [spyre.inductor.spyre_kernel] op_spec: mul, is_reduction=False, iteration_space={c0: (512, 32), c1: (4096, 1)}, op_info={}
[DEBUG] [spyre.inductor.spyre_kernel] op_spec: add, is_reduction=False, iteration_space={c0: (512, 32), c1: (4096, 1)}, op_info={}
[DEBUG] [spyre.inductor.codegen.superdsc] symbol mapping: c0 -> mb, c1 -> out
[DEBUG] [spyre.inductor.codegen.superdsc] SDSCSpec(
  opfunc=mul
  exec_unit=sfp
  data_format=SEN169_FP16
  num_inputs=2
  iteration_space=[mb=512, out=4096]
  work_slices=[mb=32, out=1]
  core_id_to_work_slice=[mb=Mod(core_id, 32), out=0]
  layouts=[
    OUTPUT: dim_order=[out, mb], stick_dim_order=out, stick_size=64
  ]
  args=[
  SDSCArgs(
    layout=OUTPUT,
    dim_order=[out, mb], 
    data_format=SEN169_FP16,
    scales=[out=1, mb=1],
    strides=[out=4096, mb=2097152],
    offsets=[out=0, mb=0],
    max_dim_sizes=[out=-1, mb=-1],
    allocation=[hbm=17179869184],
    start_address=17179869184
    backGap={}
    is_index_tensor=False
    related_value_tensor_idx=-1
    lx_residency_core_id_to_wk_slice=None
  )
  SDSCArgs(
    layout=OUTPUT,
    dim_order=[out, mb], 
    data_format=SEN169_FP16,
    scales=[out=1, mb=1],
    strides=[out=4096, mb=2097152],
    offsets=[out=0, mb=0],
    max_dim_sizes=[out=-1, mb=-1],
    allocation=[hbm=17179869184],
    start_address=17179869184
    backGap={}
    is_index_tensor=False
    related_value_tensor_idx=-1
    lx_residency_core_id_to_wk_slice=None
  )
  SDSCArgs(
    layout=OUTPUT,
    dim_order=[out, mb], 
    data_format=SEN169_FP16,
    scales=[out=1, mb=1],
    strides=[out=4096, mb=2097152],
    offsets=[out=0, mb=0],
    max_dim_sizes=[out=-1, mb=-1],
    allocation=[lx=0],
    start_address=0
    backGap={}
    is_index_tensor=False
    related_value_tensor_idx=-1
    lx_residency_core_id_to_wk_slice=None
  )
  ]
)
[INFO] [spyre.inductor.sdsc_compile] Generating /home/adnan/codex-isolated/dldsc_granite_clean_relayout_20260703_163108/runs/granite_relayout_s512_20260703_174540/block_prefill/cache/inductor-spyre/sdsc_fused_linear_rms_norm_0_6tn53jlr/sdsc_0.json
[DEBUG] [spyre.inductor.codegen.superdsc] symbol mapping: c0 -> mb, c1 -> out
[DEBUG] [spyre.inductor.codegen.superdsc] SDSCSpec(
  opfunc=mean
  exec_unit=sfp
  data_format=SEN169_FP16
  num_inputs=2
  iteration_space=[mb=512, out=4096]
  work_slices=[mb=32, out=1]
  core_id_to_work_slice=[mb=Mod(core_id, 32), out=0]
  layouts=[
    OUTPUT: dim_order=[out, mb], stick_dim_order=out, stick_size=64
  ]
  args=[
  SDSCArgs(
    layout=OUTPUT,
    dim_order=[out, mb], 
    data_format=SEN169_FP16,
    scales=[out=1, mb=1],
    strides=[out=4096, mb=2097152],
    offsets=[out=0, mb=0],
    max_dim_sizes=[out=-1, mb=-1],
    allocation=[lx=0],
    start_address=0
    backGap={}
    is_index_tensor=False
    related_value_tensor_idx=-1
    lx_residency_core_id_to_wk_slice=None
  )
  SDSCArgs(
    layout=OUTPUT,
    dim_order=[mb, out], 
    data_format=SEN169_FP16,
    scales=[mb=1, out=-2],
    strides=[mb=32768, out=32768],
    offsets=[mb=0, out=0],
    max_dim_sizes=[mb=-1, out=-1],
    allocation=[lx=131072],
    start_address=131072
    backGap={}
    is_index_tensor=False
    related_value_tensor_idx=-1
    lx_residency_core_id_to_wk_slice=None
  )
  ]
  constants=[scaling_factor=0.000244140625]
)
[INFO] [spyre.inductor.sdsc_compile] Generating /home/adnan/codex-isolated/dldsc_granite_clean_relayout_20260703_163108/runs/granite_relayout_s512_20260703_174540/block_prefill/cache/inductor-spyre/sdsc_fused_linear_rms_norm_0_6tn53jlr/sdsc_1.json
[DEBUG] [spyre.inductor.codegen.superdsc] symbol mapping: c0 -> out
[DEBUG] [spyre.inductor.codegen.superdsc] SDSCSpec(
  opfunc=add
  exec_unit=sfp
  data_format=SEN169_FP16
  num_inputs=2
  iteration_space=[out=512, x=64]
  work_slices=[out=32, x=1]
  core_id_to_work_slice=[out=Mod(core_id, 32), x=0]
  layouts=[
    OUTPUT: dim_order=[out, x], stick_dim_order=x, stick_size=64
  ]
  args=[
  SDSCArgs(
    layout=OUTPUT,
    dim_order=[out, x], 
    data_format=SEN169_FP16,
    scales=[out=1, x=1],
    strides=[out=32768, x=32768],
    offsets=[out=0, x=0],
    max_dim_sizes=[out=-1, x=-1],
    allocation=[lx=131072],
    start_address=131072
    backGap={}
    is_index_tensor=False
    related_value_tensor_idx=-1
    lx_residency_core_id_to_wk_slice=None
  )
  SDSCArgs(
    layout=OUTPUT,
    dim_order=[out, x], 
    data_format=SEN169_FP16,
    scales=[out=-1, x=1],
    strides=[out=64, x=64],
    offsets=[out=0, x=0],
    max_dim_sizes=[out=-1, x=-1],
    allocation=[hbm=34359738368],
    start_address=34359738368
    backGap={}
    is_index_tensor=False
    related_value_tensor_idx=-1
    lx_residency_core_id_to_wk_slice=None
  )
  SDSCArgs(
    layout=OUTPUT,
    dim_order=[out, x], 
    data_format=SEN169_FP16,
    scales=[out=1, x=1],
    strides=[out=32768, x=32768],
    offsets=[out=0, x=0],
    max_dim_sizes=[out=-1, x=-1],
    allocation=[lx=131072],
    start_address=131072
    backGap={}
    is_index_tensor=False
    related_value_tensor_idx=-1
    lx_residency_core_id_to_wk_slice=None
  )
  ]
)
[INFO] [spyre.inductor.sdsc_compile] Generating /home/adnan/codex-isolated/dldsc_granite_clean_relayout_20260703_163108/runs/granite_relayout_s512_20260703_174540/block_prefill/cache/inductor-spyre/sdsc_fused_linear_rms_norm_0_6tn53jlr/sdsc_2.json
[DEBUG] [spyre.inductor.codegen.superdsc] symbol mapping: c0 -> out
[DEBUG] [spyre.inductor.codegen.superdsc] SDSCSpec(
  opfunc=rsqrt
  exec_unit=sfp
  data_format=SEN169_FP16
  num_inputs=1
  iteration_space=[out=512, x=64]
  work_slices=[out=32, x=1]
  core_id_to_work_slice=[out=Mod(core_id, 32), x=0]
  layouts=[
    OUTPUT: dim_order=[out, x], stick_dim_order=x, stick_size=64
  ]
  args=[
  SDSCArgs(
    layout=OUTPUT,
    dim_order=[out, x], 
    data_format=SEN169_FP16,
    scales=[out=1, x=1],
    strides=[out=32768, x=32768],
    offsets=[out=0, x=0],
    max_dim_sizes=[out=-1, x=-1],
    allocation=[lx=131072],
    start_address=131072
    backGap={}
    is_index_tensor=False
    related_value_tensor_idx=-1
    lx_residency_core_id_to_wk_slice=None
  )
  SDSCArgs(
    layout=OUTPUT,
    dim_order=[out, x], 
    data_format=SEN169_FP16,
    scales=[out=1, x=1],
    strides=[out=32768, x=32768],
    offsets=[out=0, x=0],
    max_dim_sizes=[out=-1, x=-1],
    allocation=[lx=131072],
    start_address=131072
    backGap={}
    is_index_tensor=False
    related_value_tensor_idx=-1
    lx_residency_core_id_to_wk_slice=None
  )
  ]
)
[INFO] [spyre.inductor.sdsc_compile] Generating /home/adnan/codex-isolated/dldsc_granite_clean_relayout_20260703_163108/runs/granite_relayout_s512_20260703_174540/block_prefill/cache/inductor-spyre/sdsc_fused_linear_rms_norm_0_6tn53jlr/sdsc_3.json
[DEBUG] [spyre.inductor.codegen.superdsc] symbol mapping: c0 -> mb, c1 -> out
[DEBUG] [spyre.inductor.codegen.superdsc] SDSCSpec(
  opfunc=mul
  exec_unit=sfp
  data_format=SEN169_FP16
  num_inputs=2
  iteration_space=[mb=512, out=4096]
  work_slices=[mb=32, out=1]
  core_id_to_work_slice=[mb=Mod(core_id, 32), out=0]
  layouts=[
    OUTPUT: dim_order=[out, mb], stick_dim_order=out, stick_size=64
  ]
  args=[
  SDSCArgs(
    layout=OUTPUT,
    dim_order=[out, mb], 
    data_format=SEN169_FP16,
    scales=[out=1, mb=1],
    strides=[out=4096, mb=2097152],
    offsets=[out=0, mb=0],
    max_dim_sizes=[out=-1, mb=-1],
    allocation=[hbm=17179869184],
    start_address=17179869184
    backGap={}
    is_index_tensor=False
    related_value_tensor_idx=-1
    lx_residency_core_id_to_wk_slice=None
  )
  SDSCArgs(
    layout=OUTPUT,
    dim_order=[mb, out], 
    data_format=SEN169_FP16,
    scales=[mb=1, out=-2],
    strides=[mb=32768, out=32768],
    offsets=[mb=0, out=0],
    max_dim_sizes=[mb=-1, out=-1],
    allocation=[lx=131072],
    start_address=131072
    backGap={}
    is_index_tensor=False
    related_value_tensor_idx=-1
    lx_residency_core_id_to_wk_slice=None
  )
  SDSCArgs(
    layout=OUTPUT,
    dim_order=[mb, out], 
    data_format=SEN169_FP16,
    scales=[mb=1, out=1],
    strides=[mb=32768, out=2097152],
    offsets=[mb=0, out=0],
    max_dim_sizes=[mb=-1, out=-1],
    allocation=[lx=0],
    start_address=0
    backGap={}
    is_index_tensor=False
    related_value_tensor_idx=-1
    lx_residency_core_id_to_wk_slice=None
  )
  ]
)
[INFO] [spyre.inductor.sdsc_compile] Generating /home/adnan/codex-isolated/dldsc_granite_clean_relayout_20260703_163108/runs/granite_relayout_s512_20260703_174540/block_prefill/cache/inductor-spyre/sdsc_fused_linear_rms_norm_0_6tn53jlr/sdsc_4.json
[DEBUG] [spyre.inductor.codegen.superdsc] symbol mapping: c0 -> mb, c1 -> out
[DEBUG] [spyre.inductor.codegen.superdsc] SDSCSpec(
  opfunc=mul
  exec_unit=sfp
  data_format=SEN169_FP16
  num_inputs=2
  iteration_space=[mb=512, out=4096]
  work_slices=[mb=32, out=1]
  core_id_to_work_slice=[mb=Mod(core_id, 32), out=0]
  layouts=[
    OUTPUT: dim_order=[mb, out], stick_dim_order=out, stick_size=64
  ]
  args=[
  SDSCArgs(
    layout=OUTPUT,
    dim_order=[mb, out], 
    data_format=SEN169_FP16,
    scales=[mb=1, out=1],
    strides=[mb=32768, out=2097152],
    offsets=[mb=0, out=0],
    max_dim_sizes=[mb=-1, out=-1],
    allocation=[lx=0],
    start_address=0
    backGap={}
    is_index_tensor=False
    related_value_tensor_idx=-1
    lx_residency_core_id_to_wk_slice=None
  )
  SDSCArgs(
    layout=OUTPUT,
    dim_order=[out, mb], 
    data_format=SEN169_FP16,
    scales=[out=1, mb=-1],
    strides=[out=4096, mb=4096],
    offsets=[out=0, mb=0],
    max_dim_sizes=[out=-1, mb=-1],
    allocation=[hbm=51539607552],
    start_address=51539607552
    backGap={}
    is_index_tensor=False
    related_value_tensor_idx=-1
    lx_residency_core_id_to_wk_slice=None
  )
  SDSCArgs(
    layout=OUTPUT,
    dim_order=[mb, out], 
    data_format=SEN169_FP16,
    scales=[mb=1, out=1],
    strides=[mb=32768, out=2097152],
    offsets=[mb=0, out=0],
    max_dim_sizes=[mb=-1, out=-1],
    allocation=[pool=0],
    start_address=0
    backGap={}
    is_index_tensor=False
    related_value_tensor_idx=-1
    lx_residency_core_id_to_wk_slice=None
  )
  ]
)
[INFO] [spyre.inductor.sdsc_compile] Generating /home/adnan/codex-isolated/dldsc_granite_clean_relayout_20260703_163108/runs/granite_relayout_s512_20260703_174540/block_prefill/cache/inductor-spyre/sdsc_fused_linear_rms_norm_0_6tn53jlr/sdsc_5.json
[DEBUG] [spyre.inductor.codegen.superdsc] symbol mapping: c0 -> mb, c1 -> out
[DEBUG] [spyre.inductor.codegen.superdsc] SDSCSpec(
  opfunc=ReStickifyOpHBM
  exec_unit=sfp
  data_format=SEN169_FP16
  num_inputs=1
  iteration_space=[mb=6144, out=4096]
  work_slices=[mb=32, out=1]
  core_id_to_work_slice=[mb=Mod(core_id, 32), out=0]
  layouts=[
    OUTPUT: dim_order=[mb, out], stick_dim_order=out, stick_size=64
    KERNEL: dim_order=[out, mb], stick_dim_order=mb, stick_size=64
  ]
  args=[
  SDSCArgs(
    layout=OUTPUT,
    dim_order=[mb, out], 
    data_format=SEN169_FP16,
    scales=[mb=1, out=1],
    strides=[mb=393216, out=25165824],
    offsets=[mb=0, out=0],
    max_dim_sizes=[mb=-1, out=-1],
    allocation=[hbm=68719476736],
    start_address=68719476736
    backGap={}
    is_index_tensor=False
    related_value_tensor_idx=-1
    lx_residency_core_id_to_wk_slice=None
  )
  SDSCArgs(
    layout=KERNEL,
    dim_order=[out, mb], 
    data_format=SEN169_FP16,
    scales=[out=1, mb=1],
    strides=[out=262144, mb=25165824],
    offsets=[out=0, mb=0],
    max_dim_sizes=[out=-1, mb=-1],
    allocation=[pool=4194304],
    start_address=4194304
    backGap={}
    is_index_tensor=False
    related_value_tensor_idx=-1
    lx_residency_core_id_to_wk_slice=None
  )
  ]
)
[INFO] [spyre.inductor.sdsc_compile] Generating /home/adnan/codex-isolated/dldsc_granite_clean_relayout_20260703_163108/runs/granite_relayout_s512_20260703_174540/block_prefill/cache/inductor-spyre/sdsc_fused_linear_rms_norm_0_6tn53jlr/sdsc_6.json
[DEBUG] [spyre.inductor.codegen.superdsc] symbol mapping: c0 -> mb, c1 -> out, c2 -> in
[DEBUG] [spyre.inductor.codegen.superdsc] SDSCSpec(
  opfunc=batchmatmul
  exec_unit=pt
  data_format=SEN169_FP16
  num_inputs=2
  iteration_space=[mb=512, out=6144, in=4096]
  work_slices=[mb=4, out=8, in=1]
  core_id_to_work_slice=[mb=Mod(core_id, 4), out=Mod(floor(core_id/4), 8), in=0]
  layouts=[
    INPUT: dim_order=[mb, in], stick_dim_order=in, stick_size=64
    KERNEL: dim_order=[in, out], stick_dim_order=out, stick_size=64
    OUTPUT: dim_order=[out, mb], stick_dim_order=out, stick_size=64
  ]
  args=[
  SDSCArgs(
    layout=INPUT,
    dim_order=[mb, in], 
    data_format=SEN169_FP16,
    scales=[mb=1, in=1],
    strides=[mb=32768, in=2097152],
    offsets=[mb=0, in=0],
    max_dim_sizes=[mb=-1, in=-1],
    allocation=[pool=0],
    start_address=0
    backGap={}
    is_index_tensor=False
    related_value_tensor_idx=-1
    lx_residency_core_id_to_wk_slice=None
  )
  SDSCArgs(
    layout=KERNEL,
    dim_order=[in, out], 
    data_format=SEN169_FP16,
    scales=[in=1, out=1],
    strides=[in=262144, out=25165824],
    offsets=[in=0, out=0],
    max_dim_sizes=[in=-1, out=-1],
    allocation=[pool=4194304],
    start_address=4194304
    backGap={}
    is_index_tensor=False
    related_value_tensor_idx=-1
    lx_residency_core_id_to_wk_slice=None
  )
  SDSCArgs(
    layout=OUTPUT,
    dim_order=[out, mb], 
    data_format=SEN169_FP16,
    scales=[out=1, mb=1],
    strides=[out=6144, mb=3145728],
    offsets=[out=0, mb=0],
    max_dim_sizes=[out=-1, mb=-1],
    allocation=[hbm=85899345920],
    start_address=85899345920
    backGap={}
    is_index_tensor=False
    related_value_tensor_idx=-1
    lx_residency_core_id_to_wk_slice=None
  )
  ]
)
[INFO] [spyre.inductor.sdsc_compile] Generating /home/adnan/codex-isolated/dldsc_granite_clean_relayout_20260703_163108/runs/granite_relayout_s512_20260703_174540/block_prefill/cache/inductor-spyre/sdsc_fused_linear_rms_norm_0_6tn53jlr/sdsc_7.json
[INFO] [spyre.inductor.sdsc_compile] Generating /home/adnan/codex-isolated/dldsc_granite_clean_relayout_20260703_163108/runs/granite_relayout_s512_20260703_174540/block_prefill/cache/inductor-spyre/sdsc_fused_linear_rms_norm_0_6tn53jlr/bundle.mlir
[DEBUG] [spyre.inductor.codegen.superdsc] symbol mapping: d0 -> mb, d1 -> x, d2 -> y, d3 -> i, d4 -> out
[DEBUG] [spyre.inductor.codegen.superdsc] SDSCSpec(
  opfunc=mul
  exec_unit=sfp
  data_format=SEN169_FP16
  num_inputs=2
  iteration_space=[mb=512, x=32, y=2, i=64, out=2]
  work_slices=[mb=32, x=1, y=1, i=1, out=1]
  core_id_to_work_slice=[mb=Mod(core_id, 32), x=0, y=0, i=0, out=0]
  layouts=[
    OUTPUT: dim_order=[out, y, mb, i, x], stick_dim_order=i, stick_size=64
  ]
  args=[
  SDSCArgs(
    layout=OUTPUT,
    dim_order=[out, y, mb, i, x], 
    data_format=SEN169_FP16,
    scales=[out=1, y=1, mb=1, i=1, x=-1],
    strides=[out=128, y=256, mb=131072, i=131072, x=131072],
    offsets=[out=0, y=0, mb=0, i=0, x=0],
    max_dim_sizes=[out=-1, y=-1, mb=-1, i=-1, x=-1],
    allocation=[hbm=17179869184],
    start_address=17179869184
    backGap={}
    is_index_tensor=False
    related_value_tensor_idx=-1
    lx_residency_core_id_to_wk_slice=None
  )
  SDSCArgs(
    layout=OUTPUT,
    dim_order=[out, x, mb, i, y], 
    data_format=SEN169_FP16,
    scales=[out=1, x=1, mb=1, i=1, y=-1],
    strides=[out=128, x=4096, mb=3145728, i=3145728, y=3145728],
    offsets=[out=0, x=0, mb=0, i=0, y=0],
    max_dim_sizes=[out=-1, x=-1, mb=-1, i=-1, y=-1],
    allocation=[hbm=34359738368],
    start_address=34359738368
    backGap={x: 16}
    is_index_tensor=False
    related_value_tensor_idx=-1
    lx_residency_core_id_to_wk_slice=None
  )
  SDSCArgs(
    layout=OUTPUT,
    dim_order=[mb, out, y, x, i], 
    data_format=SEN169_FP16,
    scales=[mb=1, out=1, y=1, x=1, i=1],
    strides=[mb=32768, out=65536, y=131072, x=4194304, i=4194304],
    offsets=[mb=0, out=0, y=0, x=0, i=0],
    max_dim_sizes=[mb=-1, out=-1, y=-1, x=-1, i=-1],
    allocation=[lx=0],
    start_address=0
    backGap={}
    is_index_tensor=False
    related_value_tensor_idx=-1
    lx_residency_core_id_to_wk_slice=None
  )
  ]
)
[INFO] [spyre.inductor.sdsc_compile] Generating /home/adnan/codex-isolated/dldsc_granite_clean_relayout_20260703_163108/runs/granite_relayout_s512_20260703_174540/block_prefill/cache/inductor-spyre/sdsc_fused__scaled_dot_product_fused_attention_overrideable__unsafe_view_clone_expand_mul_split_with_sizes_sum_transpose_unsqueeze_view_1_ebde7hs0/sdsc_0.json
[DEBUG] [spyre.inductor.codegen.superdsc] symbol mapping: c0 -> mb, c1 -> x, c2 -> y, c3 -> i, c4 -> out
[DEBUG] [spyre.inductor.codegen.superdsc] SDSCSpec(
  opfunc=sumnonstick
  exec_unit=sfp
  data_format=SEN169_FP16
  num_inputs=2
  iteration_space=[mb=512, x=32, y=2, i=64, out=2]
  work_slices=[mb=32, x=1, y=1, i=1, out=1]
  core_id_to_work_slice=[mb=Mod(core_id, 32), x=0, y=0, i=0, out=0]
  layouts=[
    OUTPUT: dim_order=[mb, out, y, x, i], stick_dim_order=i, stick_size=64
  ]
  args=[
  SDSCArgs(
    layout=OUTPUT,
    dim_order=[mb, out, y, x, i], 
    data_format=SEN169_FP16,
    scales=[mb=1, out=1, y=1, x=1, i=1],
    strides=[mb=32768, out=65536, y=131072, x=4194304, i=4194304],
    offsets=[mb=0, out=0, y=0, x=0, i=0],
    max_dim_sizes=[mb=-1, out=-1, y=-1, x=-1, i=-1],
    allocation=[lx=0],
    start_address=0
    backGap={}
    is_index_tensor=False
    related_value_tensor_idx=-1
    lx_residency_core_id_to_wk_slice=None
  )
  SDSCArgs(
    layout=OUTPUT,
    dim_order=[mb, y, x, i, out], 
    data_format=SEN169_FP16,
    scales=[mb=1, y=1, x=1, i=1, out=-1],
    strides=[mb=32768, y=65536, x=2097152, i=2097152, out=2097152],
    offsets=[mb=0, y=0, x=0, i=0, out=0],
    max_dim_sizes=[mb=-1, y=-1, x=-1, i=-1, out=-1],
    allocation=[lx=262144],
    start_address=262144
    backGap={}
    is_index_tensor=False
    related_value_tensor_idx=-1
    lx_residency_core_id_to_wk_slice=None
  )
  ]
)
[INFO] [spyre.inductor.sdsc_compile] Generating /home/adnan/codex-isolated/dldsc_granite_clean_relayout_20260703_163108/runs/granite_relayout_s512_20260703_174540/block_prefill/cache/inductor-spyre/sdsc_fused__scaled_dot_product_fused_attention_overrideable__unsafe_view_clone_expand_mul_split_with_sizes_sum_transpose_unsqueeze_view_1_ebde7hs0/sdsc_1.json
[DEBUG] [spyre.inductor.codegen.superdsc] symbol mapping: c0 -> mb, c1 -> x, c2 -> out
[DEBUG] [spyre.inductor.codegen.superdsc] SDSCSpec(
  opfunc=mul
  exec_unit=sfp
  data_format=SEN169_FP16
  num_inputs=2
  iteration_space=[mb=512, x=32, out=128]
  work_slices=[mb=32, x=1, out=1]
  core_id_to_work_slice=[mb=Mod(core_id, 32), x=0, out=0]
  layouts=[
    OUTPUT: dim_order=[mb, out, x], stick_dim_order=out, stick_size=64
  ]
  args=[
  SDSCArgs(
    layout=OUTPUT,
    dim_order=[mb, out, x], 
    data_format=SEN169_FP16,
    scales=[mb=1, out=1, x=1],
    strides=[mb=32768, out=65536, x=2097152],
    offsets=[mb=0, out=0, x=0],
    max_dim_sizes=[mb=-1, out=-1, x=-1],
    allocation=[lx=262144],
    start_address=262144
    backGap={}
    is_index_tensor=False
    related_value_tensor_idx=-1
    lx_residency_core_id_to_wk_slice=None
  )
  SDSCArgs(
    layout=OUTPUT,
    dim_order=[x, out, mb], 
    data_format=SEN169_FP16,
    scales=[x=-1, out=-2, mb=-1],
    strides=[x=64, out=64, mb=64],
    offsets=[x=0, out=0, mb=0],
    max_dim_sizes=[x=-1, out=-1, mb=-1],
    allocation=[hbm=51539607552],
    start_address=51539607552
    backGap={}
    is_index_tensor=False
    related_value_tensor_idx=-1
    lx_residency_core_id_to_wk_slice=None
  )
  SDSCArgs(
    layout=OUTPUT,
    dim_order=[x, out, mb], 
    data_format=SEN169_FP16,
    scales=[x=1, out=1, mb=1],
    strides=[x=2048, out=4096, mb=2097152],
    offsets=[x=0, out=0, mb=0],
    max_dim_sizes=[x=-1, out=-1, mb=-1],
    allocation=[lx=0],
    start_address=0
    backGap={}
    is_index_tensor=False
    related_value_tensor_idx=-1
    lx_residency_core_id_to_wk_slice=None
  )
  ]
)
[INFO] [spyre.inductor.sdsc_compile] Generating /home/adnan/codex-isolated/dldsc_granite_clean_relayout_20260703_163108/runs/granite_relayout_s512_20260703_174540/block_prefill/cache/inductor-spyre/sdsc_fused__scaled_dot_product_fused_attention_overrideable__unsafe_view_clone_expand_mul_split_with_sizes_sum_transpose_unsqueeze_view_1_ebde7hs0/sdsc_2.json
[DEBUG] [spyre.inductor.codegen.superdsc] symbol mapping: d0 -> mb, d1 -> x, d2 -> y, d3 -> i, d4 -> out
[DEBUG] [spyre.inductor.codegen.superdsc] SDSCSpec(
  opfunc=mul
  exec_unit=sfp
  data_format=SEN169_FP16
  num_inputs=2
  iteration_space=[mb=512, x=8, y=2, i=64, out=2]
  work_slices=[mb=32, x=1, y=1, i=1, out=1]
  core_id_to_work_slice=[mb=Mod(core_id, 32), x=0, y=0, i=0, out=0]
  layouts=[
    OUTPUT: dim_order=[out, y, mb, i, x], stick_dim_order=i, stick_size=64
  ]
  args=[
  SDSCArgs(
    layout=OUTPUT,
    dim_order=[out, y, mb, i, x], 
    data_format=SEN169_FP16,
    scales=[out=1, y=1, mb=1, i=1, x=-1],
    strides=[out=128, y=256, mb=131072, i=131072, x=131072],
    offsets=[out=0, y=0, mb=0, i=0, x=0],
    max_dim_sizes=[out=-1, y=-1, mb=-1, i=-1, x=-1],
    allocation=[hbm=17179869184],
    start_address=17179869184
    backGap={}
    is_index_tensor=False
    related_value_tensor_idx=-1
    lx_residency_core_id_to_wk_slice=None
  )
  SDSCArgs(
    layout=OUTPUT,
    dim_order=[out, x, mb, i, y], 
    data_format=SEN169_FP16,
    scales=[out=1, x=1, mb=1, i=1, y=-1],
    strides=[out=128, x=1024, mb=3145728, i=3145728, y=3145728],
    offsets=[out=0, x=4096, mb=0, i=0, y=0],
    max_dim_sizes=[out=-1, x=-1, mb=-1, i=-1, y=-1],
    allocation=[hbm=34359738368],
    start_address=34359738368
    backGap={x: 40}
    is_index_tensor=False
    related_value_tensor_idx=-1
    lx_residency_core_id_to_wk_slice=None
  )
  SDSCArgs(
    layout=OUTPUT,
    dim_order=[mb, out, y, x, i], 
    data_format=SEN169_FP16,
    scales=[mb=1, out=1, y=1, x=1, i=1],
    strides=[mb=32768, out=65536, y=131072, x=1048576, i=1048576],
    offsets=[mb=0, out=0, y=0, x=0, i=0],
    max_dim_sizes=[mb=-1, out=-1, y=-1, x=-1, i=-1],
    allocation=[lx=131072],
    start_address=131072
    backGap={}
    is_index_tensor=False
    related_value_tensor_idx=-1
    lx_residency_core_id_to_wk_slice=None
  )
  ]
)
[INFO] [spyre.inductor.sdsc_compile] Generating /home/adnan/codex-isolated/dldsc_granite_clean_relayout_20260703_163108/runs/granite_relayout_s512_20260703_174540/block_prefill/cache/inductor-spyre/sdsc_fused__scaled_dot_product_fused_attention_overrideable__unsafe_view_clone_expand_mul_split_with_sizes_sum_transpose_unsqueeze_view_1_ebde7hs0/sdsc_3.json
[DEBUG] [spyre.inductor.codegen.superdsc] symbol mapping: c0 -> mb, c1 -> x, c2 -> y, c3 -> i, c4 -> out
[DEBUG] [spyre.inductor.codegen.superdsc] SDSCSpec(
  opfunc=sumnonstick
  exec_unit=sfp
  data_format=SEN169_FP16
  num_inputs=2
  iteration_space=[mb=512, x=8, y=2, i=64, out=2]
  work_slices=[mb=32, x=1, y=1, i=1, out=1]
  core_id_to_work_slice=[mb=Mod(core_id, 32), x=0, y=0, i=0, out=0]
  layouts=[
    OUTPUT: dim_order=[mb, out, y, x, i], stick_dim_order=i, stick_size=64
  ]
  args=[
  SDSCArgs(
    layout=OUTPUT,
    dim_order=[mb, out, y, x, i], 
    data_format=SEN169_FP16,
    scales=[mb=1, out=1, y=1, x=1, i=1],
    strides=[mb=32768, out=65536, y=131072, x=1048576, i=1048576],
    offsets=[mb=0, out=0, y=0, x=0, i=0],
    max_dim_sizes=[mb=-1, out=-1, y=-1, x=-1, i=-1],
    allocation=[lx=131072],
    start_address=131072
    backGap={}
    is_index_tensor=False
    related_value_tensor_idx=-1
    lx_residency_core_id_to_wk_slice=None
  )
  SDSCArgs(
    layout=OUTPUT,
    dim_order=[mb, y, x, i, out], 
    data_format=SEN169_FP16,
    scales=[mb=1, y=1, x=1, i=1, out=-1],
    strides=[mb=32768, y=65536, x=524288, i=524288, out=524288],
    offsets=[mb=0, y=0, x=0, i=0, out=0],
    max_dim_sizes=[mb=-1, y=-1, x=-1, i=-1, out=-1],
    allocation=[hbm=85899345920],
    start_address=85899345920
    backGap={}
    is_index_tensor=False
    related_value_tensor_idx=-1
    lx_residency_core_id_to_wk_slice=None
  )
  ]
)
[INFO] [spyre.inductor.sdsc_compile] Generating /home/adnan/codex-isolated/dldsc_granite_clean_relayout_20260703_163108/runs/granite_relayout_s512_20260703_174540/block_prefill/cache/inductor-spyre/sdsc_fused__scaled_dot_product_fused_attention_overrideable__unsafe_view_clone_expand_mul_split_with_sizes_sum_transpose_unsqueeze_view_1_ebde7hs0/sdsc_4.json
[DEBUG] [spyre.inductor.codegen.superdsc] symbol mapping: c0 -> mb, c1 -> x, c2 -> y, c3 -> out
[DEBUG] [spyre.inductor.codegen.superdsc] SDSCSpec(
  opfunc=identity
  exec_unit=sfp
  data_format=SEN169_FP16
  num_inputs=1
  iteration_space=[mb=8, x=4, y=512, out=128]
  work_slices=[mb=1, x=1, y=32, out=1]
  core_id_to_work_slice=[mb=0, x=0, y=Mod(core_id, 32), out=0]
  layouts=[
    OUTPUT: dim_order=[y, out, mb, x], stick_dim_order=out, stick_size=64
  ]
  args=[
  SDSCArgs(
    layout=OUTPUT,
    dim_order=[y, out, mb, x], 
    data_format=SEN169_FP16,
    scales=[y=1, out=1, mb=1, x=-1],
    strides=[y=32768, out=65536, mb=524288, x=524288],
    offsets=[y=0, out=0, mb=0, x=0],
    max_dim_sizes=[y=-1, out=-1, mb=-1, x=-1],
    allocation=[hbm=85899345920],
    start_address=85899345920
    backGap={}
    is_index_tensor=False
    related_value_tensor_idx=-1
    lx_residency_core_id_to_wk_slice=None
  )
  SDSCArgs(
    layout=OUTPUT,
    dim_order=[out, y, x, mb], 
    data_format=SEN169_FP16,
    scales=[out=1, y=1, x=1, mb=1],
    strides=[out=128, y=65536, x=262144, mb=2097152],
    offsets=[out=0, y=0, x=0, mb=0],
    max_dim_sizes=[out=-1, y=-1, x=-1, mb=-1],
    allocation=[pool=0],
    start_address=0
    backGap={}
    is_index_tensor=False
    related_value_tensor_idx=-1
    lx_residency_core_id_to_wk_slice=None
  )
  ]
)
[INFO] [spyre.inductor.sdsc_compile] Generating /home/adnan/codex-isolated/dldsc_granite_clean_relayout_20260703_163108/runs/granite_relayout_s512_20260703_174540/block_prefill/cache/inductor-spyre/sdsc_fused__scaled_dot_product_fused_attention_overrideable__unsafe_view_clone_expand_mul_split_with_sizes_sum_transpose_unsqueeze_view_1_ebde7hs0/sdsc_5.json
[DEBUG] [spyre.inductor.codegen.superdsc] symbol mapping: c0 -> mb, c1 -> x, c2 -> out
[DEBUG] [spyre.inductor.codegen.superdsc] SDSCSpec(
  opfunc=mul
  exec_unit=sfp
  data_format=SEN169_FP16
  num_inputs=2
  iteration_space=[mb=32, x=512, out=128]
  work_slices=[mb=1, x=32, out=1]
  core_id_to_work_slice=[mb=0, x=Mod(core_id, 32), out=0]
  layouts=[
    OUTPUT: dim_order=[out, x, mb], stick_dim_order=out, stick_size=64
  ]
  args=[
  SDSCArgs(
    layout=OUTPUT,
    dim_order=[out, x, mb], 
    data_format=SEN169_FP16,
    scales=[out=1, x=1, mb=1],
    strides=[out=128, x=65536, mb=2097152],
    offsets=[out=0, x=0, mb=0],
    max_dim_sizes=[out=-1, x=-1, mb=-1],
    allocation=[pool=0],
    start_address=0
    backGap={}
    is_index_tensor=False
    related_value_tensor_idx=-1
    lx_residency_core_id_to_wk_slice=None
  )
  SDSCArgs(
    layout=OUTPUT,
    dim_order=[mb, out, x], 
    data_format=SEN169_FP16,
    scales=[mb=-1, out=-2, x=-1],
    strides=[mb=64, out=64, x=64],
    offsets=[mb=0, out=0, x=0],
    max_dim_sizes=[mb=-1, out=-1, x=-1],
    allocation=[hbm=51539607552],
    start_address=51539607552
    backGap={}
    is_index_tensor=False
    related_value_tensor_idx=-1
    lx_residency_core_id_to_wk_slice=None
  )
  SDSCArgs(
    layout=OUTPUT,
    dim_order=[mb, out, x], 
    data_format=SEN169_FP16,
    scales=[mb=1, out=1, x=1],
    strides=[mb=2048, out=4096, x=2097152],
    offsets=[mb=0, out=0, x=0],
    max_dim_sizes=[mb=-1, out=-1, x=-1],
    allocation=[lx=131072],
    start_address=131072
    backGap={}
    is_index_tensor=False
    related_value_tensor_idx=-1
    lx_residency_core_id_to_wk_slice=None
  )
  ]
)
[INFO] [spyre.inductor.sdsc_compile] Generating /home/adnan/codex-isolated/dldsc_granite_clean_relayout_20260703_163108/runs/granite_relayout_s512_20260703_174540/block_prefill/cache/inductor-spyre/sdsc_fused__scaled_dot_product_fused_attention_overrideable__unsafe_view_clone_expand_mul_split_with_sizes_sum_transpose_unsqueeze_view_1_ebde7hs0/sdsc_6.json
[DEBUG] [spyre.inductor.codegen.superdsc] symbol mapping: c0 -> mb, c1 -> x, c2 -> out
[DEBUG] [spyre.inductor.codegen.superdsc] SDSCSpec(
  opfunc=ReStickifyOpLx
  exec_unit=sfp
  data_format=SEN169_FP16
  num_inputs=1
  iteration_space=[mb=32, x=512, out=128]
  work_slices=[mb=32, x=1, out=1]
  core_id_to_work_slice=[mb=Mod(core_id, 32), x=0, out=0]
  layouts=[
    OUTPUT: dim_order=[mb, out, x], stick_dim_order=out, stick_size=64
    KERNEL: dim_order=[mb, x, out], stick_dim_order=x, stick_size=64
  ]
  args=[
  SDSCArgs(
    layout=OUTPUT,
    dim_order=[mb, out, x], 
    data_format=SEN169_FP16,
    scales=[mb=1, out=1, x=1],
    strides=[mb=2048, out=4096, x=2097152],
    offsets=[mb=0, out=0, x=0],
    max_dim_sizes=[mb=-1, out=-1, x=-1],
    allocation=[lx=131072],
    start_address=131072
    backGap={}
    is_index_tensor=False
    related_value_tensor_idx=-1
    lx_residency_core_id_to_wk_slice={'0': {'mb': 0, 'out': 0, 'x': 0}, '1': {'mb': 0, 'out': 0, 'x': 1}, '2': {'mb': 0, 'out': 0, 'x': 2}, '3': {'mb': 0, 'out': 0, 'x': 3}, '4': {'mb': 0, 'out': 0, 'x': 4}, '5': {'mb': 0, 'out': 0, 'x': 5}, '6': {'mb': 0, 'out': 0, 'x': 6}, '7': {'mb': 0, 'out': 0, 'x': 7}, '8': {'mb': 0, 'out': 0, 'x': 8}, '9': {'mb': 0, 'out': 0, 'x': 9}, '10': {'mb': 0, 'out': 0, 'x': 10}, '11': {'mb': 0, 'out': 0, 'x': 11}, '12': {'mb': 0, 'out': 0, 'x': 12}, '13': {'mb': 0, 'out': 0, 'x': 13}, '14': {'mb': 0, 'out': 0, 'x': 14}, '15': {'mb': 0, 'out': 0, 'x': 15}, '16': {'mb': 0, 'out': 0, 'x': 16}, '17': {'mb': 0, 'out': 0, 'x': 17}, '18': {'mb': 0, 'out': 0, 'x': 18}, '19': {'mb': 0, 'out': 0, 'x': 19}, '20': {'mb': 0, 'out': 0, 'x': 20}, '21': {'mb': 0, 'out': 0, 'x': 21}, '22': {'mb': 0, 'out': 0, 'x': 22}, '23': {'mb': 0, 'out': 0, 'x': 23}, '24': {'mb': 0, 'out': 0, 'x': 24}, '25': {'mb': 0, 'out': 0, 'x': 25}, '26': {'mb': 0, 'out': 0, 'x': 26}, '27': {'mb': 0, 'out': 0, 'x': 27}, '28': {'mb': 0, 'out': 0, 'x': 28}, '29': {'mb': 0, 'out': 0, 'x': 29}, '30': {'mb': 0, 'out': 0, 'x': 30}, '31': {'mb': 0, 'out': 0, 'x': 31}}
  )
  SDSCArgs(
    layout=KERNEL,
    dim_order=[mb, x, out], 
    data_format=SEN169_FP16,
    scales=[mb=1, x=1, out=1],
    strides=[mb=2048, x=16384, out=2097152],
    offsets=[mb=0, x=0, out=0],
    max_dim_sizes=[mb=-1, x=-1, out=-1],
    allocation=[lx=262144],
    start_address=262144
    backGap={}
    is_index_tensor=False
    related_value_tensor_idx=-1
    lx_residency_core_id_to_wk_slice=None
  )
  ]
)
[INFO] [spyre.inductor.sdsc_compile] Generating /home/adnan/codex-isolated/dldsc_granite_clean_relayout_20260703_163108/runs/granite_relayout_s512_20260703_174540/block_prefill/cache/inductor-spyre/sdsc_fused__scaled_dot_product_fused_attention_overrideable__unsafe_view_clone_expand_mul_split_with_sizes_sum_transpose_unsqueeze_view_1_ebde7hs0/sdsc_7.json
[DEBUG] [spyre.inductor.codegen.superdsc] symbol mapping: c0 -> x, c1 -> mb, c2 -> out, c3 -> in
[DEBUG] [spyre.inductor.codegen.superdsc] SDSCSpec(
  opfunc=batchmatmul
  exec_unit=pt
  data_format=SEN169_FP16
  num_inputs=2
  iteration_space=[x=512, mb=32, out=512, in=128]
  work_slices=[x=16, mb=1, out=2, in=1]
  core_id_to_work_slice=[x=Mod(core_id, 16), mb=0, out=Mod(floor(core_id/16), 2), in=0]
  layouts=[
    INPUT: dim_order=[mb, in, x], stick_dim_order=in, stick_size=64
    KERNEL: dim_order=[mb, out, in], stick_dim_order=out, stick_size=64
    OUTPUT: dim_order=[out, x, mb], stick_dim_order=out, stick_size=64
  ]
  args=[
  SDSCArgs(
    layout=INPUT,
    dim_order=[mb, in, x], 
    data_format=SEN169_FP16,
    scales=[mb=1, in=1, x=1],
    strides=[mb=2048, in=4096, x=2097152],
    offsets=[mb=0, in=0, x=0],
    max_dim_sizes=[mb=-1, in=-1, x=-1],
    allocation=[lx=0],
    start_address=0
    backGap={}
    is_index_tensor=False
    related_value_tensor_idx=-1
    lx_residency_core_id_to_wk_slice={'0': {'mb': 0, 'in': 0, 'x': 0}, '1': {'mb': 0, 'in': 0, 'x': 1}, '2': {'mb': 0, 'in': 0, 'x': 2}, '3': {'mb': 0, 'in': 0, 'x': 3}, '4': {'mb': 0, 'in': 0, 'x': 4}, '5': {'mb': 0, 'in': 0, 'x': 5}, '6': {'mb': 0, 'in': 0, 'x': 6}, '7': {'mb': 0, 'in': 0, 'x': 7}, '8': {'mb': 0, 'in': 0, 'x': 8}, '9': {'mb': 0, 'in': 0, 'x': 9}, '10': {'mb': 0, 'in': 0, 'x': 10}, '11': {'mb': 0, 'in': 0, 'x': 11}, '12': {'mb': 0, 'in': 0, 'x': 12}, '13': {'mb': 0, 'in': 0, 'x': 13}, '14': {'mb': 0, 'in': 0, 'x': 14}, '15': {'mb': 0, 'in': 0, 'x': 15}, '16': {'mb': 0, 'in': 0, 'x': 16}, '17': {'mb': 0, 'in': 0, 'x': 17}, '18': {'mb': 0, 'in': 0, 'x': 18}, '19': {'mb': 0, 'in': 0, 'x': 19}, '20': {'mb': 0, 'in': 0, 'x': 20}, '21': {'mb': 0, 'in': 0, 'x': 21}, '22': {'mb': 0, 'in': 0, 'x': 22}, '23': {'mb': 0, 'in': 0, 'x': 23}, '24': {'mb': 0, 'in': 0, 'x': 24}, '25': {'mb': 0, 'in': 0, 'x': 25}, '26': {'mb': 0, 'in': 0, 'x': 26}, '27': {'mb': 0, 'in': 0, 'x': 27}, '28': {'mb': 0, 'in': 0, 'x': 28}, '29': {'mb': 0, 'in': 0, 'x': 29}, '30': {'mb': 0, 'in': 0, 'x': 30}, '31': {'mb': 0, 'in': 0, 'x': 31}}
  )
  SDSCArgs(
    layout=KERNEL,
    dim_order=[mb, out, in], 
    data_format=SEN169_FP16,
    scales=[mb=1, out=1, in=1],
    strides=[mb=2048, out=16384, in=2097152],
    offsets=[mb=0, out=0, in=0],
    max_dim_sizes=[mb=-1, out=-1, in=-1],
    allocation=[lx=262144],
    start_address=262144
    backGap={}
    is_index_tensor=False
    related_value_tensor_idx=-1
    lx_residency_core_id_to_wk_slice={'0': {'mb': 0, 'out': 0, 'in': 0}, '1': {'mb': 0, 'out': 1, 'in': 0}, '2': {'mb': 0, 'out': 2, 'in': 0}, '3': {'mb': 0, 'out': 3, 'in': 0}, '4': {'mb': 0, 'out': 4, 'in': 0}, '5': {'mb': 0, 'out': 5, 'in': 0}, '6': {'mb': 0, 'out': 6, 'in': 0}, '7': {'mb': 0, 'out': 7, 'in': 0}, '8': {'mb': 0, 'out': 8, 'in': 0}, '9': {'mb': 0, 'out': 9, 'in': 0}, '10': {'mb': 0, 'out': 10, 'in': 0}, '11': {'mb': 0, 'out': 11, 'in': 0}, '12': {'mb': 0, 'out': 12, 'in': 0}, '13': {'mb': 0, 'out': 13, 'in': 0}, '14': {'mb': 0, 'out': 14, 'in': 0}, '15': {'mb': 0, 'out': 15, 'in': 0}, '16': {'mb': 0, 'out': 16, 'in': 0}, '17': {'mb': 0, 'out': 17, 'in': 0}, '18': {'mb': 0, 'out': 18, 'in': 0}, '19': {'mb': 0, 'out': 19, 'in': 0}, '20': {'mb': 0, 'out': 20, 'in': 0}, '21': {'mb': 0, 'out': 21, 'in': 0}, '22': {'mb': 0, 'out': 22, 'in': 0}, '23': {'mb': 0, 'out': 23, 'in': 0}, '24': {'mb': 0, 'out': 24, 'in': 0}, '25': {'mb': 0, 'out': 25, 'in': 0}, '26': {'mb': 0, 'out': 26, 'in': 0}, '27': {'mb': 0, 'out': 27, 'in': 0}, '28': {'mb': 0, 'out': 28, 'in': 0}, '29': {'mb': 0, 'out': 29, 'in': 0}, '30': {'mb': 0, 'out': 30, 'in': 0}, '31': {'mb': 0, 'out': 31, 'in': 0}}
  )
  SDSCArgs(
    layout=OUTPUT,
    dim_order=[out, x, mb], 
    data_format=SEN169_FP16,
    scales=[out=1, x=1, mb=1],
    strides=[out=512, x=262144, mb=8388608],
    offsets=[out=0, x=0, mb=0],
    max_dim_sizes=[out=-1, x=-1, mb=-1],
    allocation=[pool=4194304],
    start_address=4194304
    backGap={}
    is_index_tensor=False
    related_value_tensor_idx=-1
    lx_residency_core_id_to_wk_slice=None
  )
  ]
)
[INFO] [spyre.inductor.sdsc_compile] Generating /home/adnan/codex-isolated/dldsc_granite_clean_relayout_20260703_163108/runs/granite_relayout_s512_20260703_174540/block_prefill/cache/inductor-spyre/sdsc_fused__scaled_dot_product_fused_attention_overrideable__unsafe_view_clone_expand_mul_split_with_sizes_sum_transpose_unsqueeze_view_1_ebde7hs0/sdsc_8.json
[DEBUG] [spyre.inductor.codegen.superdsc] symbol mapping: d0 -> mb, d1 -> x, d2 -> out
[DEBUG] [spyre.inductor.codegen.superdsc] SDSCSpec(
  opfunc=add
  exec_unit=sfp
  data_format=SEN169_FP16
  num_inputs=2
  iteration_space=[mb=32, x=512, out=512]
  work_slices=[mb=1, x=32, out=1]
  core_id_to_work_slice=[mb=0, x=Mod(core_id, 32), out=0]
  layouts=[
    OUTPUT: dim_order=[out, x, mb], stick_dim_order=out, stick_size=64
  ]
  args=[
  SDSCArgs(
    layout=OUTPUT,
    dim_order=[out, x, mb], 
    data_format=SEN169_FP16,
    scales=[out=1, x=1, mb=1],
    strides=[out=512, x=262144, mb=8388608],
    offsets=[out=0, x=0, mb=0],
    max_dim_sizes=[out=-1, x=-1, mb=-1],
    allocation=[pool=4194304],
    start_address=4194304
    backGap={}
    is_index_tensor=False
    related_value_tensor_idx=-1
    lx_residency_core_id_to_wk_slice=None
  )
  SDSCArgs(
    layout=OUTPUT,
    dim_order=[out, x, mb], 
    data_format=SEN169_FP16,
    scales=[out=1, x=1, mb=-1],
    strides=[out=512, x=262144, mb=262144],
    offsets=[out=0, x=0, mb=0],
    max_dim_sizes=[out=-1, x=-1, mb=-1],
    allocation=[hbm=68719476736],
    start_address=68719476736
    backGap={}
    is_index_tensor=False
    related_value_tensor_idx=-1
    lx_residency_core_id_to_wk_slice=None
  )
  SDSCArgs(
    layout=OUTPUT,
    dim_order=[mb, out, x], 
    data_format=SEN169_FP16,
    scales=[mb=1, out=1, x=1],
    strides=[mb=2048, out=16384, x=8388608],
    offsets=[mb=0, out=0, x=0],
    max_dim_sizes=[mb=-1, out=-1, x=-1],
    allocation=[lx=0],
    start_address=0
    backGap={}
    is_index_tensor=False
    related_value_tensor_idx=-1
    lx_residency_core_id_to_wk_slice=None
  )
  ]
)
[INFO] [spyre.inductor.sdsc_compile] Generating /home/adnan/codex-isolated/dldsc_granite_clean_relayout_20260703_163108/runs/granite_relayout_s512_20260703_174540/block_prefill/cache/inductor-spyre/sdsc_fused__scaled_dot_product_fused_attention_overrideable__unsafe_view_clone_expand_mul_split_with_sizes_sum_transpose_unsqueeze_view_1_ebde7hs0/sdsc_9.json
[DEBUG] [spyre.inductor.codegen.superdsc] symbol mapping: c0 -> mb, c1 -> x, c2 -> out
[DEBUG] [spyre.inductor.codegen.superdsc] SDSCSpec(
  opfunc=max
  exec_unit=sfp
  data_format=SEN169_FP16
  num_inputs=2
  iteration_space=[mb=32, x=512, out=512]
  work_slices=[mb=1, x=32, out=1]
  core_id_to_work_slice=[mb=0, x=Mod(core_id, 32), out=0]
  layouts=[
    OUTPUT: dim_order=[mb, out, x], stick_dim_order=out, stick_size=64
  ]
  args=[
  SDSCArgs(
    layout=OUTPUT,
    dim_order=[mb, out, x], 
    data_format=SEN169_FP16,
    scales=[mb=1, out=1, x=1],
    strides=[mb=2048, out=16384, x=8388608],
    offsets=[mb=0, out=0, x=0],
    max_dim_sizes=[mb=-1, out=-1, x=-1],
    allocation=[lx=0],
    start_address=0
    backGap={}
    is_index_tensor=False
    related_value_tensor_idx=-1
    lx_residency_core_id_to_wk_slice=None
  )
  SDSCArgs(
    layout=OUTPUT,
    dim_order=[mb, x, out], 
    data_format=SEN169_FP16,
    scales=[mb=1, x=1, out=-2],
    strides=[mb=2048, x=1048576, out=1048576],
    offsets=[mb=0, x=0, out=0],
    max_dim_sizes=[mb=-1, x=-1, out=-1],
    allocation=[lx=524288],
    start_address=524288
    backGap={}
    is_index_tensor=False
    related_value_tensor_idx=-1
    lx_residency_core_id_to_wk_slice=None
  )
  ]
)
[INFO] [spyre.inductor.sdsc_compile] Generating /home/adnan/codex-isolated/dldsc_granite_clean_relayout_20260703_163108/runs/granite_relayout_s512_20260703_174540/block_prefill/cache/inductor-spyre/sdsc_fused__scaled_dot_product_fused_attention_overrideable__unsafe_view_clone_expand_mul_split_with_sizes_sum_transpose_unsqueeze_view_1_ebde7hs0/sdsc_10.json
[DEBUG] [spyre.inductor.codegen.superdsc] symbol mapping: c0 -> mb, c1 -> x, c2 -> out
[DEBUG] [spyre.inductor.codegen.superdsc] SDSCSpec(
  opfunc=sub
  exec_unit=sfp
  data_format=SEN169_FP16
  num_inputs=2
  iteration_space=[mb=32, x=512, out=512]
  work_slices=[mb=1, x=32, out=1]
  core_id_to_work_slice=[mb=0, x=Mod(core_id, 32), out=0]
  layouts=[
    OUTPUT: dim_order=[mb, out, x], stick_dim_order=out, stick_size=64
  ]
  args=[
  SDSCArgs(
    layout=OUTPUT,
    dim_order=[mb, out, x], 
    data_format=SEN169_FP16,
    scales=[mb=1, out=1, x=1],
    strides=[mb=2048, out=16384, x=8388608],
    offsets=[mb=0, out=0, x=0],
    max_dim_sizes=[mb=-1, out=-1, x=-1],
    allocation=[lx=0],
    start_address=0
    backGap={}
    is_index_tensor=False
    related_value_tensor_idx=-1
    lx_residency_core_id_to_wk_slice=None
  )
  SDSCArgs(
    layout=OUTPUT,
    dim_order=[mb, x, out], 
    data_format=SEN169_FP16,
    scales=[mb=1, x=1, out=-2],
    strides=[mb=2048, x=1048576, out=1048576],
    offsets=[mb=0, x=0, out=0],
    max_dim_sizes=[mb=-1, x=-1, out=-1],
    allocation=[lx=524288],
    start_address=524288
    backGap={}
    is_index_tensor=False
    related_value_tensor_idx=-1
    lx_residency_core_id_to_wk_slice=None
  )
  SDSCArgs(
    layout=OUTPUT,
    dim_order=[mb, out, x], 
    data_format=SEN169_FP16,
    scales=[mb=1, out=1, x=1],
    strides=[mb=2048, out=16384, x=8388608],
    offsets=[mb=0, out=0, x=0],
    max_dim_sizes=[mb=-1, out=-1, x=-1],
    allocation=[lx=589824],
    start_address=589824
    backGap={}
    is_index_tensor=False
    related_value_tensor_idx=-1
    lx_residency_core_id_to_wk_slice=None
  )
  ]
)
[INFO] [spyre.inductor.sdsc_compile] Generating /home/adnan/codex-isolated/dldsc_granite_clean_relayout_20260703_163108/runs/granite_relayout_s512_20260703_174540/block_prefill/cache/inductor-spyre/sdsc_fused__scaled_dot_product_fused_attention_overrideable__unsafe_view_clone_expand_mul_split_with_sizes_sum_transpose_unsqueeze_view_1_ebde7hs0/sdsc_11.json
[DEBUG] [spyre.inductor.codegen.superdsc] symbol mapping: c0 -> mb, c1 -> x, c2 -> out
[DEBUG] [spyre.inductor.codegen.superdsc] SDSCSpec(
  opfunc=exp
  exec_unit=sfp
  data_format=SEN169_FP16
  num_inputs=1
  iteration_space=[mb=32, x=512, out=512]
  work_slices=[mb=1, x=32, out=1]
  core_id_to_work_slice=[mb=0, x=Mod(core_id, 32), out=0]
  layouts=[
    OUTPUT: dim_order=[mb, out, x], stick_dim_order=out, stick_size=64
  ]
  args=[
  SDSCArgs(
    layout=OUTPUT,
    dim_order=[mb, out, x], 
    data_format=SEN169_FP16,
    scales=[mb=1, out=1, x=1],
    strides=[mb=2048, out=16384, x=8388608],
    offsets=[mb=0, out=0, x=0],
    max_dim_sizes=[mb=-1, out=-1, x=-1],
    allocation=[lx=589824],
    start_address=589824
    backGap={}
    is_index_tensor=False
    related_value_tensor_idx=-1
    lx_residency_core_id_to_wk_slice=None
  )
  SDSCArgs(
    layout=OUTPUT,
    dim_order=[mb, out, x], 
    data_format=SEN169_FP16,
    scales=[mb=1, out=1, x=1],
    strides=[mb=2048, out=16384, x=8388608],
    offsets=[mb=0, out=0, x=0],
    max_dim_sizes=[mb=-1, out=-1, x=-1],
    allocation=[lx=589824],
    start_address=589824
    backGap={}
    is_index_tensor=False
    related_value_tensor_idx=-1
    lx_residency_core_id_to_wk_slice=None
  )
  ]
)
[INFO] [spyre.inductor.sdsc_compile] Generating /home/adnan/codex-isolated/dldsc_granite_clean_relayout_20260703_163108/runs/granite_relayout_s512_20260703_174540/block_prefill/cache/inductor-spyre/sdsc_fused__scaled_dot_product_fused_attention_overrideable__unsafe_view_clone_expand_mul_split_with_sizes_sum_transpose_unsqueeze_view_1_ebde7hs0/sdsc_12.json
[DEBUG] [spyre.inductor.codegen.superdsc] symbol mapping: c0 -> mb, c1 -> x, c2 -> out
[DEBUG] [spyre.inductor.codegen.superdsc] SDSCSpec(
  opfunc=sum
  exec_unit=sfp
  data_format=SEN169_FP16
  num_inputs=2
  iteration_space=[mb=32, x=512, out=512]
  work_slices=[mb=1, x=32, out=1]
  core_id_to_work_slice=[mb=0, x=Mod(core_id, 32), out=0]
  layouts=[
    OUTPUT: dim_order=[mb, out, x], stick_dim_order=out, stick_size=64
  ]
  args=[
  SDSCArgs(
    layout=OUTPUT,
    dim_order=[mb, out, x], 
    data_format=SEN169_FP16,
    scales=[mb=1, out=1, x=1],
    strides=[mb=2048, out=16384, x=8388608],
    offsets=[mb=0, out=0, x=0],
    max_dim_sizes=[mb=-1, out=-1, x=-1],
    allocation=[lx=589824],
    start_address=589824
    backGap={}
    is_index_tensor=False
    related_value_tensor_idx=-1
    lx_residency_core_id_to_wk_slice=None
  )
  SDSCArgs(
    layout=OUTPUT,
    dim_order=[mb, x, out], 
    data_format=SEN169_FP16,
    scales=[mb=1, x=1, out=-2],
    strides=[mb=2048, x=1048576, out=1048576],
    offsets=[mb=0, x=0, out=0],
    max_dim_sizes=[mb=-1, x=-1, out=-1],
    allocation=[lx=0],
    start_address=0
    backGap={}
    is_index_tensor=False
    related_value_tensor_idx=-1
    lx_residency_core_id_to_wk_slice=None
  )
  ]
)
[INFO] [spyre.inductor.sdsc_compile] Generating /home/adnan/codex-isolated/dldsc_granite_clean_relayout_20260703_163108/runs/granite_relayout_s512_20260703_174540/block_prefill/cache/inductor-spyre/sdsc_fused__scaled_dot_product_fused_attention_overrideable__unsafe_view_clone_expand_mul_split_with_sizes_sum_transpose_unsqueeze_view_1_ebde7hs0/sdsc_13.json
[DEBUG] [spyre.inductor.codegen.superdsc] symbol mapping: c0 -> mb, c1 -> x, c2 -> out
[DEBUG] [spyre.inductor.codegen.superdsc] SDSCSpec(
  opfunc=realdiv
  exec_unit=sfp
  data_format=SEN169_FP16
  num_inputs=2
  iteration_space=[mb=32, x=512, out=512]
  work_slices=[mb=1, x=32, out=1]
  core_id_to_work_slice=[mb=0, x=Mod(core_id, 32), out=0]
  layouts=[
    OUTPUT: dim_order=[mb, out, x], stick_dim_order=out, stick_size=64
  ]
  args=[
  SDSCArgs(
    layout=OUTPUT,
    dim_order=[mb, out, x], 
    data_format=SEN169_FP16,
    scales=[mb=1, out=1, x=1],
    strides=[mb=2048, out=16384, x=8388608],
    offsets=[mb=0, out=0, x=0],
    max_dim_sizes=[mb=-1, out=-1, x=-1],
    allocation=[lx=589824],
    start_address=589824
    backGap={}
    is_index_tensor=False
    related_value_tensor_idx=-1
    lx_residency_core_id_to_wk_slice=None
  )
  SDSCArgs(
    layout=OUTPUT,
    dim_order=[mb, x, out], 
    data_format=SEN169_FP16,
    scales=[mb=1, x=1, out=-2],
    strides=[mb=2048, x=1048576, out=1048576],
    offsets=[mb=0, x=0, out=0],
    max_dim_sizes=[mb=-1, x=-1, out=-1],
    allocation=[lx=0],
    start_address=0
    backGap={}
    is_index_tensor=False
    related_value_tensor_idx=-1
    lx_residency_core_id_to_wk_slice=None
  )
  SDSCArgs(
    layout=OUTPUT,
    dim_order=[mb, out, x], 
    data_format=SEN169_FP16,
    scales=[mb=1, out=1, x=1],
    strides=[mb=2048, out=16384, x=8388608],
    offsets=[mb=0, out=0, x=0],
    max_dim_sizes=[mb=-1, out=-1, x=-1],
    allocation=[lx=589824],
    start_address=589824
    backGap={}
    is_index_tensor=False
    related_value_tensor_idx=-1
    lx_residency_core_id_to_wk_slice=None
  )
  ]
)
[INFO] [spyre.inductor.sdsc_compile] Generating /home/adnan/codex-isolated/dldsc_granite_clean_relayout_20260703_163108/runs/granite_relayout_s512_20260703_174540/block_prefill/cache/inductor-spyre/sdsc_fused__scaled_dot_product_fused_attention_overrideable__unsafe_view_clone_expand_mul_split_with_sizes_sum_transpose_unsqueeze_view_1_ebde7hs0/sdsc_14.json
[DEBUG] [spyre.inductor.codegen.superdsc] symbol mapping: c0 -> mb, c1 -> x, c2 -> y, c3 -> out
[DEBUG] [spyre.inductor.codegen.superdsc] SDSCSpec(
  opfunc=identity
  exec_unit=sfp
  data_format=SEN169_FP16
  num_inputs=1
  iteration_space=[mb=8, x=4, y=512, out=128]
  work_slices=[mb=1, x=1, y=32, out=1]
  core_id_to_work_slice=[mb=0, x=0, y=Mod(core_id, 32), out=0]
  layouts=[
    OUTPUT: dim_order=[out, mb, y, x], stick_dim_order=out, stick_size=64
  ]
  args=[
  SDSCArgs(
    layout=OUTPUT,
    dim_order=[out, mb, y, x], 
    data_format=SEN169_FP16,
    scales=[out=1, mb=1, y=1, x=-1],
    strides=[out=128, mb=1024, y=3145728, x=3145728],
    offsets=[out=0, mb=5120, y=0, x=0],
    max_dim_sizes=[out=-1, mb=-1, y=-1, x=-1],
    allocation=[hbm=34359738368],
    start_address=34359738368
    backGap={mb: 40}
    is_index_tensor=False
    related_value_tensor_idx=-1
    lx_residency_core_id_to_wk_slice=None
  )
  SDSCArgs(
    layout=OUTPUT,
    dim_order=[out, y, x, mb], 
    data_format=SEN169_FP16,
    scales=[out=1, y=1, x=1, mb=1],
    strides=[out=128, y=65536, x=262144, mb=2097152],
    offsets=[out=0, y=0, x=0, mb=0],
    max_dim_sizes=[out=-1, y=-1, x=-1, mb=-1],
    allocation=[pool=0],
    start_address=0
    backGap={}
    is_index_tensor=False
    related_value_tensor_idx=-1
    lx_residency_core_id_to_wk_slice=None
  )
  ]
)
[INFO] [spyre.inductor.sdsc_compile] Generating /home/adnan/codex-isolated/dldsc_granite_clean_relayout_20260703_163108/runs/granite_relayout_s512_20260703_174540/block_prefill/cache/inductor-spyre/sdsc_fused__scaled_dot_product_fused_attention_overrideable__unsafe_view_clone_expand_mul_split_with_sizes_sum_transpose_unsqueeze_view_1_ebde7hs0/sdsc_15.json
[DEBUG] [spyre.inductor.codegen.superdsc] symbol mapping: c0 -> x, c1 -> mb, c2 -> out, c3 -> in
[DEBUG] [spyre.inductor.codegen.superdsc] SDSCSpec(
  opfunc=batchmatmul
  exec_unit=pt
  data_format=SEN169_FP16
  num_inputs=2
  iteration_space=[x=32, mb=512, out=128, in=512]
  work_slices=[x=1, mb=32, out=1, in=1]
  core_id_to_work_slice=[x=0, mb=Mod(core_id, 32), out=0, in=0]
  layouts=[
    INPUT: dim_order=[x, in, mb], stick_dim_order=in, stick_size=64
    KERNEL: dim_order=[out, in, x], stick_dim_order=out, stick_size=64
    OUTPUT: dim_order=[out, mb, x], stick_dim_order=out, stick_size=64
  ]
  args=[
  SDSCArgs(
    layout=INPUT,
    dim_order=[x, in, mb], 
    data_format=SEN169_FP16,
    scales=[x=1, in=1, mb=1],
    strides=[x=2048, in=16384, mb=8388608],
    offsets=[x=0, in=0, mb=0],
    max_dim_sizes=[x=-1, in=-1, mb=-1],
    allocation=[lx=589824],
    start_address=589824
    backGap={}
    is_index_tensor=False
    related_value_tensor_idx=-1
    lx_residency_core_id_to_wk_slice=None
  )
  SDSCArgs(
    layout=KERNEL,
    dim_order=[out, in, x], 
    data_format=SEN169_FP16,
    scales=[out=1, in=1, x=1],
    strides=[out=128, in=65536, x=2097152],
    offsets=[out=0, in=0, x=0],
    max_dim_sizes=[out=-1, in=-1, x=-1],
    allocation=[pool=0],
    start_address=0
    backGap={}
    is_index_tensor=False
    related_value_tensor_idx=-1
    lx_residency_core_id_to_wk_slice=None
  )
  SDSCArgs(
    layout=OUTPUT,
    dim_order=[out, mb, x], 
    data_format=SEN169_FP16,
    scales=[out=1, mb=1, x=1],
    strides=[out=128, mb=65536, x=2097152],
    offsets=[out=0, mb=0, x=0],
    max_dim_sizes=[out=-1, mb=-1, x=-1],
    allocation=[lx=0],
    start_address=0
    backGap={}
    is_index_tensor=False
    related_value_tensor_idx=-1
    lx_residency_core_id_to_wk_slice=None
  )
  ]
)
[INFO] [spyre.inductor.sdsc_compile] Generating /home/adnan/codex-isolated/dldsc_granite_clean_relayout_20260703_163108/runs/granite_relayout_s512_20260703_174540/block_prefill/cache/inductor-spyre/sdsc_fused__scaled_dot_product_fused_attention_overrideable__unsafe_view_clone_expand_mul_split_with_sizes_sum_transpose_unsqueeze_view_1_ebde7hs0/sdsc_16.json
[DEBUG] [spyre.inductor.codegen.superdsc] symbol mapping: d0 -> mb, d1 -> x, d2 -> out
[DEBUG] [spyre.inductor.codegen.superdsc] SDSCSpec(
  opfunc=identity
  exec_unit=sfp
  data_format=SEN169_FP16
  num_inputs=1
  iteration_space=[mb=32, x=512, out=128]
  work_slices=[mb=1, x=32, out=1]
  core_id_to_work_slice=[mb=0, x=Mod(core_id, 32), out=0]
  layouts=[
    OUTPUT: dim_order=[out, x, mb], stick_dim_order=out, stick_size=64
  ]
  args=[
  SDSCArgs(
    layout=OUTPUT,
    dim_order=[out, x, mb], 
    data_format=SEN169_FP16,
    scales=[out=1, x=1, mb=1],
    strides=[out=128, x=65536, mb=2097152],
    offsets=[out=0, x=0, mb=0],
    max_dim_sizes=[out=-1, x=-1, mb=-1],
    allocation=[lx=0],
    start_address=0
    backGap={}
    is_index_tensor=False
    related_value_tensor_idx=-1
    lx_residency_core_id_to_wk_slice=None
  )
  SDSCArgs(
    layout=OUTPUT,
    dim_order=[out, mb, x], 
    data_format=SEN169_FP16,
    scales=[out=1, mb=1, x=1],
    strides=[out=128, mb=4096, x=2097152],
    offsets=[out=0, mb=0, x=0],
    max_dim_sizes=[out=-1, mb=-1, x=-1],
    allocation=[pool=20971520],
    start_address=20971520
    backGap={}
    is_index_tensor=False
    related_value_tensor_idx=-1
    lx_residency_core_id_to_wk_slice=None
  )
  ]
)
[INFO] [spyre.inductor.sdsc_compile] Generating /home/adnan/codex-isolated/dldsc_granite_clean_relayout_20260703_163108/runs/granite_relayout_s512_20260703_174540/block_prefill/cache/inductor-spyre/sdsc_fused__scaled_dot_product_fused_attention_overrideable__unsafe_view_clone_expand_mul_split_with_sizes_sum_transpose_unsqueeze_view_1_ebde7hs0/sdsc_17.json
[INFO] [spyre.inductor.sdsc_compile] Generating /home/adnan/codex-isolated/dldsc_granite_clean_relayout_20260703_163108/runs/granite_relayout_s512_20260703_174540/block_prefill/cache/inductor-spyre/sdsc_fused__scaled_dot_product_fused_attention_overrideable__unsafe_view_clone_expand_mul_split_with_sizes_sum_transpose_unsqueeze_view_1_ebde7hs0/bundle.mlir
[DEBUG] [spyre.inductor.codegen.superdsc] symbol mapping: c0 -> mb, c1 -> out
[DEBUG] [spyre.inductor.codegen.superdsc] SDSCSpec(
  opfunc=ReStickifyOpHBM
  exec_unit=sfp
  data_format=SEN169_FP16
  num_inputs=1
  iteration_space=[mb=4096, out=4096]
  work_slices=[mb=32, out=1]
  core_id_to_work_slice=[mb=Mod(core_id, 32), out=0]
  layouts=[
    OUTPUT: dim_order=[mb, out], stick_dim_order=out, stick_size=64
    KERNEL: dim_order=[out, mb], stick_dim_order=mb, stick_size=64
  ]
  args=[
  SDSCArgs(
    layout=OUTPUT,
    dim_order=[mb, out], 
    data_format=SEN169_FP16,
    scales=[mb=1, out=1],
    strides=[mb=262144, out=16777216],
    offsets=[mb=0, out=0],
    max_dim_sizes=[mb=-1, out=-1],
    allocation=[hbm=17179869184],
    start_address=17179869184
    backGap={}
    is_index_tensor=False
    related_value_tensor_idx=-1
    lx_residency_core_id_to_wk_slice=None
  )
  SDSCArgs(
    layout=KERNEL,
    dim_order=[out, mb], 
    data_format=SEN169_FP16,
    scales=[out=1, mb=1],
    strides=[out=262144, mb=16777216],
    offsets=[out=0, mb=0],
    max_dim_sizes=[out=-1, mb=-1],
    allocation=[pool=54525952],
    start_address=54525952
    backGap={}
    is_index_tensor=False
    related_value_tensor_idx=-1
    lx_residency_core_id_to_wk_slice=None
  )
  ]
)
[INFO] [spyre.inductor.sdsc_compile] Generating /home/adnan/codex-isolated/dldsc_granite_clean_relayout_20260703_163108/runs/granite_relayout_s512_20260703_174540/block_prefill/cache/inductor-spyre/sdsc_fused__scaled_dot_product_fused_attention_overrideable_add_linear_mul_rms_norm_transpose_view_2_ynavg01d/sdsc_0.json
[DEBUG] [spyre.inductor.codegen.superdsc] symbol mapping: c0 -> mb, c1 -> out, c2 -> in
[DEBUG] [spyre.inductor.codegen.superdsc] SDSCSpec(
  opfunc=batchmatmul
  exec_unit=pt
  data_format=SEN169_FP16
  num_inputs=2
  iteration_space=[mb=512, out=4096, in=4096]
  work_slices=[mb=4, out=8, in=1]
  core_id_to_work_slice=[mb=Mod(core_id, 4), out=Mod(floor(core_id/4), 8), in=0]
  layouts=[
    INPUT: dim_order=[in, mb], stick_dim_order=in, stick_size=64
    KERNEL: dim_order=[in, out], stick_dim_order=out, stick_size=64
    OUTPUT: dim_order=[out, mb], stick_dim_order=out, stick_size=64
  ]
  args=[
  SDSCArgs(
    layout=INPUT,
    dim_order=[in, mb], 
    data_format=SEN169_FP16,
    scales=[in=1, mb=1],
    strides=[in=4096, mb=2097152],
    offsets=[in=0, mb=0],
    max_dim_sizes=[in=-1, mb=-1],
    allocation=[pool=20971520],
    start_address=20971520
    backGap={}
    is_index_tensor=False
    related_value_tensor_idx=-1
    lx_residency_core_id_to_wk_slice=None
  )
  SDSCArgs(
    layout=KERNEL,
    dim_order=[in, out], 
    data_format=SEN169_FP16,
    scales=[in=1, out=1],
    strides=[in=262144, out=16777216],
    offsets=[in=0, out=0],
    max_dim_sizes=[in=-1, out=-1],
    allocation=[pool=54525952],
    start_address=54525952
    backGap={}
    is_index_tensor=False
    related_value_tensor_idx=-1
    lx_residency_core_id_to_wk_slice=None
  )
  SDSCArgs(
    layout=OUTPUT,
    dim_order=[out, mb], 
    data_format=SEN169_FP16,
    scales=[out=1, mb=1],
    strides=[out=4096, mb=2097152],
    offsets=[out=0, mb=0],
    max_dim_sizes=[out=-1, mb=-1],
    allocation=[pool=4194304],
    start_address=4194304
    backGap={}
    is_index_tensor=False
    related_value_tensor_idx=-1
    lx_residency_core_id_to_wk_slice=None
  )
  ]
)
[INFO] [spyre.inductor.sdsc_compile] Generating /home/adnan/codex-isolated/dldsc_granite_clean_relayout_20260703_163108/runs/granite_relayout_s512_20260703_174540/block_prefill/cache/inductor-spyre/sdsc_fused__scaled_dot_product_fused_attention_overrideable_add_linear_mul_rms_norm_transpose_view_2_ynavg01d/sdsc_1.json
[DEBUG] [spyre.inductor.codegen.superdsc] symbol mapping: c0 -> mb, c1 -> out
[DEBUG] [spyre.inductor.codegen.superdsc] SDSCSpec(
  opfunc=mul
  exec_unit=sfp
  data_format=SEN169_FP16
  num_inputs=2
  iteration_space=[mb=512, out=4096]
  work_slices=[mb=32, out=1]
  core_id_to_work_slice=[mb=Mod(core_id, 32), out=0]
  layouts=[
    OUTPUT: dim_order=[out, mb], stick_dim_order=out, stick_size=64
  ]
  args=[
  SDSCArgs(
    layout=OUTPUT,
    dim_order=[out, mb], 
    data_format=SEN169_FP16,
    scales=[out=1, mb=1],
    strides=[out=4096, mb=2097152],
    offsets=[out=0, mb=0],
    max_dim_sizes=[out=-1, mb=-1],
    allocation=[pool=4194304],
    start_address=4194304
    backGap={}
    is_index_tensor=False
    related_value_tensor_idx=-1
    lx_residency_core_id_to_wk_slice=None
  )
  SDSCArgs(
    layout=OUTPUT,
    dim_order=[out, mb], 
    data_format=SEN169_FP16,
    scales=[out=-2, mb=-1],
    strides=[out=64, mb=64],
    offsets=[out=0, mb=0],
    max_dim_sizes=[out=-1, mb=-1],
    allocation=[hbm=34359738368],
    start_address=34359738368
    backGap={}
    is_index_tensor=False
    related_value_tensor_idx=-1
    lx_residency_core_id_to_wk_slice=None
  )
  SDSCArgs(
    layout=OUTPUT,
    dim_order=[out, mb], 
    data_format=SEN169_FP16,
    scales=[out=1, mb=1],
    strides=[out=4096, mb=2097152],
    offsets=[out=0, mb=0],
    max_dim_sizes=[out=-1, mb=-1],
    allocation=[lx=0],
    start_address=0
    backGap={}
    is_index_tensor=False
    related_value_tensor_idx=-1
    lx_residency_core_id_to_wk_slice=None
  )
  ]
)
[INFO] [spyre.inductor.sdsc_compile] Generating /home/adnan/codex-isolated/dldsc_granite_clean_relayout_20260703_163108/runs/granite_relayout_s512_20260703_174540/block_prefill/cache/inductor-spyre/sdsc_fused__scaled_dot_product_fused_attention_overrideable_add_linear_mul_rms_norm_transpose_view_2_ynavg01d/sdsc_2.json
[DEBUG] [spyre.inductor.codegen.superdsc] symbol mapping: c0 -> mb, c1 -> out
[DEBUG] [spyre.inductor.codegen.superdsc] SDSCSpec(
  opfunc=add
  exec_unit=sfp
  data_format=SEN169_FP16
  num_inputs=2
  iteration_space=[mb=512, out=4096]
  work_slices=[mb=32, out=1]
  core_id_to_work_slice=[mb=Mod(core_id, 32), out=0]
  layouts=[
    OUTPUT: dim_order=[out, mb], stick_dim_order=out, stick_size=64
  ]
  args=[
  SDSCArgs(
    layout=OUTPUT,
    dim_order=[out, mb], 
    data_format=SEN169_FP16,
    scales=[out=1, mb=1],
    strides=[out=4096, mb=2097152],
    offsets=[out=0, mb=0],
    max_dim_sizes=[out=-1, mb=-1],
    allocation=[lx=0],
    start_address=0
    backGap={}
    is_index_tensor=False
    related_value_tensor_idx=-1
    lx_residency_core_id_to_wk_slice=None
  )
  SDSCArgs(
    layout=OUTPUT,
    dim_order=[out, mb], 
    data_format=SEN169_FP16,
    scales=[out=1, mb=1],
    strides=[out=4096, mb=2097152],
    offsets=[out=0, mb=0],
    max_dim_sizes=[out=-1, mb=-1],
    allocation=[hbm=51539607552],
    start_address=51539607552
    backGap={}
    is_index_tensor=False
    related_value_tensor_idx=-1
    lx_residency_core_id_to_wk_slice=None
  )
  SDSCArgs(
    layout=OUTPUT,
    dim_order=[out, mb], 
    data_format=SEN169_FP16,
    scales=[out=1, mb=1],
    strides=[out=4096, mb=2097152],
    offsets=[out=0, mb=0],
    max_dim_sizes=[out=-1, mb=-1],
    allocation=[lx=0],
    start_address=0
    backGap={}
    is_index_tensor=False
    related_value_tensor_idx=-1
    lx_residency_core_id_to_wk_slice=None
  )
  ]
)
[INFO] [spyre.inductor.sdsc_compile] Generating /home/adnan/codex-isolated/dldsc_granite_clean_relayout_20260703_163108/runs/granite_relayout_s512_20260703_174540/block_prefill/cache/inductor-spyre/sdsc_fused__scaled_dot_product_fused_attention_overrideable_add_linear_mul_rms_norm_transpose_view_2_ynavg01d/sdsc_3.json
[DEBUG] [spyre.inductor.codegen.superdsc] symbol mapping: c0 -> mb, c1 -> out
[DEBUG] [spyre.inductor.codegen.superdsc] SDSCSpec(
  opfunc=mul
  exec_unit=sfp
  data_format=SEN169_FP16
  num_inputs=2
  iteration_space=[mb=512, out=4096]
  work_slices=[mb=32, out=1]
  core_id_to_work_slice=[mb=Mod(core_id, 32), out=0]
  layouts=[
    OUTPUT: dim_order=[out, mb], stick_dim_order=out, stick_size=64
  ]
  args=[
  SDSCArgs(
    layout=OUTPUT,
    dim_order=[out, mb], 
    data_format=SEN169_FP16,
    scales=[out=1, mb=1],
    strides=[out=4096, mb=2097152],
    offsets=[out=0, mb=0],
    max_dim_sizes=[out=-1, mb=-1],
    allocation=[lx=0],
    start_address=0
    backGap={}
    is_index_tensor=False
    related_value_tensor_idx=-1
    lx_residency_core_id_to_wk_slice=None
  )
  SDSCArgs(
    layout=OUTPUT,
    dim_order=[out, mb], 
    data_format=SEN169_FP16,
    scales=[out=1, mb=1],
    strides=[out=4096, mb=2097152],
    offsets=[out=0, mb=0],
    max_dim_sizes=[out=-1, mb=-1],
    allocation=[lx=0],
    start_address=0
    backGap={}
    is_index_tensor=False
    related_value_tensor_idx=-1
    lx_residency_core_id_to_wk_slice=None
  )
  SDSCArgs(
    layout=OUTPUT,
    dim_order=[out, mb], 
    data_format=SEN169_FP16,
    scales=[out=1, mb=1],
    strides=[out=4096, mb=2097152],
    offsets=[out=0, mb=0],
    max_dim_sizes=[out=-1, mb=-1],
    allocation=[lx=131072],
    start_address=131072
    backGap={}
    is_index_tensor=False
    related_value_tensor_idx=-1
    lx_residency_core_id_to_wk_slice=None
  )
  ]
)
[INFO] [spyre.inductor.sdsc_compile] Generating /home/adnan/codex-isolated/dldsc_granite_clean_relayout_20260703_163108/runs/granite_relayout_s512_20260703_174540/block_prefill/cache/inductor-spyre/sdsc_fused__scaled_dot_product_fused_attention_overrideable_add_linear_mul_rms_norm_transpose_view_2_ynavg01d/sdsc_4.json
[DEBUG] [spyre.inductor.codegen.superdsc] symbol mapping: c0 -> mb, c1 -> out
[DEBUG] [spyre.inductor.codegen.superdsc] SDSCSpec(
  opfunc=mean
  exec_unit=sfp
  data_format=SEN169_FP16
  num_inputs=2
  iteration_space=[mb=512, out=4096]
  work_slices=[mb=32, out=1]
  core_id_to_work_slice=[mb=Mod(core_id, 32), out=0]
  layouts=[
    OUTPUT: dim_order=[out, mb], stick_dim_order=out, stick_size=64
  ]
  args=[
  SDSCArgs(
    layout=OUTPUT,
    dim_order=[out, mb], 
    data_format=SEN169_FP16,
    scales=[out=1, mb=1],
    strides=[out=4096, mb=2097152],
    offsets=[out=0, mb=0],
    max_dim_sizes=[out=-1, mb=-1],
    allocation=[lx=131072],
    start_address=131072
    backGap={}
    is_index_tensor=False
    related_value_tensor_idx=-1
    lx_residency_core_id_to_wk_slice=None
  )
  SDSCArgs(
    layout=OUTPUT,
    dim_order=[mb, out], 
    data_format=SEN169_FP16,
    scales=[mb=1, out=-2],
    strides=[mb=32768, out=32768],
    offsets=[mb=0, out=0],
    max_dim_sizes=[mb=-1, out=-1],
    allocation=[lx=262144],
    start_address=262144
    backGap={}
    is_index_tensor=False
    related_value_tensor_idx=-1
    lx_residency_core_id_to_wk_slice=None
  )
  ]
  constants=[scaling_factor=0.000244140625]
)
[INFO] [spyre.inductor.sdsc_compile] Generating /home/adnan/codex-isolated/dldsc_granite_clean_relayout_20260703_163108/runs/granite_relayout_s512_20260703_174540/block_prefill/cache/inductor-spyre/sdsc_fused__scaled_dot_product_fused_attention_overrideable_add_linear_mul_rms_norm_transpose_view_2_ynavg01d/sdsc_5.json
[DEBUG] [spyre.inductor.codegen.superdsc] symbol mapping: c0 -> out
[DEBUG] [spyre.inductor.codegen.superdsc] SDSCSpec(
  opfunc=add
  exec_unit=sfp
  data_format=SEN169_FP16
  num_inputs=2
  iteration_space=[out=512, x=64]
  work_slices=[out=32, x=1]
  core_id_to_work_slice=[out=Mod(core_id, 32), x=0]
  layouts=[
    OUTPUT: dim_order=[out, x], stick_dim_order=x, stick_size=64
  ]
  args=[
  SDSCArgs(
    layout=OUTPUT,
    dim_order=[out, x], 
    data_format=SEN169_FP16,
    scales=[out=1, x=1],
    strides=[out=32768, x=32768],
    offsets=[out=0, x=0],
    max_dim_sizes=[out=-1, x=-1],
    allocation=[lx=262144],
    start_address=262144
    backGap={}
    is_index_tensor=False
    related_value_tensor_idx=-1
    lx_residency_core_id_to_wk_slice=None
  )
  SDSCArgs(
    layout=OUTPUT,
    dim_order=[out, x], 
    data_format=SEN169_FP16,
    scales=[out=-1, x=1],
    strides=[out=64, x=64],
    offsets=[out=0, x=0],
    max_dim_sizes=[out=-1, x=-1],
    allocation=[hbm=68719476736],
    start_address=68719476736
    backGap={}
    is_index_tensor=False
    related_value_tensor_idx=-1
    lx_residency_core_id_to_wk_slice=None
  )
  SDSCArgs(
    layout=OUTPUT,
    dim_order=[out, x], 
    data_format=SEN169_FP16,
    scales=[out=1, x=1],
    strides=[out=32768, x=32768],
    offsets=[out=0, x=0],
    max_dim_sizes=[out=-1, x=-1],
    allocation=[lx=262144],
    start_address=262144
    backGap={}
    is_index_tensor=False
    related_value_tensor_idx=-1
    lx_residency_core_id_to_wk_slice=None
  )
  ]
)
[INFO] [spyre.inductor.sdsc_compile] Generating /home/adnan/codex-isolated/dldsc_granite_clean_relayout_20260703_163108/runs/granite_relayout_s512_20260703_174540/block_prefill/cache/inductor-spyre/sdsc_fused__scaled_dot_product_fused_attention_overrideable_add_linear_mul_rms_norm_transpose_view_2_ynavg01d/sdsc_6.json
[DEBUG] [spyre.inductor.codegen.superdsc] symbol mapping: c0 -> out
[DEBUG] [spyre.inductor.codegen.superdsc] SDSCSpec(
  opfunc=rsqrt
  exec_unit=sfp
  data_format=SEN169_FP16
  num_inputs=1
  iteration_space=[out=512, x=64]
  work_slices=[out=32, x=1]
  core_id_to_work_slice=[out=Mod(core_id, 32), x=0]
  layouts=[
    OUTPUT: dim_order=[out, x], stick_dim_order=x, stick_size=64
  ]
  args=[
  SDSCArgs(
    layout=OUTPUT,
    dim_order=[out, x], 
    data_format=SEN169_FP16,
    scales=[out=1, x=1],
    strides=[out=32768, x=32768],
    offsets=[out=0, x=0],
    max_dim_sizes=[out=-1, x=-1],
    allocation=[lx=262144],
    start_address=262144
    backGap={}
    is_index_tensor=False
    related_value_tensor_idx=-1
    lx_residency_core_id_to_wk_slice=None
  )
  SDSCArgs(
    layout=OUTPUT,
    dim_order=[out, x], 
    data_format=SEN169_FP16,
    scales=[out=1, x=1],
    strides=[out=32768, x=32768],
    offsets=[out=0, x=0],
    max_dim_sizes=[out=-1, x=-1],
    allocation=[lx=262144],
    start_address=262144
    backGap={}
    is_index_tensor=False
    related_value_tensor_idx=-1
    lx_residency_core_id_to_wk_slice=None
  )
  ]
)
[INFO] [spyre.inductor.sdsc_compile] Generating /home/adnan/codex-isolated/dldsc_granite_clean_relayout_20260703_163108/runs/granite_relayout_s512_20260703_174540/block_prefill/cache/inductor-spyre/sdsc_fused__scaled_dot_product_fused_attention_overrideable_add_linear_mul_rms_norm_transpose_view_2_ynavg01d/sdsc_7.json
[DEBUG] [spyre.inductor.codegen.superdsc] symbol mapping: c0 -> mb, c1 -> out
[DEBUG] [spyre.inductor.codegen.superdsc] SDSCSpec(
  opfunc=mul
  exec_unit=sfp
  data_format=SEN169_FP16
  num_inputs=2
  iteration_space=[mb=512, out=4096]
  work_slices=[mb=32, out=1]
  core_id_to_work_slice=[mb=Mod(core_id, 32), out=0]
  layouts=[
    OUTPUT: dim_order=[out, mb], stick_dim_order=out, stick_size=64
  ]
  args=[
  SDSCArgs(
    layout=OUTPUT,
    dim_order=[out, mb], 
    data_format=SEN169_FP16,
    scales=[out=1, mb=1],
    strides=[out=4096, mb=2097152],
    offsets=[out=0, mb=0],
    max_dim_sizes=[out=-1, mb=-1],
    allocation=[lx=0],
    start_address=0
    backGap={}
    is_index_tensor=False
    related_value_tensor_idx=-1
    lx_residency_core_id_to_wk_slice=None
  )
  SDSCArgs(
    layout=OUTPUT,
    dim_order=[mb, out], 
    data_format=SEN169_FP16,
    scales=[mb=1, out=-2],
    strides=[mb=32768, out=32768],
    offsets=[mb=0, out=0],
    max_dim_sizes=[mb=-1, out=-1],
    allocation=[lx=262144],
    start_address=262144
    backGap={}
    is_index_tensor=False
    related_value_tensor_idx=-1
    lx_residency_core_id_to_wk_slice=None
  )
  SDSCArgs(
    layout=OUTPUT,
    dim_order=[mb, out], 
    data_format=SEN169_FP16,
    scales=[mb=1, out=1],
    strides=[mb=32768, out=2097152],
    offsets=[mb=0, out=0],
    max_dim_sizes=[mb=-1, out=-1],
    allocation=[lx=264192],
    start_address=264192
    backGap={}
    is_index_tensor=False
    related_value_tensor_idx=-1
    lx_residency_core_id_to_wk_slice=None
  )
  ]
)
[INFO] [spyre.inductor.sdsc_compile] Generating /home/adnan/codex-isolated/dldsc_granite_clean_relayout_20260703_163108/runs/granite_relayout_s512_20260703_174540/block_prefill/cache/inductor-spyre/sdsc_fused__scaled_dot_product_fused_attention_overrideable_add_linear_mul_rms_norm_transpose_view_2_ynavg01d/sdsc_8.json
[DEBUG] [spyre.inductor.codegen.superdsc] symbol mapping: c0 -> mb, c1 -> out
[DEBUG] [spyre.inductor.codegen.superdsc] SDSCSpec(
  opfunc=mul
  exec_unit=sfp
  data_format=SEN169_FP16
  num_inputs=2
  iteration_space=[mb=512, out=4096]
  work_slices=[mb=32, out=1]
  core_id_to_work_slice=[mb=Mod(core_id, 32), out=0]
  layouts=[
    OUTPUT: dim_order=[mb, out], stick_dim_order=out, stick_size=64
  ]
  args=[
  SDSCArgs(
    layout=OUTPUT,
    dim_order=[mb, out], 
    data_format=SEN169_FP16,
    scales=[mb=1, out=1],
    strides=[mb=32768, out=2097152],
    offsets=[mb=0, out=0],
    max_dim_sizes=[mb=-1, out=-1],
    allocation=[lx=264192],
    start_address=264192
    backGap={}
    is_index_tensor=False
    related_value_tensor_idx=-1
    lx_residency_core_id_to_wk_slice=None
  )
  SDSCArgs(
    layout=OUTPUT,
    dim_order=[out, mb], 
    data_format=SEN169_FP16,
    scales=[out=1, mb=-1],
    strides=[out=4096, mb=4096],
    offsets=[out=0, mb=0],
    max_dim_sizes=[out=-1, mb=-1],
    allocation=[hbm=85899345920],
    start_address=85899345920
    backGap={}
    is_index_tensor=False
    related_value_tensor_idx=-1
    lx_residency_core_id_to_wk_slice=None
  )
  SDSCArgs(
    layout=OUTPUT,
    dim_order=[mb, out], 
    data_format=SEN169_FP16,
    scales=[mb=1, out=1],
    strides=[mb=32768, out=2097152],
    offsets=[mb=0, out=0],
    max_dim_sizes=[mb=-1, out=-1],
    allocation=[pool=0],
    start_address=0
    backGap={}
    is_index_tensor=False
    related_value_tensor_idx=-1
    lx_residency_core_id_to_wk_slice=None
  )
  ]
)
[INFO] [spyre.inductor.sdsc_compile] Generating /home/adnan/codex-isolated/dldsc_granite_clean_relayout_20260703_163108/runs/granite_relayout_s512_20260703_174540/block_prefill/cache/inductor-spyre/sdsc_fused__scaled_dot_product_fused_attention_overrideable_add_linear_mul_rms_norm_transpose_view_2_ynavg01d/sdsc_9.json
[INFO] [spyre.inductor.sdsc_compile] Generating /home/adnan/codex-isolated/dldsc_granite_clean_relayout_20260703_163108/runs/granite_relayout_s512_20260703_174540/block_prefill/cache/inductor-spyre/sdsc_fused__scaled_dot_product_fused_attention_overrideable_add_linear_mul_rms_norm_transpose_view_2_ynavg01d/bundle.mlir
[DEBUG] [spyre.inductor.codegen.superdsc] symbol mapping: c0 -> mb, c1 -> out
[DEBUG] [spyre.inductor.codegen.superdsc] SDSCSpec(
  opfunc=ReStickifyOpHBM
  exec_unit=sfp
  data_format=SEN169_FP16
  num_inputs=1
  iteration_space=[mb=25600, out=4096]
  work_slices=[mb=25, out=1]
  core_id_to_work_slice=[mb=Mod(core_id, 25), out=0]
  layouts=[
    OUTPUT: dim_order=[mb, out], stick_dim_order=out, stick_size=64
    KERNEL: dim_order=[out, mb], stick_dim_order=mb, stick_size=64
  ]
  args=[
  SDSCArgs(
    layout=OUTPUT,
    dim_order=[mb, out], 
    data_format=SEN169_FP16,
    scales=[mb=1, out=1],
    strides=[mb=1638400, out=104857600],
    offsets=[mb=0, out=0],
    max_dim_sizes=[mb=-1, out=-1],
    allocation=[hbm=17179869184],
    start_address=17179869184
    backGap={}
    is_index_tensor=False
    related_value_tensor_idx=-1
    lx_residency_core_id_to_wk_slice=None
  )
  SDSCArgs(
    layout=KERNEL,
    dim_order=[out, mb], 
    data_format=SEN169_FP16,
    scales=[out=1, mb=1],
    strides=[out=262144, mb=104857600],
    offsets=[out=0, mb=0],
    max_dim_sizes=[out=-1, mb=-1],
    allocation=[pool=88080384],
    start_address=88080384
    backGap={}
    is_index_tensor=False
    related_value_tensor_idx=-1
    lx_residency_core_id_to_wk_slice=None
  )
  ]
)
[INFO] [spyre.inductor.sdsc_compile] Generating /home/adnan/codex-isolated/dldsc_granite_clean_relayout_20260703_163108/runs/granite_relayout_s512_20260703_174540/block_prefill/cache/inductor-spyre/sdsc_fused_add_linear_mul_silu_split_with_sizes_3_onorm84_/sdsc_0.json
[DEBUG] [spyre.inductor.codegen.superdsc] symbol mapping: c0 -> mb, c1 -> out, c2 -> in
[DEBUG] [spyre.inductor.codegen.superdsc] SDSCSpec(
  opfunc=batchmatmul
  exec_unit=pt
  data_format=SEN169_FP16
  num_inputs=2
  iteration_space=[mb=512, out=25600, in=4096]
  work_slices=[mb=4, out=8, in=1]
  core_id_to_work_slice=[mb=Mod(core_id, 4), out=Mod(floor(core_id/4), 8), in=0]
  layouts=[
    INPUT: dim_order=[mb, in], stick_dim_order=in, stick_size=64
    KERNEL: dim_order=[in, out], stick_dim_order=out, stick_size=64
    OUTPUT: dim_order=[out, mb], stick_dim_order=out, stick_size=64
  ]
  args=[
  SDSCArgs(
    layout=INPUT,
    dim_order=[mb, in], 
    data_format=SEN169_FP16,
    scales=[mb=1, in=1],
    strides=[mb=32768, in=2097152],
    offsets=[mb=0, in=0],
    max_dim_sizes=[mb=-1, in=-1],
    allocation=[pool=0],
    start_address=0
    backGap={}
    is_index_tensor=False
    related_value_tensor_idx=-1
    lx_residency_core_id_to_wk_slice=None
  )
  SDSCArgs(
    layout=KERNEL,
    dim_order=[in, out], 
    data_format=SEN169_FP16,
    scales=[in=1, out=1],
    strides=[in=262144, out=104857600],
    offsets=[in=0, out=0],
    max_dim_sizes=[in=-1, out=-1],
    allocation=[pool=88080384],
    start_address=88080384
    backGap={}
    is_index_tensor=False
    related_value_tensor_idx=-1
    lx_residency_core_id_to_wk_slice=None
  )
  SDSCArgs(
    layout=OUTPUT,
    dim_order=[out, mb], 
    data_format=SEN169_FP16,
    scales=[out=1, mb=1],
    strides=[out=25600, mb=13107200],
    offsets=[out=0, mb=0],
    max_dim_sizes=[out=-1, mb=-1],
    allocation=[pool=25165824],
    start_address=25165824
    backGap={}
    is_index_tensor=False
    related_value_tensor_idx=-1
    lx_residency_core_id_to_wk_slice=None
  )
  ]
)
[INFO] [spyre.inductor.sdsc_compile] Generating /home/adnan/codex-isolated/dldsc_granite_clean_relayout_20260703_163108/runs/granite_relayout_s512_20260703_174540/block_prefill/cache/inductor-spyre/sdsc_fused_add_linear_mul_silu_split_with_sizes_3_onorm84_/sdsc_1.json
[DEBUG] [spyre.inductor.codegen.superdsc] symbol mapping: c0 -> mb, c1 -> out
[DEBUG] [spyre.inductor.codegen.superdsc] SDSCSpec(
  opfunc=silu
  exec_unit=sfp
  data_format=SEN169_FP16
  num_inputs=1
  iteration_space=[mb=512, out=12800]
  work_slices=[mb=32, out=1]
  core_id_to_work_slice=[mb=Mod(core_id, 32), out=0]
  layouts=[
    OUTPUT: dim_order=[out, mb], stick_dim_order=out, stick_size=64
  ]
  args=[
  SDSCArgs(
    layout=OUTPUT,
    dim_order=[out, mb], 
    data_format=SEN169_FP16,
    scales=[out=1, mb=1],
    strides=[out=12800, mb=13107200],
    offsets=[out=0, mb=0],
    max_dim_sizes=[out=-1, mb=-1],
    allocation=[pool=25165824],
    start_address=25165824
    backGap={out: 12800}
    is_index_tensor=False
    related_value_tensor_idx=-1
    lx_residency_core_id_to_wk_slice=None
  )
  SDSCArgs(
    layout=OUTPUT,
    dim_order=[mb, out], 
    data_format=SEN169_FP16,
    scales=[mb=1, out=1],
    strides=[mb=32768, out=6553600],
    offsets=[mb=0, out=0],
    max_dim_sizes=[mb=-1, out=-1],
    allocation=[lx=131072],
    start_address=131072
    backGap={}
    is_index_tensor=False
    related_value_tensor_idx=-1
    lx_residency_core_id_to_wk_slice=None
  )
  ]
)
[INFO] [spyre.inductor.sdsc_compile] Generating /home/adnan/codex-isolated/dldsc_granite_clean_relayout_20260703_163108/runs/granite_relayout_s512_20260703_174540/block_prefill/cache/inductor-spyre/sdsc_fused_add_linear_mul_silu_split_with_sizes_3_onorm84_/sdsc_2.json
[DEBUG] [spyre.inductor.codegen.superdsc] symbol mapping: c0 -> mb, c1 -> out
[DEBUG] [spyre.inductor.codegen.superdsc] SDSCSpec(
  opfunc=mul
  exec_unit=sfp
  data_format=SEN169_FP16
  num_inputs=2
  iteration_space=[mb=512, out=12800]
  work_slices=[mb=32, out=1]
  core_id_to_work_slice=[mb=Mod(core_id, 32), out=0]
  layouts=[
    OUTPUT: dim_order=[mb, out], stick_dim_order=out, stick_size=64
  ]
  args=[
  SDSCArgs(
    layout=OUTPUT,
    dim_order=[mb, out], 
    data_format=SEN169_FP16,
    scales=[mb=1, out=1],
    strides=[mb=32768, out=6553600],
    offsets=[mb=0, out=0],
    max_dim_sizes=[mb=-1, out=-1],
    allocation=[lx=131072],
    start_address=131072
    backGap={}
    is_index_tensor=False
    related_value_tensor_idx=-1
    lx_residency_core_id_to_wk_slice=None
  )
  SDSCArgs(
    layout=OUTPUT,
    dim_order=[out, mb], 
    data_format=SEN169_FP16,
    scales=[out=1, mb=1],
    strides=[out=12800, mb=13107200],
    offsets=[out=12800, mb=0],
    max_dim_sizes=[out=-1, mb=-1],
    allocation=[pool=25165824],
    start_address=25165824
    backGap={out: 12800}
    is_index_tensor=False
    related_value_tensor_idx=-1
    lx_residency_core_id_to_wk_slice=None
  )
  SDSCArgs(
    layout=OUTPUT,
    dim_order=[mb, out], 
    data_format=SEN169_FP16,
    scales=[mb=1, out=1],
    strides=[mb=32768, out=6553600],
    offsets=[mb=0, out=0],
    max_dim_sizes=[mb=-1, out=-1],
    allocation=[pool=54525952],
    start_address=54525952
    backGap={}
    is_index_tensor=False
    related_value_tensor_idx=-1
    lx_residency_core_id_to_wk_slice=None
  )
  ]
)
[INFO] [spyre.inductor.sdsc_compile] Generating /home/adnan/codex-isolated/dldsc_granite_clean_relayout_20260703_163108/runs/granite_relayout_s512_20260703_174540/block_prefill/cache/inductor-spyre/sdsc_fused_add_linear_mul_silu_split_with_sizes_3_onorm84_/sdsc_3.json
[DEBUG] [spyre.inductor.codegen.superdsc] symbol mapping: c0 -> mb, c1 -> out
[DEBUG] [spyre.inductor.codegen.superdsc] SDSCSpec(
  opfunc=ReStickifyOpHBM
  exec_unit=sfp
  data_format=SEN169_FP16
  num_inputs=1
  iteration_space=[mb=4096, out=12800]
  work_slices=[mb=1, out=25]
  core_id_to_work_slice=[mb=0, out=Mod(core_id, 25)]
  layouts=[
    OUTPUT: dim_order=[mb, out], stick_dim_order=out, stick_size=64
    KERNEL: dim_order=[out, mb], stick_dim_order=mb, stick_size=64
  ]
  args=[
  SDSCArgs(
    layout=OUTPUT,
    dim_order=[mb, out], 
    data_format=SEN169_FP16,
    scales=[mb=1, out=1],
    strides=[mb=262144, out=52428800],
    offsets=[mb=0, out=0],
    max_dim_sizes=[mb=-1, out=-1],
    allocation=[hbm=34359738368],
    start_address=34359738368
    backGap={}
    is_index_tensor=False
    related_value_tensor_idx=-1
    lx_residency_core_id_to_wk_slice=None
  )
  SDSCArgs(
    layout=KERNEL,
    dim_order=[out, mb], 
    data_format=SEN169_FP16,
    scales=[out=1, mb=1],
    strides=[out=819200, mb=52428800],
    offsets=[out=0, mb=0],
    max_dim_sizes=[out=-1, mb=-1],
    allocation=[pool=88080384],
    start_address=88080384
    backGap={}
    is_index_tensor=False
    related_value_tensor_idx=-1
    lx_residency_core_id_to_wk_slice=None
  )
  ]
)
[INFO] [spyre.inductor.sdsc_compile] Generating /home/adnan/codex-isolated/dldsc_granite_clean_relayout_20260703_163108/runs/granite_relayout_s512_20260703_174540/block_prefill/cache/inductor-spyre/sdsc_fused_add_linear_mul_silu_split_with_sizes_3_onorm84_/sdsc_4.json
[DEBUG] [spyre.inductor.codegen.superdsc] symbol mapping: c0 -> mb, c1 -> out, c2 -> in
[DEBUG] [spyre.inductor.codegen.superdsc] SDSCSpec(
  opfunc=batchmatmul
  exec_unit=pt
  data_format=SEN169_FP16
  num_inputs=2
  iteration_space=[mb=512, out=4096, in=12800]
  work_slices=[mb=8, out=4, in=1]
  core_id_to_work_slice=[mb=Mod(core_id, 8), out=Mod(floor(core_id/8), 4), in=0]
  layouts=[
    INPUT: dim_order=[mb, in], stick_dim_order=in, stick_size=64
    KERNEL: dim_order=[in, out], stick_dim_order=out, stick_size=64
    OUTPUT: dim_order=[out, mb], stick_dim_order=out, stick_size=64
  ]
  args=[
  SDSCArgs(
    layout=INPUT,
    dim_order=[mb, in], 
    data_format=SEN169_FP16,
    scales=[mb=1, in=1],
    strides=[mb=32768, in=6553600],
    offsets=[mb=0, in=0],
    max_dim_sizes=[mb=-1, in=-1],
    allocation=[pool=54525952],
    start_address=54525952
    backGap={}
    is_index_tensor=False
    related_value_tensor_idx=-1
    lx_residency_core_id_to_wk_slice=None
  )
  SDSCArgs(
    layout=KERNEL,
    dim_order=[in, out], 
    data_format=SEN169_FP16,
    scales=[in=1, out=1],
    strides=[in=819200, out=52428800],
    offsets=[in=0, out=0],
    max_dim_sizes=[in=-1, out=-1],
    allocation=[pool=88080384],
    start_address=88080384
    backGap={}
    is_index_tensor=False
    related_value_tensor_idx=-1
    lx_residency_core_id_to_wk_slice=None
  )
  SDSCArgs(
    layout=OUTPUT,
    dim_order=[out, mb], 
    data_format=SEN169_FP16,
    scales=[out=1, mb=1],
    strides=[out=4096, mb=2097152],
    offsets=[out=0, mb=0],
    max_dim_sizes=[out=-1, mb=-1],
    allocation=[pool=8388608],
    start_address=8388608
    backGap={}
    is_index_tensor=False
    related_value_tensor_idx=-1
    lx_residency_core_id_to_wk_slice=None
  )
  ]
)
[INFO] [spyre.inductor.sdsc_compile] Generating /home/adnan/codex-isolated/dldsc_granite_clean_relayout_20260703_163108/runs/granite_relayout_s512_20260703_174540/block_prefill/cache/inductor-spyre/sdsc_fused_add_linear_mul_silu_split_with_sizes_3_onorm84_/sdsc_5.json
[DEBUG] [spyre.inductor.codegen.superdsc] symbol mapping: c0 -> mb, c1 -> out
[DEBUG] [spyre.inductor.codegen.superdsc] SDSCSpec(
  opfunc=mul
  exec_unit=sfp
  data_format=SEN169_FP16
  num_inputs=2
  iteration_space=[mb=512, out=4096]
  work_slices=[mb=32, out=1]
  core_id_to_work_slice=[mb=Mod(core_id, 32), out=0]
  layouts=[
    OUTPUT: dim_order=[out, mb], stick_dim_order=out, stick_size=64
  ]
  args=[
  SDSCArgs(
    layout=OUTPUT,
    dim_order=[out, mb], 
    data_format=SEN169_FP16,
    scales=[out=1, mb=1],
    strides=[out=4096, mb=2097152],
    offsets=[out=0, mb=0],
    max_dim_sizes=[out=-1, mb=-1],
    allocation=[pool=8388608],
    start_address=8388608
    backGap={}
    is_index_tensor=False
    related_value_tensor_idx=-1
    lx_residency_core_id_to_wk_slice=None
  )
  SDSCArgs(
    layout=OUTPUT,
    dim_order=[out, mb], 
    data_format=SEN169_FP16,
    scales=[out=-2, mb=-1],
    strides=[out=64, mb=64],
    offsets=[out=0, mb=0],
    max_dim_sizes=[out=-1, mb=-1],
    allocation=[hbm=51539607552],
    start_address=51539607552
    backGap={}
    is_index_tensor=False
    related_value_tensor_idx=-1
    lx_residency_core_id_to_wk_slice=None
  )
  SDSCArgs(
    layout=OUTPUT,
    dim_order=[out, mb], 
    data_format=SEN169_FP16,
    scales=[out=1, mb=1],
    strides=[out=4096, mb=2097152],
    offsets=[out=0, mb=0],
    max_dim_sizes=[out=-1, mb=-1],
    allocation=[lx=131072],
    start_address=131072
    backGap={}
    is_index_tensor=False
    related_value_tensor_idx=-1
    lx_residency_core_id_to_wk_slice=None
  )
  ]
)
[INFO] [spyre.inductor.sdsc_compile] Generating /home/adnan/codex-isolated/dldsc_granite_clean_relayout_20260703_163108/runs/granite_relayout_s512_20260703_174540/block_prefill/cache/inductor-spyre/sdsc_fused_add_linear_mul_silu_split_with_sizes_3_onorm84_/sdsc_6.json
[DEBUG] [spyre.inductor.codegen.superdsc] symbol mapping: c0 -> mb, c1 -> out
[DEBUG] [spyre.inductor.codegen.superdsc] SDSCSpec(
  opfunc=add
  exec_unit=sfp
  data_format=SEN169_FP16
  num_inputs=2
  iteration_space=[mb=512, out=4096]
  work_slices=[mb=32, out=1]
  core_id_to_work_slice=[mb=Mod(core_id, 32), out=0]
  layouts=[
    OUTPUT: dim_order=[out, mb], stick_dim_order=out, stick_size=64
  ]
  args=[
  SDSCArgs(
    layout=OUTPUT,
    dim_order=[out, mb], 
    data_format=SEN169_FP16,
    scales=[out=1, mb=1],
    strides=[out=4096, mb=2097152],
    offsets=[out=0, mb=0],
    max_dim_sizes=[out=-1, mb=-1],
    allocation=[lx=131072],
    start_address=131072
    backGap={}
    is_index_tensor=False
    related_value_tensor_idx=-1
    lx_residency_core_id_to_wk_slice=None
  )
  SDSCArgs(
    layout=OUTPUT,
    dim_order=[out, mb], 
    data_format=SEN169_FP16,
    scales=[out=1, mb=1],
    strides=[out=4096, mb=2097152],
    offsets=[out=0, mb=0],
    max_dim_sizes=[out=-1, mb=-1],
    allocation=[lx=0],
    start_address=0
    backGap={}
    is_index_tensor=False
    related_value_tensor_idx=-1
    lx_residency_core_id_to_wk_slice=None
  )
  SDSCArgs(
    layout=OUTPUT,
    dim_order=[out, mb], 
    data_format=SEN169_FP16,
    scales=[out=1, mb=1],
    strides=[out=4096, mb=2097152],
    offsets=[out=0, mb=0],
    max_dim_sizes=[out=-1, mb=-1],
    allocation=[hbm=68719476736],
    start_address=68719476736
    backGap={}
    is_index_tensor=False
    related_value_tensor_idx=-1
    lx_residency_core_id_to_wk_slice=None
  )
  ]
)
[INFO] [spyre.inductor.sdsc_compile] Generating /home/adnan/codex-isolated/dldsc_granite_clean_relayout_20260703_163108/runs/granite_relayout_s512_20260703_174540/block_prefill/cache/inductor-spyre/sdsc_fused_add_linear_mul_silu_split_with_sizes_3_onorm84_/sdsc_7.json
[INFO] [spyre.inductor.sdsc_compile] Generating /home/adnan/codex-isolated/dldsc_granite_clean_relayout_20260703_163108/runs/granite_relayout_s512_20260703_174540/block_prefill/cache/inductor-spyre/sdsc_fused_add_linear_mul_silu_split_with_sizes_3_onorm84_/bundle.mlir
[INFO] [spyre.inductor.kernel_runner] RUN: sdsc_fused_linear_rms_norm_0 /home/adnan/codex-isolated/dldsc_granite_clean_relayout_20260703_163108/runs/granite_relayout_s512_20260703_174540/block_prefill/cache/inductor-spyre/sdsc_fused_linear_rms_norm_0_6tn53jlr
[INFO] [spyre.inductor.kernel_runner] RUN: sdsc_fused__scaled_dot_product_fused_attention_overrideable__unsafe_view_clone_expand_mul_split_with_sizes_sum_transpose_unsqueeze_view_1 /home/adnan/codex-isolated/dldsc_granite_clean_relayout_20260703_163108/runs/granite_relayout_s512_20260703_174540/block_prefill/cache/inductor-spyre/sdsc_fused__scaled_dot_product_fused_attention_overrideable__unsafe_view_clone_expand_mul_split_with_sizes_sum_transpose_unsqueeze_view_1_ebde7hs0
[INFO] [spyre.inductor.kernel_runner] RUN: sdsc_fused__scaled_dot_product_fused_attention_overrideable_add_linear_mul_rms_norm_transpose_view_2 /home/adnan/codex-isolated/dldsc_granite_clean_relayout_20260703_163108/runs/granite_relayout_s512_20260703_174540/block_prefill/cache/inductor-spyre/sdsc_fused__scaled_dot_product_fused_attention_overrideable_add_linear_mul_rms_norm_transpose_view_2_ynavg01d
[31m ERRR 03.07.2026 17:12:08.963262 [                  ras_base.hpp:  74] {"action":"reset","category":"hardware","code":"0xa35e","description":"The card encountered a problem and triggered a PCIe bus fence operation","message":"PCIe bus master fence","name":"RAS::PCI::BusFence","severity":"ERROR","step":"Reset, reseat, or replace the card","threshold_action":"deconfigure","threshold_count":20,"threshold_duration":1440,"type":"runtime_error"}[0m
terminate called after throwing an instance of 'std::runtime_error'
  what():  {"action":"reset","category":"hardware","code":"0xa35e","description":"The card encountered a problem and triggered a PCIe bus fence operation","message":"PCIe bus master fence","name":"RAS::PCI::BusFence","severity":"ERROR","step":"Reset, reseat, or replace the card","threshold_action":"deconfigure","threshold_count":20,"threshold_duration":1440,"type":"runtime_error"}
Signal Received: 6 (Aborted)
Signal Received from pid=86825 
*** BACKTRACE ***
/opt/ibm/spyre/senlib/lib/libsenlib-dd2.so(+0x42accf)[0x7f0974061ccf]
/lib64/libc.so.6(+0x411c0)[0x7f0a37ae81c0]
/lib64/libc.so.6(+0x979dc)[0x7f0a37b3e9dc]
/lib64/libc.so.6(gsignal+0x16)[0x7f0a37ae8116]
/lib64/libc.so.6(abort+0xd7)[0x7f0a37acf8fa]
/lib64/libstdc++.so.6(+0xa603a)[0x7f0a1fddf03a]
/lib64/libstdc++.so.6(+0xbc0ac)[0x7f0a1fdf50ac]
/lib64/libstdc++.so.6(_ZSt10unexpectedv+0x0)[0x7f0a1fddea39]
/lib64/libstdc++.so.6(+0xbc338)[0x7f0a1fdf5338]
/opt/ibm/spyre/senlib/lib/libsenlib-dd2.so(_ZN3RAS3PCI8BusFence5ThrowEv+0x64)[0x7f0974300cb4]
/opt/ibm/spyre/senlib/lib/libsenlib-dd2.so(_ZN6senlib2v212PfMSIMonitor13PollingThreadEv+0x2b01)[0x7f0974300161]
/lib64/libstdc++.so.6(+0xee0e4)[0x7f0a1fe270e4]
/lib64/libc.so.6(+0x95a7f)[0x7f0a37b3ca7f]
/lib64/libc.so.6(__clone+0x44)[0x7f0a37bad324]
*****************
