[1/4] Building CXX object dxp/CMakeFiles/dxp_unit_test.dir/test/dxp_unittest.cpp.o
[2/4] Building CXX object dxp/CMakeFiles/dxp.dir/SdscRelayoutInsertion.cpp.o
In file included from /home/adnan-cdx/codex-isolated/gather_restickify_clean_20260706_113236/deeptools/dsc/foldManager/foldInfrastructure.h:15,
                 from /home/adnan-cdx/codex-isolated/gather_restickify_clean_20260706_113236/deeptools/dsc/dataOpDsc.h:45,
                 from /home/adnan-cdx/codex-isolated/gather_restickify_clean_20260706_113236/deeptools/dxp/SdscRelayoutInsertion.cpp:1:
/home/adnan-cdx/codex-isolated/gather_restickify_clean_20260706_113236/deeptools/util/print_utils.h: In function ‘std::string PrintUtil::printVecwithQuotes(const std::vector<Dtype>&) [with Dtype = long int; std::string = std::__cxx11::basic_string<char>]’:
/home/adnan-cdx/codex-isolated/gather_restickify_clean_20260706_113236/deeptools/util/print_utils.h:41:25: warning: comparison of integer expressions of different signedness: ‘int’ and ‘std::vector<long int>::size_type’ {aka ‘long unsigned int’} [-Wsign-compare]
   41 |   for (int idx = 0; idx < myVec.size(); idx++) {
      |                     ~~~~^~~~~~~~~~~~~~
/home/adnan-cdx/codex-isolated/gather_restickify_clean_20260706_113236/deeptools/util/print_utils.h:42:13: warning: comparison of integer expressions of different signedness: ‘int’ and ‘std::vector<long int>::size_type’ {aka ‘long unsigned int’} [-Wsign-compare]
   42 |     if (idx != myVec.size() - 1) {
      |         ~~~~^~~~~~~~~~~~~~~~~~~
/home/adnan-cdx/codex-isolated/gather_restickify_clean_20260706_113236/deeptools/util/print_utils.h: In function ‘std::string PrintUtil::printSetwithQuotes(const std::set<T>&) [with Dtype = std::__cxx11::basic_string<char>; std::string = std::__cxx11::basic_string<char>]’:
/home/adnan-cdx/codex-isolated/gather_restickify_clean_20260706_113236/deeptools/util/print_utils.h:114:27: warning: conversion from ‘std::set<std::__cxx11::basic_string<char> >::size_type’ {aka ‘long unsigned int’} to ‘int’ may change value [-Wconversion]
  114 |   int size = mySet.size() - 1;
      |              ~~~~~~~~~~~~~^~~
/home/adnan-cdx/codex-isolated/gather_restickify_clean_20260706_113236/deeptools/util/print_utils.h: In function ‘std::string PrintUtil::printMapwithQuotes(const std::map<Dtype1, Dtype2>&) [with Dtype1 = int; Dtype2 = std::vector<std::__cxx11::basic_string<char> >; std::string = std::__cxx11::basic_string<char>]’:
/home/adnan-cdx/codex-isolated/gather_restickify_clean_20260706_113236/deeptools/util/print_utils.h:148:27: warning: conversion from ‘std::map<int, std::vector<std::__cxx11::basic_string<char> > >::size_type’ {aka ‘long unsigned int’} to ‘int’ may change value [-Wconversion]
  148 |   int size = myMap.size() - 1;
      |              ~~~~~~~~~~~~~^~~
/home/adnan-cdx/codex-isolated/gather_restickify_clean_20260706_113236/deeptools/util/print_utils.h:154:19: warning: comparison of integer expressions of different signedness: ‘int’ and ‘std::vector<std::__cxx11::basic_string<char> >::size_type’ {aka ‘long unsigned int’} [-Wsign-compare]
  154 |       if (count++ < it.second.size() - 1) myOutString += ", ";
      |           ~~~~~~~~^~~~~~~~~~~~~~~~~~~~~~
/home/adnan-cdx/codex-isolated/gather_restickify_clean_20260706_113236/deeptools/util/print_utils.h: In function ‘std::string PrintUtil::printMapwithQuotes(const std::map<Dtype1, Dtype2>&) [with Dtype1 = int; Dtype2 = std::vector<double>; std::string = std::__cxx11::basic_string<char>]’:
/home/adnan-cdx/codex-isolated/gather_restickify_clean_20260706_113236/deeptools/util/print_utils.h:171:27: warning: conversion from ‘std::map<int, std::vector<double> >::size_type’ {aka ‘long unsigned int’} to ‘int’ may change value [-Wconversion]
  171 |   int size = myMap.size() - 1;
      |              ~~~~~~~~~~~~~^~~
/home/adnan-cdx/codex-isolated/gather_restickify_clean_20260706_113236/deeptools/util/print_utils.h:176:47: warning: use of old-style cast to ‘uint64_t’ {aka ‘long unsigned int’} [-Wold-style-cast]
  176 |       myOutString += std::to_string((uint64_t)val);
      |                                               ^~~
      |                                     -------------
      |                                     static_cast<uint64_t> (val)
/home/adnan-cdx/codex-isolated/gather_restickify_clean_20260706_113236/deeptools/util/print_utils.h:177:19: warning: comparison of integer expressions of different signedness: ‘int’ and ‘std::vector<double>::size_type’ {aka ‘long unsigned int’} [-Wsign-compare]
  177 |       if (count++ < it.second.size() - 1) myOutString += ", ";
      |           ~~~~~~~~^~~~~~~~~~~~~~~~~~~~~~
/home/adnan-cdx/codex-isolated/gather_restickify_clean_20260706_113236/deeptools/util/print_utils.h: In function ‘std::string PrintUtil::printMapwithQuotes(const std::map<Dtype1, Dtype2>&) [with Dtype1 = int; Dtype2 = std::vector<long int>; std::string = std::__cxx11::basic_string<char>]’:
/home/adnan-cdx/codex-isolated/gather_restickify_clean_20260706_113236/deeptools/util/print_utils.h:194:27: warning: conversion from ‘std::map<int, std::vector<long int> >::size_type’ {aka ‘long unsigned int’} to ‘int’ may change value [-Wconversion]
  194 |   int size = myMap.size() - 1;
      |              ~~~~~~~~~~~~~^~~
/home/adnan-cdx/codex-isolated/gather_restickify_clean_20260706_113236/deeptools/util/print_utils.h:199:47: warning: use of old-style cast to ‘uint64_t’ {aka ‘long unsigned int’} [-Wold-style-cast]
  199 |       myOutString += std::to_string((uint64_t)val);
      |                                               ^~~
      |                                     -------------
      |                                     static_cast<uint64_t> (val)
/home/adnan-cdx/codex-isolated/gather_restickify_clean_20260706_113236/deeptools/util/print_utils.h:200:19: warning: comparison of integer expressions of different signedness: ‘int’ and ‘std::vector<long int>::size_type’ {aka ‘long unsigned int’} [-Wsign-compare]
  200 |       if (count++ < it.second.size() - 1) myOutString += ", ";
      |           ~~~~~~~~^~~~~~~~~~~~~~~~~~~~~~
/home/adnan-cdx/codex-isolated/gather_restickify_clean_20260706_113236/deeptools/util/print_utils.h: In function ‘std::string PrintUtil::printVec(const std::vector<Dtype>&)’:
/home/adnan-cdx/codex-isolated/gather_restickify_clean_20260706_113236/deeptools/util/print_utils.h:304:55: warning: use of old-style cast to ‘int64_t’ {aka ‘long int’} [-Wold-style-cast]
  304 |       myOutString += std::to_string((int64_t)myVec[idx]) + ", ";
      |                                                       ^
/home/adnan-cdx/codex-isolated/gather_restickify_clean_20260706_113236/deeptools/util/print_utils.h:306:55: warning: use of old-style cast to ‘int64_t’ {aka ‘long int’} [-Wold-style-cast]
  306 |       myOutString += std::to_string((int64_t)myVec[idx]);
      |                                                       ^
/home/adnan-cdx/codex-isolated/gather_restickify_clean_20260706_113236/deeptools/util/print_utils.h: In function ‘std::string PrintUtil::printVec(const std::deque<_Tp>&)’:
/home/adnan-cdx/codex-isolated/gather_restickify_clean_20260706_113236/deeptools/util/print_utils.h:317:55: warning: use of old-style cast to ‘int64_t’ {aka ‘long int’} [-Wold-style-cast]
  317 |       myOutString += std::to_string((int64_t)myVec[idx]) + ", ";
      |                                                       ^
/home/adnan-cdx/codex-isolated/gather_restickify_clean_20260706_113236/deeptools/util/print_utils.h:319:55: warning: use of old-style cast to ‘int64_t’ {aka ‘long int’} [-Wold-style-cast]
  319 |       myOutString += std::to_string((int64_t)myVec[idx]);
      |                                                       ^
/home/adnan-cdx/codex-isolated/gather_restickify_clean_20260706_113236/deeptools/util/print_utils.h: In function ‘std::string PrintUtil::printDeque(const std::deque<_Tp>&)’:
/home/adnan-cdx/codex-isolated/gather_restickify_clean_20260706_113236/deeptools/util/print_utils.h:330:55: warning: use of old-style cast to ‘int64_t’ {aka ‘long int’} [-Wold-style-cast]
  330 |       myOutString += std::to_string((int64_t)myVec[idx]) + ", ";
      |                                                       ^
/home/adnan-cdx/codex-isolated/gather_restickify_clean_20260706_113236/deeptools/util/print_utils.h:332:55: warning: use of old-style cast to ‘int64_t’ {aka ‘long int’} [-Wold-style-cast]
  332 |       myOutString += std::to_string((int64_t)myVec[idx]);
      |                                                       ^
/home/adnan-cdx/codex-isolated/gather_restickify_clean_20260706_113236/deeptools/util/print_utils.h: In function ‘std::string PrintUtil::printVec(const std::vector<std::pair<int, int> >&)’:
/home/adnan-cdx/codex-isolated/gather_restickify_clean_20260706_113236/deeptools/util/print_utils.h:340:25: warning: comparison of integer expressions of different signedness: ‘int’ and ‘std::vector<std::pair<int, int> >::size_type’ {aka ‘long unsigned int’} [-Wsign-compare]
  340 |   for (int idx = 0; idx < myVec.size(); idx++) {
      |                     ~~~~^~~~~~~~~~~~~~
/home/adnan-cdx/codex-isolated/gather_restickify_clean_20260706_113236/deeptools/util/print_utils.h:341:13: warning: comparison of integer expressions of different signedness: ‘int’ and ‘std::vector<std::pair<int, int> >::size_type’ {aka ‘long unsigned int’} [-Wsign-compare]
  341 |     if (idx != myVec.size() - 1) {
      |         ~~~~^~~~~~~~~~~~~~~~~~~
/home/adnan-cdx/codex-isolated/gather_restickify_clean_20260706_113236/deeptools/util/print_utils.h: In function ‘std::string PrintUtil::printVec(const std::vector<std::pair<long int, long int> >&)’:
/home/adnan-cdx/codex-isolated/gather_restickify_clean_20260706_113236/deeptools/util/print_utils.h:355:25: warning: comparison of integer expressions of different signedness: ‘int’ and ‘std::vector<std::pair<long int, long int> >::size_type’ {aka ‘long unsigned int’} [-Wsign-compare]
  355 |   for (int idx = 0; idx < myVec.size(); idx++) {
      |                     ~~~~^~~~~~~~~~~~~~
/home/adnan-cdx/codex-isolated/gather_restickify_clean_20260706_113236/deeptools/util/print_utils.h:356:13: warning: comparison of integer expressions of different signedness: ‘int’ and ‘std::vector<std::pair<long int, long int> >::size_type’ {aka ‘long unsigned int’} [-Wsign-compare]
  356 |     if (idx != myVec.size() - 1) {
      |         ~~~~^~~~~~~~~~~~~~~~~~~
/home/adnan-cdx/codex-isolated/gather_restickify_clean_20260706_113236/deeptools/util/print_utils.h: In function ‘std::string PrintUtil::printMap(const std::map<long int, std::vector<std::pair<int, int> > >&, bool)’:
/home/adnan-cdx/codex-isolated/gather_restickify_clean_20260706_113236/deeptools/util/print_utils.h:371:27: warning: conversion from ‘std::map<long int, std::vector<std::pair<int, int> > >::size_type’ {aka ‘long unsigned int’} to ‘int’ may change value [-Wconversion]
  371 |   int size = myMap.size() - 1;
      |              ~~~~~~~~~~~~~^~~
/home/adnan-cdx/codex-isolated/gather_restickify_clean_20260706_113236/deeptools/util/print_utils.h: In function ‘std::string PrintUtil::printMap(const std::map<long int, std::pair<int, int> >&, bool)’:
/home/adnan-cdx/codex-isolated/gather_restickify_clean_20260706_113236/deeptools/util/print_utils.h:399:27: warning: conversion from ‘std::map<long int, std::pair<int, int> >::size_type’ {aka ‘long unsigned int’} to ‘int’ may change value [-Wconversion]
  399 |   int size = myMap.size() - 1;
      |              ~~~~~~~~~~~~~^~~
/home/adnan-cdx/codex-isolated/gather_restickify_clean_20260706_113236/deeptools/util/print_utils.h: In function ‘std::string PrintUtil::printMap(const std::map<long int, std::vector<std::pair<long int, long int> > >&, bool)’:
/home/adnan-cdx/codex-isolated/gather_restickify_clean_20260706_113236/deeptools/util/print_utils.h:432:27: warning: conversion from ‘std::map<long int, std::vector<std::pair<long int, long int> > >::size_type’ {aka ‘long unsigned int’} to ‘int’ may change value [-Wconversion]
  432 |   int size = myMap.size() - 1;
      |              ~~~~~~~~~~~~~^~~
/home/adnan-cdx/codex-isolated/gather_restickify_clean_20260706_113236/deeptools/util/print_utils.h: In function ‘std::string PrintUtil::printMap(const std::map<long int, double>&, bool)’:
/home/adnan-cdx/codex-isolated/gather_restickify_clean_20260706_113236/deeptools/util/print_utils.h:461:27: warning: conversion from ‘std::map<long int, double>::size_type’ {aka ‘long unsigned int’} to ‘int’ may change value [-Wconversion]
  461 |   int size = myMap.size() - 1;
      |              ~~~~~~~~~~~~~^~~
/home/adnan-cdx/codex-isolated/gather_restickify_clean_20260706_113236/deeptools/util/print_utils.h: In function ‘std::string PrintUtil::printMap(const std::map<long int, std::__cxx11::basic_string<char> >&)’:
/home/adnan-cdx/codex-isolated/gather_restickify_clean_20260706_113236/deeptools/util/print_utils.h:489:27: warning: conversion from ‘std::map<long int, std::__cxx11::basic_string<char> >::size_type’ {aka ‘long unsigned int’} to ‘int’ may change value [-Wconversion]
  489 |   int size = myMap.size() - 1;
      |              ~~~~~~~~~~~~~^~~
/home/adnan-cdx/codex-isolated/gather_restickify_clean_20260706_113236/deeptools/util/print_utils.h: In function ‘std::string PrintUtil::printMapwithQuotes(const std::map<Dtype1, Dtype2>&) [with Dtype1 = std::__cxx11::basic_string<char>; Dtype2 = std::vector<std::pair<double, double> >; std::string = std::__cxx11::basic_string<char>]’:
/home/adnan-cdx/codex-isolated/gather_restickify_clean_20260706_113236/deeptools/util/print_utils.h:509:27: warning: conversion from ‘std::map<std::__cxx11::basic_string<char>, std::vector<std::pair<double, double> > >::size_type’ {aka ‘long unsigned int’} to ‘int’ may change value [-Wconversion]
  509 |   int size = myMap.size() - 1;
      |              ~~~~~~~~~~~~~^~~
/home/adnan-cdx/codex-isolated/gather_restickify_clean_20260706_113236/deeptools/util/print_utils.h: In function ‘std::string PrintUtil::printMapwithQuotes(const std::map<Dtype1, Dtype2>&) [with Dtype1 = std::__cxx11::basic_string<char>; Dtype2 = std::array<unsigned char, 128>; std::string = std::__cxx11::basic_string<char>]’:
/home/adnan-cdx/codex-isolated/gather_restickify_clean_20260706_113236/deeptools/util/print_utils.h:527:27: warning: conversion from ‘std::map<std::__cxx11::basic_string<char>, std::array<unsigned char, 128> >::size_type’ {aka ‘long unsigned int’} to ‘int’ may change value [-Wconversion]
  527 |   int size = myMap.size() - 1;
      |              ~~~~~~~~~~~~~^~~
In file included from /home/adnan-cdx/codex-isolated/gather_restickify_clean_20260706_113236/deeptools/dsc/foldManager/foldInfrastructure.h:32:
/home/adnan-cdx/codex-isolated/gather_restickify_clean_20260706_113236/deeptools/dsc/foldManager/wkDivisionParams.h: In constructor ‘WkSplitParam::WkSplitParam(int32_t, int32_t, int32_t, int32_t, int32_t, int32_t, int32_t, int32_t, int32_t, int32_t, int32_t, const std::vector<std::pair<int, int> >&, const StrWinPad&)’:
/home/adnan-cdx/codex-isolated/gather_restickify_clean_20260706_113236/deeptools/dsc/foldManager/wkDivisionParams.h:56:33: warning: declaration of ‘swp_info_’ shadows a member of ‘WkSplitParam’ [-Wshadow]
   56 |                const StrWinPad& swp_info_) {
      |                ~~~~~~~~~~~~~~~~~^~~~~~~~~
/home/adnan-cdx/codex-isolated/gather_restickify_clean_20260706_113236/deeptools/dsc/foldManager/wkDivisionParams.h:420:13: note: shadowed declaration is here
  420 |   StrWinPad swp_info_;
      |             ^~~~~~~~~
/home/adnan-cdx/codex-isolated/gather_restickify_clean_20260706_113236/deeptools/dsc/foldManager/wkDivisionParams.h: In member function ‘void WkSplitParam::printMetaData(std::ostream&, std::string) const’:
/home/adnan-cdx/codex-isolated/gather_restickify_clean_20260706_113236/deeptools/dsc/foldManager/wkDivisionParams.h:322:23: warning: comparison of integer expressions of different signedness: ‘int’ and ‘std::vector<std::pair<int, int> >::size_type’ {aka ‘long unsigned int’} [-Wsign-compare]
  322 |     for (int p = 0; p < real_coordinates_.size(); p++) {
      |                     ~~^~~~~~~~~~~~~~~~~~~~~~~~~~
/home/adnan-cdx/codex-isolated/gather_restickify_clean_20260706_113236/deeptools/dsc/foldManager/wkDivisionParams.h:325:13: warning: comparison of integer expressions of different signedness: ‘int’ and ‘std::vector<std::pair<int, int> >::size_type’ {aka ‘long unsigned int’} [-Wsign-compare]
  325 |       if (p != real_coordinates_.size() - 1) {
      |           ~~^~~~~~~~~~~~~~~~~~~~~~~~~~~~~~~
In file included from /home/adnan-cdx/codex-isolated/gather_restickify_clean_20260706_113236/deeptools/util/VariableDefinition.h:22,
                 from /home/adnan-cdx/codex-isolated/gather_restickify_clean_20260706_113236/deeptools/util/sendefs.h:21,
                 from /home/adnan-cdx/codex-isolated/gather_restickify_clean_20260706_113236/deeptools/dsc/dataOpDsc.h:14:
/home/adnan-cdx/codex-isolated/gather_restickify_clean_20260706_113236/deeptools/dsc/foldManager/foldInfrastructure.h: In function ‘void FoldInfraUtils::getFlattenedCoordinatesWithConstraints(std::vector<std::deque<long int> >&, const std::map<long int, long int>&, const int&, bool)’:
/home/adnan-cdx/codex-isolated/gather_restickify_clean_20260706_113236/deeptools/dsc/foldManager/foldInfrastructure.h:72:40: warning: comparison of integer expressions of different signedness: ‘std::vector<long int>::size_type’ {aka ‘long unsigned int’} and ‘const long int’ [-Wsign-compare]
   72 |     DT_CHECK(unique_data_coords.size() > kv.first);
      |              ~~~~~~~~~~~~~~~~~~~~~~~~~~^~~~~~~~~~
/home/adnan-cdx/codex-isolated/gather_restickify_clean_20260706_113236/deeptools/util/dt_exception.hpp:112:11: note: in definition of macro ‘DT_CHECK_MSG’
  112 |     if (!(cond)) {                                                  \
      |           ^~~~
/home/adnan-cdx/codex-isolated/gather_restickify_clean_20260706_113236/deeptools/dsc/foldManager/foldInfrastructure.h:72:5: note: in expansion of macro ‘DT_CHECK’
   72 |     DT_CHECK(unique_data_coords.size() > kv.first);
      |     ^~~~~~~~
/home/adnan-cdx/codex-isolated/gather_restickify_clean_20260706_113236/deeptools/dsc/foldManager/foldInfrastructure.h:82:21: warning: comparison of integer expressions of different signedness: ‘int’ and ‘std::vector<long int>::size_type’ {aka ‘long unsigned int’} [-Wsign-compare]
   82 |   for (int i = 0; i < unique_data_coords.size(); i++) {
      |                   ~~^~~~~~~~~~~~~~~~~~~~~~~~~~~
/home/adnan-cdx/codex-isolated/gather_restickify_clean_20260706_113236/deeptools/dsc/foldManager/foldInfrastructure.h:84:26: warning: conversion from ‘std::vector<long int>::size_type’ {aka ‘long unsigned int’} to ‘int’ may change value [-Wconversion]
   84 |         scan_inner_outer ? unique_data_coords.size() - 1 - i : i;
      |         ~~~~~~~~~~~~~~~~~^~~~~~~~~~~~~~~~~~~~~~~~~~~~~~~~~~~~~~~
/home/adnan-cdx/codex-isolated/gather_restickify_clean_20260706_113236/deeptools/dsc/foldManager/foldInfrastructure.h:89:51: warning: conversion from ‘__gnu_cxx::__alloc_traits<std::allocator<long int>, long int>::value_type’ {aka ‘long int’} to ‘int’ may change value [-Wconversion]
   89 |     repeat_factor *= unique_data_coords.at(dim_idx);
      |                                                   ^
/home/adnan-cdx/codex-isolated/gather_restickify_clean_20260706_113236/deeptools/dsc/foldManager/foldInfrastructure.h: In function ‘void FoldInfraUtils::fixCoordinatesAtPos(std::vector<std::deque<long int> >&, const std::map<long int, long int>&)’:
/home/adnan-cdx/codex-isolated/gather_restickify_clean_20260706_113236/deeptools/dsc/foldManager/foldInfrastructure.h:104:35: warning: comparison of integer expressions of different signedness: ‘int’ and ‘std::deque<long int>::size_type’ {aka ‘long unsigned int’} [-Wsign-compare]
  104 |     for (int dim_idx = 0; dim_idx < coord.size(); dim_idx++) {
      |                           ~~~~~~~~^~~~~~~~~~~~~~
/home/adnan-cdx/codex-isolated/gather_restickify_clean_20260706_113236/deeptools/dsc/foldManager/foldInfrastructure.h: At global scope:
/home/adnan-cdx/codex-isolated/gather_restickify_clean_20260706_113236/deeptools/dsc/foldManager/foldInfrastructure.h:126:17: warning: type qualifiers ignored on function return type [-Wignored-qualifiers]
  126 |   [[nodiscard]] const uint32_t getSize() const { return factor_; }
      |                 ^~~~~
/home/adnan-cdx/codex-isolated/gather_restickify_clean_20260706_113236/deeptools/dsc/foldManager/foldInfrastructure.h:178:11: warning: template-id not allowed for destructor in C++20 [-Wtemplate-id-cdtor]
  178 |   virtual ~FoldFunction<Dtype>() {}
      |           ^
/home/adnan-cdx/codex-isolated/gather_restickify_clean_20260706_113236/deeptools/dsc/foldManager/foldInfrastructure.h:178:11: note: remove the ‘< >’
/home/adnan-cdx/codex-isolated/gather_restickify_clean_20260706_113236/deeptools/dsc/foldManager/foldInfrastructure.h:179:3: warning: type qualifiers ignored on function return type [-Wignored-qualifiers]
  179 |   const FuncType Type() const { return type_; }
      |   ^~~~~
/home/adnan-cdx/codex-isolated/gather_restickify_clean_20260706_113236/deeptools/dsc/foldManager/foldInfrastructure.h: In member function ‘Dtype WkSplitFoldFunction_Leaf<Dtype>::getFoldedData(int64_t) const’:
/home/adnan-cdx/codex-isolated/gather_restickify_clean_20260706_113236/deeptools/dsc/foldManager/foldInfrastructure.h:844:51: warning: use of old-style cast to ‘Dtype’ [-Wold-style-cast]
  844 |     return (Dtype)wksplit_param_.getSize(dim_index);
      |                                                   ^
/home/adnan-cdx/codex-isolated/gather_restickify_clean_20260706_113236/deeptools/dsc/foldManager/foldInfrastructure.h: In member function ‘void FoldManager<Dtype>::buildDim(const FoldDimProp*, BaseFuncType, int)’:
/home/adnan-cdx/codex-isolated/gather_restickify_clean_20260706_113236/deeptools/dsc/foldManager/foldInfrastructure.h:1431:26: warning: declaration of ‘idx’ shadows a previous local [-Wshadow]
 1431 |                 for (int idx = 0; idx < children_new.size(); idx++)
      |                          ^~~
/home/adnan-cdx/codex-isolated/gather_restickify_clean_20260706_113236/deeptools/dsc/foldManager/foldInfrastructure.h:1421:22: note: shadowed declaration is here
 1421 |             for (int idx = 0; idx < children.size(); idx++) {
      |                      ^~~
In file included from /home/adnan-cdx/codex-isolated/gather_restickify_clean_20260706_113236/deeptools/dsc/dataOpDsc.h:46:
/home/adnan-cdx/codex-isolated/gather_restickify_clean_20260706_113236/deeptools/dsc/pcfg.h: At global scope:
/home/adnan-cdx/codex-isolated/gather_restickify_clean_20260706_113236/deeptools/dsc/pcfg.h:144:16: warning: ‘virtual void SenPcfgNode::build(const std::string&)’ was hidden [-Woverloaded-virtual=]
  144 |   virtual void build(const std::string& nodeName) { name = nodeName; }
      |                ^~~~~
/home/adnan-cdx/codex-isolated/gather_restickify_clean_20260706_113236/deeptools/dsc/pcfg.h:173:8: note:   by ‘SenPcfgMvloopNode::build’
  173 |   void build(const std::string& nodeName, std::vector<VariableSymbol> symbols,
      |        ^~~~~
/home/adnan-cdx/codex-isolated/gather_restickify_clean_20260706_113236/deeptools/dsc/pcfg.h:144:16: warning: ‘virtual void SenPcfgNode::build(const std::string&)’ was hidden [-Woverloaded-virtual=]
  144 |   virtual void build(const std::string& nodeName) { name = nodeName; }
      |                ^~~~~
/home/adnan-cdx/codex-isolated/gather_restickify_clean_20260706_113236/deeptools/dsc/pcfg.h:186:8: note:   by ‘void SenPcfgMvloopBranchNode::build(SenPcfgMvloopNode*)’
  186 |   void build(SenPcfgMvloopNode* loop) {
      |        ^~~~~
/home/adnan-cdx/codex-isolated/gather_restickify_clean_20260706_113236/deeptools/dsc/pcfg.h: In member function ‘void SenPcfgDtNode::setSrcStAddr(int64_t, std::deque<long int>)’:
/home/adnan-cdx/codex-isolated/gather_restickify_clean_20260706_113236/deeptools/dsc/pcfg.h:248:55: warning: unused parameter ‘fold_dim_indices’ [-Wunused-parameter]
  248 |   void setSrcStAddr(int64_t addr, std::deque<int64_t> fold_dim_indices = {}) {
      |                                   ~~~~~~~~~~~~~~~~~~~~^~~~~~~~~~~~~~~~~~~~~
/home/adnan-cdx/codex-isolated/gather_restickify_clean_20260706_113236/deeptools/dsc/pcfg.h: In member function ‘void SenPcfgDtNode::setDestStAddr(int64_t, std::deque<long int>)’:
/home/adnan-cdx/codex-isolated/gather_restickify_clean_20260706_113236/deeptools/dsc/pcfg.h:251:56: warning: unused parameter ‘fold_dim_indices’ [-Wunused-parameter]
  251 |   void setDestStAddr(int64_t addr, std::deque<int64_t> fold_dim_indices = {}) {
      |                                    ~~~~~~~~~~~~~~~~~~~~^~~~~~~~~~~~~~~~~~~~~
/home/adnan-cdx/codex-isolated/gather_restickify_clean_20260706_113236/deeptools/dsc/pcfg.h: In member function ‘SenPcfgDtNode& SenPcfgDtNode::operator=(const SenPcfgDtNode&)’:
/home/adnan-cdx/codex-isolated/gather_restickify_clean_20260706_113236/deeptools/dsc/pcfg.h:321:23: warning: comparison of integer expressions of different signedness: ‘int’ and ‘std::vector<std::pair<PcfgLccrCond, FoldManager<long int> > >::size_type’ {aka ‘long unsigned int’} [-Wsign-compare]
  321 |     for (int l = 0; l < srcStartCondAndVal.size(); l++) {
      |                     ~~^~~~~~~~~~~~~~~~~~~~~~~~~~~
/home/adnan-cdx/codex-isolated/gather_restickify_clean_20260706_113236/deeptools/dsc/pcfg.h:327:23: warning: comparison of integer expressions of different signedness: ‘int’ and ‘std::vector<std::pair<PcfgLccrCond, FoldManager<long int> > >::size_type’ {aka ‘long unsigned int’} [-Wsign-compare]
  327 |     for (int l = 0; l < destStartCondAndVal.size(); l++) {
      |                     ~~^~~~~~~~~~~~~~~~~~~~~~~~~~~~
/home/adnan-cdx/codex-isolated/gather_restickify_clean_20260706_113236/deeptools/dsc/pcfg.h: In constructor ‘LE128BTransferInfo::LE128BTransferInfo(int, int, bool)’:
/home/adnan-cdx/codex-isolated/gather_restickify_clean_20260706_113236/deeptools/dsc/pcfg.h:373:60: warning: declaration of ‘addBaseAddr’ shadows a member of ‘LE128BTransferInfo’ [-Wshadow]
  373 |   LE128BTransferInfo(int bytesToTransfer, int Offset, bool addBaseAddr)
      |                                                       ~~~~~^~~~~~~~~~~
/home/adnan-cdx/codex-isolated/gather_restickify_clean_20260706_113236/deeptools/dsc/pcfg.h:371:8: note: shadowed declaration is here
  371 |   bool addBaseAddr = true;  // false if absolute addr (e.g., read zeros)
      |        ^~~~~~~~~~~
/home/adnan-cdx/codex-isolated/gather_restickify_clean_20260706_113236/deeptools/dsc/pcfg.h:373:47: warning: declaration of ‘Offset’ shadows a member of ‘LE128BTransferInfo’ [-Wshadow]
  373 |   LE128BTransferInfo(int bytesToTransfer, int Offset, bool addBaseAddr)
      |                                           ~~~~^~~~~~
/home/adnan-cdx/codex-isolated/gather_restickify_clean_20260706_113236/deeptools/dsc/pcfg.h:370:7: note: shadowed declaration is here
  370 |   int Offset;
      |       ^~~~~~
/home/adnan-cdx/codex-isolated/gather_restickify_clean_20260706_113236/deeptools/dsc/pcfg.h:373:26: warning: declaration of ‘bytesToTransfer’ shadows a member of ‘LE128BTransferInfo’ [-Wshadow]
  373 |   LE128BTransferInfo(int bytesToTransfer, int Offset, bool addBaseAddr)
      |                      ~~~~^~~~~~~~~~~~~~~
/home/adnan-cdx/codex-isolated/gather_restickify_clean_20260706_113236/deeptools/dsc/pcfg.h:369:7: note: shadowed declaration is here
  369 |   int bytesToTransfer;
      |       ^~~~~~~~~~~~~~~
/home/adnan-cdx/codex-isolated/gather_restickify_clean_20260706_113236/deeptools/dsc/pcfg.h: In constructor ‘LE128BTransferInfo::LE128BTransferInfo(int, int)’:
/home/adnan-cdx/codex-isolated/gather_restickify_clean_20260706_113236/deeptools/dsc/pcfg.h:377:47: warning: declaration of ‘Offset’ shadows a member of ‘LE128BTransferInfo’ [-Wshadow]
  377 |   LE128BTransferInfo(int bytesToTransfer, int Offset)
      |                                           ~~~~^~~~~~
/home/adnan-cdx/codex-isolated/gather_restickify_clean_20260706_113236/deeptools/dsc/pcfg.h:370:7: note: shadowed declaration is here
  370 |   int Offset;
      |       ^~~~~~
/home/adnan-cdx/codex-isolated/gather_restickify_clean_20260706_113236/deeptools/dsc/pcfg.h:377:26: warning: declaration of ‘bytesToTransfer’ shadows a member of ‘LE128BTransferInfo’ [-Wshadow]
  377 |   LE128BTransferInfo(int bytesToTransfer, int Offset)
      |                      ~~~~^~~~~~~~~~~~~~~
/home/adnan-cdx/codex-isolated/gather_restickify_clean_20260706_113236/deeptools/dsc/pcfg.h:369:7: note: shadowed declaration is here
  369 |   int bytesToTransfer;
      |       ^~~~~~~~~~~~~~~
/home/adnan-cdx/codex-isolated/gather_restickify_clean_20260706_113236/deeptools/dsc/pcfg.h: At global scope:
/home/adnan-cdx/codex-isolated/gather_restickify_clean_20260706_113236/deeptools/dsc/pcfg.h:144:16: warning: ‘virtual void SenPcfgNode::build(const std::string&)’ was hidden [-Woverloaded-virtual=]
  144 |   virtual void build(const std::string& nodeName) { name = nodeName; }
      |                ^~~~~
/home/adnan-cdx/codex-isolated/gather_restickify_clean_20260706_113236/deeptools/dsc/pcfg.h:461:8: note:   by ‘SenPcfgLccrCondNode::build’
  461 |   void build(const std::string& nodeName,
      |        ^~~~~
/home/adnan-cdx/codex-isolated/gather_restickify_clean_20260706_113236/deeptools/dsc/pcfg.h: In member function ‘void SenPcfgLccrCondNode::build(const std::string&, std::vector<std::vector<const SenPcfgMvloopNode*> >&, std::vector<std::vector<CondOp> >&, std::vector<std::vector<int> >&, bool)’:
/home/adnan-cdx/codex-isolated/gather_restickify_clean_20260706_113236/deeptools/dsc/pcfg.h:450:27: warning: suggest parentheses around comparison in operand of ‘==’ [-Wparentheses]
  450 |     DT_CHECK(loops.size() == ops.size() == vals.size());
      |              ~~~~~~~~~~~~~^~~~~~~~~~~~~
/home/adnan-cdx/codex-isolated/gather_restickify_clean_20260706_113236/deeptools/util/dt_exception.hpp:112:11: note: in definition of macro ‘DT_CHECK_MSG’
  112 |     if (!(cond)) {                                                  \
      |           ^~~~
/home/adnan-cdx/codex-isolated/gather_restickify_clean_20260706_113236/deeptools/dsc/pcfg.h:450:5: note: in expansion of macro ‘DT_CHECK’
  450 |     DT_CHECK(loops.size() == ops.size() == vals.size());
      |     ^~~~~~~~
/home/adnan-cdx/codex-isolated/gather_restickify_clean_20260706_113236/deeptools/dsc/pcfg.h:453:27: warning: comparison of integer expressions of different signedness: ‘int’ and ‘std::vector<std::vector<const SenPcfgMvloopNode*> >::size_type’ {aka ‘long unsigned int’} [-Wsign-compare]
  453 |     for (int vec = 0; vec < loops.size(); ++vec) {
      |                       ~~~~^~~~~~~~~~~~~~
/home/adnan-cdx/codex-isolated/gather_restickify_clean_20260706_113236/deeptools/dsc/pcfg.h:455:25: warning: comparison of integer expressions of different signedness: ‘int’ and ‘std::vector<const SenPcfgMvloopNode*>::size_type’ {aka ‘long unsigned int’} [-Wsign-compare]
  455 |       for (int c = 0; c < loops[vec].size(); ++c) {
      |                       ~~^~~~~~~~~~~~~~~~~~~
/home/adnan-cdx/codex-isolated/gather_restickify_clean_20260706_113236/deeptools/dsc/pcfg.h: At global scope:
/home/adnan-cdx/codex-isolated/gather_restickify_clean_20260706_113236/deeptools/dsc/pcfg.h:144:16: warning: ‘virtual void SenPcfgNode::build(const std::string&)’ was hidden [-Woverloaded-virtual=]
  144 |   virtual void build(const std::string& nodeName) { name = nodeName; }
      |                ^~~~~
/home/adnan-cdx/codex-isolated/gather_restickify_clean_20260706_113236/deeptools/dsc/pcfg.h:528:8: note:   by ‘void SenPcfgSyncNode::build(const std::string&, bool, bool, SenComponents, const std::unordered_set<SenComponents>&)’
  528 |   void build(const std::string& nodeName, bool isRecv, bool soft,
      |        ^~~~~
/home/adnan-cdx/codex-isolated/gather_restickify_clean_20260706_113236/deeptools/dsc/pcfg.h: In member function ‘void SenPcfgRingDtNode::setSrcStAddr(int64_t, std::deque<long int>)’:
/home/adnan-cdx/codex-isolated/gather_restickify_clean_20260706_113236/deeptools/dsc/pcfg.h:599:55: warning: unused parameter ‘fold_dim_indices’ [-Wunused-parameter]
  599 |   void setSrcStAddr(int64_t addr, std::deque<int64_t> fold_dim_indices = {}) {
      |                                   ~~~~~~~~~~~~~~~~~~~~^~~~~~~~~~~~~~~~~~~~~
/home/adnan-cdx/codex-isolated/gather_restickify_clean_20260706_113236/deeptools/dsc/pcfg.h: In member function ‘void SenPcfgRingDtNode::setDestStAddr(int64_t, std::deque<long int>)’:
/home/adnan-cdx/codex-isolated/gather_restickify_clean_20260706_113236/deeptools/dsc/pcfg.h:602:56: warning: unused parameter ‘fold_dim_indices’ [-Wunused-parameter]
  602 |   void setDestStAddr(int64_t addr, std::deque<int64_t> fold_dim_indices = {}) {
      |                                    ~~~~~~~~~~~~~~~~~~~~^~~~~~~~~~~~~~~~~~~~~
/home/adnan-cdx/codex-isolated/gather_restickify_clean_20260706_113236/deeptools/dsc/pcfg.h: In member function ‘SenPcfgRingDtNode& SenPcfgRingDtNode::operator=(const SenPcfgRingDtNode&)’:
/home/adnan-cdx/codex-isolated/gather_restickify_clean_20260706_113236/deeptools/dsc/pcfg.h:666:23: warning: comparison of integer expressions of different signedness: ‘int’ and ‘std::vector<std::pair<PcfgLccrCond, FoldManager<long int> > >::size_type’ {aka ‘long unsigned int’} [-Wsign-compare]
  666 |     for (int l = 0; l < srcStartCondAndVal.size(); l++) {
      |                     ~~^~~~~~~~~~~~~~~~~~~~~~~~~~~
/home/adnan-cdx/codex-isolated/gather_restickify_clean_20260706_113236/deeptools/dsc/pcfg.h:672:23: warning: comparison of integer expressions of different signedness: ‘int’ and ‘std::vector<std::pair<PcfgLccrCond, FoldManager<long int> > >::size_type’ {aka ‘long unsigned int’} [-Wsign-compare]
  672 |     for (int l = 0; l < destStartCondAndVal.size(); l++) {
      |                     ~~^~~~~~~~~~~~~~~~~~~~~~~~~~~~
/home/adnan-cdx/codex-isolated/gather_restickify_clean_20260706_113236/deeptools/dsc/pcfg.h: At global scope:
/home/adnan-cdx/codex-isolated/gather_restickify_clean_20260706_113236/deeptools/dsc/pcfg.h:144:16: warning: ‘virtual void SenPcfgNode::build(const std::string&)’ was hidden [-Woverloaded-virtual=]
  144 |   virtual void build(const std::string& nodeName) { name = nodeName; }
      |                ^~~~~
/home/adnan-cdx/codex-isolated/gather_restickify_clean_20260706_113236/deeptools/dsc/pcfg.h:885:8: note:   by ‘SenPcfgDtNode2::build’
  885 |   void build(const std::string& nodeName, SenComponents unit, int cl,
      |        ^~~~~
/home/adnan-cdx/codex-isolated/gather_restickify_clean_20260706_113236/deeptools/dsc/pcfg.h: In member function ‘void SenPcfgDtNode2::build(const std::string&, SenComponents, int, DataFormats, const TransferLocInfo&, const TransferInfo&, const FoldManager<std::vector<unsigned int> >&, int, const TransferLocInfo&)’:
/home/adnan-cdx/codex-isolated/gather_restickify_clean_20260706_113236/deeptools/dsc/pcfg.h:873:26: warning: missing initializer for member ‘TransferLocInfo::dimSizes’ [-Wmissing-field-initializers]
  873 |       src = {CONSTANT, -1};
      |                          ^
/home/adnan-cdx/codex-isolated/gather_restickify_clean_20260706_113236/deeptools/dsc/pcfg.h:873:26: warning: missing initializer for member ‘TransferLocInfo::stickLayoutOrder’ [-Wmissing-field-initializers]
/home/adnan-cdx/codex-isolated/gather_restickify_clean_20260706_113236/deeptools/dsc/pcfg.h: At global scope:
/home/adnan-cdx/codex-isolated/gather_restickify_clean_20260706_113236/deeptools/dsc/pcfg.h:144:16: warning: ‘virtual void SenPcfgNode::build(const std::string&)’ was hidden [-Woverloaded-virtual=]
  144 |   virtual void build(const std::string& nodeName) { name = nodeName; }
      |                ^~~~~
/home/adnan-cdx/codex-isolated/gather_restickify_clean_20260706_113236/deeptools/dsc/pcfg.h:998:8: note:   by ‘SenPcfgComputeNode::build’
  998 |   void build(
      |        ^~~~~
/home/adnan-cdx/codex-isolated/gather_restickify_clean_20260706_113236/deeptools/dsc/pcfg.h: In member function ‘void SenPcfgComputeNode::build(const std::string&, int, SenComponents, DataFormats, const std::vector<SenComponents>&, const std::unordered_map<int, int>&, const std::vector<SenComponents>&, const std::unordered_map<int, int>&, OpFuncs, ComputeOpType, int, size_t)’:
/home/adnan-cdx/codex-isolated/gather_restickify_clean_20260706_113236/deeptools/dsc/pcfg.h:957:23: warning: comparison of integer expressions of different signedness: ‘int’ and ‘std::vector<SenComponents>::size_type’ {aka ‘long unsigned int’} [-Wsign-compare]
  957 |     for (int i = 0; i < inps.size(); ++i) {
      |                     ~~^~~~~~~~~~~~~
/home/adnan-cdx/codex-isolated/gather_restickify_clean_20260706_113236/deeptools/dsc/pcfg.h:966:23: warning: comparison of integer expressions of different signedness: ‘int’ and ‘std::vector<SenComponents>::size_type’ {aka ‘long unsigned int’} [-Wsign-compare]
  966 |     for (int i = 0; i < outs.size(); ++i) {
      |                     ~~^~~~~~~~~~~~~
/home/adnan-cdx/codex-isolated/gather_restickify_clean_20260706_113236/deeptools/dsc/dataOpDsc.h: In member function ‘int64_t PlacementInfo::getAddrForMemId(int, std::deque<long int>)’:
/home/adnan-cdx/codex-isolated/gather_restickify_clean_20260706_113236/deeptools/dsc/dataOpDsc.h:70:27: warning: comparison of integer expressions of different signedness: ‘int’ and ‘std::vector<int>::size_type’ {aka ‘long unsigned int’} [-Wsign-compare]
   70 |     for (int idx = 0; idx < m_vec.size(); idx++) {
      |                       ~~~~^~~~~~~~~~~~~~
/home/adnan-cdx/codex-isolated/gather_restickify_clean_20260706_113236/deeptools/dsc/dataOpDsc.h: In member function ‘int PlacementInfo::getIndexInMemIdForCore(int) const’:
/home/adnan-cdx/codex-isolated/gather_restickify_clean_20260706_113236/deeptools/dsc/dataOpDsc.h:103:16: warning: conversion from ‘__gnu_cxx::__normal_iterator<int*, std::vector<int> >::difference_type’ {aka ‘long int’} to ‘int’ may change value [-Wconversion]
  103 |     return (it - memIds.begin());
      |            ~~~~^~~~~~~~~~~~~~~~~
/home/adnan-cdx/codex-isolated/gather_restickify_clean_20260706_113236/deeptools/dsc/dataOpDsc.h: In static member function ‘static int PieceInfo::getTotalValid(std::vector<std::pair<double, double> >)’:
/home/adnan-cdx/codex-isolated/gather_restickify_clean_20260706_113236/deeptools/dsc/dataOpDsc.h:277:18: warning: conversion from ‘double’ to ‘int’ may change value [-Wfloat-conversion]
  277 |       totalValid += myPair.first;
      |       ~~~~~~~~~~~^~~~~~~~~~~~~~~
/home/adnan-cdx/codex-isolated/gather_restickify_clean_20260706_113236/deeptools/dsc/dataOpDsc.h: In static member function ‘static int PieceInfo::getTotalGap(const std::vector<std::pair<double, double> >&)’:
/home/adnan-cdx/codex-isolated/gather_restickify_clean_20260706_113236/deeptools/dsc/dataOpDsc.h:286:16: warning: conversion from ‘double’ to ‘int’ may change value [-Wfloat-conversion]
  286 |       totalGap += myPair.second;
      |       ~~~~~~~~~^~~~~~~~~~~~~~~~
/home/adnan-cdx/codex-isolated/gather_restickify_clean_20260706_113236/deeptools/dsc/dataOpDsc.h: In member function ‘void SliceInfo::printSliceInfo()’:
/home/adnan-cdx/codex-isolated/gather_restickify_clean_20260706_113236/deeptools/dsc/dataOpDsc.h:329:23: warning: comparison of integer expressions of different signedness: ‘int’ and ‘std::vector<int>::size_type’ {aka ‘long unsigned int’} [-Wsign-compare]
  329 |     for (int i = 0; i < memId.size(); i++) std::cout << memId.at(i) << ",";
      |                     ~~^~~~~~~~~~~~~~
/home/adnan-cdx/codex-isolated/gather_restickify_clean_20260706_113236/deeptools/dsc/dataOpDsc.h:332:23: warning: comparison of integer expressions of different signedness: ‘int’ and ‘std::vector<long int>::size_type’ {aka ‘long unsigned int’} [-Wsign-compare]
  332 |     for (int i = 0; i < startAddr.size(); i++)
      |                     ~~^~~~~~~~~~~~~~~~~~
/home/adnan-cdx/codex-isolated/gather_restickify_clean_20260706_113236/deeptools/dsc/dataOpDsc.h: In member function ‘virtual void baseOp::setUseImm16(bool)’:
/home/adnan-cdx/codex-isolated/gather_restickify_clean_20260706_113236/deeptools/dsc/dataOpDsc.h:437:33: warning: unused parameter ‘value’ [-Wunused-parameter]
  437 |   virtual void setUseImm16(bool value) { DT_ERROR("Illegal access"); }
      |                            ~~~~~^~~~~
/home/adnan-cdx/codex-isolated/gather_restickify_clean_20260706_113236/deeptools/dsc/dataOpDsc.h: In member function ‘virtual void baseOp::setOpConsts(const std::array<unsigned char, 128>&)’:
/home/adnan-cdx/codex-isolated/gather_restickify_clean_20260706_113236/deeptools/dsc/dataOpDsc.h:444:60: warning: unused parameter ‘new_val’ [-Wunused-parameter]
  444 |   virtual void setOpConsts(const std::array<uint8_t, 128>& new_val) {
      |                            ~~~~~~~~~~~~~~~~~~~~~~~~~~~~~~~~^~~~~~~
/home/adnan-cdx/codex-isolated/gather_restickify_clean_20260706_113236/deeptools/dsc/dataOpDsc.h: In member function ‘virtual bool AddrInfo::isPresent(std::string) const’:
/home/adnan-cdx/codex-isolated/gather_restickify_clean_20260706_113236/deeptools/dsc/dataOpDsc.h:517:52: warning: unused parameter ‘dim_name’ [-Wunused-parameter]
  517 |   [[nodiscard]] virtual bool isPresent(std::string dim_name) const {
      |                                        ~~~~~~~~~~~~^~~~~~~~
/home/adnan-cdx/codex-isolated/gather_restickify_clean_20260706_113236/deeptools/dsc/dataOpDsc.h: In member function ‘virtual const double& AddrInfo::getOffset(std::string) const’:
/home/adnan-cdx/codex-isolated/gather_restickify_clean_20260706_113236/deeptools/dsc/dataOpDsc.h:525:61: warning: unused parameter ‘dim_name’ [-Wunused-parameter]
  525 |   [[nodiscard]] const virtual double& getOffset(std::string dim_name) const {
      |                                                 ~~~~~~~~~~~~^~~~~~~~
/home/adnan-cdx/codex-isolated/gather_restickify_clean_20260706_113236/deeptools/dsc/dataOpDsc.h: In member function ‘virtual void AddrInfo::insertOffset(std::string, double)’:
/home/adnan-cdx/codex-isolated/gather_restickify_clean_20260706_113236/deeptools/dsc/dataOpDsc.h:528:41: warning: unused parameter ‘dim_name’ [-Wunused-parameter]
  528 |   virtual void insertOffset(std::string dim_name, double val) {
      |                             ~~~~~~~~~~~~^~~~~~~~
/home/adnan-cdx/codex-isolated/gather_restickify_clean_20260706_113236/deeptools/dsc/dataOpDsc.h:528:58: warning: unused parameter ‘val’ [-Wunused-parameter]
  528 |   virtual void insertOffset(std::string dim_name, double val) {
      |                                                   ~~~~~~~^~~
/home/adnan-cdx/codex-isolated/gather_restickify_clean_20260706_113236/deeptools/dsc/dataOpDsc.h: In member function ‘virtual void AddrInfo::insertOffset(const std::map<std::__cxx11::basic_string<char>, double>&)’:
/home/adnan-cdx/codex-isolated/gather_restickify_clean_20260706_113236/deeptools/dsc/dataOpDsc.h:531:66: warning: unused parameter ‘new_offset’ [-Wunused-parameter]
  531 |   virtual void insertOffset(const std::map<std::string, double>& new_offset) {
      |                             ~~~~~~~~~~~~~~~~~~~~~~~~~~~~~~~~~~~~~^~~~~~~~~~
/home/adnan-cdx/codex-isolated/gather_restickify_clean_20260706_113236/deeptools/dsc/dataOpDsc.h: In member function ‘virtual void AddrInfo::copy(const AddrInfo*)’:
/home/adnan-cdx/codex-isolated/gather_restickify_clean_20260706_113236/deeptools/dsc/dataOpDsc.h:545:37: warning: unused parameter ‘rhs’ [-Wunused-parameter]
  545 |   virtual void copy(const AddrInfo* rhs) { DT_ERROR("Illegal access"); }
      |                     ~~~~~~~~~~~~~~~~^~~
/home/adnan-cdx/codex-isolated/gather_restickify_clean_20260706_113236/deeptools/dsc/dataOpDsc.h: In member function ‘double NBufferInfo::getAddr(int)’:
/home/adnan-cdx/codex-isolated/gather_restickify_clean_20260706_113236/deeptools/dsc/dataOpDsc.h:592:25: warning: comparison of integer expressions of different signedness: ‘int’ and ‘std::vector<double>::size_type’ {aka ‘long unsigned int’} [-Wsign-compare]
  592 |     DT_CHECK(buffer_idx < buffer_addr_.size());
      |              ~~~~~~~~~~~^~~~~~~~~~~~~~~~~~~~~
/home/adnan-cdx/codex-isolated/gather_restickify_clean_20260706_113236/deeptools/util/dt_exception.hpp:112:11: note: in definition of macro ‘DT_CHECK_MSG’
  112 |     if (!(cond)) {                                                  \
      |           ^~~~
/home/adnan-cdx/codex-isolated/gather_restickify_clean_20260706_113236/deeptools/dsc/dataOpDsc.h:592:5: note: in expansion of macro ‘DT_CHECK’
  592 |     DT_CHECK(buffer_idx < buffer_addr_.size());
      |     ^~~~~~~~
/home/adnan-cdx/codex-isolated/gather_restickify_clean_20260706_113236/deeptools/dsc/dataOpDsc.h: In member function ‘void NBufferInfo::insert(int, double)’:
/home/adnan-cdx/codex-isolated/gather_restickify_clean_20260706_113236/deeptools/dsc/dataOpDsc.h:597:25: warning: comparison of integer expressions of different signedness: ‘int’ and ‘std::vector<double>::size_type’ {aka ‘long unsigned int’} [-Wsign-compare]
  597 |     DT_CHECK(buffer_idx < buffer_addr_.size());
      |              ~~~~~~~~~~~^~~~~~~~~~~~~~~~~~~~~
/home/adnan-cdx/codex-isolated/gather_restickify_clean_20260706_113236/deeptools/util/dt_exception.hpp:112:11: note: in definition of macro ‘DT_CHECK_MSG’
  112 |     if (!(cond)) {                                                  \
      |           ^~~~
/home/adnan-cdx/codex-isolated/gather_restickify_clean_20260706_113236/deeptools/dsc/dataOpDsc.h:597:5: note: in expansion of macro ‘DT_CHECK’
  597 |     DT_CHECK(buffer_idx < buffer_addr_.size());
      |     ^~~~~~~~
/home/adnan-cdx/codex-isolated/gather_restickify_clean_20260706_113236/deeptools/dsc/dataOpDsc.h: In constructor ‘intraStickDtInfo::intraStickDtInfo(bool, int, int, int)’:
/home/adnan-cdx/codex-isolated/gather_restickify_clean_20260706_113236/deeptools/dsc/dataOpDsc.h:734:24: warning: declaration of ‘outAddrOff’ shadows a member of ‘intraStickDtInfo’ [-Wshadow]
  734 |                    int outAddrOff)
      |                    ~~~~^~~~~~~~~~
/home/adnan-cdx/codex-isolated/gather_restickify_clean_20260706_113236/deeptools/dsc/dataOpDsc.h:731:7: note: shadowed declaration is here
  731 |   int outAddrOff;  // offset addr, bytes
      |       ^~~~~~~~~~
/home/adnan-cdx/codex-isolated/gather_restickify_clean_20260706_113236/deeptools/dsc/dataOpDsc.h:733:58: warning: declaration of ‘inpAddrOff’ shadows a member of ‘intraStickDtInfo’ [-Wshadow]
  733 |   intraStickDtInfo(bool isGapTransfer, int numBytes, int inpAddrOff,
      |                                                      ~~~~^~~~~~~~~~
/home/adnan-cdx/codex-isolated/gather_restickify_clean_20260706_113236/deeptools/dsc/dataOpDsc.h:730:7: note: shadowed declaration is here
  730 |   int inpAddrOff;  // offset addr, bytes
      |       ^~~~~~~~~~
/home/adnan-cdx/codex-isolated/gather_restickify_clean_20260706_113236/deeptools/dsc/dataOpDsc.h:733:44: warning: declaration of ‘numBytes’ shadows a member of ‘intraStickDtInfo’ [-Wshadow]
  733 |   intraStickDtInfo(bool isGapTransfer, int numBytes, int inpAddrOff,
      |                                        ~~~~^~~~~~~~
/home/adnan-cdx/codex-isolated/gather_restickify_clean_20260706_113236/deeptools/dsc/dataOpDsc.h:729:7: note: shadowed declaration is here
  729 |   int numBytes;
      |       ^~~~~~~~
/home/adnan-cdx/codex-isolated/gather_restickify_clean_20260706_113236/deeptools/dsc/dataOpDsc.h:733:25: warning: declaration of ‘isGapTransfer’ shadows a member of ‘intraStickDtInfo’ [-Wshadow]
  733 |   intraStickDtInfo(bool isGapTransfer, int numBytes, int inpAddrOff,
      |                    ~~~~~^~~~~~~~~~~~~
/home/adnan-cdx/codex-isolated/gather_restickify_clean_20260706_113236/deeptools/dsc/dataOpDsc.h:728:8: note: shadowed declaration is here
  728 |   bool isGapTransfer = false;
      |        ^~~~~~~~~~~~~
In file included from /home/adnan-cdx/codex-isolated/gather_restickify_clean_20260706_113236/deeptools/dsc/dsc2.h:17,
                 from /home/adnan-cdx/codex-isolated/gather_restickify_clean_20260706_113236/deeptools/dsc/designSpaceConfig.h:44,
                 from /home/adnan-cdx/codex-isolated/gather_restickify_clean_20260706_113236/deeptools/dsc/superdsc.h:25,
                 from /home/adnan-cdx/codex-isolated/gather_restickify_clean_20260706_113236/deeptools/dxp/SdscRelayoutInsertion.cpp:2:
/home/adnan-cdx/codex-isolated/gather_restickify_clean_20260706_113236/deeptools/dsc/sysdef.h: In constructor ‘RapidUnit::RapidUnit(unitType)’:
/home/adnan-cdx/codex-isolated/gather_restickify_clean_20260706_113236/deeptools/dsc/sysdef.h:68:27: warning: declaration of ‘type’ shadows a member of ‘RapidUnit’ [-Wshadow]
   68 |   RapidUnit(enum unitType type) : type(type) {}
      |             ~~~~~~~~~~~~~~^~~~
/home/adnan-cdx/codex-isolated/gather_restickify_clean_20260706_113236/deeptools/dsc/sysdef.h:67:5: note: shadowed declaration is here
   67 |   } type;
      |     ^~~~
/home/adnan-cdx/codex-isolated/gather_restickify_clean_20260706_113236/deeptools/dsc/dsc2.h: In copy constructor ‘dsc2::BlockNode::VectorOfChildren::VectorOfChildren(const dsc2::BlockNode::VectorOfChildren&)’:
/home/adnan-cdx/codex-isolated/gather_restickify_clean_20260706_113236/deeptools/dsc/dsc2.h:533:5: warning: base class ‘class std::vector<std::unique_ptr<dsc2::ScheduleNode> >’ should be explicitly initialized in the copy constructor [-Wextra]
  533 |     VectorOfChildren(const VectorOfChildren&) {}  // do nothing on purpose
      |     ^~~~~~~~~~~~~~~~
/home/adnan-cdx/codex-isolated/gather_restickify_clean_20260706_113236/deeptools/dsc/dsc2.h: In member function ‘bool dsc2::TransferNode::isDstIndirectAtIndex(int) const’:
/home/adnan-cdx/codex-isolated/gather_restickify_clean_20260706_113236/deeptools/dsc/dsc2.h:904:48: warning: comparison of integer expressions of different signedness: ‘const int’ and ‘std::vector<dsc2::TransferNode::DstVia>::size_type’ {aka ‘long unsigned int’} [-Wsign-compare]
  904 |     DT_CHECK_MSG(dstViasIdx >= 0 && dstViasIdx < dstVias_.size(),
      |                                     ~~~~~~~~~~~^~~~~~~~~~~~~~~~~
/home/adnan-cdx/codex-isolated/gather_restickify_clean_20260706_113236/deeptools/util/dt_exception.hpp:112:11: note: in definition of macro ‘DT_CHECK_MSG’
  112 |     if (!(cond)) {                                                  \
      |           ^~~~
In file included from /home/adnan-cdx/codex-isolated/gather_restickify_clean_20260706_113236/deeptools/dsc/superdsc.h:27:
/home/adnan-cdx/codex-isolated/gather_restickify_clean_20260706_113236/deeptools/dsc/progir.h: In member function ‘void OperandAttr::print(std::ostream&, SdscFoldIdInput, bool) const’:
/home/adnan-cdx/codex-isolated/gather_restickify_clean_20260706_113236/deeptools/dsc/progir.h:189:25: warning: unused parameter ‘prettyPrint’ [-Wunused-parameter]
  189 |              const bool prettyPrint = false) const {
      |              ~~~~~~~~~~~^~~~~~~~~~~~~~~~~~~
/home/adnan-cdx/codex-isolated/gather_restickify_clean_20260706_113236/deeptools/dsc/progir.h: In member function ‘bool InstrInfo::hasTag() const’:
/home/adnan-cdx/codex-isolated/gather_restickify_clean_20260706_113236/deeptools/dsc/progir.h:334:38: warning: use of old-style cast to ‘bool’ [-Wold-style-cast]
  334 |   bool hasTag() const { return (bool)tag_ && !getTagStr().empty(); }
      |                                      ^~~~
      |                                ----------
      |                                static_cast<bool> (tag_)
/home/adnan-cdx/codex-isolated/gather_restickify_clean_20260706_113236/deeptools/dsc/progir.h: In member function ‘bool InstrInfo::hasComment() const’:
/home/adnan-cdx/codex-isolated/gather_restickify_clean_20260706_113236/deeptools/dsc/progir.h:336:42: warning: use of old-style cast to ‘bool’ [-Wold-style-cast]
  336 |   bool hasComment() const { return (bool)comment_ && !getCommentStr().empty(); }
      |                                          ^~~~~~~~
      |                                    --------------
      |                                    static_cast<bool> (comment_)
/home/adnan-cdx/codex-isolated/gather_restickify_clean_20260706_113236/deeptools/dsc/superdsc.h: In constructor ‘DscScheduleStep::DscScheduleStep(int, int, bool, bool)’:
/home/adnan-cdx/codex-isolated/gather_restickify_clean_20260706_113236/deeptools/dsc/superdsc.h:41:24: warning: declaration of ‘after_sync’ shadows a member of ‘DscScheduleStep’ [-Wshadow]
   41 |                   bool after_sync)
      |                   ~~~~~^~~~~~~~~~
/home/adnan-cdx/codex-isolated/gather_restickify_clean_20260706_113236/deeptools/dsc/superdsc.h:36:8: note: shadowed declaration is here
   36 |   bool after_sync = false;
      |        ^~~~~~~~~~
/home/adnan-cdx/codex-isolated/gather_restickify_clean_20260706_113236/deeptools/dsc/superdsc.h:40:56: warning: declaration of ‘before_sync’ shadows a member of ‘DscScheduleStep’ [-Wshadow]
   40 |   DscScheduleStep(int datadsc_idx, int dldsc_idx, bool before_sync,
      |                                                   ~~~~~^~~~~~~~~~~
/home/adnan-cdx/codex-isolated/gather_restickify_clean_20260706_113236/deeptools/dsc/superdsc.h:37:8: note: shadowed declaration is here
   37 |   bool before_sync = false;
      |        ^~~~~~~~~~~
/home/adnan-cdx/codex-isolated/gather_restickify_clean_20260706_113236/deeptools/dsc/superdsc.h:40:40: warning: declaration of ‘dldsc_idx’ shadows a member of ‘DscScheduleStep’ [-Wshadow]
   40 |   DscScheduleStep(int datadsc_idx, int dldsc_idx, bool before_sync,
      |                                    ~~~~^~~~~~~~~
/home/adnan-cdx/codex-isolated/gather_restickify_clean_20260706_113236/deeptools/dsc/superdsc.h:33:7: note: shadowed declaration is here
   33 |   int dldsc_idx = -1;
      |       ^~~~~~~~~
/home/adnan-cdx/codex-isolated/gather_restickify_clean_20260706_113236/deeptools/dsc/superdsc.h:40:23: warning: declaration of ‘datadsc_idx’ shadows a member of ‘DscScheduleStep’ [-Wshadow]
   40 |   DscScheduleStep(int datadsc_idx, int dldsc_idx, bool before_sync,
      |                   ~~~~^~~~~~~~~~~
/home/adnan-cdx/codex-isolated/gather_restickify_clean_20260706_113236/deeptools/dsc/superdsc.h:32:7: note: shadowed declaration is here
   32 |   int datadsc_idx = -1;
      |       ^~~~~~~~~~~
/home/adnan-cdx/codex-isolated/gather_restickify_clean_20260706_113236/deeptools/dsc/superdsc.h:37:8: warning: ‘DscScheduleStep::before_sync’ will be initialized after [-Wreorder]
   37 |   bool before_sync = false;
      |        ^~~~~~~~~~~
/home/adnan-cdx/codex-isolated/gather_restickify_clean_20260706_113236/deeptools/dsc/superdsc.h:36:8: warning:   ‘bool DscScheduleStep::after_sync’ [-Wreorder]
   36 |   bool after_sync = false;
      |        ^~~~~~~~~~
/home/adnan-cdx/codex-isolated/gather_restickify_clean_20260706_113236/deeptools/dsc/superdsc.h:40:3: warning:   when initialized here [-Wreorder]
   40 |   DscScheduleStep(int datadsc_idx, int dldsc_idx, bool before_sync,
      |   ^~~~~~~~~~~~~~~
/home/adnan-cdx/codex-isolated/gather_restickify_clean_20260706_113236/deeptools/dsc/superdsc.h: In constructor ‘SdscHasher::SdscHasher(SuperDsc&)’:
/home/adnan-cdx/codex-isolated/gather_restickify_clean_20260706_113236/deeptools/dsc/superdsc.h:174:24: warning: declaration of ‘sdsc’ shadows a member of ‘SdscHasher’ [-Wshadow]
  174 |   SdscHasher(SuperDsc& sdsc) : sdsc(&sdsc) { linearizeSdsc(); };
      |              ~~~~~~~~~~^~~~
/home/adnan-cdx/codex-isolated/gather_restickify_clean_20260706_113236/deeptools/dsc/superdsc.h:179:19: note: shadowed declaration is here
  179 |   SuperDsc const* sdsc;
      |                   ^~~~
/home/adnan-cdx/codex-isolated/gather_restickify_clean_20260706_113236/deeptools/dsc/superdsc.h: In member function ‘std::size_t std::hash<SdscHasher>::operator()(const SdscHasher&) const’:
/home/adnan-cdx/codex-isolated/gather_restickify_clean_20260706_113236/deeptools/dsc/superdsc.h:190:12: warning: declaration of ‘hash’ shadows a member of ‘std::hash<SdscHasher>’ [-Wshadow]
  190 |     size_t hash = 0;
      |            ^~~~
/home/adnan-cdx/codex-isolated/gather_restickify_clean_20260706_113236/deeptools/dsc/superdsc.h:188:30: note: shadowed declaration is here
  188 | struct std::hash<SdscHasher> {
      |                              ^
In file included from /home/adnan-cdx/codex-isolated/gather_restickify_clean_20260706_113236/deeptools/dxp/dxp.h:20,
                 from /home/adnan-cdx/codex-isolated/gather_restickify_clean_20260706_113236/deeptools/dxp/SdscRelayoutInsertion.cpp:18:
/home/adnan-cdx/codex-isolated/gather_restickify_clean_20260706_113236/deeptools/dxp/src/Utils/DxpContext.h: At global scope:
/home/adnan-cdx/codex-isolated/gather_restickify_clean_20260706_113236/deeptools/dxp/src/Utils/DxpContext.h:28:8: warning: ‘struct dxp::DxpContext’ has virtual functions and accessible non-virtual destructor [-Wnon-virtual-dtor]
   28 | struct DxpContext {
      |        ^~~~~~~~~~
/home/adnan-cdx/codex-isolated/gather_restickify_clean_20260706_113236/deeptools/dxp/src/Utils/DxpContext.h:118:8: warning: base class ‘struct dxp::DxpContext’ has accessible non-virtual destructor [-Wnon-virtual-dtor]
  118 | struct DummyDxpContext : public DummyDxpContextData, public DxpContext {
      |        ^~~~~~~~~~~~~~~
/home/adnan-cdx/codex-isolated/gather_restickify_clean_20260706_113236/deeptools/dxp/src/Utils/DxpContext.h:118:8: warning: ‘struct dxp::DummyDxpContext’ has virtual functions and accessible non-virtual destructor [-Wnon-virtual-dtor]
In file included from /home/adnan-cdx/codex-isolated/gather_restickify_clean_20260706_113236/deeptools/dxp/sdsc_bundle/Dialect/SDSCBundleOps.hpp:37,
                 from /home/adnan-cdx/codex-isolated/gather_restickify_clean_20260706_113236/deeptools/dxp/src/Utils/SdscTree.hpp:23,
                 from /home/adnan-cdx/codex-isolated/gather_restickify_clean_20260706_113236/deeptools/dxp/dxp.h:21:
/home/adnan-cdx/codex-isolated/gather_restickify_clean_20260706_113236/deeptools/build-deeptools/dxp/sdsc_bundle/SDSCBundleOps.hpp.inc: In constructor ‘mlir::sdscbundle::detail::InputArgExtractOpGenericAdaptorBase::InputArgExtractOpGenericAdaptorBase(mlir::DictionaryAttr, const Properties&, mlir::RegionRange)’:
/home/adnan-cdx/codex-isolated/gather_restickify_clean_20260706_113236/deeptools/build-deeptools/dxp/sdsc_bundle/SDSCBundleOps.hpp.inc:64:87: warning: declaration of ‘properties’ shadows a member of ‘mlir::sdscbundle::detail::InputArgExtractOpGenericAdaptorBase’ [-Wshadow]
   64 |   InputArgExtractOpGenericAdaptorBase(::mlir::DictionaryAttr attrs, const Properties &properties, ::mlir::RegionRange regions = {}) : odsAttrs(attrs), properties(properties), odsRegions(regions) {  if (odsAttrs)
      |                                                                     ~~~~~~~~~~~~~~~~~~^~~~~~~~~~
/home/adnan-cdx/codex-isolated/gather_restickify_clean_20260706_113236/deeptools/build-deeptools/dxp/sdsc_bundle/SDSCBundleOps.hpp.inc:61:14: note: shadowed declaration is here
   61 |   Properties properties;
      |              ^~~~~~~~~~
/home/adnan-cdx/codex-isolated/gather_restickify_clean_20260706_113236/deeptools/build-deeptools/dxp/sdsc_bundle/SDSCBundleOps.hpp.inc: In member function ‘std::pair<unsigned int, unsigned int> mlir::sdscbundle::detail::InputArgExtractOpGenericAdaptorBase::getODSOperandIndexAndLength(unsigned int, unsigned int)’:
/home/adnan-cdx/codex-isolated/gather_restickify_clean_20260706_113236/deeptools/build-deeptools/dxp/sdsc_bundle/SDSCBundleOps.hpp.inc:70:86: warning: unused parameter ‘odsOperandsSize’ [-Wunused-parameter]
   70 |   std::pair<unsigned, unsigned> getODSOperandIndexAndLength(unsigned index, unsigned odsOperandsSize) {
      |                                                                             ~~~~~~~~~^~~~~~~~~~~~~~~
/home/adnan-cdx/codex-isolated/gather_restickify_clean_20260706_113236/deeptools/build-deeptools/dxp/sdsc_bundle/SDSCBundleOps.hpp.inc: In constructor ‘mlir::sdscbundle::InputArgExtractOpGenericAdaptor<RangeT>::InputArgExtractOpGenericAdaptor(RangeT, mlir::DictionaryAttr, const mlir::sdscbundle::detail::InputArgExtractOpGenericAdaptorBase::Properties&, mlir::RegionRange)’:
/home/adnan-cdx/codex-isolated/gather_restickify_clean_20260706_113236/deeptools/build-deeptools/dxp/sdsc_bundle/SDSCBundleOps.hpp.inc:95:98: warning: declaration of ‘properties’ shadows a member of ‘mlir::sdscbundle::InputArgExtractOpGenericAdaptor<RangeT>’ [-Wshadow]
   95 |   InputArgExtractOpGenericAdaptor(RangeT values, ::mlir::DictionaryAttr attrs, const Properties &properties, ::mlir::RegionRange regions = {}) : Base(attrs, properties, regions), odsOperands(values) {}
      |                                                                                ~~~~~~~~~~~~~~~~~~^~~~~~~~~~
/home/adnan-cdx/codex-isolated/gather_restickify_clean_20260706_113236/deeptools/build-deeptools/dxp/sdsc_bundle/SDSCBundleOps.hpp.inc:61:14: note: shadowed declaration is here
   61 |   Properties properties;
      |              ^~~~~~~~~~
/home/adnan-cdx/codex-isolated/gather_restickify_clean_20260706_113236/deeptools/build-deeptools/dxp/sdsc_bundle/SDSCBundleOps.hpp.inc: In constructor ‘mlir::sdscbundle::InputArgExtractOpGenericAdaptor<RangeT>::InputArgExtractOpGenericAdaptor(RangeT, mlir::DictionaryAttr, mlir::OpaqueProperties, mlir::RegionRange)’:
/home/adnan-cdx/codex-isolated/gather_restickify_clean_20260706_113236/deeptools/build-deeptools/dxp/sdsc_bundle/SDSCBundleOps.hpp.inc:97:105: warning: declaration of ‘properties’ shadows a member of ‘mlir::sdscbundle::InputArgExtractOpGenericAdaptor<RangeT>’ [-Wshadow]
   97 |   InputArgExtractOpGenericAdaptor(RangeT values, ::mlir::DictionaryAttr attrs, ::mlir::OpaqueProperties properties, ::mlir::RegionRange regions = {}) : InputArgExtractOpGenericAdaptor(values, attrs, (properties ? *properties.as<Properties *>() : Properties{}), regions) {}
      |                                                                                ~~~~~~~~~~~~~~~~~~~~~~~~~^~~~~~~~~~
/home/adnan-cdx/codex-isolated/gather_restickify_clean_20260706_113236/deeptools/build-deeptools/dxp/sdsc_bundle/SDSCBundleOps.hpp.inc:61:14: note: shadowed declaration is here
   61 |   Properties properties;
      |              ^~~~~~~~~~
/home/adnan-cdx/codex-isolated/gather_restickify_clean_20260706_113236/deeptools/build-deeptools/dxp/sdsc_bundle/SDSCBundleOps.hpp.inc: In constructor ‘mlir::sdscbundle::detail::RegionTerminatorOpGenericAdaptorBase::RegionTerminatorOpGenericAdaptorBase(mlir::DictionaryAttr, const mlir::EmptyProperties&, mlir::RegionRange)’:
/home/adnan-cdx/codex-isolated/gather_restickify_clean_20260706_113236/deeptools/build-deeptools/dxp/sdsc_bundle/SDSCBundleOps.hpp.inc:258:106: warning: unused parameter ‘properties’ [-Wunused-parameter]
  258 |   RegionTerminatorOpGenericAdaptorBase(::mlir::DictionaryAttr attrs = {}, const ::mlir::EmptyProperties &properties = {}, ::mlir::RegionRange regions = {}) : odsAttrs(attrs), odsRegions(regions) {  if (odsAttrs)
      |                                                                           ~~~~~~~~~~~~~~~~~~~~~~~~~~~~~~~^~~~~~~~~~~~~~~
/home/adnan-cdx/codex-isolated/gather_restickify_clean_20260706_113236/deeptools/build-deeptools/dxp/sdsc_bundle/SDSCBundleOps.hpp.inc: In member function ‘std::pair<unsigned int, unsigned int> mlir::sdscbundle::detail::RegionTerminatorOpGenericAdaptorBase::getODSOperandIndexAndLength(unsigned int, unsigned int)’:
/home/adnan-cdx/codex-isolated/gather_restickify_clean_20260706_113236/deeptools/build-deeptools/dxp/sdsc_bundle/SDSCBundleOps.hpp.inc:264:86: warning: unused parameter ‘odsOperandsSize’ [-Wunused-parameter]
  264 |   std::pair<unsigned, unsigned> getODSOperandIndexAndLength(unsigned index, unsigned odsOperandsSize) {
      |                                                                             ~~~~~~~~~^~~~~~~~~~~~~~~
/home/adnan-cdx/codex-isolated/gather_restickify_clean_20260706_113236/deeptools/build-deeptools/dxp/sdsc_bundle/SDSCBundleOps.hpp.inc: In constructor ‘mlir::sdscbundle::detail::SDSCExecuteOpGenericAdaptorBase::SDSCExecuteOpGenericAdaptorBase(mlir::DictionaryAttr, const Properties&, mlir::RegionRange)’:
/home/adnan-cdx/codex-isolated/gather_restickify_clean_20260706_113236/deeptools/build-deeptools/dxp/sdsc_bundle/SDSCBundleOps.hpp.inc:408:83: warning: declaration of ‘properties’ shadows a member of ‘mlir::sdscbundle::detail::SDSCExecuteOpGenericAdaptorBase’ [-Wshadow]
  408 |   SDSCExecuteOpGenericAdaptorBase(::mlir::DictionaryAttr attrs, const Properties &properties, ::mlir::RegionRange regions = {}) : odsAttrs(attrs), properties(properties), odsRegions(regions) {  if (odsAttrs)
      |                                                                 ~~~~~~~~~~~~~~~~~~^~~~~~~~~~
/home/adnan-cdx/codex-isolated/gather_restickify_clean_20260706_113236/deeptools/build-deeptools/dxp/sdsc_bundle/SDSCBundleOps.hpp.inc:405:14: note: shadowed declaration is here
  405 |   Properties properties;
      |              ^~~~~~~~~~
/home/adnan-cdx/codex-isolated/gather_restickify_clean_20260706_113236/deeptools/build-deeptools/dxp/sdsc_bundle/SDSCBundleOps.hpp.inc: In constructor ‘mlir::sdscbundle::SDSCExecuteOpGenericAdaptor<RangeT>::SDSCExecuteOpGenericAdaptor(RangeT, mlir::DictionaryAttr, const mlir::sdscbundle::detail::SDSCExecuteOpGenericAdaptorBase::Properties&, mlir::RegionRange)’:
/home/adnan-cdx/codex-isolated/gather_restickify_clean_20260706_113236/deeptools/build-deeptools/dxp/sdsc_bundle/SDSCBundleOps.hpp.inc:438:94: warning: declaration of ‘properties’ shadows a member of ‘mlir::sdscbundle::SDSCExecuteOpGenericAdaptor<RangeT>’ [-Wshadow]
  438 |   SDSCExecuteOpGenericAdaptor(RangeT values, ::mlir::DictionaryAttr attrs, const Properties &properties, ::mlir::RegionRange regions = {}) : Base(attrs, properties, regions), odsOperands(values) {}
      |                                                                            ~~~~~~~~~~~~~~~~~~^~~~~~~~~~
/home/adnan-cdx/codex-isolated/gather_restickify_clean_20260706_113236/deeptools/build-deeptools/dxp/sdsc_bundle/SDSCBundleOps.hpp.inc:405:14: note: shadowed declaration is here
  405 |   Properties properties;
      |              ^~~~~~~~~~
/home/adnan-cdx/codex-isolated/gather_restickify_clean_20260706_113236/deeptools/build-deeptools/dxp/sdsc_bundle/SDSCBundleOps.hpp.inc: In constructor ‘mlir::sdscbundle::SDSCExecuteOpGenericAdaptor<RangeT>::SDSCExecuteOpGenericAdaptor(RangeT, mlir::DictionaryAttr, mlir::OpaqueProperties, mlir::RegionRange)’:
/home/adnan-cdx/codex-isolated/gather_restickify_clean_20260706_113236/deeptools/build-deeptools/dxp/sdsc_bundle/SDSCBundleOps.hpp.inc:440:101: warning: declaration of ‘properties’ shadows a member of ‘mlir::sdscbundle::SDSCExecuteOpGenericAdaptor<RangeT>’ [-Wshadow]
  440 |   SDSCExecuteOpGenericAdaptor(RangeT values, ::mlir::DictionaryAttr attrs, ::mlir::OpaqueProperties properties, ::mlir::RegionRange regions = {}) : SDSCExecuteOpGenericAdaptor(values, attrs, (properties ? *properties.as<Properties *>() : Properties{}), regions) {}
      |                                                                            ~~~~~~~~~~~~~~~~~~~~~~~~~^~~~~~~~~~
/home/adnan-cdx/codex-isolated/gather_restickify_clean_20260706_113236/deeptools/build-deeptools/dxp/sdsc_bundle/SDSCBundleOps.hpp.inc:405:14: note: shadowed declaration is here
  405 |   Properties properties;
      |              ^~~~~~~~~~
/home/adnan-cdx/codex-isolated/gather_restickify_clean_20260706_113236/deeptools/sgr/symTensorShape.h: In function ‘SymTensorShape readSymTensorShape(std::stringstream&)’:
/home/adnan-cdx/codex-isolated/gather_restickify_clean_20260706_113236/deeptools/util/dt_exception.hpp:113:26: warning: declaration of ‘std::ostringstream stream’ shadows a parameter [-Wshadow]
  113 |       std::ostringstream stream;                                    \
      |                          ^~~~~~
/home/adnan-cdx/codex-isolated/gather_restickify_clean_20260706_113236/deeptools/util/dt_exception.hpp:107:24: note: in expansion of macro ‘DT_CHECK_MSG’
  107 | #define DT_CHECK(cond) DT_CHECK_MSG(cond, #cond)
      |                        ^~~~~~~~~~~~
/home/adnan-cdx/codex-isolated/gather_restickify_clean_20260706_113236/deeptools/sgr/symTensorShape.h:178:7: note: in expansion of macro ‘DT_CHECK’
  178 |       DT_CHECK("sengraph: invalid read of symbolic tensor shape");
      |       ^~~~~~~~
In file included from /home/adnan-cdx/codex-isolated/gather_restickify_clean_20260706_113236/deeptools/sgr/sengraph.h:18,
                 from /home/adnan-cdx/codex-isolated/gather_restickify_clean_20260706_113236/deeptools/dsc/dscsengraph.h:32,
                 from /home/adnan-cdx/codex-isolated/gather_restickify_clean_20260706_113236/deeptools/sharedtools/perfmodel.h:9,
                 from /home/adnan-cdx/codex-isolated/gather_restickify_clean_20260706_113236/deeptools/dxp/src/Utils/SdscTree.hpp:24:
/home/adnan-cdx/codex-isolated/gather_restickify_clean_20260706_113236/deeptools/sgr/symTensorShape.h:153:78: note: shadowed declaration is here
  153 | [[maybe_unused]] static SymTensorShape readSymTensorShape(std::stringstream& stream) {
      |                                                           ~~~~~~~~~~~~~~~~~~~^~~~~~
/home/adnan-cdx/codex-isolated/gather_restickify_clean_20260706_113236/deeptools/util/dt_exception.hpp:113:26: warning: declaration of ‘std::ostringstream stream’ shadows a parameter [-Wshadow]
  113 |       std::ostringstream stream;                                    \
      |                          ^~~~~~
/home/adnan-cdx/codex-isolated/gather_restickify_clean_20260706_113236/deeptools/util/dt_exception.hpp:107:24: note: in expansion of macro ‘DT_CHECK_MSG’
  107 | #define DT_CHECK(cond) DT_CHECK_MSG(cond, #cond)
      |                        ^~~~~~~~~~~~
/home/adnan-cdx/codex-isolated/gather_restickify_clean_20260706_113236/deeptools/sgr/symTensorShape.h:182:5: note: in expansion of macro ‘DT_CHECK’
  182 |     DT_CHECK("sengraph: invalid read of symbolic tensor shape");
      |     ^~~~~~~~
/home/adnan-cdx/codex-isolated/gather_restickify_clean_20260706_113236/deeptools/sgr/symTensorShape.h:153:78: note: shadowed declaration is here
  153 | [[maybe_unused]] static SymTensorShape readSymTensorShape(std::stringstream& stream) {
      |                                                           ~~~~~~~~~~~~~~~~~~~^~~~~~
/home/adnan-cdx/codex-isolated/gather_restickify_clean_20260706_113236/deeptools/sgr/symTensorShape.h: In function ‘std::vector<SymTensorShape> readVecSymTensorShape(std::stringstream&)’:
/home/adnan-cdx/codex-isolated/gather_restickify_clean_20260706_113236/deeptools/util/dt_exception.hpp:113:26: warning: declaration of ‘std::ostringstream stream’ shadows a parameter [-Wshadow]
  113 |       std::ostringstream stream;                                    \
      |                          ^~~~~~
/home/adnan-cdx/codex-isolated/gather_restickify_clean_20260706_113236/deeptools/util/dt_exception.hpp:107:24: note: in expansion of macro ‘DT_CHECK_MSG’
  107 | #define DT_CHECK(cond) DT_CHECK_MSG(cond, #cond)
      |                        ^~~~~~~~~~~~
/home/adnan-cdx/codex-isolated/gather_restickify_clean_20260706_113236/deeptools/sgr/symTensorShape.h:214:7: note: in expansion of macro ‘DT_CHECK’
  214 |       DT_CHECK("sengraph: invalid read of vector of symbolic tensor shape");
      |       ^~~~~~~~
/home/adnan-cdx/codex-isolated/gather_restickify_clean_20260706_113236/deeptools/sgr/symTensorShape.h:191:24: note: shadowed declaration is here
  191 |     std::stringstream& stream) {
      |     ~~~~~~~~~~~~~~~~~~~^~~~~~
/home/adnan-cdx/codex-isolated/gather_restickify_clean_20260706_113236/deeptools/dxp/dxp.h: In constructor ‘Dxp::CorrectionNodeWithSdscInfo::CorrectionNodeWithSdscInfo(CorrectionNodeProperties, dxp::SdscNode*, dxp::SdscNode*, std::vector<dxp::SdscNode*>, std::unordered_map<const dxp::SdscNode*, std::unordered_map<long int, long int> >)’:
/home/adnan-cdx/codex-isolated/gather_restickify_clean_20260706_113236/deeptools/dxp/dxp.h:159:37: warning: declaration of ‘associatedSdscNodes’ shadows a member of ‘Dxp::CorrectionNodeWithSdscInfo’ [-Wshadow]
  159 |         std::vector<dxp::SdscNode*> associatedSdscNodes,
      |         ~~~~~~~~~~~~~~~~~~~~~~~~~~~~^~~~~~~~~~~~~~~~~~~
/home/adnan-cdx/codex-isolated/gather_restickify_clean_20260706_113236/deeptools/dxp/dxp.h:150:33: note: shadowed declaration is here
  150 |     std::vector<dxp::SdscNode*> associatedSdscNodes;
      |                                 ^~~~~~~~~~~~~~~~~~~
/home/adnan-cdx/codex-isolated/gather_restickify_clean_20260706_113236/deeptools/dxp/dxp.h:158:24: warning: declaration of ‘loopLatchSdscInfo’ shadows a member of ‘Dxp::CorrectionNodeWithSdscInfo’ [-Wshadow]
  158 |         dxp::SdscNode* loopLatchSdscInfo,
      |         ~~~~~~~~~~~~~~~^~~~~~~~~~~~~~~~~
/home/adnan-cdx/codex-isolated/gather_restickify_clean_20260706_113236/deeptools/dxp/dxp.h:148:20: note: shadowed declaration is here
  148 |     dxp::SdscNode* loopLatchSdscInfo =
      |                    ^~~~~~~~~~~~~~~~~
/home/adnan-cdx/codex-isolated/gather_restickify_clean_20260706_113236/deeptools/dxp/dxp.h:157:56: warning: declaration of ‘correctionSdscInfo’ shadows a member of ‘Dxp::CorrectionNodeWithSdscInfo’ [-Wshadow]
  157 |         CorrectionNodeProperties props, dxp::SdscNode* correctionSdscInfo,
      |                                         ~~~~~~~~~~~~~~~^~~~~~~~~~~~~~~~~~
/home/adnan-cdx/codex-isolated/gather_restickify_clean_20260706_113236/deeptools/dxp/dxp.h:146:20: note: shadowed declaration is here
  146 |     dxp::SdscNode* correctionSdscInfo =
      |                    ^~~~~~~~~~~~~~~~~~
/home/adnan-cdx/codex-isolated/gather_restickify_clean_20260706_113236/deeptools/dxp/SdscRelayoutInsertion.cpp: In function ‘double getRelayoutPieceSize(double, const std::map<int, std::map<PrimaryDimTypes, int> >&, const std::set<PrimaryDimTypes>&)’:
/home/adnan-cdx/codex-isolated/gather_restickify_clean_20260706_113236/deeptools/dxp/SdscRelayoutInsertion.cpp:47:45: warning: conversion from ‘std::set<int>::size_type’ {aka ‘long unsigned int’} to ‘double’ may change value [-Wconversion]
   47 |     num_pieces *= dim_to_slices.second.size();
      |                                             ^
/home/adnan-cdx/codex-isolated/gather_restickify_clean_20260706_113236/deeptools/dxp/SdscRelayoutInsertion.cpp: In function ‘bool partialViewGatherSourceOffsetBytes(const PartialViewGatherHook&, const LabeledDsInfo&, int64_t*, std::string*)’:
/home/adnan-cdx/codex-isolated/gather_restickify_clean_20260706_113236/deeptools/dxp/SdscRelayoutInsertion.cpp:149:38: warning: conversion from ‘long long int’ to ‘double’ may change value [-Wconversion]
  149 |       static_cast<int64_t>(std::ceil(offsetElems * lds.wordLength));
      |                                      ^~~~~~~~~~~
/home/adnan-cdx/codex-isolated/gather_restickify_clean_20260706_113236/deeptools/dxp/SdscRelayoutInsertion.cpp: In function ‘MatmulOperandBroadcastHookPlan applyMatmulOperandBroadcastDebugLimits(const MatmulOperandBroadcastHookPlan&, std::map<std::__cxx11::basic_string<char>, std::__cxx11::basic_string<char> >*)’:
/home/adnan-cdx/codex-isolated/gather_restickify_clean_20260706_113236/deeptools/dxp/SdscRelayoutInsertion.cpp:381:78: warning: conversion from ‘std::vector<long unsigned int>::size_type’ {aka ‘long unsigned int’} to ‘int’ may change value [-Wconversion]
  381 |       const int take = std::min<int>(remainingDstCores, destinationCores.size());
      |                                                         ~~~~~~~~~~~~~~~~~~~~~^~
/home/adnan-cdx/codex-isolated/gather_restickify_clean_20260706_113236/deeptools/dxp/SdscRelayoutInsertion.cpp: In function ‘void fillDataOpLdsShape(LdsInfo&, DataOpDsc&, const LabeledDsInfo&, const DesignSpaceConfig&)’:
/home/adnan-cdx/codex-isolated/gather_restickify_clean_20260706_113236/deeptools/dxp/SdscRelayoutInsertion.cpp:613:25: warning: comparison of integer expressions of different signedness: ‘int’ and ‘std::vector<PrimaryDimTypes>::size_type’ {aka ‘long unsigned int’} [-Wsign-compare]
  613 |   for (int idx = 0; idx < refDsInfo.stickDimOrder_.size(); idx++) {
      |                     ~~~~^~~~~~~~~~~~~~~~~~~~~~~~~~~~~~~~~
/home/adnan-cdx/codex-isolated/gather_restickify_clean_20260706_113236/deeptools/dxp/SdscRelayoutInsertion.cpp:631:25: warning: conversion from ‘double’ to ‘int64_t’ {aka ‘long int’} may change value [-Wfloat-conversion]
  631 |   dataLds.totElements = totalElements;
      |                         ^~~~~~~~~~~~~
/home/adnan-cdx/codex-isolated/gather_restickify_clean_20260706_113236/deeptools/dxp/SdscRelayoutInsertion.cpp: In function ‘bool fillTensorContractLdsShape(LdsInfo&, DataOpDsc&, const json11::Json&, DesignSpaceConfig&, const std::map<std::__cxx11::basic_string<char>, std::__cxx11::basic_string<char> >&, const std::string&, std::string*)’:
/home/adnan-cdx/codex-isolated/gather_restickify_clean_20260706_113236/deeptools/dxp/SdscRelayoutInsertion.cpp:943:25: warning: conversion from ‘double’ to ‘int64_t’ {aka ‘long int’} may change value [-Wfloat-conversion]
  943 |   dataLds.totElements = totalElements;
      |                         ^~~~~~~~~~~~~
/home/adnan-cdx/codex-isolated/gather_restickify_clean_20260706_113236/deeptools/dxp/SdscRelayoutInsertion.cpp: In static member function ‘static void Dxp::insertRelayoutSdsc(SuperDsc*, int, MemTrackBundle*, std::vector<SuperDsc*>&)’:
/home/adnan-cdx/codex-isolated/gather_restickify_clean_20260706_113236/deeptools/dxp/SdscRelayoutInsertion.cpp:1870:27: warning: comparison of integer expressions of different signedness: ‘int’ and ‘std::vector<LabeledDsInfo>::size_type’ {aka ‘long unsigned int’} [-Wsign-compare]
 1870 |   for (int iter = 0; iter < dldsc.labeledDs_.size() - 1; iter++) {
      |                      ~~~~~^~~~~~~~~~~~~~~~~~~~~~~~~~~~~
/home/adnan-cdx/codex-isolated/gather_restickify_clean_20260706_113236/deeptools/dxp/SdscRelayoutInsertion.cpp:2093:63: warning: conversion from ‘double’ to ‘int64_t’ {aka ‘long int’} may change value [-Wfloat-conversion]
 2093 |           memTracker.checkDsForStartAddr(probe_ds, "dynamic", out_piece_size,
      |                                                               ^~~~~~~~~~~~~~
/home/adnan-cdx/codex-isolated/gather_restickify_clean_20260706_113236/deeptools/dxp/SdscRelayoutInsertion.cpp:2152:53: warning: conversion from ‘std::set<int>::size_type’ {aka ‘long unsigned int’} to ‘int’ may change value [-Wconversion]
 2152 |       relayout_sdsc->numCoresUsed_ = cores_seen.size();
      |                                      ~~~~~~~~~~~~~~~^~
/home/adnan-cdx/codex-isolated/gather_restickify_clean_20260706_113236/deeptools/dxp/SdscRelayoutInsertion.cpp:2169:15: warning: declaration of ‘N_’ shadows a previous local [-Wshadow]
 2169 |         auto& N_ = dldsc.N_;
      |               ^~
/home/adnan-cdx/codex-isolated/gather_restickify_clean_20260706_113236/deeptools/dxp/SdscRelayoutInsertion.cpp:2072:10: note: shadowed declaration is here
 2072 |     auto N_ = sdsc->dscs_.front().N_;
      |          ^~
/home/adnan-cdx/codex-isolated/gather_restickify_clean_20260706_113236/deeptools/dxp/SdscRelayoutInsertion.cpp:2228:31: warning: comparison of integer expressions of different signedness: ‘int’ and ‘std::vector<PrimaryDimTypes>::size_type’ {aka ‘long unsigned int’} [-Wsign-compare]
 2228 |         for (int idx = 0; idx < refDsInfo.stickDimOrder_.size(); idx++) {
      |                           ~~~~^~~~~~~~~~~~~~~~~~~~~~~~~~~~~~~~~
/home/adnan-cdx/codex-isolated/gather_restickify_clean_20260706_113236/deeptools/dxp/SdscRelayoutInsertion.cpp:2260:29: warning: conversion from ‘double’ to ‘int64_t’ {aka ‘long int’} may change value [-Wfloat-conversion]
 2260 |         myLds.totElements = totElements;
      |                             ^~~~~~~~~~~
/home/adnan-cdx/codex-isolated/gather_restickify_clean_20260706_113236/deeptools/dxp/SdscRelayoutInsertion.cpp:2302:63: warning: conversion from ‘long unsigned int’ to ‘double’ may change value [-Wconversion]
 2302 |                 dimExtent * static_cast<double>(kv2.second) / sliceCount;
      |                                                               ^~~~~~~~~~
/home/adnan-cdx/codex-isolated/gather_restickify_clean_20260706_113236/deeptools/dxp/SdscRelayoutInsertion.cpp:2304:67: warning: conversion from ‘long unsigned int’ to ‘double’ may change value [-Wconversion]
 2304 |                 dimExtent * static_cast<double>(kv2.second + 1) / sliceCount;
      |                                                                   ^~~~~~~~~~
/home/adnan-cdx/codex-isolated/gather_restickify_clean_20260706_113236/deeptools/dxp/SdscRelayoutInsertion.cpp:2347:54: warning: conversion from ‘double’ to ‘int64_t’ {aka ‘long int’} may change value [-Wfloat-conversion]
 2347 |                                                      out_piece_size, {ps});
      |                                                      ^~~~~~~~~~~~~~
/home/adnan-cdx/codex-isolated/gather_restickify_clean_20260706_113236/deeptools/dxp/SdscRelayoutInsertion.cpp:2489:53: warning: conversion from ‘std::set<int>::size_type’ {aka ‘long unsigned int’} to ‘int’ may change value [-Wconversion]
 2489 |       relayout_sdsc->numCoresUsed_ = cores_seen.size();
      |                                      ~~~~~~~~~~~~~~~^~
/home/adnan-cdx/codex-isolated/gather_restickify_clean_20260706_113236/deeptools/dxp/SdscRelayoutInsertion.cpp:2490:53: warning: conversion from ‘std::set<int>::size_type’ {aka ‘long unsigned int’} to ‘int’ may change value [-Wconversion]
 2490 |       relayout_dldsc.numCoresUsed_ = cores_seen.size();
      |                                      ~~~~~~~~~~~~~~~^~
/home/adnan-cdx/codex-isolated/gather_restickify_clean_20260706_113236/deeptools/dxp/SdscRelayoutInsertion.cpp:2534:50: warning: conversion from ‘double’ to ‘int64_t’ {aka ‘long int’} may change value [-Wfloat-conversion]
 2534 |                                                  out_form_size, {ps});
      |                                                  ^~~~~~~~~~~~~
/home/adnan-cdx/codex-isolated/gather_restickify_clean_20260706_113236/deeptools/dxp/SdscRelayoutInsertion.cpp:2541:18: warning: declaration of ‘iter’ shadows a previous local [-Wshadow]
 2541 |         for (int iter = 0; iter < allocNode->layoutDimOrder_.size(); iter++) {
      |                  ^~~~
/home/adnan-cdx/codex-isolated/gather_restickify_clean_20260706_113236/deeptools/dxp/SdscRelayoutInsertion.cpp:1870:12: note: shadowed declaration is here
 1870 |   for (int iter = 0; iter < dldsc.labeledDs_.size() - 1; iter++) {
      |            ^~~~
/home/adnan-cdx/codex-isolated/gather_restickify_clean_20260706_113236/deeptools/dxp/SdscRelayoutInsertion.cpp:2541:33: warning: comparison of integer expressions of different signedness: ‘int’ and ‘std::vector<PrimaryDimTypes>::size_type’ {aka ‘long unsigned int’} [-Wsign-compare]
 2541 |         for (int iter = 0; iter < allocNode->layoutDimOrder_.size(); iter++) {
      |                            ~~~~~^~~~~~~~~~~~~~~~~~~~~~~~~~~~~~~~~~~
/home/adnan-cdx/codex-isolated/gather_restickify_clean_20260706_113236/deeptools/dxp/SdscRelayoutInsertion.cpp:2543:38: warning: conversion from ‘double’ to ‘std::map<PrimaryDimTypes, int>::mapped_type’ {aka ‘int’} may change value [-Wfloat-conversion]
 2543 |           strides[curr_dim] = outLds.wordLength;
      |                               ~~~~~~~^~~~~~~~~~
/home/adnan-cdx/codex-isolated/gather_restickify_clean_20260706_113236/deeptools/dxp/SdscRelayoutInsertion.cpp:2545:38: warning: comparison of integer expressions of different signedness: ‘int’ and ‘std::vector<PrimaryDimTypes>::size_type’ {aka ‘long unsigned int’} [-Wsign-compare]
 2545 |           for (auto iter2 = 0; iter2 < ref_dsinfo.stickDimOrder_.size();
      |                                ~~~~~~^~~~~~~~~~~~~~~~~~~~~~~~~~~~~~~~~~
/home/adnan-cdx/codex-isolated/gather_restickify_clean_20260706_113236/deeptools/dxp/SdscRelayoutInsertion.cpp:2547:64: warning: conversion from ‘__gnu_cxx::__alloc_traits<std::allocator<double>, double>::value_type’ {aka ‘double’} to ‘std::map<PrimaryDimTypes, int>::mapped_type’ {aka ‘int’} may change value [-Wfloat-conversion]
 2547 |             strides[curr_dim] *= ref_dsinfo.stickSize_.at(iter2);
      |                                                                ^
/home/adnan-cdx/codex-isolated/gather_restickify_clean_20260706_113236/deeptools/dxp/SdscRelayoutInsertion.cpp:2549:41: warning: conversion from ‘__gnu_cxx::__alloc_traits<std::allocator<double>, double>::value_type’ {aka ‘double’} to ‘std::map<PrimaryDimTypes, int>::mapped_type’ {aka ‘int’} may change value [-Wfloat-conversion]
 2549 |                 ref_dsinfo.stickSize_.at(iter2);
      |                 ~~~~~~~~~~~~~~~~~~~~~~~~^~~~~~~
/home/adnan-cdx/codex-isolated/gather_restickify_clean_20260706_113236/deeptools/dxp/SdscRelayoutInsertion.cpp:2570:23: warning: declaration of ‘kv’ shadows a previous local [-Wshadow]
 2570 |             for (auto kv : sdsc->coreIdToWkSlice_.at(coreid)) {
      |                       ^~
/home/adnan-cdx/codex-isolated/gather_restickify_clean_20260706_113236/deeptools/dxp/SdscRelayoutInsertion.cpp:2500:18: note: shadowed declaration is here
 2500 |       for (auto& kv : lds.memOrg_) {
      |                  ^~
/home/adnan-cdx/codex-isolated/gather_restickify_clean_20260706_113236/deeptools/dsc/foldManager/foldInfrastructure.h: In instantiation of ‘void FoldManager<Dtype>::clone(const FoldManager<Dtype>&, const std::map<int, int>&) [with Dtype = long int]’:
/home/adnan-cdx/codex-isolated/gather_restickify_clean_20260706_113236/deeptools/dsc/pcfg.h:318:23:   required from here
  318 |     srcStartAddr.clone(rhs.SrcStartAddr());
      |     ~~~~~~~~~~~~~~~~~~^~~~~~~~~~~~~~~~~~~~
/home/adnan-cdx/codex-isolated/gather_restickify_clean_20260706_113236/deeptools/dsc/foldManager/foldInfrastructure.h:1002:41: warning: conversion from ‘std::vector<std::pair<const FoldDimProp*, BaseFuncType> >::size_type’ {aka ‘long unsigned int’} to ‘int’ may change value [-Wconversion]
 1002 |     for (int idx = rhs.dim_prop_.size() - 1; idx >= 0; idx--) {
      |                    ~~~~~~~~~~~~~~~~~~~~~^~~
/home/adnan-cdx/codex-isolated/gather_restickify_clean_20260706_113236/deeptools/dsc/foldManager/foldInfrastructure.h: In instantiation of ‘std::vector<Dtype> FoldManager<Dtype>::getAllData(const std::map<long int, long int>&, bool) const [with Dtype = long int]’:
/home/adnan-cdx/codex-isolated/gather_restickify_clean_20260706_113236/deeptools/dsc/pcfg.h:341:47:   required from here
  341 |     auto srcAddrData = srcStartAddr.getAllData();
      |                        ~~~~~~~~~~~~~~~~~~~~~~~^~
/home/adnan-cdx/codex-isolated/gather_restickify_clean_20260706_113236/deeptools/dsc/foldManager/foldInfrastructure.h:2120:29: warning: comparison of integer expressions of different signedness: ‘int’ and ‘std::vector<std::deque<long int> >::size_type’ {aka ‘long unsigned int’} [-Wsign-compare]
 2120 |       for (int idx = 0; idx < coordinates.size(); idx++) {
      |                         ~~~~^~~~~~~~~~~~~~~~~~~~
/home/adnan-cdx/codex-isolated/gather_restickify_clean_20260706_113236/deeptools/dsc/foldManager/foldInfrastructure.h: In instantiation of ‘void FoldManager<Dtype>::clone(const FoldManager<Dtype>&, const std::map<int, int>&) [with Dtype = std::vector<unsigned int>]’:
/home/adnan-cdx/codex-isolated/gather_restickify_clean_20260706_113236/deeptools/dsc/pcfg.h:727:53:   required from here
  727 |   ConstantData(const ConstantData& old) { data.clone(old.data); }
      |                                           ~~~~~~~~~~^~~~~~~~~~
/home/adnan-cdx/codex-isolated/gather_restickify_clean_20260706_113236/deeptools/dsc/foldManager/foldInfrastructure.h:1002:41: warning: conversion from ‘std::vector<std::pair<const FoldDimProp*, BaseFuncType> >::size_type’ {aka ‘long unsigned int’} to ‘int’ may change value [-Wconversion]
 1002 |     for (int idx = rhs.dim_prop_.size() - 1; idx >= 0; idx--) {
      |                    ~~~~~~~~~~~~~~~~~~~~~^~~
/home/adnan-cdx/codex-isolated/gather_restickify_clean_20260706_113236/deeptools/dsc/foldManager/foldInfrastructure.h: In instantiation of ‘std::vector<Dtype> FoldManager<Dtype>::getAllData(const std::map<long int, long int>&, bool) const [with Dtype = std::vector<unsigned int>]’:
/home/adnan-cdx/codex-isolated/gather_restickify_clean_20260706_113236/deeptools/dsc/pcfg.h:820:47:   required from here
  820 |     auto constants = constData.data.getAllData();
      |                      ~~~~~~~~~~~~~~~~~~~~~~~~~^~
/home/adnan-cdx/codex-isolated/gather_restickify_clean_20260706_113236/deeptools/dsc/foldManager/foldInfrastructure.h:2120:29: warning: comparison of integer expressions of different signedness: ‘int’ and ‘std::vector<std::deque<long int> >::size_type’ {aka ‘long unsigned int’} [-Wsign-compare]
 2120 |       for (int idx = 0; idx < coordinates.size(); idx++) {
      |                         ~~~~^~~~~~~~~~~~~~~~~~~~
/home/adnan-cdx/codex-isolated/gather_restickify_clean_20260706_113236/deeptools/dsc/foldManager/foldInfrastructure.h: In instantiation of ‘void FoldManager<Dtype>::clone(const FoldManager<Dtype>&, const std::map<int, int>&) [with Dtype = std::vector<int>]’:
/home/adnan-cdx/codex-isolated/gather_restickify_clean_20260706_113236/deeptools/dsc/dataOpDsc.h:80:16:   required from here
   80 |     memId.clone(rhs.memId);
      |     ~~~~~~~~~~~^~~~~~~~~~~
/home/adnan-cdx/codex-isolated/gather_restickify_clean_20260706_113236/deeptools/dsc/foldManager/foldInfrastructure.h:1002:41: warning: conversion from ‘std::vector<std::pair<const FoldDimProp*, BaseFuncType> >::size_type’ {aka ‘long unsigned int’} to ‘int’ may change value [-Wconversion]
 1002 |     for (int idx = rhs.dim_prop_.size() - 1; idx >= 0; idx--) {
      |                    ~~~~~~~~~~~~~~~~~~~~~^~~
/home/adnan-cdx/codex-isolated/gather_restickify_clean_20260706_113236/deeptools/dsc/foldManager/foldInfrastructure.h: In instantiation of ‘void FoldManager<Dtype>::clone(const FoldManager<Dtype>&, const std::map<int, int>&) [with Dtype = std::vector<long int>]’:
/home/adnan-cdx/codex-isolated/gather_restickify_clean_20260706_113236/deeptools/dsc/dataOpDsc.h:81:20:   required from here
   81 |     startAddr.clone(rhs.startAddr);
      |     ~~~~~~~~~~~~~~~^~~~~~~~~~~~~~~
/home/adnan-cdx/codex-isolated/gather_restickify_clean_20260706_113236/deeptools/dsc/foldManager/foldInfrastructure.h:1002:41: warning: conversion from ‘std::vector<std::pair<const FoldDimProp*, BaseFuncType> >::size_type’ {aka ‘long unsigned int’} to ‘int’ may change value [-Wconversion]
 1002 |     for (int idx = rhs.dim_prop_.size() - 1; idx >= 0; idx--) {
      |                    ~~~~~~~~~~~~~~~~~~~~~^~~
/home/adnan-cdx/codex-isolated/gather_restickify_clean_20260706_113236/deeptools/dsc/foldManager/foldInfrastructure.h: In instantiation of ‘bool FoldManager<Dtype>::operator==(const FoldManager<Dtype>&) const [with Dtype = std::vector<int>]’:
/home/adnan-cdx/codex-isolated/gather_restickify_clean_20260706_113236/deeptools/dsc/dataOpDsc.h:86:45:   required from here
   86 |     return type == rhs.type && memId == rhs.memId && startAddr == rhs.startAddr;
      |                                             ^~~~~
/home/adnan-cdx/codex-isolated/gather_restickify_clean_20260706_113236/deeptools/dsc/foldManager/foldInfrastructure.h:1104:27: warning: comparison of integer expressions of different signedness: ‘int’ and ‘std::vector<std::pair<const FoldDimProp*, BaseFuncType> >::size_type’ {aka ‘long unsigned int’} [-Wsign-compare]
 1104 |     for (int idx = 0; idx < rhs.dim_prop_.size(); idx++) {
      |                       ~~~~^~~~~~~~~~~~~~~~~~~~~~
/home/adnan-cdx/codex-isolated/gather_restickify_clean_20260706_113236/deeptools/dsc/foldManager/foldInfrastructure.h: In instantiation of ‘bool FoldManager<Dtype>::operator==(const FoldManager<Dtype>&) const [with Dtype = std::vector<long int>]’:
/home/adnan-cdx/codex-isolated/gather_restickify_clean_20260706_113236/deeptools/dsc/dataOpDsc.h:86:71:   required from here
   86 |     return type == rhs.type && memId == rhs.memId && startAddr == rhs.startAddr;
      |                                                                       ^~~~~~~~~
/home/adnan-cdx/codex-isolated/gather_restickify_clean_20260706_113236/deeptools/dsc/foldManager/foldInfrastructure.h:1104:27: warning: comparison of integer expressions of different signedness: ‘int’ and ‘std::vector<std::pair<const FoldDimProp*, BaseFuncType> >::size_type’ {aka ‘long unsigned int’} [-Wsign-compare]
 1104 |     for (int idx = 0; idx < rhs.dim_prop_.size(); idx++) {
      |                       ~~~~^~~~~~~~~~~~~~~~~~~~~~
/home/adnan-cdx/codex-isolated/gather_restickify_clean_20260706_113236/deeptools/dsc/foldManager/foldInfrastructure.h: In instantiation of ‘std::vector<long int> FoldManager<Dtype>::getFoldSpaceSize() const [with Dtype = long int]’:
/home/adnan-cdx/codex-isolated/gather_restickify_clean_20260706_113236/deeptools/dxp/SdscRelayoutInsertion.cpp:1518:56:   required from here
 1518 |   for (int coreId = 0; coreId < stAddr.getFoldSpaceSize().at(0); ++coreId) {
      |                                 ~~~~~~~~~~~~~~~~~~~~~~~^~
/home/adnan-cdx/codex-isolated/gather_restickify_clean_20260706_113236/deeptools/dsc/foldManager/foldInfrastructure.h:2459:27: warning: comparison of integer expressions of different signedness: ‘int’ and ‘std::vector<std::pair<const FoldDimProp*, BaseFuncType> >::size_type’ {aka ‘long unsigned int’} [-Wsign-compare]
 2459 |     for (int idx = 0; idx < dim_prop_.size(); idx++)
      |                       ~~~~^~~~~~~~~~~~~~~~~~
/home/adnan-cdx/codex-isolated/gather_restickify_clean_20260706_113236/deeptools/dsc/foldManager/foldInfrastructure.h: In instantiation of ‘void FoldManager<Dtype>::clone(const FoldManager<Dtype>&, const std::map<int, int>&) [with Dtype = int]’:
/home/adnan-cdx/codex-isolated/gather_restickify_clean_20260706_113236/deeptools/dxp/SdscRelayoutInsertion.cpp:2056:36:   required from here
 2056 |     relayout_sdsc->sdscFolds_.clone(sdsc->sdscFolds_);
      |     ~~~~~~~~~~~~~~~~~~~~~~~~~~~~~~~^~~~~~~~~~~~~~~~~~
/home/adnan-cdx/codex-isolated/gather_restickify_clean_20260706_113236/deeptools/dsc/foldManager/foldInfrastructure.h:1002:41: warning: conversion from ‘std::vector<std::pair<const FoldDimProp*, BaseFuncType> >::size_type’ {aka ‘long unsigned int’} to ‘int’ may change value [-Wconversion]
 1002 |     for (int idx = rhs.dim_prop_.size() - 1; idx >= 0; idx--) {
      |                    ~~~~~~~~~~~~~~~~~~~~~^~~
/home/adnan-cdx/codex-isolated/gather_restickify_clean_20260706_113236/deeptools/dsc/foldManager/foldInfrastructure.h: In instantiation of ‘void FoldManager<Dtype>::copyFoldedSubSpace(const FoldManager<Dtype>&, const std::map<int, int>&) [with Dtype = long int]’:
/home/adnan-cdx/codex-isolated/gather_restickify_clean_20260706_113236/deeptools/dxp/SdscRelayoutInsertion.cpp:2510:34:   required from here
 2509 |           inp_allocNode->allocateCoordinates_.coordinates_[dim]
      |           ~~~~~~~~~~~~~~~~~~~~~~~~~~~~~~~~~~~~~~~~~~~~~~~~~~~~~
 2510 |               .copyFoldedSubSpace(cfm, ignore_dim_idx_and_dim_val);
      |               ~~~~~~~~~~~~~~~~~~~^~~~~~~~~~~~~~~~~~~~~~~~~~~~~~~~~
/home/adnan-cdx/codex-isolated/gather_restickify_clean_20260706_113236/deeptools/dsc/foldManager/foldInfrastructure.h:1190:48: warning: comparison of integer expressions of different signedness: ‘int’ and ‘std::vector<std::pair<const FoldDimProp*, BaseFuncType> >::size_type’ {aka ‘long unsigned int’} [-Wsign-compare]
 1190 |     for (int rhs_idx = 0, lhs_idx = 0; rhs_idx < rhs.dim_prop_.size();
      |                                        ~~~~~~~~^~~~~~~~~~~~~~~~~~~~~~
/home/adnan-cdx/codex-isolated/gather_restickify_clean_20260706_113236/deeptools/dsc/foldManager/foldInfrastructure.h:1225:40: warning: conversion from ‘std::deque<std::pair<const FoldDimProp*, BaseFuncType> >::size_type’ {aka ‘long unsigned int’} to ‘int’ may change value [-Wconversion]
 1225 |     for (int idx = new_dim_prop.size() - 1; idx >= 0; idx--) {
      |                    ~~~~~~~~~~~~~~~~~~~~^~~
/home/adnan-cdx/codex-isolated/gather_restickify_clean_20260706_113236/deeptools/dsc/foldManager/foldInfrastructure.h: In instantiation of ‘FoldManager<Dtype>& FoldManager<Dtype>::operator=(const FoldManager<Dtype>&) [with Dtype = long int]’:
/home/adnan-cdx/codex-isolated/gather_restickify_clean_20260706_113236/deeptools/dxp/SdscRelayoutInsertion.cpp:2596:28:   required from here
 2596 |             out_allocNode->startAddressCoreCorelet_;
      |                            ^~~~~~~~~~~~~~~~~~~~~~~~
/home/adnan-cdx/codex-isolated/gather_restickify_clean_20260706_113236/deeptools/dsc/foldManager/foldInfrastructure.h:929:27: warning: comparison of integer expressions of different signedness: ‘int’ and ‘std::vector<std::pair<const FoldDimProp*, BaseFuncType> >::size_type’ {aka ‘long unsigned int’} [-Wsign-compare]
  929 |     for (int idx = 0; idx < rhs.dim_prop_.size(); idx++) {
      |                       ~~~~^~~~~~~~~~~~~~~~~~~~~~
/home/adnan-cdx/codex-isolated/gather_restickify_clean_20260706_113236/deeptools/dsc/foldManager/foldInfrastructure.h:957:40: warning: conversion from ‘std::deque<std::pair<const FoldDimProp*, BaseFuncType> >::size_type’ {aka ‘long unsigned int’} to ‘int’ may change value [-Wconversion]
  957 |     for (int idx = new_dim_prop.size() - 1; idx >= 0; idx--) {
      |                    ~~~~~~~~~~~~~~~~~~~~^~~
/home/adnan-cdx/codex-isolated/gather_restickify_clean_20260706_113236/deeptools/dsc/foldManager/foldInfrastructure.h: In instantiation of ‘bool FoldManager<Dtype>::isLegal(const std::deque<long int>&) const [with Dtype = long int]’:
/home/adnan-cdx/codex-isolated/gather_restickify_clean_20260706_113236/deeptools/dsc/foldManager/foldInfrastructure.h:1692:12:   required from ‘Dtype FoldManager<Dtype>::getData(const std::deque<long int>&) const [with Dtype = long int]’
 1692 |     isLegal(fold_dim_indices);
      |     ~~~~~~~^~~~~~~~~~~~~~~~~~
/home/adnan-cdx/codex-isolated/gather_restickify_clean_20260706_113236/deeptools/dsc/pcfg.h:256:32:   required from here
  256 |     return srcStartAddr.getData(fold_dim_indices);
      |            ~~~~~~~~~~~~~~~~~~~~^~~~~~~~~~~~~~~~~~
/home/adnan-cdx/codex-isolated/gather_restickify_clean_20260706_113236/deeptools/dsc/foldManager/foldInfrastructure.h:1676:27: warning: comparison of integer expressions of different signedness: ‘int’ and ‘std::deque<long int>::size_type’ {aka ‘long unsigned int’} [-Wsign-compare]
 1676 |     for (int idx = 0; idx < fold_dim_indices.size(); idx++) {
      |                       ~~~~^~~~~~~~~~~~~~~~~~~~~~~~~
/home/adnan-cdx/codex-isolated/gather_restickify_clean_20260706_113236/deeptools/dsc/foldManager/foldInfrastructure.h: In instantiation of ‘void FoldManager<Dtype>::buildDim(const FoldDimProp*, BaseFuncType, int) [with Dtype = long int]’:
/home/adnan-cdx/codex-isolated/gather_restickify_clean_20260706_113236/deeptools/dsc/foldManager/foldInfrastructure.h:1005:13:   required from ‘void FoldManager<Dtype>::clone(const FoldManager<Dtype>&, const std::map<int, int>&) [with Dtype = long int]’
 1005 |       this->buildDim(rhs.dim_prop_.at(idx).first, rhs.dim_prop_.at(idx).second,
      |       ~~~~~~^~~~~~~~
/home/adnan-cdx/codex-isolated/gather_restickify_clean_20260706_113236/deeptools/dsc/pcfg.h:318:23:   required from here
  318 |     srcStartAddr.clone(rhs.SrcStartAddr());
      |     ~~~~~~~~~~~~~~~~~~^~~~~~~~~~~~~~~~~~~~
/home/adnan-cdx/codex-isolated/gather_restickify_clean_20260706_113236/deeptools/dsc/foldManager/foldInfrastructure.h:1363:33: warning: comparison of integer expressions of different signedness: ‘int’ and ‘std::vector<FoldFunction<long int>*, std::allocator<FoldFunction<long int>*> >::size_type’ {aka ‘long unsigned int’} [-Wsign-compare]
 1363 |           for (int idx = 0; idx < children.size(); idx++)
      |                             ~~~~^~~~~~~~~~~~~~~~~
/home/adnan-cdx/codex-isolated/gather_restickify_clean_20260706_113236/deeptools/dsc/foldManager/foldInfrastructure.h:1372:22: warning: comparison of integer expressions of different signedness: ‘int’ and ‘std::vector<std::pair<const FoldDimProp*, BaseFuncType> >::size_type’ {aka ‘long unsigned int’} [-Wsign-compare]
 1372 |       } else if (pos == dim_prop_.size()) {
      |                  ~~~~^~~~~~~~~~~~~~~~~~~
/home/adnan-cdx/codex-isolated/gather_restickify_clean_20260706_113236/deeptools/dsc/foldManager/foldInfrastructure.h:1388:37: warning: comparison of integer expressions of different signedness: ‘int’ and ‘std::vector<FoldFunction<long int>*, std::allocator<FoldFunction<long int>*> >::size_type’ {aka ‘long unsigned int’} [-Wsign-compare]
 1388 |               for (int idx = 0; idx < children.size(); idx++) {
      |                                 ~~~~^~~~~~~~~~~~~~~~~
/home/adnan-cdx/codex-isolated/gather_restickify_clean_20260706_113236/deeptools/dsc/foldManager/foldInfrastructure.h:1408:22: warning: comparison of integer expressions of different signedness: ‘int’ and ‘std::vector<std::pair<const FoldDimProp*, BaseFuncType> >::size_type’ {aka ‘long unsigned int’} [-Wsign-compare]
 1408 |         DT_CHECK(pos < dim_prop_.size());
/home/adnan-cdx/codex-isolated/gather_restickify_clean_20260706_113236/deeptools/util/dt_exception.hpp:112:11: note: in definition of macro ‘DT_CHECK_MSG’
  112 |     if (!(cond)) {                                                  \
      |           ^~~~
/home/adnan-cdx/codex-isolated/gather_restickify_clean_20260706_113236/deeptools/dsc/foldManager/foldInfrastructure.h:1408:9: note: in expansion of macro ‘DT_CHECK’
 1408 |         DT_CHECK(pos < dim_prop_.size());
      |         ^~~~~~~~
/home/adnan-cdx/codex-isolated/gather_restickify_clean_20260706_113236/deeptools/dsc/foldManager/foldInfrastructure.h:1421:35: warning: comparison of integer expressions of different signedness: ‘int’ and ‘std::vector<FoldFunction<long int>*, std::allocator<FoldFunction<long int>*> >::size_type’ {aka ‘long unsigned int’} [-Wsign-compare]
 1421 |             for (int idx = 0; idx < children.size(); idx++) {
      |                               ~~~~^~~~~~~~~~~~~~~~~
/home/adnan-cdx/codex-isolated/gather_restickify_clean_20260706_113236/deeptools/dsc/foldManager/foldInfrastructure.h:1431:39: warning: comparison of integer expressions of different signedness: ‘int’ and ‘std::vector<FoldFunction<long int>*, std::allocator<FoldFunction<long int>*> >::size_type’ {aka ‘long unsigned int’} [-Wsign-compare]
 1431 |                 for (int idx = 0; idx < children_new.size(); idx++)
      |                                   ~~~~^~~~~~~~~~~~~~~~~~~~~
/home/adnan-cdx/codex-isolated/gather_restickify_clean_20260706_113236/deeptools/dsc/foldManager/foldInfrastructure.h:1448:37: warning: comparison of integer expressions of different signedness: ‘int’ and ‘std::vector<FoldFunction<long int>*, std::allocator<FoldFunction<long int>*> >::size_type’ {aka ‘long unsigned int’} [-Wsign-compare]
 1448 |               for (int idx = 0; idx < children_new.size(); idx++)
      |                                 ~~~~^~~~~~~~~~~~~~~~~~~~~
/home/adnan-cdx/codex-isolated/gather_restickify_clean_20260706_113236/deeptools/dsc/foldManager/foldInfrastructure.h: In instantiation of ‘void FoldManager<Dtype>::getFlattenedCoordinates(std::vector<std::deque<long int> >&, const std::map<long int, long int>&, bool, bool) const [with Dtype = long int]’:
/home/adnan-cdx/codex-isolated/gather_restickify_clean_20260706_113236/deeptools/dsc/foldManager/foldInfrastructure.h:2118:30:   required from ‘std::vector<Dtype> FoldManager<Dtype>::getAllData(const std::map<long int, long int>&, bool) const [with Dtype = long int]’
 2118 |       getFlattenedCoordinates(coordinates, pos_to_fixCoord, scan_inner_outer);
      |       ~~~~~~~~~~~~~~~~~~~~~~~^~~~~~~~~~~~~~~~~~~~~~~~~~~~~~~~~~~~~~~~~~~~~~~~
/home/adnan-cdx/codex-isolated/gather_restickify_clean_20260706_113236/deeptools/dsc/pcfg.h:341:47:   required from here
  341 |     auto srcAddrData = srcStartAddr.getAllData();
      |                        ~~~~~~~~~~~~~~~~~~~~~~~^~
/home/adnan-cdx/codex-isolated/gather_restickify_clean_20260706_113236/deeptools/dsc/foldManager/foldInfrastructure.h:1991:27: warning: comparison of integer expressions of different signedness: ‘int’ and ‘std::vector<std::pair<const FoldDimProp*, BaseFuncType> >::size_type’ {aka ‘long unsigned int’} [-Wsign-compare]
 1991 |         for (int i = 0; i < dim_prop_.size(); i++) {
      |                         ~~^~~~~~~~~~~~~~~~~~
/home/adnan-cdx/codex-isolated/gather_restickify_clean_20260706_113236/deeptools/dsc/foldManager/foldInfrastructure.h:2020:25: warning: comparison of integer expressions of different signedness: ‘int’ and ‘std::vector<long int>::size_type’ {aka ‘long unsigned int’} [-Wsign-compare]
 2020 |       for (int i = 0; i < unique_data_coords.size(); i++) {
      |                       ~~^~~~~~~~~~~~~~~~~~~~~~~~~~~
/home/adnan-cdx/codex-isolated/gather_restickify_clean_20260706_113236/deeptools/dsc/foldManager/foldInfrastructure.h:2022:30: warning: conversion from ‘std::vector<long int>::size_type’ {aka ‘long unsigned int’} to ‘int’ may change value [-Wconversion]
 2022 |             scan_inner_outer ? unique_data_coords.size() - 1 - i : i;
      |             ~~~~~~~~~~~~~~~~~^~~~~~~~~~~~~~~~~~~~~~~~~~~~~~~~~~~~~~~
/home/adnan-cdx/codex-isolated/gather_restickify_clean_20260706_113236/deeptools/dsc/foldManager/foldInfrastructure.h:2027:23: warning: conversion from ‘__gnu_cxx::__alloc_traits<std::allocator<long int>, long int>::value_type’ {aka ‘long int’} to ‘int’ may change value [-Wconversion]
 2027 |         repeat_factor *= unique_data_coords.at(dim_idx);
      |         ~~~~~~~~~~~~~~^~~~~~~~~~~~~~~~~~~~~~~~~~~~~~~~~
/home/adnan-cdx/codex-isolated/gather_restickify_clean_20260706_113236/deeptools/dsc/foldManager/foldInfrastructure.h: In instantiation of ‘void FoldManager<Dtype>::buildDim(const FoldDimProp*, BaseFuncType, int) [with Dtype = std::vector<unsigned int>]’:
/home/adnan-cdx/codex-isolated/gather_restickify_clean_20260706_113236/deeptools/dsc/foldManager/foldInfrastructure.h:1005:13:   required from ‘void FoldManager<Dtype>::clone(const FoldManager<Dtype>&, const std::map<int, int>&) [with Dtype = std::vector<unsigned int>]’
 1005 |       this->buildDim(rhs.dim_prop_.at(idx).first, rhs.dim_prop_.at(idx).second,
      |       ~~~~~~^~~~~~~~
/home/adnan-cdx/codex-isolated/gather_restickify_clean_20260706_113236/deeptools/dsc/pcfg.h:727:53:   required from here
  727 |   ConstantData(const ConstantData& old) { data.clone(old.data); }
      |                                           ~~~~~~~~~~^~~~~~~~~~
/home/adnan-cdx/codex-isolated/gather_restickify_clean_20260706_113236/deeptools/dsc/foldManager/foldInfrastructure.h:1363:33: warning: comparison of integer expressions of different signedness: ‘int’ and ‘std::vector<FoldFunction<std::vector<unsigned int> >*, std::allocator<FoldFunction<std::vector<unsigned int> >*> >::size_type’ {aka ‘long unsigned int’} [-Wsign-compare]
 1363 |           for (int idx = 0; idx < children.size(); idx++)
      |                             ~~~~^~~~~~~~~~~~~~~~~
/home/adnan-cdx/codex-isolated/gather_restickify_clean_20260706_113236/deeptools/dsc/foldManager/foldInfrastructure.h:1372:22: warning: comparison of integer expressions of different signedness: ‘int’ and ‘std::vector<std::pair<const FoldDimProp*, BaseFuncType> >::size_type’ {aka ‘long unsigned int’} [-Wsign-compare]
 1372 |       } else if (pos == dim_prop_.size()) {
      |                  ~~~~^~~~~~~~~~~~~~~~~~~
/home/adnan-cdx/codex-isolated/gather_restickify_clean_20260706_113236/deeptools/dsc/foldManager/foldInfrastructure.h:1388:37: warning: comparison of integer expressions of different signedness: ‘int’ and ‘std::vector<FoldFunction<std::vector<unsigned int> >*, std::allocator<FoldFunction<std::vector<unsigned int> >*> >::size_type’ {aka ‘long unsigned int’} [-Wsign-compare]
 1388 |               for (int idx = 0; idx < children.size(); idx++) {
      |                                 ~~~~^~~~~~~~~~~~~~~~~
/home/adnan-cdx/codex-isolated/gather_restickify_clean_20260706_113236/deeptools/dsc/foldManager/foldInfrastructure.h:1408:22: warning: comparison of integer expressions of different signedness: ‘int’ and ‘std::vector<std::pair<const FoldDimProp*, BaseFuncType> >::size_type’ {aka ‘long unsigned int’} [-Wsign-compare]
 1408 |         DT_CHECK(pos < dim_prop_.size());
/home/adnan-cdx/codex-isolated/gather_restickify_clean_20260706_113236/deeptools/util/dt_exception.hpp:112:11: note: in definition of macro ‘DT_CHECK_MSG’
  112 |     if (!(cond)) {                                                  \
      |           ^~~~
/home/adnan-cdx/codex-isolated/gather_restickify_clean_20260706_113236/deeptools/dsc/foldManager/foldInfrastructure.h:1408:9: note: in expansion of macro ‘DT_CHECK’
 1408 |         DT_CHECK(pos < dim_prop_.size());
      |         ^~~~~~~~
/home/adnan-cdx/codex-isolated/gather_restickify_clean_20260706_113236/deeptools/dsc/foldManager/foldInfrastructure.h:1421:35: warning: comparison of integer expressions of different signedness: ‘int’ and ‘std::vector<FoldFunction<std::vector<unsigned int> >*, std::allocator<FoldFunction<std::vector<unsigned int> >*> >::size_type’ {aka ‘long unsigned int’} [-Wsign-compare]
 1421 |             for (int idx = 0; idx < children.size(); idx++) {
      |                               ~~~~^~~~~~~~~~~~~~~~~
/home/adnan-cdx/codex-isolated/gather_restickify_clean_20260706_113236/deeptools/dsc/foldManager/foldInfrastructure.h:1431:39: warning: comparison of integer expressions of different signedness: ‘int’ and ‘std::vector<FoldFunction<std::vector<unsigned int> >*, std::allocator<FoldFunction<std::vector<unsigned int> >*> >::size_type’ {aka ‘long unsigned int’} [-Wsign-compare]
 1431 |                 for (int idx = 0; idx < children_new.size(); idx++)
      |                                   ~~~~^~~~~~~~~~~~~~~~~~~~~
/home/adnan-cdx/codex-isolated/gather_restickify_clean_20260706_113236/deeptools/dsc/foldManager/foldInfrastructure.h:1448:37: warning: comparison of integer expressions of different signedness: ‘int’ and ‘std::vector<FoldFunction<std::vector<unsigned int> >*, std::allocator<FoldFunction<std::vector<unsigned int> >*> >::size_type’ {aka ‘long unsigned int’} [-Wsign-compare]
 1448 |               for (int idx = 0; idx < children_new.size(); idx++)
      |                                 ~~~~^~~~~~~~~~~~~~~~~~~~~
/home/adnan-cdx/codex-isolated/gather_restickify_clean_20260706_113236/deeptools/dsc/foldManager/foldInfrastructure.h: In instantiation of ‘void FoldManager<Dtype>::getFlattenedCoordinates(std::vector<std::deque<long int> >&, const std::map<long int, long int>&, bool, bool) const [with Dtype = std::vector<unsigned int>]’:
/home/adnan-cdx/codex-isolated/gather_restickify_clean_20260706_113236/deeptools/dsc/foldManager/foldInfrastructure.h:2118:30:   required from ‘std::vector<Dtype> FoldManager<Dtype>::getAllData(const std::map<long int, long int>&, bool) const [with Dtype = std::vector<unsigned int>]’
 2118 |       getFlattenedCoordinates(coordinates, pos_to_fixCoord, scan_inner_outer);
      |       ~~~~~~~~~~~~~~~~~~~~~~~^~~~~~~~~~~~~~~~~~~~~~~~~~~~~~~~~~~~~~~~~~~~~~~~
/home/adnan-cdx/codex-isolated/gather_restickify_clean_20260706_113236/deeptools/dsc/pcfg.h:820:47:   required from here
  820 |     auto constants = constData.data.getAllData();
      |                      ~~~~~~~~~~~~~~~~~~~~~~~~~^~
/home/adnan-cdx/codex-isolated/gather_restickify_clean_20260706_113236/deeptools/dsc/foldManager/foldInfrastructure.h:1991:27: warning: comparison of integer expressions of different signedness: ‘int’ and ‘std::vector<std::pair<const FoldDimProp*, BaseFuncType> >::size_type’ {aka ‘long unsigned int’} [-Wsign-compare]
 1991 |         for (int i = 0; i < dim_prop_.size(); i++) {
      |                         ~~^~~~~~~~~~~~~~~~~~
/home/adnan-cdx/codex-isolated/gather_restickify_clean_20260706_113236/deeptools/dsc/foldManager/foldInfrastructure.h:2020:25: warning: comparison of integer expressions of different signedness: ‘int’ and ‘std::vector<long int>::size_type’ {aka ‘long unsigned int’} [-Wsign-compare]
 2020 |       for (int i = 0; i < unique_data_coords.size(); i++) {
      |                       ~~^~~~~~~~~~~~~~~~~~~~~~~~~~~
/home/adnan-cdx/codex-isolated/gather_restickify_clean_20260706_113236/deeptools/dsc/foldManager/foldInfrastructure.h:2022:30: warning: conversion from ‘std::vector<long int>::size_type’ {aka ‘long unsigned int’} to ‘int’ may change value [-Wconversion]
 2022 |             scan_inner_outer ? unique_data_coords.size() - 1 - i : i;
      |             ~~~~~~~~~~~~~~~~~^~~~~~~~~~~~~~~~~~~~~~~~~~~~~~~~~~~~~~~
/home/adnan-cdx/codex-isolated/gather_restickify_clean_20260706_113236/deeptools/dsc/foldManager/foldInfrastructure.h:2027:23: warning: conversion from ‘__gnu_cxx::__alloc_traits<std::allocator<long int>, long int>::value_type’ {aka ‘long int’} to ‘int’ may change value [-Wconversion]
 2027 |         repeat_factor *= unique_data_coords.at(dim_idx);
      |         ~~~~~~~~~~~~~~^~~~~~~~~~~~~~~~~~~~~~~~~~~~~~~~~
/home/adnan-cdx/codex-isolated/gather_restickify_clean_20260706_113236/deeptools/dsc/foldManager/foldInfrastructure.h: In instantiation of ‘bool FoldManager<Dtype>::isLegal(const std::deque<long int>&) const [with Dtype = std::vector<int>]’:
/home/adnan-cdx/codex-isolated/gather_restickify_clean_20260706_113236/deeptools/dsc/foldManager/foldInfrastructure.h:1692:12:   required from ‘Dtype FoldManager<Dtype>::getData(const std::deque<long int>&) const [with Dtype = std::vector<int>]’
 1692 |     isLegal(fold_dim_indices);
      |     ~~~~~~~^~~~~~~~~~~~~~~~~~
/home/adnan-cdx/codex-isolated/gather_restickify_clean_20260706_113236/deeptools/dsc/dataOpDsc.h:57:41:   required from here
   57 |     for (const auto& mid : memId.getData(fold_dim_indices)) {
      |                            ~~~~~~~~~~~~~^~~~~~~~~~~~~~~~~~
/home/adnan-cdx/codex-isolated/gather_restickify_clean_20260706_113236/deeptools/dsc/foldManager/foldInfrastructure.h:1676:27: warning: comparison of integer expressions of different signedness: ‘int’ and ‘std::deque<long int>::size_type’ {aka ‘long unsigned int’} [-Wsign-compare]
 1676 |     for (int idx = 0; idx < fold_dim_indices.size(); idx++) {
      |                       ~~~~^~~~~~~~~~~~~~~~~~~~~~~~~
/home/adnan-cdx/codex-isolated/gather_restickify_clean_20260706_113236/deeptools/dsc/foldManager/foldInfrastructure.h: In instantiation of ‘bool FoldManager<Dtype>::isLegal(const std::deque<long int>&) const [with Dtype = std::vector<long int>]’:
/home/adnan-cdx/codex-isolated/gather_restickify_clean_20260706_113236/deeptools/dsc/foldManager/foldInfrastructure.h:1692:12:   required from ‘Dtype FoldManager<Dtype>::getData(const std::deque<long int>&) const [with Dtype = std::vector<long int>]’
 1692 |     isLegal(fold_dim_indices);
      |     ~~~~~~~^~~~~~~~~~~~~~~~~~
/home/adnan-cdx/codex-isolated/gather_restickify_clean_20260706_113236/deeptools/dsc/dataOpDsc.h:67:36:   required from here
   67 |     auto st_vec = startAddr.getData(fold_dim_indices);
      |                   ~~~~~~~~~~~~~~~~~^~~~~~~~~~~~~~~~~~
/home/adnan-cdx/codex-isolated/gather_restickify_clean_20260706_113236/deeptools/dsc/foldManager/foldInfrastructure.h:1676:27: warning: comparison of integer expressions of different signedness: ‘int’ and ‘std::deque<long int>::size_type’ {aka ‘long unsigned int’} [-Wsign-compare]
 1676 |     for (int idx = 0; idx < fold_dim_indices.size(); idx++) {
      |                       ~~~~^~~~~~~~~~~~~~~~~~~~~~~~~
/home/adnan-cdx/codex-isolated/gather_restickify_clean_20260706_113236/deeptools/dsc/foldManager/foldInfrastructure.h: In instantiation of ‘void FoldManager<Dtype>::buildDim(const FoldDimProp*, BaseFuncType, int) [with Dtype = std::vector<int>]’:
/home/adnan-cdx/codex-isolated/gather_restickify_clean_20260706_113236/deeptools/dsc/foldManager/foldInfrastructure.h:1005:13:   required from ‘void FoldManager<Dtype>::clone(const FoldManager<Dtype>&, const std::map<int, int>&) [with Dtype = std::vector<int>]’
 1005 |       this->buildDim(rhs.dim_prop_.at(idx).first, rhs.dim_prop_.at(idx).second,
      |       ~~~~~~^~~~~~~~
/home/adnan-cdx/codex-isolated/gather_restickify_clean_20260706_113236/deeptools/dsc/dataOpDsc.h:80:16:   required from here
   80 |     memId.clone(rhs.memId);
      |     ~~~~~~~~~~~^~~~~~~~~~~
/home/adnan-cdx/codex-isolated/gather_restickify_clean_20260706_113236/deeptools/dsc/foldManager/foldInfrastructure.h:1363:33: warning: comparison of integer expressions of different signedness: ‘int’ and ‘std::vector<FoldFunction<std::vector<int> >*, std::allocator<FoldFunction<std::vector<int> >*> >::size_type’ {aka ‘long unsigned int’} [-Wsign-compare]
 1363 |           for (int idx = 0; idx < children.size(); idx++)
      |                             ~~~~^~~~~~~~~~~~~~~~~
/home/adnan-cdx/codex-isolated/gather_restickify_clean_20260706_113236/deeptools/dsc/foldManager/foldInfrastructure.h:1372:22: warning: comparison of integer expressions of different signedness: ‘int’ and ‘std::vector<std::pair<const FoldDimProp*, BaseFuncType> >::size_type’ {aka ‘long unsigned int’} [-Wsign-compare]
 1372 |       } else if (pos == dim_prop_.size()) {
      |                  ~~~~^~~~~~~~~~~~~~~~~~~
/home/adnan-cdx/codex-isolated/gather_restickify_clean_20260706_113236/deeptools/dsc/foldManager/foldInfrastructure.h:1388:37: warning: comparison of integer expressions of different signedness: ‘int’ and ‘std::vector<FoldFunction<std::vector<int> >*, std::allocator<FoldFunction<std::vector<int> >*> >::size_type’ {aka ‘long unsigned int’} [-Wsign-compare]
 1388 |               for (int idx = 0; idx < children.size(); idx++) {
      |                                 ~~~~^~~~~~~~~~~~~~~~~
/home/adnan-cdx/codex-isolated/gather_restickify_clean_20260706_113236/deeptools/dsc/foldManager/foldInfrastructure.h:1408:22: warning: comparison of integer expressions of different signedness: ‘int’ and ‘std::vector<std::pair<const FoldDimProp*, BaseFuncType> >::size_type’ {aka ‘long unsigned int’} [-Wsign-compare]
 1408 |         DT_CHECK(pos < dim_prop_.size());
/home/adnan-cdx/codex-isolated/gather_restickify_clean_20260706_113236/deeptools/util/dt_exception.hpp:112:11: note: in definition of macro ‘DT_CHECK_MSG’
  112 |     if (!(cond)) {                                                  \
      |           ^~~~
/home/adnan-cdx/codex-isolated/gather_restickify_clean_20260706_113236/deeptools/dsc/foldManager/foldInfrastructure.h:1408:9: note: in expansion of macro ‘DT_CHECK’
 1408 |         DT_CHECK(pos < dim_prop_.size());
      |         ^~~~~~~~
/home/adnan-cdx/codex-isolated/gather_restickify_clean_20260706_113236/deeptools/dsc/foldManager/foldInfrastructure.h:1421:35: warning: comparison of integer expressions of different signedness: ‘int’ and ‘std::vector<FoldFunction<std::vector<int> >*, std::allocator<FoldFunction<std::vector<int> >*> >::size_type’ {aka ‘long unsigned int’} [-Wsign-compare]
 1421 |             for (int idx = 0; idx < children.size(); idx++) {
      |                               ~~~~^~~~~~~~~~~~~~~~~
/home/adnan-cdx/codex-isolated/gather_restickify_clean_20260706_113236/deeptools/dsc/foldManager/foldInfrastructure.h:1431:39: warning: comparison of integer expressions of different signedness: ‘int’ and ‘std::vector<FoldFunction<std::vector<int> >*, std::allocator<FoldFunction<std::vector<int> >*> >::size_type’ {aka ‘long unsigned int’} [-Wsign-compare]
 1431 |                 for (int idx = 0; idx < children_new.size(); idx++)
      |                                   ~~~~^~~~~~~~~~~~~~~~~~~~~
/home/adnan-cdx/codex-isolated/gather_restickify_clean_20260706_113236/deeptools/dsc/foldManager/foldInfrastructure.h:1448:37: warning: comparison of integer expressions of different signedness: ‘int’ and ‘std::vector<FoldFunction<std::vector<int> >*, std::allocator<FoldFunction<std::vector<int> >*> >::size_type’ {aka ‘long unsigned int’} [-Wsign-compare]
 1448 |               for (int idx = 0; idx < children_new.size(); idx++)
      |                                 ~~~~^~~~~~~~~~~~~~~~~~~~~
/home/adnan-cdx/codex-isolated/gather_restickify_clean_20260706_113236/deeptools/dsc/foldManager/foldInfrastructure.h: In instantiation of ‘void FoldManager<Dtype>::buildDim(const FoldDimProp*, BaseFuncType, int) [with Dtype = std::vector<long int>]’:
/home/adnan-cdx/codex-isolated/gather_restickify_clean_20260706_113236/deeptools/dsc/foldManager/foldInfrastructure.h:1005:13:   required from ‘void FoldManager<Dtype>::clone(const FoldManager<Dtype>&, const std::map<int, int>&) [with Dtype = std::vector<long int>]’
 1005 |       this->buildDim(rhs.dim_prop_.at(idx).first, rhs.dim_prop_.at(idx).second,
      |       ~~~~~~^~~~~~~~
/home/adnan-cdx/codex-isolated/gather_restickify_clean_20260706_113236/deeptools/dsc/dataOpDsc.h:81:20:   required from here
   81 |     startAddr.clone(rhs.startAddr);
      |     ~~~~~~~~~~~~~~~^~~~~~~~~~~~~~~
/home/adnan-cdx/codex-isolated/gather_restickify_clean_20260706_113236/deeptools/dsc/foldManager/foldInfrastructure.h:1363:33: warning: comparison of integer expressions of different signedness: ‘int’ and ‘std::vector<FoldFunction<std::vector<long int> >*, std::allocator<FoldFunction<std::vector<long int> >*> >::size_type’ {aka ‘long unsigned int’} [-Wsign-compare]
 1363 |           for (int idx = 0; idx < children.size(); idx++)
      |                             ~~~~^~~~~~~~~~~~~~~~~
/home/adnan-cdx/codex-isolated/gather_restickify_clean_20260706_113236/deeptools/dsc/foldManager/foldInfrastructure.h:1372:22: warning: comparison of integer expressions of different signedness: ‘int’ and ‘std::vector<std::pair<const FoldDimProp*, BaseFuncType> >::size_type’ {aka ‘long unsigned int’} [-Wsign-compare]
 1372 |       } else if (pos == dim_prop_.size()) {
      |                  ~~~~^~~~~~~~~~~~~~~~~~~
/home/adnan-cdx/codex-isolated/gather_restickify_clean_20260706_113236/deeptools/dsc/foldManager/foldInfrastructure.h:1388:37: warning: comparison of integer expressions of different signedness: ‘int’ and ‘std::vector<FoldFunction<std::vector<long int> >*, std::allocator<FoldFunction<std::vector<long int> >*> >::size_type’ {aka ‘long unsigned int’} [-Wsign-compare]
 1388 |               for (int idx = 0; idx < children.size(); idx++) {
      |                                 ~~~~^~~~~~~~~~~~~~~~~
/home/adnan-cdx/codex-isolated/gather_restickify_clean_20260706_113236/deeptools/dsc/foldManager/foldInfrastructure.h:1408:22: warning: comparison of integer expressions of different signedness: ‘int’ and ‘std::vector<std::pair<const FoldDimProp*, BaseFuncType> >::size_type’ {aka ‘long unsigned int’} [-Wsign-compare]
 1408 |         DT_CHECK(pos < dim_prop_.size());
/home/adnan-cdx/codex-isolated/gather_restickify_clean_20260706_113236/deeptools/util/dt_exception.hpp:112:11: note: in definition of macro ‘DT_CHECK_MSG’
  112 |     if (!(cond)) {                                                  \
      |           ^~~~
/home/adnan-cdx/codex-isolated/gather_restickify_clean_20260706_113236/deeptools/dsc/foldManager/foldInfrastructure.h:1408:9: note: in expansion of macro ‘DT_CHECK’
 1408 |         DT_CHECK(pos < dim_prop_.size());
      |         ^~~~~~~~
/home/adnan-cdx/codex-isolated/gather_restickify_clean_20260706_113236/deeptools/dsc/foldManager/foldInfrastructure.h:1421:35: warning: comparison of integer expressions of different signedness: ‘int’ and ‘std::vector<FoldFunction<std::vector<long int> >*, std::allocator<FoldFunction<std::vector<long int> >*> >::size_type’ {aka ‘long unsigned int’} [-Wsign-compare]
 1421 |             for (int idx = 0; idx < children.size(); idx++) {
      |                               ~~~~^~~~~~~~~~~~~~~~~
/home/adnan-cdx/codex-isolated/gather_restickify_clean_20260706_113236/deeptools/dsc/foldManager/foldInfrastructure.h:1431:39: warning: comparison of integer expressions of different signedness: ‘int’ and ‘std::vector<FoldFunction<std::vector<long int> >*, std::allocator<FoldFunction<std::vector<long int> >*> >::size_type’ {aka ‘long unsigned int’} [-Wsign-compare]
 1431 |                 for (int idx = 0; idx < children_new.size(); idx++)
      |                                   ~~~~^~~~~~~~~~~~~~~~~~~~~
/home/adnan-cdx/codex-isolated/gather_restickify_clean_20260706_113236/deeptools/dsc/foldManager/foldInfrastructure.h:1448:37: warning: comparison of integer expressions of different signedness: ‘int’ and ‘std::vector<FoldFunction<std::vector<long int> >*, std::allocator<FoldFunction<std::vector<long int> >*> >::size_type’ {aka ‘long unsigned int’} [-Wsign-compare]
 1448 |               for (int idx = 0; idx < children_new.size(); idx++)
      |                                 ~~~~^~~~~~~~~~~~~~~~~~~~~
/home/adnan-cdx/codex-isolated/gather_restickify_clean_20260706_113236/deeptools/dsc/foldManager/foldInfrastructure.h: In instantiation of ‘void FoldManager<Dtype>::getFlattenedCoordinates(std::vector<std::deque<long int> >&, const std::map<long int, long int>&, bool, bool) const [with Dtype = std::vector<int>]’:
/home/adnan-cdx/codex-isolated/gather_restickify_clean_20260706_113236/deeptools/dsc/foldManager/foldInfrastructure.h:2048:28:   required from ‘std::vector<std::deque<long int> > FoldManager<Dtype>::getFlattenedCoordinates(const std::map<long int, long int>&, bool, bool) const [with Dtype = std::vector<int>]’
 2048 |     getFlattenedCoordinates(coordinates, pos_to_fixCoord, scan_inner_outer,
      |     ~~~~~~~~~~~~~~~~~~~~~~~^~~~~~~~~~~~~~~~~~~~~~~~~~~~~~~~~~~~~~~~~~~~~~~~
 2049 |                             expand_if_any_map);
      |                             ~~~~~~~~~~~~~~~~~~
/home/adnan-cdx/codex-isolated/gather_restickify_clean_20260706_113236/deeptools/dsc/dataOpDsc.h:125:56:   required from here
  125 |       for (auto& fcoord : memId.getFlattenedCoordinates()) {
      |                           ~~~~~~~~~~~~~~~~~~~~~~~~~~~~~^~
/home/adnan-cdx/codex-isolated/gather_restickify_clean_20260706_113236/deeptools/dsc/foldManager/foldInfrastructure.h:1991:27: warning: comparison of integer expressions of different signedness: ‘int’ and ‘std::vector<std::pair<const FoldDimProp*, BaseFuncType> >::size_type’ {aka ‘long unsigned int’} [-Wsign-compare]
 1991 |         for (int i = 0; i < dim_prop_.size(); i++) {
      |                         ~~^~~~~~~~~~~~~~~~~~
/home/adnan-cdx/codex-isolated/gather_restickify_clean_20260706_113236/deeptools/dsc/foldManager/foldInfrastructure.h:2020:25: warning: comparison of integer expressions of different signedness: ‘int’ and ‘std::vector<long int>::size_type’ {aka ‘long unsigned int’} [-Wsign-compare]
 2020 |       for (int i = 0; i < unique_data_coords.size(); i++) {
      |                       ~~^~~~~~~~~~~~~~~~~~~~~~~~~~~
/home/adnan-cdx/codex-isolated/gather_restickify_clean_20260706_113236/deeptools/dsc/foldManager/foldInfrastructure.h:2022:30: warning: conversion from ‘std::vector<long int>::size_type’ {aka ‘long unsigned int’} to ‘int’ may change value [-Wconversion]
 2022 |             scan_inner_outer ? unique_data_coords.size() - 1 - i : i;
      |             ~~~~~~~~~~~~~~~~~^~~~~~~~~~~~~~~~~~~~~~~~~~~~~~~~~~~~~~~
/home/adnan-cdx/codex-isolated/gather_restickify_clean_20260706_113236/deeptools/dsc/foldManager/foldInfrastructure.h:2027:23: warning: conversion from ‘__gnu_cxx::__alloc_traits<std::allocator<long int>, long int>::value_type’ {aka ‘long int’} to ‘int’ may change value [-Wconversion]
 2027 |         repeat_factor *= unique_data_coords.at(dim_idx);
      |         ~~~~~~~~~~~~~~^~~~~~~~~~~~~~~~~~~~~~~~~~~~~~~~~
/home/adnan-cdx/codex-isolated/gather_restickify_clean_20260706_113236/deeptools/dsc/foldManager/foldInfrastructure.h: In instantiation of ‘void FoldManager<Dtype>::getFlattenedCoordinates(std::vector<std::deque<long int> >&, const std::map<long int, long int>&, bool, bool) const [with Dtype = std::vector<long int>]’:
/home/adnan-cdx/codex-isolated/gather_restickify_clean_20260706_113236/deeptools/dsc/foldManager/foldInfrastructure.h:2048:28:   required from ‘std::vector<std::deque<long int> > FoldManager<Dtype>::getFlattenedCoordinates(const std::map<long int, long int>&, bool, bool) const [with Dtype = std::vector<long int>]’
 2048 |     getFlattenedCoordinates(coordinates, pos_to_fixCoord, scan_inner_outer,
      |     ~~~~~~~~~~~~~~~~~~~~~~~^~~~~~~~~~~~~~~~~~~~~~~~~~~~~~~~~~~~~~~~~~~~~~~~
 2049 |                             expand_if_any_map);
      |                             ~~~~~~~~~~~~~~~~~~
/home/adnan-cdx/codex-isolated/gather_restickify_clean_20260706_113236/deeptools/dsc/dataOpDsc.h:161:60:   required from here
  161 |       for (auto& fcoord : startAddr.getFlattenedCoordinates())
      |                           ~~~~~~~~~~~~~~~~~~~~~~~~~~~~~~~~~^~
/home/adnan-cdx/codex-isolated/gather_restickify_clean_20260706_113236/deeptools/dsc/foldManager/foldInfrastructure.h:1991:27: warning: comparison of integer expressions of different signedness: ‘int’ and ‘std::vector<std::pair<const FoldDimProp*, BaseFuncType> >::size_type’ {aka ‘long unsigned int’} [-Wsign-compare]
 1991 |         for (int i = 0; i < dim_prop_.size(); i++) {
      |                         ~~^~~~~~~~~~~~~~~~~~
/home/adnan-cdx/codex-isolated/gather_restickify_clean_20260706_113236/deeptools/dsc/foldManager/foldInfrastructure.h:2020:25: warning: comparison of integer expressions of different signedness: ‘int’ and ‘std::vector<long int>::size_type’ {aka ‘long unsigned int’} [-Wsign-compare]
 2020 |       for (int i = 0; i < unique_data_coords.size(); i++) {
      |                       ~~^~~~~~~~~~~~~~~~~~~~~~~~~~~
/home/adnan-cdx/codex-isolated/gather_restickify_clean_20260706_113236/deeptools/dsc/foldManager/foldInfrastructure.h:2022:30: warning: conversion from ‘std::vector<long int>::size_type’ {aka ‘long unsigned int’} to ‘int’ may change value [-Wconversion]
 2022 |             scan_inner_outer ? unique_data_coords.size() - 1 - i : i;
      |             ~~~~~~~~~~~~~~~~~^~~~~~~~~~~~~~~~~~~~~~~~~~~~~~~~~~~~~~~
/home/adnan-cdx/codex-isolated/gather_restickify_clean_20260706_113236/deeptools/dsc/foldManager/foldInfrastructure.h:2027:23: warning: conversion from ‘__gnu_cxx::__alloc_traits<std::allocator<long int>, long int>::value_type’ {aka ‘long int’} to ‘int’ may change value [-Wconversion]
 2027 |         repeat_factor *= unique_data_coords.at(dim_idx);
      |         ~~~~~~~~~~~~~~^~~~~~~~~~~~~~~~~~~~~~~~~~~~~~~~~
/home/adnan-cdx/codex-isolated/gather_restickify_clean_20260706_113236/deeptools/dsc/foldManager/foldInfrastructure.h: In instantiation of ‘void FoldManager<Dtype>::buildDim(const FoldDimProp*, BaseFuncType, int) [with Dtype = int]’:
/home/adnan-cdx/codex-isolated/gather_restickify_clean_20260706_113236/deeptools/dsc/foldManager/foldInfrastructure.h:1005:13:   required from ‘void FoldManager<Dtype>::clone(const FoldManager<Dtype>&, const std::map<int, int>&) [with Dtype = int]’
 1005 |       this->buildDim(rhs.dim_prop_.at(idx).first, rhs.dim_prop_.at(idx).second,
      |       ~~~~~~^~~~~~~~
/home/adnan-cdx/codex-isolated/gather_restickify_clean_20260706_113236/deeptools/dxp/SdscRelayoutInsertion.cpp:2056:36:   required from here
 2056 |     relayout_sdsc->sdscFolds_.clone(sdsc->sdscFolds_);
      |     ~~~~~~~~~~~~~~~~~~~~~~~~~~~~~~~^~~~~~~~~~~~~~~~~~
/home/adnan-cdx/codex-isolated/gather_restickify_clean_20260706_113236/deeptools/dsc/foldManager/foldInfrastructure.h:1363:33: warning: comparison of integer expressions of different signedness: ‘int’ and ‘std::vector<FoldFunction<int>*, std::allocator<FoldFunction<int>*> >::size_type’ {aka ‘long unsigned int’} [-Wsign-compare]
 1363 |           for (int idx = 0; idx < children.size(); idx++)
      |                             ~~~~^~~~~~~~~~~~~~~~~
/home/adnan-cdx/codex-isolated/gather_restickify_clean_20260706_113236/deeptools/dsc/foldManager/foldInfrastructure.h:1372:22: warning: comparison of integer expressions of different signedness: ‘int’ and ‘std::vector<std::pair<const FoldDimProp*, BaseFuncType> >::size_type’ {aka ‘long unsigned int’} [-Wsign-compare]
 1372 |       } else if (pos == dim_prop_.size()) {
      |                  ~~~~^~~~~~~~~~~~~~~~~~~
/home/adnan-cdx/codex-isolated/gather_restickify_clean_20260706_113236/deeptools/dsc/foldManager/foldInfrastructure.h:1388:37: warning: comparison of integer expressions of different signedness: ‘int’ and ‘std::vector<FoldFunction<int>*, std::allocator<FoldFunction<int>*> >::size_type’ {aka ‘long unsigned int’} [-Wsign-compare]
 1388 |               for (int idx = 0; idx < children.size(); idx++) {
      |                                 ~~~~^~~~~~~~~~~~~~~~~
/home/adnan-cdx/codex-isolated/gather_restickify_clean_20260706_113236/deeptools/dsc/foldManager/foldInfrastructure.h:1408:22: warning: comparison of integer expressions of different signedness: ‘int’ and ‘std::vector<std::pair<const FoldDimProp*, BaseFuncType> >::size_type’ {aka ‘long unsigned int’} [-Wsign-compare]
 1408 |         DT_CHECK(pos < dim_prop_.size());
/home/adnan-cdx/codex-isolated/gather_restickify_clean_20260706_113236/deeptools/util/dt_exception.hpp:112:11: note: in definition of macro ‘DT_CHECK_MSG’
  112 |     if (!(cond)) {                                                  \
      |           ^~~~
/home/adnan-cdx/codex-isolated/gather_restickify_clean_20260706_113236/deeptools/dsc/foldManager/foldInfrastructure.h:1408:9: note: in expansion of macro ‘DT_CHECK’
 1408 |         DT_CHECK(pos < dim_prop_.size());
      |         ^~~~~~~~
/home/adnan-cdx/codex-isolated/gather_restickify_clean_20260706_113236/deeptools/dsc/foldManager/foldInfrastructure.h:1421:35: warning: comparison of integer expressions of different signedness: ‘int’ and ‘std::vector<FoldFunction<int>*, std::allocator<FoldFunction<int>*> >::size_type’ {aka ‘long unsigned int’} [-Wsign-compare]
 1421 |             for (int idx = 0; idx < children.size(); idx++) {
      |                               ~~~~^~~~~~~~~~~~~~~~~
/home/adnan-cdx/codex-isolated/gather_restickify_clean_20260706_113236/deeptools/dsc/foldManager/foldInfrastructure.h:1431:39: warning: comparison of integer expressions of different signedness: ‘int’ and ‘std::vector<FoldFunction<int>*, std::allocator<FoldFunction<int>*> >::size_type’ {aka ‘long unsigned int’} [-Wsign-compare]
 1431 |                 for (int idx = 0; idx < children_new.size(); idx++)
      |                                   ~~~~^~~~~~~~~~~~~~~~~~~~~
/home/adnan-cdx/codex-isolated/gather_restickify_clean_20260706_113236/deeptools/dsc/foldManager/foldInfrastructure.h:1448:37: warning: comparison of integer expressions of different signedness: ‘int’ and ‘std::vector<FoldFunction<int>*, std::allocator<FoldFunction<int>*> >::size_type’ {aka ‘long unsigned int’} [-Wsign-compare]
 1448 |               for (int idx = 0; idx < children_new.size(); idx++)
      |                                 ~~~~^~~~~~~~~~~~~~~~~~~~~
/home/adnan-cdx/codex-isolated/gather_restickify_clean_20260706_113236/deeptools/dsc/foldManager/foldInfrastructure.h: In instantiation of ‘void FoldManager<Dtype>::getAllDimProFromPos(int, fm_dim_prop&) [with Dtype = long int; fm_dim_prop = std::vector<std::pair<const FoldDimProp*, BaseFuncType> >]’:
/home/adnan-cdx/codex-isolated/gather_restickify_clean_20260706_113236/deeptools/dsc/foldManager/foldInfrastructure.h:1355:11:   required from ‘void FoldManager<Dtype>::buildDim(const FoldDimProp*, BaseFuncType, int) [with Dtype = long int]’
 1355 |           getAllDimProFromPos(pos, dim_prop_sub_tree);
      |           ^~~~~~~~~~~~~~~~~~~
/home/adnan-cdx/codex-isolated/gather_restickify_clean_20260706_113236/deeptools/dsc/foldManager/foldInfrastructure.h:1005:13:   required from ‘void FoldManager<Dtype>::clone(const FoldManager<Dtype>&, const std::map<int, int>&) [with Dtype = long int]’
 1005 |       this->buildDim(rhs.dim_prop_.at(idx).first, rhs.dim_prop_.at(idx).second,
      |       ~~~~~~^~~~~~~~
/home/adnan-cdx/codex-isolated/gather_restickify_clean_20260706_113236/deeptools/dsc/pcfg.h:318:23:   required from here
  318 |     srcStartAddr.clone(rhs.SrcStartAddr());
      |     ~~~~~~~~~~~~~~~~~~^~~~~~~~~~~~~~~~~~~~
/home/adnan-cdx/codex-isolated/gather_restickify_clean_20260706_113236/deeptools/dsc/foldManager/foldInfrastructure.h:2261:29: warning: comparison of integer expressions of different signedness: ‘int’ and ‘std::vector<std::pair<const FoldDimProp*, BaseFuncType> >::size_type’ {aka ‘long unsigned int’} [-Wsign-compare]
 2261 |     for (int idx = pos; idx < dim_prop_.size(); idx++)
      |                         ~~~~^~~~~~~~~~~~~~~~~~
/home/adnan-cdx/codex-isolated/gather_restickify_clean_20260706_113236/deeptools/dsc/foldManager/foldInfrastructure.h: In instantiation of ‘void FoldManager<Dtype>::createSubTreeForEachMapChild(FoldFunction<Dtype>*, const fm_dim_prop&) [with Dtype = long int; fm_dim_prop = std::vector<std::pair<const FoldDimProp*, BaseFuncType> >]’:
/home/adnan-cdx/codex-isolated/gather_restickify_clean_20260706_113236/deeptools/dsc/foldManager/foldInfrastructure.h:1360:11:   required from ‘void FoldManager<Dtype>::buildDim(const FoldDimProp*, BaseFuncType, int) [with Dtype = long int]’
 1360 |           createSubTreeForEachMapChild(parent_func_, dim_prop_sub_tree);
      |           ^~~~~~~~~~~~~~~~~~~~~~~~~~~~
/home/adnan-cdx/codex-isolated/gather_restickify_clean_20260706_113236/deeptools/dsc/foldManager/foldInfrastructure.h:1005:13:   required from ‘void FoldManager<Dtype>::clone(const FoldManager<Dtype>&, const std::map<int, int>&) [with Dtype = long int]’
 1005 |       this->buildDim(rhs.dim_prop_.at(idx).first, rhs.dim_prop_.at(idx).second,
      |       ~~~~~~^~~~~~~~
/home/adnan-cdx/codex-isolated/gather_restickify_clean_20260706_113236/deeptools/dsc/pcfg.h:318:23:   required from here
  318 |     srcStartAddr.clone(rhs.SrcStartAddr());
      |     ~~~~~~~~~~~~~~~~~~^~~~~~~~~~~~~~~~~~~~
/home/adnan-cdx/codex-isolated/gather_restickify_clean_20260706_113236/deeptools/dsc/foldManager/foldInfrastructure.h:2255:27: warning: comparison of integer expressions of different signedness: ‘int’ and ‘std::vector<FoldFunction<long int>*, std::allocator<FoldFunction<long int>*> >::size_type’ {aka ‘long unsigned int’} [-Wsign-compare]
 2255 |     for (int idx = 0; idx < children.size(); idx++)
      |                       ~~~~^~~~~~~~~~~~~~~~~
/home/adnan-cdx/codex-isolated/gather_restickify_clean_20260706_113236/deeptools/dsc/foldManager/foldInfrastructure.h: In instantiation of ‘void FoldFunction<Dtype>::insertFunc(FoldFunction<Dtype>*) [with Dtype = long int]’:
/home/adnan-cdx/codex-isolated/gather_restickify_clean_20260706_113236/deeptools/dsc/foldManager/foldInfrastructure.h:1397:29:   required from ‘void FoldManager<Dtype>::buildDim(const FoldDimProp*, BaseFuncType, int) [with Dtype = long int]’
 1397 |               ff->insertFunc(new_child);
      |               ~~~~~~~~~~~~~~^~~~~~~~~~~
/home/adnan-cdx/codex-isolated/gather_restickify_clean_20260706_113236/deeptools/dsc/foldManager/foldInfrastructure.h:1005:13:   required from ‘void FoldManager<Dtype>::clone(const FoldManager<Dtype>&, const std::map<int, int>&) [with Dtype = long int]’
 1005 |       this->buildDim(rhs.dim_prop_.at(idx).first, rhs.dim_prop_.at(idx).second,
      |       ~~~~~~^~~~~~~~
/home/adnan-cdx/codex-isolated/gather_restickify_clean_20260706_113236/deeptools/dsc/pcfg.h:318:23:   required from here
  318 |     srcStartAddr.clone(rhs.SrcStartAddr());
      |     ~~~~~~~~~~~~~~~~~~^~~~~~~~~~~~~~~~~~~~
/home/adnan-cdx/codex-isolated/gather_restickify_clean_20260706_113236/deeptools/dsc/foldManager/foldInfrastructure.h:218:48: warning: unused parameter ‘new_func’ [-Wunused-parameter]
  218 |   virtual void insertFunc(FoldFunction<Dtype>* new_func) {
      |                           ~~~~~~~~~~~~~~~~~~~~~^~~~~~~~
/home/adnan-cdx/codex-isolated/gather_restickify_clean_20260706_113236/deeptools/dsc/foldManager/foldInfrastructure.h: In instantiation of ‘void FoldManager<Dtype>::getAllDimProFromPos(int, fm_dim_prop&) [with Dtype = std::vector<unsigned int>; fm_dim_prop = std::vector<std::pair<const FoldDimProp*, BaseFuncType> >]’:
/home/adnan-cdx/codex-isolated/gather_restickify_clean_20260706_113236/deeptools/dsc/foldManager/foldInfrastructure.h:1355:11:   required from ‘void FoldManager<Dtype>::buildDim(const FoldDimProp*, BaseFuncType, int) [with Dtype = std::vector<unsigned int>]’
 1355 |           getAllDimProFromPos(pos, dim_prop_sub_tree);
      |           ^~~~~~~~~~~~~~~~~~~
/home/adnan-cdx/codex-isolated/gather_restickify_clean_20260706_113236/deeptools/dsc/foldManager/foldInfrastructure.h:1005:13:   required from ‘void FoldManager<Dtype>::clone(const FoldManager<Dtype>&, const std::map<int, int>&) [with Dtype = std::vector<unsigned int>]’
 1005 |       this->buildDim(rhs.dim_prop_.at(idx).first, rhs.dim_prop_.at(idx).second,
      |       ~~~~~~^~~~~~~~
/home/adnan-cdx/codex-isolated/gather_restickify_clean_20260706_113236/deeptools/dsc/pcfg.h:727:53:   required from here
  727 |   ConstantData(const ConstantData& old) { data.clone(old.data); }
      |                                           ~~~~~~~~~~^~~~~~~~~~
/home/adnan-cdx/codex-isolated/gather_restickify_clean_20260706_113236/deeptools/dsc/foldManager/foldInfrastructure.h:2261:29: warning: comparison of integer expressions of different signedness: ‘int’ and ‘std::vector<std::pair<const FoldDimProp*, BaseFuncType> >::size_type’ {aka ‘long unsigned int’} [-Wsign-compare]
 2261 |     for (int idx = pos; idx < dim_prop_.size(); idx++)
      |                         ~~~~^~~~~~~~~~~~~~~~~~
/home/adnan-cdx/codex-isolated/gather_restickify_clean_20260706_113236/deeptools/dsc/foldManager/foldInfrastructure.h: In instantiation of ‘void FoldManager<Dtype>::createSubTreeForEachMapChild(FoldFunction<Dtype>*, const fm_dim_prop&) [with Dtype = std::vector<unsigned int>; fm_dim_prop = std::vector<std::pair<const FoldDimProp*, BaseFuncType> >]’:
/home/adnan-cdx/codex-isolated/gather_restickify_clean_20260706_113236/deeptools/dsc/foldManager/foldInfrastructure.h:1360:11:   required from ‘void FoldManager<Dtype>::buildDim(const FoldDimProp*, BaseFuncType, int) [with Dtype = std::vector<unsigned int>]’
 1360 |           createSubTreeForEachMapChild(parent_func_, dim_prop_sub_tree);
      |           ^~~~~~~~~~~~~~~~~~~~~~~~~~~~
/home/adnan-cdx/codex-isolated/gather_restickify_clean_20260706_113236/deeptools/dsc/foldManager/foldInfrastructure.h:1005:13:   required from ‘void FoldManager<Dtype>::clone(const FoldManager<Dtype>&, const std::map<int, int>&) [with Dtype = std::vector<unsigned int>]’
 1005 |       this->buildDim(rhs.dim_prop_.at(idx).first, rhs.dim_prop_.at(idx).second,
      |       ~~~~~~^~~~~~~~
/home/adnan-cdx/codex-isolated/gather_restickify_clean_20260706_113236/deeptools/dsc/pcfg.h:727:53:   required from here
  727 |   ConstantData(const ConstantData& old) { data.clone(old.data); }
      |                                           ~~~~~~~~~~^~~~~~~~~~
/home/adnan-cdx/codex-isolated/gather_restickify_clean_20260706_113236/deeptools/dsc/foldManager/foldInfrastructure.h:2255:27: warning: comparison of integer expressions of different signedness: ‘int’ and ‘std::vector<FoldFunction<std::vector<unsigned int> >*, std::allocator<FoldFunction<std::vector<unsigned int> >*> >::size_type’ {aka ‘long unsigned int’} [-Wsign-compare]
 2255 |     for (int idx = 0; idx < children.size(); idx++)
      |                       ~~~~^~~~~~~~~~~~~~~~~
/home/adnan-cdx/codex-isolated/gather_restickify_clean_20260706_113236/deeptools/dsc/foldManager/foldInfrastructure.h: In instantiation of ‘void FoldFunction<Dtype>::insertFunc(FoldFunction<Dtype>*) [with Dtype = std::vector<unsigned int>]’:
/home/adnan-cdx/codex-isolated/gather_restickify_clean_20260706_113236/deeptools/dsc/foldManager/foldInfrastructure.h:1397:29:   required from ‘void FoldManager<Dtype>::buildDim(const FoldDimProp*, BaseFuncType, int) [with Dtype = std::vector<unsigned int>]’
 1397 |               ff->insertFunc(new_child);
      |               ~~~~~~~~~~~~~~^~~~~~~~~~~
/home/adnan-cdx/codex-isolated/gather_restickify_clean_20260706_113236/deeptools/dsc/foldManager/foldInfrastructure.h:1005:13:   required from ‘void FoldManager<Dtype>::clone(const FoldManager<Dtype>&, const std::map<int, int>&) [with Dtype = std::vector<unsigned int>]’
 1005 |       this->buildDim(rhs.dim_prop_.at(idx).first, rhs.dim_prop_.at(idx).second,
      |       ~~~~~~^~~~~~~~
/home/adnan-cdx/codex-isolated/gather_restickify_clean_20260706_113236/deeptools/dsc/pcfg.h:727:53:   required from here
  727 |   ConstantData(const ConstantData& old) { data.clone(old.data); }
      |                                           ~~~~~~~~~~^~~~~~~~~~
/home/adnan-cdx/codex-isolated/gather_restickify_clean_20260706_113236/deeptools/dsc/foldManager/foldInfrastructure.h:218:48: warning: unused parameter ‘new_func’ [-Wunused-parameter]
  218 |   virtual void insertFunc(FoldFunction<Dtype>* new_func) {
      |                           ~~~~~~~~~~~~~~~~~~~~~^~~~~~~~
/home/adnan-cdx/codex-isolated/gather_restickify_clean_20260706_113236/deeptools/dsc/foldManager/foldInfrastructure.h: In instantiation of ‘bool FoldManager<Dtype>::isLegal(const std::deque<long int>&) const [with Dtype = std::vector<unsigned int>]’:
/home/adnan-cdx/codex-isolated/gather_restickify_clean_20260706_113236/deeptools/dsc/foldManager/foldInfrastructure.h:1692:12:   required from ‘Dtype FoldManager<Dtype>::getData(const std::deque<long int>&) const [with Dtype = std::vector<unsigned int>]’
 1692 |     isLegal(fold_dim_indices);
      |     ~~~~~~~^~~~~~~~~~~~~~~~~~
/home/adnan-cdx/codex-isolated/gather_restickify_clean_20260706_113236/deeptools/dsc/foldManager/foldInfrastructure.h:2121:35:   required from ‘std::vector<Dtype> FoldManager<Dtype>::getAllData(const std::map<long int, long int>&, bool) const [with Dtype = std::vector<unsigned int>]’
 2121 |         all_data.at(idx) = getData(coordinates.at(idx));
      |                            ~~~~~~~^~~~~~~~~~~~~~~~~~~~~
/home/adnan-cdx/codex-isolated/gather_restickify_clean_20260706_113236/deeptools/dsc/pcfg.h:820:47:   required from here
  820 |     auto constants = constData.data.getAllData();
      |                      ~~~~~~~~~~~~~~~~~~~~~~~~~^~
/home/adnan-cdx/codex-isolated/gather_restickify_clean_20260706_113236/deeptools/dsc/foldManager/foldInfrastructure.h:1676:27: warning: comparison of integer expressions of different signedness: ‘int’ and ‘std::deque<long int>::size_type’ {aka ‘long unsigned int’} [-Wsign-compare]
 1676 |     for (int idx = 0; idx < fold_dim_indices.size(); idx++) {
      |                       ~~~~^~~~~~~~~~~~~~~~~~~~~~~~~
/home/adnan-cdx/codex-isolated/gather_restickify_clean_20260706_113236/deeptools/dsc/foldManager/foldInfrastructure.h: In instantiation of ‘Dtype AffineFoldFunction_Leaf<Dtype>::getDataAffine(const std::deque<long int>&, size_t) const [with T = std::vector<int>; typename std::enable_if<(!((std::is_arithmetic<T>::value || std::is_same<T, std::pair<long int, long int> >::value) || std::is_same<T, std::vector<std::pair<long int, long int> > >::value)), bool>::type <anonymous> = true; Dtype = std::vector<int>; size_t = long unsigned int]’:
/home/adnan-cdx/codex-isolated/gather_restickify_clean_20260706_113236/deeptools/dsc/foldManager/foldInfrastructure.h:558:25:   required from ‘Dtype AffineFoldFunction_Leaf<Dtype>::getData(const std::deque<long int>&, size_t) const [with Dtype = std::vector<int>; size_t = long unsigned int]’
  558 |     return getDataAffine(fold_dim_indices, idx);
      |            ~~~~~~~~~~~~~^~~~~~~~~~~~~~~~~~~~~~~
/home/adnan-cdx/codex-isolated/gather_restickify_clean_20260706_113236/deeptools/dsc/foldManager/foldInfrastructure.h:1699:38:   required from ‘Dtype FoldManager<Dtype>::getData(const std::deque<long int>&) const [with Dtype = std::vector<int>]’
 1699 |       return affine_leaf_ptr->getData(fold_dim_indices, 0);
      |              ~~~~~~~~~~~~~~~~~~~~~~~~^~~~~~~~~~~~~~~~~~~~~
/home/adnan-cdx/codex-isolated/gather_restickify_clean_20260706_113236/deeptools/dsc/dataOpDsc.h:57:41:   required from here
   57 |     for (const auto& mid : memId.getData(fold_dim_indices)) {
      |                            ~~~~~~~~~~~~~^~~~~~~~~~~~~~~~~~
/home/adnan-cdx/codex-isolated/gather_restickify_clean_20260706_113236/deeptools/dsc/foldManager/foldInfrastructure.h:571:10: warning: unused variable ‘dim_index’ [-Wunused-variable]
  571 |     auto dim_index = fold_dim_indices.at(idx);
      |          ^~~~~~~~~
/home/adnan-cdx/codex-isolated/gather_restickify_clean_20260706_113236/deeptools/dsc/foldManager/foldInfrastructure.h: In instantiation of ‘Dtype AffineFoldFunction_Leaf<Dtype>::getDataAffine(const std::deque<long int>&, size_t) const [with T = std::vector<long int>; typename std::enable_if<(!((std::is_arithmetic<T>::value || std::is_same<T, std::pair<long int, long int> >::value) || std::is_same<T, std::vector<std::pair<long int, long int> > >::value)), bool>::type <anonymous> = true; Dtype = std::vector<long int>; size_t = long unsigned int]’:
/home/adnan-cdx/codex-isolated/gather_restickify_clean_20260706_113236/deeptools/dsc/foldManager/foldInfrastructure.h:558:25:   required from ‘Dtype AffineFoldFunction_Leaf<Dtype>::getData(const std::deque<long int>&, size_t) const [with Dtype = std::vector<long int>; size_t = long unsigned int]’
  558 |     return getDataAffine(fold_dim_indices, idx);
      |            ~~~~~~~~~~~~~^~~~~~~~~~~~~~~~~~~~~~~
/home/adnan-cdx/codex-isolated/gather_restickify_clean_20260706_113236/deeptools/dsc/foldManager/foldInfrastructure.h:1699:38:   required from ‘Dtype FoldManager<Dtype>::getData(const std::deque<long int>&) const [with Dtype = std::vector<long int>]’
 1699 |       return affine_leaf_ptr->getData(fold_dim_indices, 0);
      |              ~~~~~~~~~~~~~~~~~~~~~~~~^~~~~~~~~~~~~~~~~~~~~
/home/adnan-cdx/codex-isolated/gather_restickify_clean_20260706_113236/deeptools/dsc/dataOpDsc.h:67:36:   required from here
   67 |     auto st_vec = startAddr.getData(fold_dim_indices);
      |                   ~~~~~~~~~~~~~~~~~^~~~~~~~~~~~~~~~~~
/home/adnan-cdx/codex-isolated/gather_restickify_clean_20260706_113236/deeptools/dsc/foldManager/foldInfrastructure.h:571:10: warning: unused variable ‘dim_index’ [-Wunused-variable]
  571 |     auto dim_index = fold_dim_indices.at(idx);
      |          ^~~~~~~~~
/home/adnan-cdx/codex-isolated/gather_restickify_clean_20260706_113236/deeptools/dsc/foldManager/foldInfrastructure.h: In instantiation of ‘void FoldManager<Dtype>::getAllDimProFromPos(int, fm_dim_prop&) [with Dtype = std::vector<int>; fm_dim_prop = std::vector<std::pair<const FoldDimProp*, BaseFuncType> >]’:
/home/adnan-cdx/codex-isolated/gather_restickify_clean_20260706_113236/deeptools/dsc/foldManager/foldInfrastructure.h:1355:11:   required from ‘void FoldManager<Dtype>::buildDim(const FoldDimProp*, BaseFuncType, int) [with Dtype = std::vector<int>]’
 1355 |           getAllDimProFromPos(pos, dim_prop_sub_tree);
      |           ^~~~~~~~~~~~~~~~~~~
/home/adnan-cdx/codex-isolated/gather_restickify_clean_20260706_113236/deeptools/dsc/foldManager/foldInfrastructure.h:1005:13:   required from ‘void FoldManager<Dtype>::clone(const FoldManager<Dtype>&, const std::map<int, int>&) [with Dtype = std::vector<int>]’
 1005 |       this->buildDim(rhs.dim_prop_.at(idx).first, rhs.dim_prop_.at(idx).second,
      |       ~~~~~~^~~~~~~~
/home/adnan-cdx/codex-isolated/gather_restickify_clean_20260706_113236/deeptools/dsc/dataOpDsc.h:80:16:   required from here
   80 |     memId.clone(rhs.memId);
      |     ~~~~~~~~~~~^~~~~~~~~~~
/home/adnan-cdx/codex-isolated/gather_restickify_clean_20260706_113236/deeptools/dsc/foldManager/foldInfrastructure.h:2261:29: warning: comparison of integer expressions of different signedness: ‘int’ and ‘std::vector<std::pair<const FoldDimProp*, BaseFuncType> >::size_type’ {aka ‘long unsigned int’} [-Wsign-compare]
 2261 |     for (int idx = pos; idx < dim_prop_.size(); idx++)
      |                         ~~~~^~~~~~~~~~~~~~~~~~
/home/adnan-cdx/codex-isolated/gather_restickify_clean_20260706_113236/deeptools/dsc/foldManager/foldInfrastructure.h: In instantiation of ‘void FoldManager<Dtype>::createSubTreeForEachMapChild(FoldFunction<Dtype>*, const fm_dim_prop&) [with Dtype = std::vector<int>; fm_dim_prop = std::vector<std::pair<const FoldDimProp*, BaseFuncType> >]’:
/home/adnan-cdx/codex-isolated/gather_restickify_clean_20260706_113236/deeptools/dsc/foldManager/foldInfrastructure.h:1360:11:   required from ‘void FoldManager<Dtype>::buildDim(const FoldDimProp*, BaseFuncType, int) [with Dtype = std::vector<int>]’
 1360 |           createSubTreeForEachMapChild(parent_func_, dim_prop_sub_tree);
      |           ^~~~~~~~~~~~~~~~~~~~~~~~~~~~
/home/adnan-cdx/codex-isolated/gather_restickify_clean_20260706_113236/deeptools/dsc/foldManager/foldInfrastructure.h:1005:13:   required from ‘void FoldManager<Dtype>::clone(const FoldManager<Dtype>&, const std::map<int, int>&) [with Dtype = std::vector<int>]’
 1005 |       this->buildDim(rhs.dim_prop_.at(idx).first, rhs.dim_prop_.at(idx).second,
      |       ~~~~~~^~~~~~~~
/home/adnan-cdx/codex-isolated/gather_restickify_clean_20260706_113236/deeptools/dsc/dataOpDsc.h:80:16:   required from here
   80 |     memId.clone(rhs.memId);
      |     ~~~~~~~~~~~^~~~~~~~~~~
/home/adnan-cdx/codex-isolated/gather_restickify_clean_20260706_113236/deeptools/dsc/foldManager/foldInfrastructure.h:2255:27: warning: comparison of integer expressions of different signedness: ‘int’ and ‘std::vector<FoldFunction<std::vector<int> >*, std::allocator<FoldFunction<std::vector<int> >*> >::size_type’ {aka ‘long unsigned int’} [-Wsign-compare]
 2255 |     for (int idx = 0; idx < children.size(); idx++)
      |                       ~~~~^~~~~~~~~~~~~~~~~
/home/adnan-cdx/codex-isolated/gather_restickify_clean_20260706_113236/deeptools/dsc/foldManager/foldInfrastructure.h: In instantiation of ‘void FoldFunction<Dtype>::insertFunc(FoldFunction<Dtype>*) [with Dtype = std::vector<int>]’:
/home/adnan-cdx/codex-isolated/gather_restickify_clean_20260706_113236/deeptools/dsc/foldManager/foldInfrastructure.h:1397:29:   required from ‘void FoldManager<Dtype>::buildDim(const FoldDimProp*, BaseFuncType, int) [with Dtype = std::vector<int>]’
 1397 |               ff->insertFunc(new_child);
      |               ~~~~~~~~~~~~~~^~~~~~~~~~~
/home/adnan-cdx/codex-isolated/gather_restickify_clean_20260706_113236/deeptools/dsc/foldManager/foldInfrastructure.h:1005:13:   required from ‘void FoldManager<Dtype>::clone(const FoldManager<Dtype>&, const std::map<int, int>&) [with Dtype = std::vector<int>]’
 1005 |       this->buildDim(rhs.dim_prop_.at(idx).first, rhs.dim_prop_.at(idx).second,
      |       ~~~~~~^~~~~~~~
/home/adnan-cdx/codex-isolated/gather_restickify_clean_20260706_113236/deeptools/dsc/dataOpDsc.h:80:16:   required from here
   80 |     memId.clone(rhs.memId);
      |     ~~~~~~~~~~~^~~~~~~~~~~
/home/adnan-cdx/codex-isolated/gather_restickify_clean_20260706_113236/deeptools/dsc/foldManager/foldInfrastructure.h:218:48: warning: unused parameter ‘new_func’ [-Wunused-parameter]
  218 |   virtual void insertFunc(FoldFunction<Dtype>* new_func) {
      |                           ~~~~~~~~~~~~~~~~~~~~~^~~~~~~~
/home/adnan-cdx/codex-isolated/gather_restickify_clean_20260706_113236/deeptools/dsc/foldManager/foldInfrastructure.h: In instantiation of ‘void FoldManager<Dtype>::getAllDimProFromPos(int, fm_dim_prop&) [with Dtype = std::vector<long int>; fm_dim_prop = std::vector<std::pair<const FoldDimProp*, BaseFuncType> >]’:
/home/adnan-cdx/codex-isolated/gather_restickify_clean_20260706_113236/deeptools/dsc/foldManager/foldInfrastructure.h:1355:11:   required from ‘void FoldManager<Dtype>::buildDim(const FoldDimProp*, BaseFuncType, int) [with Dtype = std::vector<long int>]’
 1355 |           getAllDimProFromPos(pos, dim_prop_sub_tree);
      |           ^~~~~~~~~~~~~~~~~~~
/home/adnan-cdx/codex-isolated/gather_restickify_clean_20260706_113236/deeptools/dsc/foldManager/foldInfrastructure.h:1005:13:   required from ‘void FoldManager<Dtype>::clone(const FoldManager<Dtype>&, const std::map<int, int>&) [with Dtype = std::vector<long int>]’
 1005 |       this->buildDim(rhs.dim_prop_.at(idx).first, rhs.dim_prop_.at(idx).second,
      |       ~~~~~~^~~~~~~~
/home/adnan-cdx/codex-isolated/gather_restickify_clean_20260706_113236/deeptools/dsc/dataOpDsc.h:81:20:   required from here
   81 |     startAddr.clone(rhs.startAddr);
      |     ~~~~~~~~~~~~~~~^~~~~~~~~~~~~~~
/home/adnan-cdx/codex-isolated/gather_restickify_clean_20260706_113236/deeptools/dsc/foldManager/foldInfrastructure.h:2261:29: warning: comparison of integer expressions of different signedness: ‘int’ and ‘std::vector<std::pair<const FoldDimProp*, BaseFuncType> >::size_type’ {aka ‘long unsigned int’} [-Wsign-compare]
 2261 |     for (int idx = pos; idx < dim_prop_.size(); idx++)
      |                         ~~~~^~~~~~~~~~~~~~~~~~
/home/adnan-cdx/codex-isolated/gather_restickify_clean_20260706_113236/deeptools/dsc/foldManager/foldInfrastructure.h: In instantiation of ‘void FoldManager<Dtype>::createSubTreeForEachMapChild(FoldFunction<Dtype>*, const fm_dim_prop&) [with Dtype = std::vector<long int>; fm_dim_prop = std::vector<std::pair<const FoldDimProp*, BaseFuncType> >]’:
/home/adnan-cdx/codex-isolated/gather_restickify_clean_20260706_113236/deeptools/dsc/foldManager/foldInfrastructure.h:1360:11:   required from ‘void FoldManager<Dtype>::buildDim(const FoldDimProp*, BaseFuncType, int) [with Dtype = std::vector<long int>]’
 1360 |           createSubTreeForEachMapChild(parent_func_, dim_prop_sub_tree);
      |           ^~~~~~~~~~~~~~~~~~~~~~~~~~~~
/home/adnan-cdx/codex-isolated/gather_restickify_clean_20260706_113236/deeptools/dsc/foldManager/foldInfrastructure.h:1005:13:   required from ‘void FoldManager<Dtype>::clone(const FoldManager<Dtype>&, const std::map<int, int>&) [with Dtype = std::vector<long int>]’
 1005 |       this->buildDim(rhs.dim_prop_.at(idx).first, rhs.dim_prop_.at(idx).second,
      |       ~~~~~~^~~~~~~~
/home/adnan-cdx/codex-isolated/gather_restickify_clean_20260706_113236/deeptools/dsc/dataOpDsc.h:81:20:   required from here
   81 |     startAddr.clone(rhs.startAddr);
      |     ~~~~~~~~~~~~~~~^~~~~~~~~~~~~~~
/home/adnan-cdx/codex-isolated/gather_restickify_clean_20260706_113236/deeptools/dsc/foldManager/foldInfrastructure.h:2255:27: warning: comparison of integer expressions of different signedness: ‘int’ and ‘std::vector<FoldFunction<std::vector<long int> >*, std::allocator<FoldFunction<std::vector<long int> >*> >::size_type’ {aka ‘long unsigned int’} [-Wsign-compare]
 2255 |     for (int idx = 0; idx < children.size(); idx++)
      |                       ~~~~^~~~~~~~~~~~~~~~~
/home/adnan-cdx/codex-isolated/gather_restickify_clean_20260706_113236/deeptools/dsc/foldManager/foldInfrastructure.h: In instantiation of ‘void FoldFunction<Dtype>::insertFunc(FoldFunction<Dtype>*) [with Dtype = std::vector<long int>]’:
/home/adnan-cdx/codex-isolated/gather_restickify_clean_20260706_113236/deeptools/dsc/foldManager/foldInfrastructure.h:1397:29:   required from ‘void FoldManager<Dtype>::buildDim(const FoldDimProp*, BaseFuncType, int) [with Dtype = std::vector<long int>]’
 1397 |               ff->insertFunc(new_child);
      |               ~~~~~~~~~~~~~~^~~~~~~~~~~
/home/adnan-cdx/codex-isolated/gather_restickify_clean_20260706_113236/deeptools/dsc/foldManager/foldInfrastructure.h:1005:13:   required from ‘void FoldManager<Dtype>::clone(const FoldManager<Dtype>&, const std::map<int, int>&) [with Dtype = std::vector<long int>]’
 1005 |       this->buildDim(rhs.dim_prop_.at(idx).first, rhs.dim_prop_.at(idx).second,
      |       ~~~~~~^~~~~~~~
/home/adnan-cdx/codex-isolated/gather_restickify_clean_20260706_113236/deeptools/dsc/dataOpDsc.h:81:20:   required from here
   81 |     startAddr.clone(rhs.startAddr);
      |     ~~~~~~~~~~~~~~~^~~~~~~~~~~~~~~
/home/adnan-cdx/codex-isolated/gather_restickify_clean_20260706_113236/deeptools/dsc/foldManager/foldInfrastructure.h:218:48: warning: unused parameter ‘new_func’ [-Wunused-parameter]
  218 |   virtual void insertFunc(FoldFunction<Dtype>* new_func) {
      |                           ~~~~~~~~~~~~~~~~~~~~~^~~~~~~~
/home/adnan-cdx/codex-isolated/gather_restickify_clean_20260706_113236/deeptools/dsc/foldManager/foldInfrastructure.h: In instantiation of ‘void FoldManager<Dtype>::getDataAndFoldCoordinates(std::vector<std::pair<std::deque<long int>, Dtype> >&, const std::map<long int, long int>&, bool) const [with Dtype = std::vector<int>]’:
/home/adnan-cdx/codex-isolated/gather_restickify_clean_20260706_113236/deeptools/dsc/foldManager/foldInfrastructure.h:2094:30:   required from ‘std::vector<std::pair<std::deque<long int>, Dtype> > FoldManager<Dtype>::getDataAndFoldCoordinates(const std::map<long int, long int>&, bool) const [with Dtype = std::vector<int>]’
 2094 |     getDataAndFoldCoordinates(data_and_coord, pos_to_fixCoord,
      |     ~~~~~~~~~~~~~~~~~~~~~~~~~^~~~~~~~~~~~~~~~~~~~~~~~~~~~~~~~~
 2095 |                               scan_inner_outer);
      |                               ~~~~~~~~~~~~~~~~~
/home/adnan-cdx/codex-isolated/gather_restickify_clean_20260706_113236/deeptools/dsc/foldManager/foldInfrastructure.h:1264:59:   required from ‘void FoldManager<Dtype>::apply(const std::map<long int, long int>&, Func&&, Args&& ...) [with Func = PlacementInfo::resizeMemId(int, const int&)::<lambda(auto:3&&)>; Args = {}; Dtype = std::vector<int>]’
 1264 |       for (auto& [coord, data] : getDataAndFoldCoordinates(posToFixCoord)) {
      |                                  ~~~~~~~~~~~~~~~~~~~~~~~~~^~~~~~~~~~~~~~~
/home/adnan-cdx/codex-isolated/gather_restickify_clean_20260706_113236/deeptools/dsc/dataOpDsc.h:131:16:   required from here
  131 |     memId.apply({}, [&](auto&& data) { return data.resize(count, val), data; });
      |     ~~~~~~~~~~~^~~~~~~~~~~~~~~~~~~~~~~~~~~~~~~~~~~~~~~~~~~~~~~~~~~~~~~~~~~~~~~~
/home/adnan-cdx/codex-isolated/gather_restickify_clean_20260706_113236/deeptools/dsc/foldManager/foldInfrastructure.h:2074:29: warning: comparison of integer expressions of different signedness: ‘int’ and ‘std::vector<std::deque<long int> >::size_type’ {aka ‘long unsigned int’} [-Wsign-compare]
 2074 |       for (int idx = 0; idx < coordinates.size(); idx++) {
      |                         ~~~~^~~~~~~~~~~~~~~~~~~~
/home/adnan-cdx/codex-isolated/gather_restickify_clean_20260706_113236/deeptools/dsc/foldManager/foldInfrastructure.h: In instantiation of ‘void FoldManager<Dtype>::getDataAndFoldCoordinates(std::vector<std::pair<std::deque<long int>, Dtype> >&, const std::map<long int, long int>&, bool) const [with Dtype = std::vector<long int>]’:
/home/adnan-cdx/codex-isolated/gather_restickify_clean_20260706_113236/deeptools/dsc/foldManager/foldInfrastructure.h:2094:30:   required from ‘std::vector<std::pair<std::deque<long int>, Dtype> > FoldManager<Dtype>::getDataAndFoldCoordinates(const std::map<long int, long int>&, bool) const [with Dtype = std::vector<long int>]’
 2094 |     getDataAndFoldCoordinates(data_and_coord, pos_to_fixCoord,
      |     ~~~~~~~~~~~~~~~~~~~~~~~~~^~~~~~~~~~~~~~~~~~~~~~~~~~~~~~~~~
 2095 |                               scan_inner_outer);
      |                               ~~~~~~~~~~~~~~~~~
/home/adnan-cdx/codex-isolated/gather_restickify_clean_20260706_113236/deeptools/dsc/foldManager/foldInfrastructure.h:1264:59:   required from ‘void FoldManager<Dtype>::apply(const std::map<long int, long int>&, Func&&, Args&& ...) [with Func = PlacementInfo::popBackStAddr()::<lambda(auto:5&&)>; Args = {}; Dtype = std::vector<long int>]’
 1264 |       for (auto& [coord, data] : getDataAndFoldCoordinates(posToFixCoord)) {
      |                                  ~~~~~~~~~~~~~~~~~~~~~~~~~^~~~~~~~~~~~~~~
/home/adnan-cdx/codex-isolated/gather_restickify_clean_20260706_113236/deeptools/dsc/dataOpDsc.h:167:20:   required from here
  167 |     startAddr.apply({}, [](auto&& data) { return data.pop_back(), data; });
      |     ~~~~~~~~~~~~~~~^~~~~~~~~~~~~~~~~~~~~~~~~~~~~~~~~~~~~~~~~~~~~~~~~~~~~~~
/home/adnan-cdx/codex-isolated/gather_restickify_clean_20260706_113236/deeptools/dsc/foldManager/foldInfrastructure.h:2074:29: warning: comparison of integer expressions of different signedness: ‘int’ and ‘std::vector<std::deque<long int> >::size_type’ {aka ‘long unsigned int’} [-Wsign-compare]
 2074 |       for (int idx = 0; idx < coordinates.size(); idx++) {
      |                         ~~~~^~~~~~~~~~~~~~~~~~~~
/home/adnan-cdx/codex-isolated/gather_restickify_clean_20260706_113236/deeptools/dsc/foldManager/foldInfrastructure.h: In instantiation of ‘void FoldManager<Dtype>::getAllDimProFromPos(int, fm_dim_prop&) [with Dtype = int; fm_dim_prop = std::vector<std::pair<const FoldDimProp*, BaseFuncType> >]’:
/home/adnan-cdx/codex-isolated/gather_restickify_clean_20260706_113236/deeptools/dsc/foldManager/foldInfrastructure.h:1355:11:   required from ‘void FoldManager<Dtype>::buildDim(const FoldDimProp*, BaseFuncType, int) [with Dtype = int]’
 1355 |           getAllDimProFromPos(pos, dim_prop_sub_tree);
      |           ^~~~~~~~~~~~~~~~~~~
/home/adnan-cdx/codex-isolated/gather_restickify_clean_20260706_113236/deeptools/dsc/foldManager/foldInfrastructure.h:1005:13:   required from ‘void FoldManager<Dtype>::clone(const FoldManager<Dtype>&, const std::map<int, int>&) [with Dtype = int]’
 1005 |       this->buildDim(rhs.dim_prop_.at(idx).first, rhs.dim_prop_.at(idx).second,
      |       ~~~~~~^~~~~~~~
/home/adnan-cdx/codex-isolated/gather_restickify_clean_20260706_113236/deeptools/dxp/SdscRelayoutInsertion.cpp:2056:36:   required from here
 2056 |     relayout_sdsc->sdscFolds_.clone(sdsc->sdscFolds_);
      |     ~~~~~~~~~~~~~~~~~~~~~~~~~~~~~~~^~~~~~~~~~~~~~~~~~
/home/adnan-cdx/codex-isolated/gather_restickify_clean_20260706_113236/deeptools/dsc/foldManager/foldInfrastructure.h:2261:29: warning: comparison of integer expressions of different signedness: ‘int’ and ‘std::vector<std::pair<const FoldDimProp*, BaseFuncType> >::size_type’ {aka ‘long unsigned int’} [-Wsign-compare]
 2261 |     for (int idx = pos; idx < dim_prop_.size(); idx++)
      |                         ~~~~^~~~~~~~~~~~~~~~~~
/home/adnan-cdx/codex-isolated/gather_restickify_clean_20260706_113236/deeptools/dsc/foldManager/foldInfrastructure.h: In instantiation of ‘void FoldManager<Dtype>::createSubTreeForEachMapChild(FoldFunction<Dtype>*, const fm_dim_prop&) [with Dtype = int; fm_dim_prop = std::vector<std::pair<const FoldDimProp*, BaseFuncType> >]’:
/home/adnan-cdx/codex-isolated/gather_restickify_clean_20260706_113236/deeptools/dsc/foldManager/foldInfrastructure.h:1360:11:   required from ‘void FoldManager<Dtype>::buildDim(const FoldDimProp*, BaseFuncType, int) [with Dtype = int]’
 1360 |           createSubTreeForEachMapChild(parent_func_, dim_prop_sub_tree);
      |           ^~~~~~~~~~~~~~~~~~~~~~~~~~~~
/home/adnan-cdx/codex-isolated/gather_restickify_clean_20260706_113236/deeptools/dsc/foldManager/foldInfrastructure.h:1005:13:   required from ‘void FoldManager<Dtype>::clone(const FoldManager<Dtype>&, const std::map<int, int>&) [with Dtype = int]’
 1005 |       this->buildDim(rhs.dim_prop_.at(idx).first, rhs.dim_prop_.at(idx).second,
      |       ~~~~~~^~~~~~~~
/home/adnan-cdx/codex-isolated/gather_restickify_clean_20260706_113236/deeptools/dxp/SdscRelayoutInsertion.cpp:2056:36:   required from here
 2056 |     relayout_sdsc->sdscFolds_.clone(sdsc->sdscFolds_);
      |     ~~~~~~~~~~~~~~~~~~~~~~~~~~~~~~~^~~~~~~~~~~~~~~~~~
/home/adnan-cdx/codex-isolated/gather_restickify_clean_20260706_113236/deeptools/dsc/foldManager/foldInfrastructure.h:2255:27: warning: comparison of integer expressions of different signedness: ‘int’ and ‘std::vector<FoldFunction<int>*, std::allocator<FoldFunction<int>*> >::size_type’ {aka ‘long unsigned int’} [-Wsign-compare]
 2255 |     for (int idx = 0; idx < children.size(); idx++)
      |                       ~~~~^~~~~~~~~~~~~~~~~
/home/adnan-cdx/codex-isolated/gather_restickify_clean_20260706_113236/deeptools/dsc/foldManager/foldInfrastructure.h: In instantiation of ‘void FoldFunction<Dtype>::insertFunc(FoldFunction<Dtype>*) [with Dtype = int]’:
/home/adnan-cdx/codex-isolated/gather_restickify_clean_20260706_113236/deeptools/dsc/foldManager/foldInfrastructure.h:1397:29:   required from ‘void FoldManager<Dtype>::buildDim(const FoldDimProp*, BaseFuncType, int) [with Dtype = int]’
 1397 |               ff->insertFunc(new_child);
      |               ~~~~~~~~~~~~~~^~~~~~~~~~~
/home/adnan-cdx/codex-isolated/gather_restickify_clean_20260706_113236/deeptools/dsc/foldManager/foldInfrastructure.h:1005:13:   required from ‘void FoldManager<Dtype>::clone(const FoldManager<Dtype>&, const std::map<int, int>&) [with Dtype = int]’
 1005 |       this->buildDim(rhs.dim_prop_.at(idx).first, rhs.dim_prop_.at(idx).second,
      |       ~~~~~~^~~~~~~~
/home/adnan-cdx/codex-isolated/gather_restickify_clean_20260706_113236/deeptools/dxp/SdscRelayoutInsertion.cpp:2056:36:   required from here
 2056 |     relayout_sdsc->sdscFolds_.clone(sdsc->sdscFolds_);
      |     ~~~~~~~~~~~~~~~~~~~~~~~~~~~~~~~^~~~~~~~~~~~~~~~~~
/home/adnan-cdx/codex-isolated/gather_restickify_clean_20260706_113236/deeptools/dsc/foldManager/foldInfrastructure.h:218:48: warning: unused parameter ‘new_func’ [-Wunused-parameter]
  218 |   virtual void insertFunc(FoldFunction<Dtype>* new_func) {
      |                           ~~~~~~~~~~~~~~~~~~~~~^~~~~~~~
/home/adnan-cdx/codex-isolated/gather_restickify_clean_20260706_113236/deeptools/dsc/foldManager/foldInfrastructure.h: In instantiation of ‘int FoldManager<Dtype>::getNumDims() const [with Dtype = long int]’:
/home/adnan-cdx/codex-isolated/gather_restickify_clean_20260706_113236/deeptools/dsc/dsc2.h:173:33:   required from ‘dsc2::CoordinateType<Dtype>& dsc2::CoordinateType<Dtype>::operator=(const dsc2::CoordinateType<Dtype>&) [with Dtype = long int]’
  173 |       for (int i = fm.getNumDims() - 1; i >= 0; --i) {
      |                    ~~~~~~~~~~~~~^~
/home/adnan-cdx/codex-isolated/gather_restickify_clean_20260706_113236/deeptools/dsc/dsc2.h:186:60:   required from ‘dsc2::CoordinateType<Dtype>::CoordinateType(const dsc2::CoordinateType<Dtype>&) [with Dtype = long int]’
  186 |   CoordinateType(const CoordinateType<Dtype>& rhs) { *this = rhs; }
      |                                                      ~~~~~~^~~~~
/home/adnan-cdx/codex-isolated/gather_restickify_clean_20260706_113236/deeptools/dsc/dsc2.h:998:8:   required from here
  998 | struct AllocateNode : public InheritWithClone<ScheduleNode, AllocateNode> {
      |        ^~~~~~~~~~~~
/home/adnan-cdx/codex-isolated/gather_restickify_clean_20260706_113236/deeptools/dsc/foldManager/foldInfrastructure.h:2270:49: warning: conversion from ‘std::vector<std::pair<const FoldDimProp*, BaseFuncType> >::size_type’ {aka ‘long unsigned int’} to ‘int’ may change value [-Wconversion]
 2270 |   int getNumDims() const { return dim_prop_.size(); }
      |                                   ~~~~~~~~~~~~~~^~
/home/adnan-cdx/codex-isolated/gather_restickify_clean_20260706_113236/deeptools/dsc/foldManager/foldInfrastructure.h: In instantiation of ‘void FoldManager<Dtype>::getAlphaBeta(Dtype&, Dtype&, int) const [with Dtype = long int]’:
/home/adnan-cdx/codex-isolated/gather_restickify_clean_20260706_113236/deeptools/dsc/dsc2.h:176:24:   required from ‘dsc2::CoordinateType<Dtype>& dsc2::CoordinateType<Dtype>::operator=(const dsc2::CoordinateType<Dtype>&) [with Dtype = long int]’
  176 |         fm.getAlphaBeta(alpha, beta, i);
      |         ~~~~~~~~~~~~~~~^~~~~~~~~~~~~~~~
/home/adnan-cdx/codex-isolated/gather_restickify_clean_20260706_113236/deeptools/dsc/dsc2.h:186:60:   required from ‘dsc2::CoordinateType<Dtype>::CoordinateType(const dsc2::CoordinateType<Dtype>&) [with Dtype = long int]’
  186 |   CoordinateType(const CoordinateType<Dtype>& rhs) { *this = rhs; }
      |                                                      ~~~~~~^~~~~
/home/adnan-cdx/codex-isolated/gather_restickify_clean_20260706_113236/deeptools/dsc/dsc2.h:998:8:   required from here
  998 | struct AllocateNode : public InheritWithClone<ScheduleNode, AllocateNode> {
      |        ^~~~~~~~~~~~
/home/adnan-cdx/codex-isolated/gather_restickify_clean_20260706_113236/deeptools/dsc/foldManager/foldInfrastructure.h:2424:30: warning: conversion from ‘std::vector<std::pair<const FoldDimProp*, BaseFuncType> >::size_type’ {aka ‘long unsigned int’} to ‘int’ may change value [-Wconversion]
 2424 |       pos = dim_prop_.size() + pos;
      |             ~~~~~~~~~~~~~~~~~^~~~~
/home/adnan-cdx/codex-isolated/gather_restickify_clean_20260706_113236/deeptools/dsc/foldManager/foldInfrastructure.h:2426:30: warning: comparison of integer expressions of different signedness: ‘int’ and ‘std::vector<std::pair<const FoldDimProp*, BaseFuncType> >::size_type’ {aka ‘long unsigned int’} [-Wsign-compare]
 2426 |     DT_CHECK(pos >= 0 && pos <= dim_prop_.size() - 1);
      |                          ~~~~^~~~~~~~~~~~~~~~~~~~~~~
/home/adnan-cdx/codex-isolated/gather_restickify_clean_20260706_113236/deeptools/util/dt_exception.hpp:112:11: note: in definition of macro ‘DT_CHECK_MSG’
  112 |     if (!(cond)) {                                                  \
      |           ^~~~
/home/adnan-cdx/codex-isolated/gather_restickify_clean_20260706_113236/deeptools/dsc/foldManager/foldInfrastructure.h:2426:5: note: in expansion of macro ‘DT_CHECK’
 2426 |     DT_CHECK(pos >= 0 && pos <= dim_prop_.size() - 1);
      |     ^~~~~~~~
/home/adnan-cdx/codex-isolated/gather_restickify_clean_20260706_113236/deeptools/dsc/foldManager/foldInfrastructure.h: In instantiation of ‘void FoldManager<Dtype>::collectFoldFunctionAtLevel(int, std::vector<const FoldFunction<Dtype>*>&) const [with Dtype = long int]’:
/home/adnan-cdx/codex-isolated/gather_restickify_clean_20260706_113236/deeptools/dsc/foldManager/foldInfrastructure.h:1778:31:   required from ‘void FoldManager<Dtype>::collectFoldFunctionAtLevel(int, std::vector<FoldFunction<Dtype>*>&) const [with Dtype = long int]’
 1778 |     collectFoldFunctionAtLevel(pos, const_ffs_at_pos);
      |     ~~~~~~~~~~~~~~~~~~~~~~~~~~^~~~~~~~~~~~~~~~~~~~~~~
/home/adnan-cdx/codex-isolated/gather_restickify_clean_20260706_113236/deeptools/dsc/foldManager/foldInfrastructure.h:1378:37:   required from ‘void FoldManager<Dtype>::buildDim(const FoldDimProp*, BaseFuncType, int) [with Dtype = long int]’
 1378 |           collectFoldFunctionAtLevel(last_non_leaf_pos,
      |           ~~~~~~~~~~~~~~~~~~~~~~~~~~^~~~~~~~~~~~~~~~~~~
 1379 |                                      ffs_at_last_non_leaf_pos);
      |                                      ~~~~~~~~~~~~~~~~~~~~~~~~~
/home/adnan-cdx/codex-isolated/gather_restickify_clean_20260706_113236/deeptools/dsc/foldManager/foldInfrastructure.h:1005:13:   required from ‘void FoldManager<Dtype>::clone(const FoldManager<Dtype>&, const std::map<int, int>&) [with Dtype = long int]’
 1005 |       this->buildDim(rhs.dim_prop_.at(idx).first, rhs.dim_prop_.at(idx).second,
      |       ~~~~~~^~~~~~~~
/home/adnan-cdx/codex-isolated/gather_restickify_clean_20260706_113236/deeptools/dsc/pcfg.h:318:23:   required from here
  318 |     srcStartAddr.clone(rhs.SrcStartAddr());
      |     ~~~~~~~~~~~~~~~~~~^~~~~~~~~~~~~~~~~~~~
/home/adnan-cdx/codex-isolated/gather_restickify_clean_20260706_113236/deeptools/dsc/foldManager/foldInfrastructure.h:1728:18: warning: comparison of integer expressions of different signedness: ‘int’ and ‘std::vector<std::pair<const FoldDimProp*, BaseFuncType> >::size_type’ {aka ‘long unsigned int’} [-Wsign-compare]
 1728 |     DT_CHECK(pos < dim_prop_.size());  // leafs FFs do not store FF pointers
/home/adnan-cdx/codex-isolated/gather_restickify_clean_20260706_113236/deeptools/util/dt_exception.hpp:112:11: note: in definition of macro ‘DT_CHECK_MSG’
  112 |     if (!(cond)) {                                                  \
      |           ^~~~
/home/adnan-cdx/codex-isolated/gather_restickify_clean_20260706_113236/deeptools/dsc/foldManager/foldInfrastructure.h:1728:5: note: in expansion of macro ‘DT_CHECK’
 1728 |     DT_CHECK(pos < dim_prop_.size());  // leafs FFs do not store FF pointers
      |     ^~~~~~~~
/home/adnan-cdx/codex-isolated/gather_restickify_clean_20260706_113236/deeptools/dsc/foldManager/foldInfrastructure.h:1739:31: warning: comparison of integer expressions of different signedness: ‘unsigned int’ and ‘int’ [-Wsign-compare]
 1739 |         if (next_entry.second == pos - 1) {
      |             ~~~~~~~~~~~~~~~~~~^~~~~~~~~~
/home/adnan-cdx/codex-isolated/gather_restickify_clean_20260706_113236/deeptools/dsc/foldManager/foldInfrastructure.h:1748:38: warning: comparison of integer expressions of different signedness: ‘unsigned int’ and ‘int’ [-Wsign-compare]
 1748 |         } else if (next_entry.second < pos - 1) {
      |                    ~~~~~~~~~~~~~~~~~~^~~~~~~~~
/home/adnan-cdx/codex-isolated/gather_restickify_clean_20260706_113236/deeptools/dsc/foldManager/foldInfrastructure.h: In instantiation of ‘void FoldManager<Dtype>::collectFoldFunctionAtLevel(int, std::vector<const FoldFunction<Dtype>*>&) const [with Dtype = std::vector<unsigned int>]’:
/home/adnan-cdx/codex-isolated/gather_restickify_clean_20260706_113236/deeptools/dsc/foldManager/foldInfrastructure.h:1778:31:   required from ‘void FoldManager<Dtype>::collectFoldFunctionAtLevel(int, std::vector<FoldFunction<Dtype>*>&) const [with Dtype = std::vector<unsigned int>]’
 1778 |     collectFoldFunctionAtLevel(pos, const_ffs_at_pos);
      |     ~~~~~~~~~~~~~~~~~~~~~~~~~~^~~~~~~~~~~~~~~~~~~~~~~
/home/adnan-cdx/codex-isolated/gather_restickify_clean_20260706_113236/deeptools/dsc/foldManager/foldInfrastructure.h:1378:37:   required from ‘void FoldManager<Dtype>::buildDim(const FoldDimProp*, BaseFuncType, int) [with Dtype = std::vector<unsigned int>]’
 1378 |           collectFoldFunctionAtLevel(last_non_leaf_pos,
      |           ~~~~~~~~~~~~~~~~~~~~~~~~~~^~~~~~~~~~~~~~~~~~~
 1379 |                                      ffs_at_last_non_leaf_pos);
      |                                      ~~~~~~~~~~~~~~~~~~~~~~~~~
/home/adnan-cdx/codex-isolated/gather_restickify_clean_20260706_113236/deeptools/dsc/foldManager/foldInfrastructure.h:1005:13:   required from ‘void FoldManager<Dtype>::clone(const FoldManager<Dtype>&, const std::map<int, int>&) [with Dtype = std::vector<unsigned int>]’
 1005 |       this->buildDim(rhs.dim_prop_.at(idx).first, rhs.dim_prop_.at(idx).second,
      |       ~~~~~~^~~~~~~~
/home/adnan-cdx/codex-isolated/gather_restickify_clean_20260706_113236/deeptools/dsc/pcfg.h:727:53:   required from here
  727 |   ConstantData(const ConstantData& old) { data.clone(old.data); }
      |                                           ~~~~~~~~~~^~~~~~~~~~
/home/adnan-cdx/codex-isolated/gather_restickify_clean_20260706_113236/deeptools/dsc/foldManager/foldInfrastructure.h:1728:18: warning: comparison of integer expressions of different signedness: ‘int’ and ‘std::vector<std::pair<const FoldDimProp*, BaseFuncType> >::size_type’ {aka ‘long unsigned int’} [-Wsign-compare]
 1728 |     DT_CHECK(pos < dim_prop_.size());  // leafs FFs do not store FF pointers
/home/adnan-cdx/codex-isolated/gather_restickify_clean_20260706_113236/deeptools/util/dt_exception.hpp:112:11: note: in definition of macro ‘DT_CHECK_MSG’
  112 |     if (!(cond)) {                                                  \
      |           ^~~~
/home/adnan-cdx/codex-isolated/gather_restickify_clean_20260706_113236/deeptools/dsc/foldManager/foldInfrastructure.h:1728:5: note: in expansion of macro ‘DT_CHECK’
 1728 |     DT_CHECK(pos < dim_prop_.size());  // leafs FFs do not store FF pointers
      |     ^~~~~~~~
/home/adnan-cdx/codex-isolated/gather_restickify_clean_20260706_113236/deeptools/dsc/foldManager/foldInfrastructure.h:1739:31: warning: comparison of integer expressions of different signedness: ‘unsigned int’ and ‘int’ [-Wsign-compare]
 1739 |         if (next_entry.second == pos - 1) {
      |             ~~~~~~~~~~~~~~~~~~^~~~~~~~~~
/home/adnan-cdx/codex-isolated/gather_restickify_clean_20260706_113236/deeptools/dsc/foldManager/foldInfrastructure.h:1748:38: warning: comparison of integer expressions of different signedness: ‘unsigned int’ and ‘int’ [-Wsign-compare]
 1748 |         } else if (next_entry.second < pos - 1) {
      |                    ~~~~~~~~~~~~~~~~~~^~~~~~~~~
/home/adnan-cdx/codex-isolated/gather_restickify_clean_20260706_113236/deeptools/dsc/foldManager/foldInfrastructure.h: In instantiation of ‘Dtype AffineFoldFunction_Leaf<Dtype>::getDataAffine(const std::deque<long int>&, size_t) const [with T = std::vector<unsigned int>; typename std::enable_if<(!((std::is_arithmetic<T>::value || std::is_same<T, std::pair<long int, long int> >::value) || std::is_same<T, std::vector<std::pair<long int, long int> > >::value)), bool>::type <anonymous> = true; Dtype = std::vector<unsigned int>; size_t = long unsigned int]’:
/home/adnan-cdx/codex-isolated/gather_restickify_clean_20260706_113236/deeptools/dsc/foldManager/foldInfrastructure.h:558:25:   required from ‘Dtype AffineFoldFunction_Leaf<Dtype>::getData(const std::deque<long int>&, size_t) const [with Dtype = std::vector<unsigned int>; size_t = long unsigned int]’
  558 |     return getDataAffine(fold_dim_indices, idx);
      |            ~~~~~~~~~~~~~^~~~~~~~~~~~~~~~~~~~~~~
/home/adnan-cdx/codex-isolated/gather_restickify_clean_20260706_113236/deeptools/dsc/foldManager/foldInfrastructure.h:1699:38:   required from ‘Dtype FoldManager<Dtype>::getData(const std::deque<long int>&) const [with Dtype = std::vector<unsigned int>]’
 1699 |       return affine_leaf_ptr->getData(fold_dim_indices, 0);
      |              ~~~~~~~~~~~~~~~~~~~~~~~~^~~~~~~~~~~~~~~~~~~~~
/home/adnan-cdx/codex-isolated/gather_restickify_clean_20260706_113236/deeptools/dsc/foldManager/foldInfrastructure.h:2121:35:   required from ‘std::vector<Dtype> FoldManager<Dtype>::getAllData(const std::map<long int, long int>&, bool) const [with Dtype = std::vector<unsigned int>]’
 2121 |         all_data.at(idx) = getData(coordinates.at(idx));
      |                            ~~~~~~~^~~~~~~~~~~~~~~~~~~~~
/home/adnan-cdx/codex-isolated/gather_restickify_clean_20260706_113236/deeptools/dsc/pcfg.h:820:47:   required from here
  820 |     auto constants = constData.data.getAllData();
      |                      ~~~~~~~~~~~~~~~~~~~~~~~~~^~
/home/adnan-cdx/codex-isolated/gather_restickify_clean_20260706_113236/deeptools/dsc/foldManager/foldInfrastructure.h:571:10: warning: unused variable ‘dim_index’ [-Wunused-variable]
  571 |     auto dim_index = fold_dim_indices.at(idx);
      |          ^~~~~~~~~
/home/adnan-cdx/codex-isolated/gather_restickify_clean_20260706_113236/deeptools/dsc/foldManager/foldInfrastructure.h: In instantiation of ‘void FoldManager<Dtype>::collectFoldFunctionAtLevel(int, std::vector<const FoldFunction<Dtype>*>&) const [with Dtype = std::vector<int>]’:
/home/adnan-cdx/codex-isolated/gather_restickify_clean_20260706_113236/deeptools/dsc/foldManager/foldInfrastructure.h:1778:31:   required from ‘void FoldManager<Dtype>::collectFoldFunctionAtLevel(int, std::vector<FoldFunction<Dtype>*>&) const [with Dtype = std::vector<int>]’
 1778 |     collectFoldFunctionAtLevel(pos, const_ffs_at_pos);
      |     ~~~~~~~~~~~~~~~~~~~~~~~~~~^~~~~~~~~~~~~~~~~~~~~~~
/home/adnan-cdx/codex-isolated/gather_restickify_clean_20260706_113236/deeptools/dsc/foldManager/foldInfrastructure.h:1378:37:   required from ‘void FoldManager<Dtype>::buildDim(const FoldDimProp*, BaseFuncType, int) [with Dtype = std::vector<int>]’
 1378 |           collectFoldFunctionAtLevel(last_non_leaf_pos,
      |           ~~~~~~~~~~~~~~~~~~~~~~~~~~^~~~~~~~~~~~~~~~~~~
 1379 |                                      ffs_at_last_non_leaf_pos);
      |                                      ~~~~~~~~~~~~~~~~~~~~~~~~~
/home/adnan-cdx/codex-isolated/gather_restickify_clean_20260706_113236/deeptools/dsc/foldManager/foldInfrastructure.h:1005:13:   required from ‘void FoldManager<Dtype>::clone(const FoldManager<Dtype>&, const std::map<int, int>&) [with Dtype = std::vector<int>]’
 1005 |       this->buildDim(rhs.dim_prop_.at(idx).first, rhs.dim_prop_.at(idx).second,
      |       ~~~~~~^~~~~~~~
/home/adnan-cdx/codex-isolated/gather_restickify_clean_20260706_113236/deeptools/dsc/dataOpDsc.h:80:16:   required from here
   80 |     memId.clone(rhs.memId);
      |     ~~~~~~~~~~~^~~~~~~~~~~
/home/adnan-cdx/codex-isolated/gather_restickify_clean_20260706_113236/deeptools/dsc/foldManager/foldInfrastructure.h:1728:18: warning: comparison of integer expressions of different signedness: ‘int’ and ‘std::vector<std::pair<const FoldDimProp*, BaseFuncType> >::size_type’ {aka ‘long unsigned int’} [-Wsign-compare]
 1728 |     DT_CHECK(pos < dim_prop_.size());  // leafs FFs do not store FF pointers
/home/adnan-cdx/codex-isolated/gather_restickify_clean_20260706_113236/deeptools/util/dt_exception.hpp:112:11: note: in definition of macro ‘DT_CHECK_MSG’
  112 |     if (!(cond)) {                                                  \
      |           ^~~~
/home/adnan-cdx/codex-isolated/gather_restickify_clean_20260706_113236/deeptools/dsc/foldManager/foldInfrastructure.h:1728:5: note: in expansion of macro ‘DT_CHECK’
 1728 |     DT_CHECK(pos < dim_prop_.size());  // leafs FFs do not store FF pointers
      |     ^~~~~~~~
/home/adnan-cdx/codex-isolated/gather_restickify_clean_20260706_113236/deeptools/dsc/foldManager/foldInfrastructure.h:1739:31: warning: comparison of integer expressions of different signedness: ‘unsigned int’ and ‘int’ [-Wsign-compare]
 1739 |         if (next_entry.second == pos - 1) {
      |             ~~~~~~~~~~~~~~~~~~^~~~~~~~~~
/home/adnan-cdx/codex-isolated/gather_restickify_clean_20260706_113236/deeptools/dsc/foldManager/foldInfrastructure.h:1748:38: warning: comparison of integer expressions of different signedness: ‘unsigned int’ and ‘int’ [-Wsign-compare]
 1748 |         } else if (next_entry.second < pos - 1) {
      |                    ~~~~~~~~~~~~~~~~~~^~~~~~~~~
/home/adnan-cdx/codex-isolated/gather_restickify_clean_20260706_113236/deeptools/dsc/foldManager/foldInfrastructure.h: In instantiation of ‘void FoldManager<Dtype>::collectFoldFunctionAtLevel(int, std::vector<const FoldFunction<Dtype>*>&) const [with Dtype = std::vector<long int>]’:
/home/adnan-cdx/codex-isolated/gather_restickify_clean_20260706_113236/deeptools/dsc/foldManager/foldInfrastructure.h:1778:31:   required from ‘void FoldManager<Dtype>::collectFoldFunctionAtLevel(int, std::vector<FoldFunction<Dtype>*>&) const [with Dtype = std::vector<long int>]’
 1778 |     collectFoldFunctionAtLevel(pos, const_ffs_at_pos);
      |     ~~~~~~~~~~~~~~~~~~~~~~~~~~^~~~~~~~~~~~~~~~~~~~~~~
/home/adnan-cdx/codex-isolated/gather_restickify_clean_20260706_113236/deeptools/dsc/foldManager/foldInfrastructure.h:1378:37:   required from ‘void FoldManager<Dtype>::buildDim(const FoldDimProp*, BaseFuncType, int) [with Dtype = std::vector<long int>]’
 1378 |           collectFoldFunctionAtLevel(last_non_leaf_pos,
      |           ~~~~~~~~~~~~~~~~~~~~~~~~~~^~~~~~~~~~~~~~~~~~~
 1379 |                                      ffs_at_last_non_leaf_pos);
      |                                      ~~~~~~~~~~~~~~~~~~~~~~~~~
/home/adnan-cdx/codex-isolated/gather_restickify_clean_20260706_113236/deeptools/dsc/foldManager/foldInfrastructure.h:1005:13:   required from ‘void FoldManager<Dtype>::clone(const FoldManager<Dtype>&, const std::map<int, int>&) [with Dtype = std::vector<long int>]’
 1005 |       this->buildDim(rhs.dim_prop_.at(idx).first, rhs.dim_prop_.at(idx).second,
      |       ~~~~~~^~~~~~~~
/home/adnan-cdx/codex-isolated/gather_restickify_clean_20260706_113236/deeptools/dsc/dataOpDsc.h:81:20:   required from here
   81 |     startAddr.clone(rhs.startAddr);
      |     ~~~~~~~~~~~~~~~^~~~~~~~~~~~~~~
/home/adnan-cdx/codex-isolated/gather_restickify_clean_20260706_113236/deeptools/dsc/foldManager/foldInfrastructure.h:1728:18: warning: comparison of integer expressions of different signedness: ‘int’ and ‘std::vector<std::pair<const FoldDimProp*, BaseFuncType> >::size_type’ {aka ‘long unsigned int’} [-Wsign-compare]
 1728 |     DT_CHECK(pos < dim_prop_.size());  // leafs FFs do not store FF pointers
/home/adnan-cdx/codex-isolated/gather_restickify_clean_20260706_113236/deeptools/util/dt_exception.hpp:112:11: note: in definition of macro ‘DT_CHECK_MSG’
  112 |     if (!(cond)) {                                                  \
      |           ^~~~
/home/adnan-cdx/codex-isolated/gather_restickify_clean_20260706_113236/deeptools/dsc/foldManager/foldInfrastructure.h:1728:5: note: in expansion of macro ‘DT_CHECK’
 1728 |     DT_CHECK(pos < dim_prop_.size());  // leafs FFs do not store FF pointers
      |     ^~~~~~~~
/home/adnan-cdx/codex-isolated/gather_restickify_clean_20260706_113236/deeptools/dsc/foldManager/foldInfrastructure.h:1739:31: warning: comparison of integer expressions of different signedness: ‘unsigned int’ and ‘int’ [-Wsign-compare]
 1739 |         if (next_entry.second == pos - 1) {
      |             ~~~~~~~~~~~~~~~~~~^~~~~~~~~~
/home/adnan-cdx/codex-isolated/gather_restickify_clean_20260706_113236/deeptools/dsc/foldManager/foldInfrastructure.h:1748:38: warning: comparison of integer expressions of different signedness: ‘unsigned int’ and ‘int’ [-Wsign-compare]
 1748 |         } else if (next_entry.second < pos - 1) {
      |                    ~~~~~~~~~~~~~~~~~~^~~~~~~~~
In file included from /home/adnan-cdx/codex-isolated/gather_restickify_clean_20260706_113236/deeptools/dsc/superdsc.h:28:
/home/adnan-cdx/codex-isolated/gather_restickify_clean_20260706_113236/deeptools/dsc/senulatorProg.h: In instantiation of ‘void std::_Construct(_Tp*, _Args&& ...) [with _Tp = senulator_prog_bundle; _Args = {const senulator_prog_bundle&}]’:
/usr/include/c++/14/optional:274:19:   required from ‘constexpr void std::_Optional_payload_base<_Tp>::_M_construct(_Args&& ...) [with _Args = {const senulator_prog_bundle&}; _Tp = senulator_prog_bundle]’
  274 |           std::_Construct(std::__addressof(this->_M_payload._M_value),
      |           ~~~~~~~~~~~~~~~^~~~~~~~~~~~~~~~~~~~~~~~~~~~~~~~~~~~~~~~~~~~~
  275 |                           std::forward<_Args>(__args)...);
      |                           ~~~~~~~~~~~~~~~~~~~~~~~~~~~~~~~
/usr/include/c++/14/optional:455:52:   required from ‘constexpr void std::_Optional_base_impl<_Tp, _Dp>::_M_construct(_Args&& ...) [with _Args = {const senulator_prog_bundle&}; _Tp = senulator_prog_bundle; _Dp = std::_Optional_base<senulator_prog_bundle, false, false>]’
  455 |           static_cast<_Dp*>(this)->_M_payload._M_construct(
      |           ~~~~~~~~~~~~~~~~~~~~~~~~~~~~~~~~~~~~~~~~~~~~~~~~^
  456 |             std::forward<_Args>(__args)...);
      |             ~~~~~~~~~~~~~~~~~~~~~~~~~~~~~~~                
/usr/include/c++/14/optional:851:24:   required from ‘std::enable_if_t<((bool)__and_v<std::__not_<std::is_same<std::optional<_Tp>, typename std::remove_cv<typename std::remove_reference<_Tp>::type>::type> >, std::__not_<std::__and_<std::is_scalar<_Tp>, std::is_same<_Tp, typename std::decay<_Up>::type> > >, std::is_constructible<_T1, _U1>, std::is_assignable<_T1&, _U1> >), std::optional<_Tp>&> std::optional<_Tp>::operator=(_Up&&) [with _Up = const senulator_prog_bundle&; _Tp = senulator_prog_bundle; std::enable_if_t<((bool)__and_v<std::__not_<std::is_same<std::optional<_Tp>, typename std::remove_cv<typename std::remove_reference<_Tp>::type>::type> >, std::__not_<std::__and_<std::is_scalar<_Tp>, std::is_same<_Tp, typename std::decay<_Up>::type> > >, std::is_constructible<_T1, _U1>, std::is_assignable<_T1&, _U1> >), std::optional<_Tp>&> = std::optional<senulator_prog_bundle>&; typename std::remove_cv<typename std::remove_reference<_Tp>::type>::type = senulator_prog_bundle; typename std::remove_reference<_Tp>::type = const senulator_prog_bundle; typename std::decay<_Up>::type = senulator_prog_bundle]’
  851 |             this->_M_construct(std::forward<_Up>(__u));
      |             ~~~~~~~~~~~~~~~~~~^~~~~~~~~~~~~~~~~~~~~~~~
/home/adnan-cdx/codex-isolated/gather_restickify_clean_20260706_113236/deeptools/dxp/src/Utils/SdscDescriptor.h:157:25:   required from here
  157 |       spb_ = baseSdsc_->spb_;
      |                         ^~~~
/home/adnan-cdx/codex-isolated/gather_restickify_clean_20260706_113236/deeptools/dsc/senulatorProg.h:158:8: warning: implicitly-declared ‘constexpr senulator_prog_base::senulator_prog_base(const senulator_prog_base&)’ is deprecated [-Wdeprecated-copy]
  158 | struct senulator_prog_bundle
      |        ^~~~~~~~~~~~~~~~~~~~~
/home/adnan-cdx/codex-isolated/gather_restickify_clean_20260706_113236/deeptools/dsc/senulatorProg.h:95:24: note: because ‘senulator_prog_base’ has user-provided ‘senulator_prog_base& senulator_prog_base::operator=(const senulator_prog_base&)’
   95 |   senulator_prog_base &operator=(const senulator_prog_base&) {
      |                        ^~~~~~~~
In file included from /usr/include/c++/14/bits/alloc_traits.h:33,
                 from /usr/include/c++/14/ext/alloc_traits.h:34,
                 from /usr/include/c++/14/bits/stl_tree.h:67,
                 from /usr/include/c++/14/map:62,
                 from /home/adnan-cdx/codex-isolated/gather_restickify_clean_20260706_113236/deeptools/util/sendefs.h:15:
/usr/include/c++/14/bits/stl_construct.h:119:7: note: synthesized method ‘senulator_prog_bundle::senulator_prog_bundle(const senulator_prog_bundle&)’ first required here
  119 |       ::new((void*)__p) _Tp(std::forward<_Args>(__args)...);
      |       ^~~~~~~~~~~~~~~~~~~~~~~~~~~~~~~~~~~~~~~~~~~~~~~~~~~~~
/home/adnan-cdx/codex-isolated/gather_restickify_clean_20260706_113236/deeptools/dsc/senulatorProg.h: In instantiation of ‘void std::_Construct(_Tp*, _Args&& ...) [with _Tp = senulator_prog_bundle; _Args = {senulator_prog_bundle}]’:
/usr/include/c++/14/optional:274:19:   required from ‘constexpr void std::_Optional_payload_base<_Tp>::_M_construct(_Args&& ...) [with _Args = {senulator_prog_bundle}; _Tp = senulator_prog_bundle]’
  274 |           std::_Construct(std::__addressof(this->_M_payload._M_value),
      |           ~~~~~~~~~~~~~~~^~~~~~~~~~~~~~~~~~~~~~~~~~~~~~~~~~~~~~~~~~~~~
  275 |                           std::forward<_Args>(__args)...);
      |                           ~~~~~~~~~~~~~~~~~~~~~~~~~~~~~~~
/usr/include/c++/14/optional:194:26:   required from ‘constexpr void std::_Optional_payload_base<_Tp>::_M_move_assign(std::_Optional_payload_base<_Tp>&&) [with _Tp = senulator_prog_bundle]’
  194 |               this->_M_construct(std::move(__other._M_get()));
      |               ~~~~~~~~~~~~~~~~~~^~~~~~~~~~~~~~~~~~~~~~~~~~~~~
/usr/include/c++/14/optional:418:22:   required from ‘constexpr std::_Optional_payload<_Tp, true, false, false>& std::_Optional_payload<_Tp, true, false, false>::operator=(std::_Optional_payload<_Tp, true, false, false>&&) [with _Tp = senulator_prog_bundle]’
  418 |         this->_M_move_assign(std::move(__other));
      |         ~~~~~~~~~~~~~~~~~~~~^~~~~~~~~~~~~~~~~~~~
/usr/include/c++/14/optional:434:26:   required from here
  434 |       _Optional_payload& operator=(_Optional_payload&&) = default;
      |                          ^~~~~~~~
/home/adnan-cdx/codex-isolated/gather_restickify_clean_20260706_113236/deeptools/dsc/senulatorProg.h:158:8: warning: implicitly-declared ‘constexpr senulator_prog_base::senulator_prog_base(const senulator_prog_base&)’ is deprecated [-Wdeprecated-copy]
  158 | struct senulator_prog_bundle
      |        ^~~~~~~~~~~~~~~~~~~~~
/home/adnan-cdx/codex-isolated/gather_restickify_clean_20260706_113236/deeptools/dsc/senulatorProg.h:95:24: note: because ‘senulator_prog_base’ has user-provided ‘senulator_prog_base& senulator_prog_base::operator=(const senulator_prog_base&)’
   95 |   senulator_prog_base &operator=(const senulator_prog_base&) {
      |                        ^~~~~~~~
/usr/include/c++/14/bits/stl_construct.h:119:7: note: synthesized method ‘senulator_prog_bundle::senulator_prog_bundle(senulator_prog_bundle&&)’ first required here
  119 |       ::new((void*)__p) _Tp(std::forward<_Args>(__args)...);
      |       ^~~~~~~~~~~~~~~~~~~~~~~~~~~~~~~~~~~~~~~~~~~~~~~~~~~~~
/home/adnan-cdx/codex-isolated/gather_restickify_clean_20260706_113236/deeptools/dsc/foldManager/foldInfrastructure.h: In instantiation of ‘bool FoldManager<Dtype>::isLegal(const std::deque<long int>&) const [with Dtype = int]’:
/home/adnan-cdx/codex-isolated/gather_restickify_clean_20260706_113236/deeptools/dsc/foldManager/foldInfrastructure.h:1664:19:   required from ‘bool FoldManager<Dtype>::isLegal(const Args& ...) const [with Args = {}; Enable = void; Dtype = int]’
 1664 |     return isLegal(dim_indices);
      |            ~~~~~~~^~~~~~~~~~~~~
/home/adnan-cdx/codex-isolated/gather_restickify_clean_20260706_113236/deeptools/dsc/foldManager/foldInfrastructure.h:1687:12:   required from ‘Dtype FoldManager<Dtype>::getData(const Args& ...) const [with Args = {}; Dtype = int]’
 1687 |     isLegal(list...);
      |     ~~~~~~~^~~~~~~~~
/home/adnan-cdx/codex-isolated/gather_restickify_clean_20260706_113236/deeptools/dsc/foldManager/foldInfrastructure.h:996:56:   required from ‘void FoldManager<Dtype>::clone(const FoldManager<Dtype>&, const std::map<int, int>&) [with Dtype = int]’
  996 |           new ConstFoldFunction_Leaf<Dtype>(rhs.getData()));
      |                                             ~~~~~~~~~~~^~
/home/adnan-cdx/codex-isolated/gather_restickify_clean_20260706_113236/deeptools/dxp/SdscRelayoutInsertion.cpp:2056:36:   required from here
 2056 |     relayout_sdsc->sdscFolds_.clone(sdsc->sdscFolds_);
      |     ~~~~~~~~~~~~~~~~~~~~~~~~~~~~~~~^~~~~~~~~~~~~~~~~~
/home/adnan-cdx/codex-isolated/gather_restickify_clean_20260706_113236/deeptools/dsc/foldManager/foldInfrastructure.h:1676:27: warning: comparison of integer expressions of different signedness: ‘int’ and ‘std::deque<long int>::size_type’ {aka ‘long unsigned int’} [-Wsign-compare]
 1676 |     for (int idx = 0; idx < fold_dim_indices.size(); idx++) {
      |                       ~~~~^~~~~~~~~~~~~~~~~~~~~~~~~
/home/adnan-cdx/codex-isolated/gather_restickify_clean_20260706_113236/deeptools/dsc/foldManager/foldInfrastructure.h: In instantiation of ‘void FoldManager<Dtype>::collectFoldFunctionAtLevel(int, std::vector<const FoldFunction<Dtype>*>&) const [with Dtype = int]’:
/home/adnan-cdx/codex-isolated/gather_restickify_clean_20260706_113236/deeptools/dsc/foldManager/foldInfrastructure.h:1778:31:   required from ‘void FoldManager<Dtype>::collectFoldFunctionAtLevel(int, std::vector<FoldFunction<Dtype>*>&) const [with Dtype = int]’
 1778 |     collectFoldFunctionAtLevel(pos, const_ffs_at_pos);
      |     ~~~~~~~~~~~~~~~~~~~~~~~~~~^~~~~~~~~~~~~~~~~~~~~~~
/home/adnan-cdx/codex-isolated/gather_restickify_clean_20260706_113236/deeptools/dsc/foldManager/foldInfrastructure.h:1378:37:   required from ‘void FoldManager<Dtype>::buildDim(const FoldDimProp*, BaseFuncType, int) [with Dtype = int]’
 1378 |           collectFoldFunctionAtLevel(last_non_leaf_pos,
      |           ~~~~~~~~~~~~~~~~~~~~~~~~~~^~~~~~~~~~~~~~~~~~~
 1379 |                                      ffs_at_last_non_leaf_pos);
      |                                      ~~~~~~~~~~~~~~~~~~~~~~~~~
/home/adnan-cdx/codex-isolated/gather_restickify_clean_20260706_113236/deeptools/dsc/foldManager/foldInfrastructure.h:1005:13:   required from ‘void FoldManager<Dtype>::clone(const FoldManager<Dtype>&, const std::map<int, int>&) [with Dtype = int]’
 1005 |       this->buildDim(rhs.dim_prop_.at(idx).first, rhs.dim_prop_.at(idx).second,
      |       ~~~~~~^~~~~~~~
/home/adnan-cdx/codex-isolated/gather_restickify_clean_20260706_113236/deeptools/dxp/SdscRelayoutInsertion.cpp:2056:36:   required from here
 2056 |     relayout_sdsc->sdscFolds_.clone(sdsc->sdscFolds_);
      |     ~~~~~~~~~~~~~~~~~~~~~~~~~~~~~~~^~~~~~~~~~~~~~~~~~
/home/adnan-cdx/codex-isolated/gather_restickify_clean_20260706_113236/deeptools/dsc/foldManager/foldInfrastructure.h:1728:18: warning: comparison of integer expressions of different signedness: ‘int’ and ‘std::vector<std::pair<const FoldDimProp*, BaseFuncType> >::size_type’ {aka ‘long unsigned int’} [-Wsign-compare]
 1728 |     DT_CHECK(pos < dim_prop_.size());  // leafs FFs do not store FF pointers
/home/adnan-cdx/codex-isolated/gather_restickify_clean_20260706_113236/deeptools/util/dt_exception.hpp:112:11: note: in definition of macro ‘DT_CHECK_MSG’
  112 |     if (!(cond)) {                                                  \
      |           ^~~~
/home/adnan-cdx/codex-isolated/gather_restickify_clean_20260706_113236/deeptools/dsc/foldManager/foldInfrastructure.h:1728:5: note: in expansion of macro ‘DT_CHECK’
 1728 |     DT_CHECK(pos < dim_prop_.size());  // leafs FFs do not store FF pointers
      |     ^~~~~~~~
/home/adnan-cdx/codex-isolated/gather_restickify_clean_20260706_113236/deeptools/dsc/foldManager/foldInfrastructure.h:1739:31: warning: comparison of integer expressions of different signedness: ‘unsigned int’ and ‘int’ [-Wsign-compare]
 1739 |         if (next_entry.second == pos - 1) {
      |             ~~~~~~~~~~~~~~~~~~^~~~~~~~~~
/home/adnan-cdx/codex-isolated/gather_restickify_clean_20260706_113236/deeptools/dsc/foldManager/foldInfrastructure.h:1748:38: warning: comparison of integer expressions of different signedness: ‘unsigned int’ and ‘int’ [-Wsign-compare]
 1748 |         } else if (next_entry.second < pos - 1) {
      |                    ~~~~~~~~~~~~~~~~~~^~~~~~~~~
/home/adnan-cdx/codex-isolated/gather_restickify_clean_20260706_113236/deeptools/dsc/foldManager/foldInfrastructure.h: In instantiation of ‘void FoldManager<Dtype>::insertAlphaBeta(const Dtype&, const Dtype&, int) [with Dtype = long int]’:
/home/adnan-cdx/codex-isolated/gather_restickify_clean_20260706_113236/deeptools/dsc/dsc2.h:128:35:   required from ‘void dsc2::CoordinateType<Dtype>::addFold(PrimaryDimTypes, dsc2::CoordinateCategory, int, std::string, Dtype, Dtype, int) [with Dtype = long int; std::string = std::__cxx11::basic_string<char>]’
  128 |     foldForCurrDim.insertAlphaBeta(alpha, beta, pos);
      |     ~~~~~~~~~~~~~~~~~~~~~~~~~~~~~~^~~~~~~~~~~~~~~~~~
/home/adnan-cdx/codex-isolated/gather_restickify_clean_20260706_113236/deeptools/dsc/dsc2.h:177:9:   required from ‘dsc2::CoordinateType<Dtype>& dsc2::CoordinateType<Dtype>::operator=(const dsc2::CoordinateType<Dtype>&) [with Dtype = long int]’
  177 |         addFold(dim, coordCat, fm.getFoldDimSize(i),
      |         ^~~~~~~
/home/adnan-cdx/codex-isolated/gather_restickify_clean_20260706_113236/deeptools/dsc/dsc2.h:186:60:   required from ‘dsc2::CoordinateType<Dtype>::CoordinateType(const dsc2::CoordinateType<Dtype>&) [with Dtype = long int]’
  186 |   CoordinateType(const CoordinateType<Dtype>& rhs) { *this = rhs; }
      |                                                      ~~~~~~^~~~~
/home/adnan-cdx/codex-isolated/gather_restickify_clean_20260706_113236/deeptools/dsc/dsc2.h:998:8:   required from here
  998 | struct AllocateNode : public InheritWithClone<ScheduleNode, AllocateNode> {
      |        ^~~~~~~~~~~~
/home/adnan-cdx/codex-isolated/gather_restickify_clean_20260706_113236/deeptools/dsc/foldManager/foldInfrastructure.h:2396:30: warning: conversion from ‘std::vector<std::pair<const FoldDimProp*, BaseFuncType> >::size_type’ {aka ‘long unsigned int’} to ‘int’ may change value [-Wconversion]
 2396 |       pos = dim_prop_.size() + pos;
      |             ~~~~~~~~~~~~~~~~~^~~~~
/home/adnan-cdx/codex-isolated/gather_restickify_clean_20260706_113236/deeptools/dsc/foldManager/foldInfrastructure.h:2398:30: warning: comparison of integer expressions of different signedness: ‘int’ and ‘std::vector<std::pair<const FoldDimProp*, BaseFuncType> >::size_type’ {aka ‘long unsigned int’} [-Wsign-compare]
 2398 |     DT_CHECK(pos >= 0 && pos <= dim_prop_.size() - 1);
      |                          ~~~~^~~~~~~~~~~~~~~~~~~~~~~
/home/adnan-cdx/codex-isolated/gather_restickify_clean_20260706_113236/deeptools/util/dt_exception.hpp:112:11: note: in definition of macro ‘DT_CHECK_MSG’
  112 |     if (!(cond)) {                                                  \
      |           ^~~~
/home/adnan-cdx/codex-isolated/gather_restickify_clean_20260706_113236/deeptools/dsc/foldManager/foldInfrastructure.h:2398:5: note: in expansion of macro ‘DT_CHECK’
 2398 |     DT_CHECK(pos >= 0 && pos <= dim_prop_.size() - 1);
      |     ^~~~~~~~
/home/adnan-cdx/codex-isolated/gather_restickify_clean_20260706_113236/deeptools/dsc/foldManager/foldInfrastructure.h: In instantiation of ‘void FoldFunction<Dtype>::insertAlpha(const Dtype&) [with Dtype = long int]’:
/home/adnan-cdx/codex-isolated/gather_restickify_clean_20260706_113236/deeptools/dsc/foldManager/foldInfrastructure.h:2410:22:   required from ‘void FoldManager<Dtype>::insertAlphaBeta(const Dtype&, const Dtype&, int) [with Dtype = long int]’
 2410 |       ff->insertAlpha(new_alpha);
      |       ~~~~~~~~~~~~~~~^~~~~~~~~~~
/home/adnan-cdx/codex-isolated/gather_restickify_clean_20260706_113236/deeptools/dsc/dsc2.h:128:35:   required from ‘void dsc2::CoordinateType<Dtype>::addFold(PrimaryDimTypes, dsc2::CoordinateCategory, int, std::string, Dtype, Dtype, int) [with Dtype = long int; std::string = std::__cxx11::basic_string<char>]’
  128 |     foldForCurrDim.insertAlphaBeta(alpha, beta, pos);
      |     ~~~~~~~~~~~~~~~~~~~~~~~~~~~~~~^~~~~~~~~~~~~~~~~~
/home/adnan-cdx/codex-isolated/gather_restickify_clean_20260706_113236/deeptools/dsc/dsc2.h:177:9:   required from ‘dsc2::CoordinateType<Dtype>& dsc2::CoordinateType<Dtype>::operator=(const dsc2::CoordinateType<Dtype>&) [with Dtype = long int]’
  177 |         addFold(dim, coordCat, fm.getFoldDimSize(i),
      |         ^~~~~~~
/home/adnan-cdx/codex-isolated/gather_restickify_clean_20260706_113236/deeptools/dsc/dsc2.h:186:60:   required from ‘dsc2::CoordinateType<Dtype>::CoordinateType(const dsc2::CoordinateType<Dtype>&) [with Dtype = long int]’
  186 |   CoordinateType(const CoordinateType<Dtype>& rhs) { *this = rhs; }
      |                                                      ~~~~~~^~~~~
/home/adnan-cdx/codex-isolated/gather_restickify_clean_20260706_113236/deeptools/dsc/dsc2.h:998:8:   required from here
  998 | struct AllocateNode : public InheritWithClone<ScheduleNode, AllocateNode> {
      |        ^~~~~~~~~~~~
/home/adnan-cdx/codex-isolated/gather_restickify_clean_20260706_113236/deeptools/dsc/foldManager/foldInfrastructure.h:235:41: warning: unused parameter ‘new_alpha’ [-Wunused-parameter]
  235 |   virtual void insertAlpha(const Dtype& new_alpha) {
      |                            ~~~~~~~~~~~~~^~~~~~~~~
/home/adnan-cdx/codex-isolated/gather_restickify_clean_20260706_113236/deeptools/dsc/foldManager/foldInfrastructure.h: In instantiation of ‘void FoldFunction<Dtype>::insertBeta(const Dtype&) [with Dtype = long int]’:
/home/adnan-cdx/codex-isolated/gather_restickify_clean_20260706_113236/deeptools/dsc/foldManager/foldInfrastructure.h:2411:21:   required from ‘void FoldManager<Dtype>::insertAlphaBeta(const Dtype&, const Dtype&, int) [with Dtype = long int]’
 2411 |       ff->insertBeta(new_beta);
      |       ~~~~~~~~~~~~~~^~~~~~~~~~
/home/adnan-cdx/codex-isolated/gather_restickify_clean_20260706_113236/deeptools/dsc/dsc2.h:128:35:   required from ‘void dsc2::CoordinateType<Dtype>::addFold(PrimaryDimTypes, dsc2::CoordinateCategory, int, std::string, Dtype, Dtype, int) [with Dtype = long int; std::string = std::__cxx11::basic_string<char>]’
  128 |     foldForCurrDim.insertAlphaBeta(alpha, beta, pos);
      |     ~~~~~~~~~~~~~~~~~~~~~~~~~~~~~~^~~~~~~~~~~~~~~~~~
/home/adnan-cdx/codex-isolated/gather_restickify_clean_20260706_113236/deeptools/dsc/dsc2.h:177:9:   required from ‘dsc2::CoordinateType<Dtype>& dsc2::CoordinateType<Dtype>::operator=(const dsc2::CoordinateType<Dtype>&) [with Dtype = long int]’
  177 |         addFold(dim, coordCat, fm.getFoldDimSize(i),
      |         ^~~~~~~
/home/adnan-cdx/codex-isolated/gather_restickify_clean_20260706_113236/deeptools/dsc/dsc2.h:186:60:   required from ‘dsc2::CoordinateType<Dtype>::CoordinateType(const dsc2::CoordinateType<Dtype>&) [with Dtype = long int]’
  186 |   CoordinateType(const CoordinateType<Dtype>& rhs) { *this = rhs; }
      |                                                      ~~~~~~^~~~~
/home/adnan-cdx/codex-isolated/gather_restickify_clean_20260706_113236/deeptools/dsc/dsc2.h:998:8:   required from here
  998 | struct AllocateNode : public InheritWithClone<ScheduleNode, AllocateNode> {
      |        ^~~~~~~~~~~~
/home/adnan-cdx/codex-isolated/gather_restickify_clean_20260706_113236/deeptools/dsc/foldManager/foldInfrastructure.h:239:40: warning: unused parameter ‘new_alpha’ [-Wunused-parameter]
  239 |   virtual void insertBeta(const Dtype& new_alpha) {
      |                           ~~~~~~~~~~~~~^~~~~~~~~
/home/adnan-cdx/codex-isolated/gather_restickify_clean_20260706_113236/deeptools/dsc/foldManager/foldInfrastructure.h: In instantiation of ‘void FoldFunction<Dtype>::insertAlpha(const Dtype&) [with Dtype = int]’:
/home/adnan-cdx/codex-isolated/gather_restickify_clean_20260706_113236/deeptools/dsc/foldManager/foldInfrastructure.h:235:16:   required from here
  235 |   virtual void insertAlpha(const Dtype& new_alpha) {
      |                ^~~~~~~~~~~
/home/adnan-cdx/codex-isolated/gather_restickify_clean_20260706_113236/deeptools/dsc/foldManager/foldInfrastructure.h:235:41: warning: unused parameter ‘new_alpha’ [-Wunused-parameter]
  235 |   virtual void insertAlpha(const Dtype& new_alpha) {
      |                            ~~~~~~~~~~~~~^~~~~~~~~
/home/adnan-cdx/codex-isolated/gather_restickify_clean_20260706_113236/deeptools/dsc/foldManager/foldInfrastructure.h: In instantiation of ‘void FoldFunction<Dtype>::insertBeta(const Dtype&) [with Dtype = int]’:
/home/adnan-cdx/codex-isolated/gather_restickify_clean_20260706_113236/deeptools/dsc/foldManager/foldInfrastructure.h:239:16:   required from here
  239 |   virtual void insertBeta(const Dtype& new_alpha) {
      |                ^~~~~~~~~~
/home/adnan-cdx/codex-isolated/gather_restickify_clean_20260706_113236/deeptools/dsc/foldManager/foldInfrastructure.h:239:40: warning: unused parameter ‘new_alpha’ [-Wunused-parameter]
  239 |   virtual void insertBeta(const Dtype& new_alpha) {
      |                           ~~~~~~~~~~~~~^~~~~~~~~
/home/adnan-cdx/codex-isolated/gather_restickify_clean_20260706_113236/deeptools/dsc/foldManager/foldInfrastructure.h: In instantiation of ‘void FoldFunction<Dtype>::insertWkSplitParam(WkSplitParam&) [with Dtype = int]’:
/home/adnan-cdx/codex-isolated/gather_restickify_clean_20260706_113236/deeptools/dsc/foldManager/foldInfrastructure.h:243:16:   required from here
  243 |   virtual void insertWkSplitParam(WkSplitParam& new_params) {
      |                ^~~~~~~~~~~~~~~~~~
/home/adnan-cdx/codex-isolated/gather_restickify_clean_20260706_113236/deeptools/dsc/foldManager/foldInfrastructure.h:243:49: warning: unused parameter ‘new_params’ [-Wunused-parameter]
  243 |   virtual void insertWkSplitParam(WkSplitParam& new_params) {
      |                                   ~~~~~~~~~~~~~~^~~~~~~~~~
/home/adnan-cdx/codex-isolated/gather_restickify_clean_20260706_113236/deeptools/dsc/foldManager/foldInfrastructure.h: In instantiation of ‘void FoldFunction<Dtype>::printMetaData(std::ostream&, std::string) const [with Dtype = int; std::ostream = std::basic_ostream<char>; std::string = std::__cxx11::basic_string<char>]’:
/home/adnan-cdx/codex-isolated/gather_restickify_clean_20260706_113236/deeptools/dsc/foldManager/foldInfrastructure.h:254:16:   required from here
  254 |   virtual void printMetaData(std::ostream& out, std::string ps = "") const {
      |                ^~~~~~~~~~~~~
/home/adnan-cdx/codex-isolated/gather_restickify_clean_20260706_113236/deeptools/dsc/foldManager/foldInfrastructure.h:254:44: warning: unused parameter ‘out’ [-Wunused-parameter]
  254 |   virtual void printMetaData(std::ostream& out, std::string ps = "") const {
      |                              ~~~~~~~~~~~~~~^~~
/home/adnan-cdx/codex-isolated/gather_restickify_clean_20260706_113236/deeptools/dsc/foldManager/foldInfrastructure.h:254:61: warning: unused parameter ‘ps’ [-Wunused-parameter]
  254 |   virtual void printMetaData(std::ostream& out, std::string ps = "") const {
      |                                                 ~~~~~~~~~~~~^~~~~~~
/home/adnan-cdx/codex-isolated/gather_restickify_clean_20260706_113236/deeptools/dsc/foldManager/foldInfrastructure.h: In instantiation of ‘void FoldFunction<Dtype>::insertAlpha(const Dtype&) [with Dtype = std::vector<long int>]’:
/home/adnan-cdx/codex-isolated/gather_restickify_clean_20260706_113236/deeptools/dsc/foldManager/foldInfrastructure.h:235:16:   required from here
  235 |   virtual void insertAlpha(const Dtype& new_alpha) {
      |                ^~~~~~~~~~~
/home/adnan-cdx/codex-isolated/gather_restickify_clean_20260706_113236/deeptools/dsc/foldManager/foldInfrastructure.h:235:41: warning: unused parameter ‘new_alpha’ [-Wunused-parameter]
  235 |   virtual void insertAlpha(const Dtype& new_alpha) {
      |                            ~~~~~~~~~~~~~^~~~~~~~~
/home/adnan-cdx/codex-isolated/gather_restickify_clean_20260706_113236/deeptools/dsc/foldManager/foldInfrastructure.h: In instantiation of ‘void FoldFunction<Dtype>::insertBeta(const Dtype&) [with Dtype = std::vector<long int>]’:
/home/adnan-cdx/codex-isolated/gather_restickify_clean_20260706_113236/deeptools/dsc/foldManager/foldInfrastructure.h:239:16:   required from here
  239 |   virtual void insertBeta(const Dtype& new_alpha) {
      |                ^~~~~~~~~~
/home/adnan-cdx/codex-isolated/gather_restickify_clean_20260706_113236/deeptools/dsc/foldManager/foldInfrastructure.h:239:40: warning: unused parameter ‘new_alpha’ [-Wunused-parameter]
  239 |   virtual void insertBeta(const Dtype& new_alpha) {
      |                           ~~~~~~~~~~~~~^~~~~~~~~
/home/adnan-cdx/codex-isolated/gather_restickify_clean_20260706_113236/deeptools/dsc/foldManager/foldInfrastructure.h: In instantiation of ‘void FoldFunction<Dtype>::insertWkSplitParam(WkSplitParam&) [with Dtype = std::vector<long int>]’:
/home/adnan-cdx/codex-isolated/gather_restickify_clean_20260706_113236/deeptools/dsc/foldManager/foldInfrastructure.h:243:16:   required from here
  243 |   virtual void insertWkSplitParam(WkSplitParam& new_params) {
      |                ^~~~~~~~~~~~~~~~~~
/home/adnan-cdx/codex-isolated/gather_restickify_clean_20260706_113236/deeptools/dsc/foldManager/foldInfrastructure.h:243:49: warning: unused parameter ‘new_params’ [-Wunused-parameter]
  243 |   virtual void insertWkSplitParam(WkSplitParam& new_params) {
      |                                   ~~~~~~~~~~~~~~^~~~~~~~~~
/home/adnan-cdx/codex-isolated/gather_restickify_clean_20260706_113236/deeptools/dsc/foldManager/foldInfrastructure.h: In instantiation of ‘void FoldFunction<Dtype>::printMetaData(std::ostream&, std::string) const [with Dtype = std::vector<long int>; std::ostream = std::basic_ostream<char>; std::string = std::__cxx11::basic_string<char>]’:
/home/adnan-cdx/codex-isolated/gather_restickify_clean_20260706_113236/deeptools/dsc/foldManager/foldInfrastructure.h:254:16:   required from here
  254 |   virtual void printMetaData(std::ostream& out, std::string ps = "") const {
      |                ^~~~~~~~~~~~~
/home/adnan-cdx/codex-isolated/gather_restickify_clean_20260706_113236/deeptools/dsc/foldManager/foldInfrastructure.h:254:44: warning: unused parameter ‘out’ [-Wunused-parameter]
  254 |   virtual void printMetaData(std::ostream& out, std::string ps = "") const {
      |                              ~~~~~~~~~~~~~~^~~
/home/adnan-cdx/codex-isolated/gather_restickify_clean_20260706_113236/deeptools/dsc/foldManager/foldInfrastructure.h:254:61: warning: unused parameter ‘ps’ [-Wunused-parameter]
  254 |   virtual void printMetaData(std::ostream& out, std::string ps = "") const {
      |                                                 ~~~~~~~~~~~~^~~~~~~
/home/adnan-cdx/codex-isolated/gather_restickify_clean_20260706_113236/deeptools/dsc/foldManager/foldInfrastructure.h: In instantiation of ‘void FoldFunction<Dtype>::insertAlpha(const Dtype&) [with Dtype = std::vector<int>]’:
/home/adnan-cdx/codex-isolated/gather_restickify_clean_20260706_113236/deeptools/dsc/foldManager/foldInfrastructure.h:235:16:   required from here
  235 |   virtual void insertAlpha(const Dtype& new_alpha) {
      |                ^~~~~~~~~~~
/home/adnan-cdx/codex-isolated/gather_restickify_clean_20260706_113236/deeptools/dsc/foldManager/foldInfrastructure.h:235:41: warning: unused parameter ‘new_alpha’ [-Wunused-parameter]
  235 |   virtual void insertAlpha(const Dtype& new_alpha) {
      |                            ~~~~~~~~~~~~~^~~~~~~~~
/home/adnan-cdx/codex-isolated/gather_restickify_clean_20260706_113236/deeptools/dsc/foldManager/foldInfrastructure.h: In instantiation of ‘void FoldFunction<Dtype>::insertBeta(const Dtype&) [with Dtype = std::vector<int>]’:
/home/adnan-cdx/codex-isolated/gather_restickify_clean_20260706_113236/deeptools/dsc/foldManager/foldInfrastructure.h:239:16:   required from here
  239 |   virtual void insertBeta(const Dtype& new_alpha) {
      |                ^~~~~~~~~~
/home/adnan-cdx/codex-isolated/gather_restickify_clean_20260706_113236/deeptools/dsc/foldManager/foldInfrastructure.h:239:40: warning: unused parameter ‘new_alpha’ [-Wunused-parameter]
  239 |   virtual void insertBeta(const Dtype& new_alpha) {
      |                           ~~~~~~~~~~~~~^~~~~~~~~
/home/adnan-cdx/codex-isolated/gather_restickify_clean_20260706_113236/deeptools/dsc/foldManager/foldInfrastructure.h: In instantiation of ‘void FoldFunction<Dtype>::insertWkSplitParam(WkSplitParam&) [with Dtype = std::vector<int>]’:
/home/adnan-cdx/codex-isolated/gather_restickify_clean_20260706_113236/deeptools/dsc/foldManager/foldInfrastructure.h:243:16:   required from here
  243 |   virtual void insertWkSplitParam(WkSplitParam& new_params) {
      |                ^~~~~~~~~~~~~~~~~~
/home/adnan-cdx/codex-isolated/gather_restickify_clean_20260706_113236/deeptools/dsc/foldManager/foldInfrastructure.h:243:49: warning: unused parameter ‘new_params’ [-Wunused-parameter]
  243 |   virtual void insertWkSplitParam(WkSplitParam& new_params) {
      |                                   ~~~~~~~~~~~~~~^~~~~~~~~~
/home/adnan-cdx/codex-isolated/gather_restickify_clean_20260706_113236/deeptools/dsc/foldManager/foldInfrastructure.h: In instantiation of ‘void FoldFunction<Dtype>::printMetaData(std::ostream&, std::string) const [with Dtype = std::vector<int>; std::ostream = std::basic_ostream<char>; std::string = std::__cxx11::basic_string<char>]’:
/home/adnan-cdx/codex-isolated/gather_restickify_clean_20260706_113236/deeptools/dsc/foldManager/foldInfrastructure.h:254:16:   required from here
  254 |   virtual void printMetaData(std::ostream& out, std::string ps = "") const {
      |                ^~~~~~~~~~~~~
/home/adnan-cdx/codex-isolated/gather_restickify_clean_20260706_113236/deeptools/dsc/foldManager/foldInfrastructure.h:254:44: warning: unused parameter ‘out’ [-Wunused-parameter]
  254 |   virtual void printMetaData(std::ostream& out, std::string ps = "") const {
      |                              ~~~~~~~~~~~~~~^~~
/home/adnan-cdx/codex-isolated/gather_restickify_clean_20260706_113236/deeptools/dsc/foldManager/foldInfrastructure.h:254:61: warning: unused parameter ‘ps’ [-Wunused-parameter]
  254 |   virtual void printMetaData(std::ostream& out, std::string ps = "") const {
      |                                                 ~~~~~~~~~~~~^~~~~~~
/home/adnan-cdx/codex-isolated/gather_restickify_clean_20260706_113236/deeptools/dsc/foldManager/foldInfrastructure.h: In instantiation of ‘void FoldFunction<Dtype>::insertAlpha(const Dtype&) [with Dtype = std::vector<unsigned int>]’:
/home/adnan-cdx/codex-isolated/gather_restickify_clean_20260706_113236/deeptools/dsc/foldManager/foldInfrastructure.h:235:16:   required from here
  235 |   virtual void insertAlpha(const Dtype& new_alpha) {
      |                ^~~~~~~~~~~
/home/adnan-cdx/codex-isolated/gather_restickify_clean_20260706_113236/deeptools/dsc/foldManager/foldInfrastructure.h:235:41: warning: unused parameter ‘new_alpha’ [-Wunused-parameter]
  235 |   virtual void insertAlpha(const Dtype& new_alpha) {
      |                            ~~~~~~~~~~~~~^~~~~~~~~
/home/adnan-cdx/codex-isolated/gather_restickify_clean_20260706_113236/deeptools/dsc/foldManager/foldInfrastructure.h: In instantiation of ‘void FoldFunction<Dtype>::insertBeta(const Dtype&) [with Dtype = std::vector<unsigned int>]’:
/home/adnan-cdx/codex-isolated/gather_restickify_clean_20260706_113236/deeptools/dsc/foldManager/foldInfrastructure.h:239:16:   required from here
  239 |   virtual void insertBeta(const Dtype& new_alpha) {
      |                ^~~~~~~~~~
/home/adnan-cdx/codex-isolated/gather_restickify_clean_20260706_113236/deeptools/dsc/foldManager/foldInfrastructure.h:239:40: warning: unused parameter ‘new_alpha’ [-Wunused-parameter]
  239 |   virtual void insertBeta(const Dtype& new_alpha) {
      |                           ~~~~~~~~~~~~~^~~~~~~~~
/home/adnan-cdx/codex-isolated/gather_restickify_clean_20260706_113236/deeptools/dsc/foldManager/foldInfrastructure.h: In instantiation of ‘void FoldFunction<Dtype>::insertWkSplitParam(WkSplitParam&) [with Dtype = std::vector<unsigned int>]’:
/home/adnan-cdx/codex-isolated/gather_restickify_clean_20260706_113236/deeptools/dsc/foldManager/foldInfrastructure.h:243:16:   required from here
  243 |   virtual void insertWkSplitParam(WkSplitParam& new_params) {
      |                ^~~~~~~~~~~~~~~~~~
/home/adnan-cdx/codex-isolated/gather_restickify_clean_20260706_113236/deeptools/dsc/foldManager/foldInfrastructure.h:243:49: warning: unused parameter ‘new_params’ [-Wunused-parameter]
  243 |   virtual void insertWkSplitParam(WkSplitParam& new_params) {
      |                                   ~~~~~~~~~~~~~~^~~~~~~~~~
/home/adnan-cdx/codex-isolated/gather_restickify_clean_20260706_113236/deeptools/dsc/foldManager/foldInfrastructure.h: In instantiation of ‘void FoldFunction<Dtype>::printMetaData(std::ostream&, std::string) const [with Dtype = std::vector<unsigned int>; std::ostream = std::basic_ostream<char>; std::string = std::__cxx11::basic_string<char>]’:
/home/adnan-cdx/codex-isolated/gather_restickify_clean_20260706_113236/deeptools/dsc/foldManager/foldInfrastructure.h:254:16:   required from here
  254 |   virtual void printMetaData(std::ostream& out, std::string ps = "") const {
      |                ^~~~~~~~~~~~~
/home/adnan-cdx/codex-isolated/gather_restickify_clean_20260706_113236/deeptools/dsc/foldManager/foldInfrastructure.h:254:44: warning: unused parameter ‘out’ [-Wunused-parameter]
  254 |   virtual void printMetaData(std::ostream& out, std::string ps = "") const {
      |                              ~~~~~~~~~~~~~~^~~
/home/adnan-cdx/codex-isolated/gather_restickify_clean_20260706_113236/deeptools/dsc/foldManager/foldInfrastructure.h:254:61: warning: unused parameter ‘ps’ [-Wunused-parameter]
  254 |   virtual void printMetaData(std::ostream& out, std::string ps = "") const {
      |                                                 ~~~~~~~~~~~~^~~~~~~
/home/adnan-cdx/codex-isolated/gather_restickify_clean_20260706_113236/deeptools/dsc/foldManager/foldInfrastructure.h: In instantiation of ‘void FoldFunction<Dtype>::insertWkSplitParam(WkSplitParam&) [with Dtype = long int]’:
/home/adnan-cdx/codex-isolated/gather_restickify_clean_20260706_113236/deeptools/dsc/foldManager/foldInfrastructure.h:243:16:   required from here
  243 |   virtual void insertWkSplitParam(WkSplitParam& new_params) {
      |                ^~~~~~~~~~~~~~~~~~
/home/adnan-cdx/codex-isolated/gather_restickify_clean_20260706_113236/deeptools/dsc/foldManager/foldInfrastructure.h:243:49: warning: unused parameter ‘new_params’ [-Wunused-parameter]
  243 |   virtual void insertWkSplitParam(WkSplitParam& new_params) {
      |                                   ~~~~~~~~~~~~~~^~~~~~~~~~
/home/adnan-cdx/codex-isolated/gather_restickify_clean_20260706_113236/deeptools/dsc/foldManager/foldInfrastructure.h: In instantiation of ‘void FoldFunction<Dtype>::printMetaData(std::ostream&, std::string) const [with Dtype = long int; std::ostream = std::basic_ostream<char>; std::string = std::__cxx11::basic_string<char>]’:
/home/adnan-cdx/codex-isolated/gather_restickify_clean_20260706_113236/deeptools/dsc/foldManager/foldInfrastructure.h:254:16:   required from here
  254 |   virtual void printMetaData(std::ostream& out, std::string ps = "") const {
      |                ^~~~~~~~~~~~~
/home/adnan-cdx/codex-isolated/gather_restickify_clean_20260706_113236/deeptools/dsc/foldManager/foldInfrastructure.h:254:44: warning: unused parameter ‘out’ [-Wunused-parameter]
  254 |   virtual void printMetaData(std::ostream& out, std::string ps = "") const {
      |                              ~~~~~~~~~~~~~~^~~
/home/adnan-cdx/codex-isolated/gather_restickify_clean_20260706_113236/deeptools/dsc/foldManager/foldInfrastructure.h:254:61: warning: unused parameter ‘ps’ [-Wunused-parameter]
  254 |   virtual void printMetaData(std::ostream& out, std::string ps = "") const {
      |                                                 ~~~~~~~~~~~~^~~~~~~
/home/adnan-cdx/codex-isolated/gather_restickify_clean_20260706_113236/deeptools/dsc/foldManager/foldInfrastructure.h: In instantiation of ‘Dtype MapFoldFunction_Leaf<Dtype>::getData(const std::deque<long int>&, size_t) const [with Dtype = int; size_t = long unsigned int]’:
/home/adnan-cdx/codex-isolated/gather_restickify_clean_20260706_113236/deeptools/dsc/foldManager/foldInfrastructure.h:755:9:   required from here
  755 |   Dtype getData(const std::deque<int64_t>& fold_dim_indices,
      |         ^~~~~~~
/home/adnan-cdx/codex-isolated/gather_restickify_clean_20260706_113236/deeptools/dsc/foldManager/foldInfrastructure.h:759:31: warning: comparison of integer expressions of different signedness: ‘std::vector<int>::size_type’ {aka ‘long unsigned int’} and ‘long int’ [-Wsign-compare]
  759 |     DT_CHECK(data_vec_.size() > dim_index);
/home/adnan-cdx/codex-isolated/gather_restickify_clean_20260706_113236/deeptools/util/dt_exception.hpp:112:11: note: in definition of macro ‘DT_CHECK_MSG’
  112 |     if (!(cond)) {                                                  \
      |           ^~~~
/home/adnan-cdx/codex-isolated/gather_restickify_clean_20260706_113236/deeptools/dsc/foldManager/foldInfrastructure.h:759:5: note: in expansion of macro ‘DT_CHECK’
  759 |     DT_CHECK(data_vec_.size() > dim_index);
      |     ^~~~~~~~
/home/adnan-cdx/codex-isolated/gather_restickify_clean_20260706_113236/deeptools/dsc/foldManager/foldInfrastructure.h: In instantiation of ‘FoldFunction<Dtype>* MapFoldFunction_Leaf<Dtype>::getFoldFunc(const std::deque<long int>&, size_t) [with Dtype = int; size_t = long unsigned int]’:
/home/adnan-cdx/codex-isolated/gather_restickify_clean_20260706_113236/deeptools/dsc/foldManager/foldInfrastructure.h:776:24:   required from here
  776 |   FoldFunction<Dtype>* getFoldFunc(const std::deque<int64_t>& fold_dim_indices,
      |                        ^~~~~~~~~~~
/home/adnan-cdx/codex-isolated/gather_restickify_clean_20260706_113236/deeptools/dsc/foldManager/foldInfrastructure.h:776:63: warning: unused parameter ‘fold_dim_indices’ [-Wunused-parameter]
  776 |   FoldFunction<Dtype>* getFoldFunc(const std::deque<int64_t>& fold_dim_indices,
      |                                    ~~~~~~~~~~~~~~~~~~~~~~~~~~~^~~~~~~~~~~~~~~~
/home/adnan-cdx/codex-isolated/gather_restickify_clean_20260706_113236/deeptools/dsc/foldManager/foldInfrastructure.h:777:43: warning: unused parameter ‘idx’ [-Wunused-parameter]
  777 |                                    size_t idx) override {
      |                                    ~~~~~~~^~~
/home/adnan-cdx/codex-isolated/gather_restickify_clean_20260706_113236/deeptools/dsc/foldManager/foldInfrastructure.h: In instantiation of ‘void MapFoldFunction_Leaf<Dtype>::insertData(const Dtype&, const std::deque<long int>&, size_t) [with Dtype = int; size_t = long unsigned int]’:
/home/adnan-cdx/codex-isolated/gather_restickify_clean_20260706_113236/deeptools/dsc/foldManager/foldInfrastructure.h:763:8:   required from here
  763 |   void insertData(const Dtype& new_data,
      |        ^~~~~~~~~~
/home/adnan-cdx/codex-isolated/gather_restickify_clean_20260706_113236/deeptools/dsc/foldManager/foldInfrastructure.h:768:31: warning: comparison of integer expressions of different signedness: ‘std::vector<int>::size_type’ {aka ‘long unsigned int’} and ‘long int’ [-Wsign-compare]
  768 |     DT_CHECK(data_vec_.size() > dim_index);
/home/adnan-cdx/codex-isolated/gather_restickify_clean_20260706_113236/deeptools/util/dt_exception.hpp:112:11: note: in definition of macro ‘DT_CHECK_MSG’
  112 |     if (!(cond)) {                                                  \
      |           ^~~~
/home/adnan-cdx/codex-isolated/gather_restickify_clean_20260706_113236/deeptools/dsc/foldManager/foldInfrastructure.h:768:5: note: in expansion of macro ‘DT_CHECK’
  768 |     DT_CHECK(data_vec_.size() > dim_index);
      |     ^~~~~~~~
/home/adnan-cdx/codex-isolated/gather_restickify_clean_20260706_113236/deeptools/dsc/foldManager/foldInfrastructure.h: In instantiation of ‘FoldFunction<Dtype>* WkSplitFoldFunction_Leaf<Dtype>::getFoldFunc(const std::deque<long int>&, size_t) [with Dtype = int; size_t = long unsigned int]’:
/home/adnan-cdx/codex-isolated/gather_restickify_clean_20260706_113236/deeptools/dsc/foldManager/foldInfrastructure.h:869:24:   required from here
  869 |   FoldFunction<Dtype>* getFoldFunc(const std::deque<int64_t>& fold_dim_indices,
      |                        ^~~~~~~~~~~
/home/adnan-cdx/codex-isolated/gather_restickify_clean_20260706_113236/deeptools/dsc/foldManager/foldInfrastructure.h:869:63: warning: unused parameter ‘fold_dim_indices’ [-Wunused-parameter]
  869 |   FoldFunction<Dtype>* getFoldFunc(const std::deque<int64_t>& fold_dim_indices,
      |                                    ~~~~~~~~~~~~~~~~~~~~~~~~~~~^~~~~~~~~~~~~~~~
/home/adnan-cdx/codex-isolated/gather_restickify_clean_20260706_113236/deeptools/dsc/foldManager/foldInfrastructure.h:870:43: warning: unused parameter ‘idx’ [-Wunused-parameter]
  870 |                                    size_t idx) override {
      |                                    ~~~~~~~^~~
/home/adnan-cdx/codex-isolated/gather_restickify_clean_20260706_113236/deeptools/dsc/foldManager/foldInfrastructure.h: In instantiation of ‘void WkSplitFoldFunction_Leaf<Dtype>::insertData(const Dtype&, const std::deque<long int>&, size_t) [with Dtype = int; size_t = long unsigned int]’:
/home/adnan-cdx/codex-isolated/gather_restickify_clean_20260706_113236/deeptools/dsc/foldManager/foldInfrastructure.h:863:8:   required from here
  863 |   void insertData(const Dtype& new_data,
      |        ^~~~~~~~~~
/home/adnan-cdx/codex-isolated/gather_restickify_clean_20260706_113236/deeptools/dsc/foldManager/foldInfrastructure.h:863:32: warning: unused parameter ‘new_data’ [-Wunused-parameter]
  863 |   void insertData(const Dtype& new_data,
      |                   ~~~~~~~~~~~~~^~~~~~~~
/home/adnan-cdx/codex-isolated/gather_restickify_clean_20260706_113236/deeptools/dsc/foldManager/foldInfrastructure.h:864:46: warning: unused parameter ‘fold_dim_indices’ [-Wunused-parameter]
  864 |                   const std::deque<int64_t>& fold_dim_indices,
      |                   ~~~~~~~~~~~~~~~~~~~~~~~~~~~^~~~~~~~~~~~~~~~
/home/adnan-cdx/codex-isolated/gather_restickify_clean_20260706_113236/deeptools/dsc/foldManager/foldInfrastructure.h:865:26: warning: unused parameter ‘idx’ [-Wunused-parameter]
  865 |                   size_t idx) override {
      |                   ~~~~~~~^~~
/home/adnan-cdx/codex-isolated/gather_restickify_clean_20260706_113236/deeptools/dsc/foldManager/foldInfrastructure.h: In instantiation of ‘FoldFunction<Dtype>* AffineFoldFunction_Leaf<Dtype>::getFoldFunc(const std::deque<long int>&, size_t) [with Dtype = int; size_t = long unsigned int]’:
/home/adnan-cdx/codex-isolated/gather_restickify_clean_20260706_113236/deeptools/dsc/foldManager/foldInfrastructure.h:619:24:   required from here
  619 |   FoldFunction<Dtype>* getFoldFunc(const std::deque<int64_t>& fold_dim_indices,
      |                        ^~~~~~~~~~~
/home/adnan-cdx/codex-isolated/gather_restickify_clean_20260706_113236/deeptools/dsc/foldManager/foldInfrastructure.h:619:63: warning: unused parameter ‘fold_dim_indices’ [-Wunused-parameter]
  619 |   FoldFunction<Dtype>* getFoldFunc(const std::deque<int64_t>& fold_dim_indices,
      |                                    ~~~~~~~~~~~~~~~~~~~~~~~~~~~^~~~~~~~~~~~~~~~
/home/adnan-cdx/codex-isolated/gather_restickify_clean_20260706_113236/deeptools/dsc/foldManager/foldInfrastructure.h:620:43: warning: unused parameter ‘idx’ [-Wunused-parameter]
  620 |                                    size_t idx) override {
      |                                    ~~~~~~~^~~
/home/adnan-cdx/codex-isolated/gather_restickify_clean_20260706_113236/deeptools/dsc/foldManager/foldInfrastructure.h: In instantiation of ‘void AffineFoldFunction_Leaf<Dtype>::insertData(const Dtype&, const std::deque<long int>&, size_t) [with Dtype = int; size_t = long unsigned int]’:
/home/adnan-cdx/codex-isolated/gather_restickify_clean_20260706_113236/deeptools/dsc/foldManager/foldInfrastructure.h:613:8:   required from here
  613 |   void insertData(const Dtype& new_data,
      |        ^~~~~~~~~~
/home/adnan-cdx/codex-isolated/gather_restickify_clean_20260706_113236/deeptools/dsc/foldManager/foldInfrastructure.h:613:32: warning: unused parameter ‘new_data’ [-Wunused-parameter]
  613 |   void insertData(const Dtype& new_data,
      |                   ~~~~~~~~~~~~~^~~~~~~~
/home/adnan-cdx/codex-isolated/gather_restickify_clean_20260706_113236/deeptools/dsc/foldManager/foldInfrastructure.h:614:46: warning: unused parameter ‘fold_dim_indices’ [-Wunused-parameter]
  614 |                   const std::deque<int64_t>& fold_dim_indices,
      |                   ~~~~~~~~~~~~~~~~~~~~~~~~~~~^~~~~~~~~~~~~~~~
/home/adnan-cdx/codex-isolated/gather_restickify_clean_20260706_113236/deeptools/dsc/foldManager/foldInfrastructure.h:615:26: warning: unused parameter ‘idx’ [-Wunused-parameter]
  615 |                   size_t idx) override {
      |                   ~~~~~~~^~~
/home/adnan-cdx/codex-isolated/gather_restickify_clean_20260706_113236/deeptools/dsc/foldManager/foldInfrastructure.h: In instantiation of ‘Dtype MapFoldFunction_NonLeaf<Dtype>::getData(const std::deque<long int>&, size_t) const [with Dtype = int; size_t = long unsigned int]’:
/home/adnan-cdx/codex-isolated/gather_restickify_clean_20260706_113236/deeptools/dsc/foldManager/foldInfrastructure.h:699:9:   required from here
  699 |   Dtype getData(const std::deque<int64_t>& fold_dim_indices,
      |         ^~~~~~~
/home/adnan-cdx/codex-isolated/gather_restickify_clean_20260706_113236/deeptools/dsc/foldManager/foldInfrastructure.h:703:35: warning: comparison of integer expressions of different signedness: ‘std::vector<FoldFunction<int>*, std::allocator<FoldFunction<int>*> >::size_type’ {aka ‘long unsigned int’} and ‘long int’ [-Wsign-compare]
  703 |     DT_CHECK(child_ff_vec_.size() > dim_index);
/home/adnan-cdx/codex-isolated/gather_restickify_clean_20260706_113236/deeptools/util/dt_exception.hpp:112:11: note: in definition of macro ‘DT_CHECK_MSG’
  112 |     if (!(cond)) {                                                  \
      |           ^~~~
/home/adnan-cdx/codex-isolated/gather_restickify_clean_20260706_113236/deeptools/dsc/foldManager/foldInfrastructure.h:703:5: note: in expansion of macro ‘DT_CHECK’
  703 |     DT_CHECK(child_ff_vec_.size() > dim_index);
      |     ^~~~~~~~
/home/adnan-cdx/codex-isolated/gather_restickify_clean_20260706_113236/deeptools/dsc/foldManager/foldInfrastructure.h: In instantiation of ‘FoldFunction<Dtype>* MapFoldFunction_NonLeaf<Dtype>::getFoldFunc(const std::deque<long int>&, size_t) [with Dtype = int; size_t = long unsigned int]’:
/home/adnan-cdx/codex-isolated/gather_restickify_clean_20260706_113236/deeptools/dsc/foldManager/foldInfrastructure.h:720:24:   required from here
  720 |   FoldFunction<Dtype>* getFoldFunc(const std::deque<int64_t>& fold_dim_indices,
      |                        ^~~~~~~~~~~
/home/adnan-cdx/codex-isolated/gather_restickify_clean_20260706_113236/deeptools/dsc/foldManager/foldInfrastructure.h:724:35: warning: comparison of integer expressions of different signedness: ‘std::vector<FoldFunction<int>*, std::allocator<FoldFunction<int>*> >::size_type’ {aka ‘long unsigned int’} and ‘long int’ [-Wsign-compare]
  724 |     DT_CHECK(child_ff_vec_.size() > dim_index);
/home/adnan-cdx/codex-isolated/gather_restickify_clean_20260706_113236/deeptools/util/dt_exception.hpp:112:11: note: in definition of macro ‘DT_CHECK_MSG’
  112 |     if (!(cond)) {                                                  \
      |           ^~~~
/home/adnan-cdx/codex-isolated/gather_restickify_clean_20260706_113236/deeptools/dsc/foldManager/foldInfrastructure.h:724:5: note: in expansion of macro ‘DT_CHECK’
  724 |     DT_CHECK(child_ff_vec_.size() > dim_index);
      |     ^~~~~~~~
/home/adnan-cdx/codex-isolated/gather_restickify_clean_20260706_113236/deeptools/dsc/foldManager/foldInfrastructure.h: In instantiation of ‘void MapFoldFunction_NonLeaf<Dtype>::insertData(const Dtype&, const std::deque<long int>&, size_t) [with Dtype = int; size_t = long unsigned int]’:
/home/adnan-cdx/codex-isolated/gather_restickify_clean_20260706_113236/deeptools/dsc/foldManager/foldInfrastructure.h:710:8:   required from here
  710 |   void insertData(const Dtype& new_data,
      |        ^~~~~~~~~~
/home/adnan-cdx/codex-isolated/gather_restickify_clean_20260706_113236/deeptools/dsc/foldManager/foldInfrastructure.h:715:35: warning: comparison of integer expressions of different signedness: ‘std::vector<FoldFunction<int>*, std::allocator<FoldFunction<int>*> >::size_type’ {aka ‘long unsigned int’} and ‘long int’ [-Wsign-compare]
  715 |     DT_CHECK(child_ff_vec_.size() > dim_index);
/home/adnan-cdx/codex-isolated/gather_restickify_clean_20260706_113236/deeptools/util/dt_exception.hpp:112:11: note: in definition of macro ‘DT_CHECK_MSG’
  112 |     if (!(cond)) {                                                  \
      |           ^~~~
/home/adnan-cdx/codex-isolated/gather_restickify_clean_20260706_113236/deeptools/dsc/foldManager/foldInfrastructure.h:715:5: note: in expansion of macro ‘DT_CHECK’
  715 |     DT_CHECK(child_ff_vec_.size() > dim_index);
      |     ^~~~~~~~
/home/adnan-cdx/codex-isolated/gather_restickify_clean_20260706_113236/deeptools/dsc/foldManager/foldInfrastructure.h: In instantiation of ‘Dtype MapFoldFunction_NonLeaf<Dtype>::getData(const std::deque<long int>&, size_t) const [with Dtype = std::vector<long int>; size_t = long unsigned int]’:
/home/adnan-cdx/codex-isolated/gather_restickify_clean_20260706_113236/deeptools/dsc/foldManager/foldInfrastructure.h:699:9:   required from here
  699 |   Dtype getData(const std::deque<int64_t>& fold_dim_indices,
      |         ^~~~~~~
/home/adnan-cdx/codex-isolated/gather_restickify_clean_20260706_113236/deeptools/dsc/foldManager/foldInfrastructure.h:703:35: warning: comparison of integer expressions of different signedness: ‘std::vector<FoldFunction<std::vector<long int> >*, std::allocator<FoldFunction<std::vector<long int> >*> >::size_type’ {aka ‘long unsigned int’} and ‘long int’ [-Wsign-compare]
  703 |     DT_CHECK(child_ff_vec_.size() > dim_index);
/home/adnan-cdx/codex-isolated/gather_restickify_clean_20260706_113236/deeptools/util/dt_exception.hpp:112:11: note: in definition of macro ‘DT_CHECK_MSG’
  112 |     if (!(cond)) {                                                  \
      |           ^~~~
/home/adnan-cdx/codex-isolated/gather_restickify_clean_20260706_113236/deeptools/dsc/foldManager/foldInfrastructure.h:703:5: note: in expansion of macro ‘DT_CHECK’
  703 |     DT_CHECK(child_ff_vec_.size() > dim_index);
      |     ^~~~~~~~
/home/adnan-cdx/codex-isolated/gather_restickify_clean_20260706_113236/deeptools/dsc/foldManager/foldInfrastructure.h: In instantiation of ‘FoldFunction<Dtype>* MapFoldFunction_NonLeaf<Dtype>::getFoldFunc(const std::deque<long int>&, size_t) [with Dtype = std::vector<long int>; size_t = long unsigned int]’:
/home/adnan-cdx/codex-isolated/gather_restickify_clean_20260706_113236/deeptools/dsc/foldManager/foldInfrastructure.h:720:24:   required from here
  720 |   FoldFunction<Dtype>* getFoldFunc(const std::deque<int64_t>& fold_dim_indices,
      |                        ^~~~~~~~~~~
/home/adnan-cdx/codex-isolated/gather_restickify_clean_20260706_113236/deeptools/dsc/foldManager/foldInfrastructure.h:724:35: warning: comparison of integer expressions of different signedness: ‘std::vector<FoldFunction<std::vector<long int> >*, std::allocator<FoldFunction<std::vector<long int> >*> >::size_type’ {aka ‘long unsigned int’} and ‘long int’ [-Wsign-compare]
  724 |     DT_CHECK(child_ff_vec_.size() > dim_index);
/home/adnan-cdx/codex-isolated/gather_restickify_clean_20260706_113236/deeptools/util/dt_exception.hpp:112:11: note: in definition of macro ‘DT_CHECK_MSG’
  112 |     if (!(cond)) {                                                  \
      |           ^~~~
/home/adnan-cdx/codex-isolated/gather_restickify_clean_20260706_113236/deeptools/dsc/foldManager/foldInfrastructure.h:724:5: note: in expansion of macro ‘DT_CHECK’
  724 |     DT_CHECK(child_ff_vec_.size() > dim_index);
      |     ^~~~~~~~
/home/adnan-cdx/codex-isolated/gather_restickify_clean_20260706_113236/deeptools/dsc/foldManager/foldInfrastructure.h: In instantiation of ‘void MapFoldFunction_NonLeaf<Dtype>::insertData(const Dtype&, const std::deque<long int>&, size_t) [with Dtype = std::vector<long int>; size_t = long unsigned int]’:
/home/adnan-cdx/codex-isolated/gather_restickify_clean_20260706_113236/deeptools/dsc/foldManager/foldInfrastructure.h:710:8:   required from here
  710 |   void insertData(const Dtype& new_data,
      |        ^~~~~~~~~~
/home/adnan-cdx/codex-isolated/gather_restickify_clean_20260706_113236/deeptools/dsc/foldManager/foldInfrastructure.h:715:35: warning: comparison of integer expressions of different signedness: ‘std::vector<FoldFunction<std::vector<long int> >*, std::allocator<FoldFunction<std::vector<long int> >*> >::size_type’ {aka ‘long unsigned int’} and ‘long int’ [-Wsign-compare]
  715 |     DT_CHECK(child_ff_vec_.size() > dim_index);
/home/adnan-cdx/codex-isolated/gather_restickify_clean_20260706_113236/deeptools/util/dt_exception.hpp:112:11: note: in definition of macro ‘DT_CHECK_MSG’
  112 |     if (!(cond)) {                                                  \
      |           ^~~~
/home/adnan-cdx/codex-isolated/gather_restickify_clean_20260706_113236/deeptools/dsc/foldManager/foldInfrastructure.h:715:5: note: in expansion of macro ‘DT_CHECK’
  715 |     DT_CHECK(child_ff_vec_.size() > dim_index);
      |     ^~~~~~~~
/home/adnan-cdx/codex-isolated/gather_restickify_clean_20260706_113236/deeptools/dsc/foldManager/foldInfrastructure.h: In instantiation of ‘Dtype MapFoldFunction_NonLeaf<Dtype>::getData(const std::deque<long int>&, size_t) const [with Dtype = std::vector<int>; size_t = long unsigned int]’:
/home/adnan-cdx/codex-isolated/gather_restickify_clean_20260706_113236/deeptools/dsc/foldManager/foldInfrastructure.h:699:9:   required from here
  699 |   Dtype getData(const std::deque<int64_t>& fold_dim_indices,
      |         ^~~~~~~
/home/adnan-cdx/codex-isolated/gather_restickify_clean_20260706_113236/deeptools/dsc/foldManager/foldInfrastructure.h:703:35: warning: comparison of integer expressions of different signedness: ‘std::vector<FoldFunction<std::vector<int> >*, std::allocator<FoldFunction<std::vector<int> >*> >::size_type’ {aka ‘long unsigned int’} and ‘long int’ [-Wsign-compare]
  703 |     DT_CHECK(child_ff_vec_.size() > dim_index);
/home/adnan-cdx/codex-isolated/gather_restickify_clean_20260706_113236/deeptools/util/dt_exception.hpp:112:11: note: in definition of macro ‘DT_CHECK_MSG’
  112 |     if (!(cond)) {                                                  \
      |           ^~~~
/home/adnan-cdx/codex-isolated/gather_restickify_clean_20260706_113236/deeptools/dsc/foldManager/foldInfrastructure.h:703:5: note: in expansion of macro ‘DT_CHECK’
  703 |     DT_CHECK(child_ff_vec_.size() > dim_index);
      |     ^~~~~~~~
/home/adnan-cdx/codex-isolated/gather_restickify_clean_20260706_113236/deeptools/dsc/foldManager/foldInfrastructure.h: In instantiation of ‘FoldFunction<Dtype>* MapFoldFunction_NonLeaf<Dtype>::getFoldFunc(const std::deque<long int>&, size_t) [with Dtype = std::vector<int>; size_t = long unsigned int]’:
/home/adnan-cdx/codex-isolated/gather_restickify_clean_20260706_113236/deeptools/dsc/foldManager/foldInfrastructure.h:720:24:   required from here
  720 |   FoldFunction<Dtype>* getFoldFunc(const std::deque<int64_t>& fold_dim_indices,
      |                        ^~~~~~~~~~~
/home/adnan-cdx/codex-isolated/gather_restickify_clean_20260706_113236/deeptools/dsc/foldManager/foldInfrastructure.h:724:35: warning: comparison of integer expressions of different signedness: ‘std::vector<FoldFunction<std::vector<int> >*, std::allocator<FoldFunction<std::vector<int> >*> >::size_type’ {aka ‘long unsigned int’} and ‘long int’ [-Wsign-compare]
  724 |     DT_CHECK(child_ff_vec_.size() > dim_index);
/home/adnan-cdx/codex-isolated/gather_restickify_clean_20260706_113236/deeptools/util/dt_exception.hpp:112:11: note: in definition of macro ‘DT_CHECK_MSG’
  112 |     if (!(cond)) {                                                  \
      |           ^~~~
/home/adnan-cdx/codex-isolated/gather_restickify_clean_20260706_113236/deeptools/dsc/foldManager/foldInfrastructure.h:724:5: note: in expansion of macro ‘DT_CHECK’
  724 |     DT_CHECK(child_ff_vec_.size() > dim_index);
      |     ^~~~~~~~
/home/adnan-cdx/codex-isolated/gather_restickify_clean_20260706_113236/deeptools/dsc/foldManager/foldInfrastructure.h: In instantiation of ‘void MapFoldFunction_NonLeaf<Dtype>::insertData(const Dtype&, const std::deque<long int>&, size_t) [with Dtype = std::vector<int>; size_t = long unsigned int]’:
/home/adnan-cdx/codex-isolated/gather_restickify_clean_20260706_113236/deeptools/dsc/foldManager/foldInfrastructure.h:710:8:   required from here
  710 |   void insertData(const Dtype& new_data,
      |        ^~~~~~~~~~
/home/adnan-cdx/codex-isolated/gather_restickify_clean_20260706_113236/deeptools/dsc/foldManager/foldInfrastructure.h:715:35: warning: comparison of integer expressions of different signedness: ‘std::vector<FoldFunction<std::vector<int> >*, std::allocator<FoldFunction<std::vector<int> >*> >::size_type’ {aka ‘long unsigned int’} and ‘long int’ [-Wsign-compare]
  715 |     DT_CHECK(child_ff_vec_.size() > dim_index);
/home/adnan-cdx/codex-isolated/gather_restickify_clean_20260706_113236/deeptools/util/dt_exception.hpp:112:11: note: in definition of macro ‘DT_CHECK_MSG’
  112 |     if (!(cond)) {                                                  \
      |           ^~~~
/home/adnan-cdx/codex-isolated/gather_restickify_clean_20260706_113236/deeptools/dsc/foldManager/foldInfrastructure.h:715:5: note: in expansion of macro ‘DT_CHECK’
  715 |     DT_CHECK(child_ff_vec_.size() > dim_index);
      |     ^~~~~~~~
/home/adnan-cdx/codex-isolated/gather_restickify_clean_20260706_113236/deeptools/dsc/foldManager/foldInfrastructure.h: In instantiation of ‘Dtype MapFoldFunction_Leaf<Dtype>::getData(const std::deque<long int>&, size_t) const [with Dtype = std::vector<unsigned int>; size_t = long unsigned int]’:
/home/adnan-cdx/codex-isolated/gather_restickify_clean_20260706_113236/deeptools/dsc/foldManager/foldInfrastructure.h:755:9:   required from here
  755 |   Dtype getData(const std::deque<int64_t>& fold_dim_indices,
      |         ^~~~~~~
/home/adnan-cdx/codex-isolated/gather_restickify_clean_20260706_113236/deeptools/dsc/foldManager/foldInfrastructure.h:759:31: warning: comparison of integer expressions of different signedness: ‘std::vector<std::vector<unsigned int>, std::allocator<std::vector<unsigned int> > >::size_type’ {aka ‘long unsigned int’} and ‘long int’ [-Wsign-compare]
  759 |     DT_CHECK(data_vec_.size() > dim_index);
/home/adnan-cdx/codex-isolated/gather_restickify_clean_20260706_113236/deeptools/util/dt_exception.hpp:112:11: note: in definition of macro ‘DT_CHECK_MSG’
  112 |     if (!(cond)) {                                                  \
      |           ^~~~
/home/adnan-cdx/codex-isolated/gather_restickify_clean_20260706_113236/deeptools/dsc/foldManager/foldInfrastructure.h:759:5: note: in expansion of macro ‘DT_CHECK’
  759 |     DT_CHECK(data_vec_.size() > dim_index);
      |     ^~~~~~~~
/home/adnan-cdx/codex-isolated/gather_restickify_clean_20260706_113236/deeptools/dsc/foldManager/foldInfrastructure.h: In instantiation of ‘FoldFunction<Dtype>* MapFoldFunction_Leaf<Dtype>::getFoldFunc(const std::deque<long int>&, size_t) [with Dtype = std::vector<unsigned int>; size_t = long unsigned int]’:
/home/adnan-cdx/codex-isolated/gather_restickify_clean_20260706_113236/deeptools/dsc/foldManager/foldInfrastructure.h:776:24:   required from here
  776 |   FoldFunction<Dtype>* getFoldFunc(const std::deque<int64_t>& fold_dim_indices,
      |                        ^~~~~~~~~~~
/home/adnan-cdx/codex-isolated/gather_restickify_clean_20260706_113236/deeptools/dsc/foldManager/foldInfrastructure.h:776:63: warning: unused parameter ‘fold_dim_indices’ [-Wunused-parameter]
  776 |   FoldFunction<Dtype>* getFoldFunc(const std::deque<int64_t>& fold_dim_indices,
      |                                    ~~~~~~~~~~~~~~~~~~~~~~~~~~~^~~~~~~~~~~~~~~~
/home/adnan-cdx/codex-isolated/gather_restickify_clean_20260706_113236/deeptools/dsc/foldManager/foldInfrastructure.h:777:43: warning: unused parameter ‘idx’ [-Wunused-parameter]
  777 |                                    size_t idx) override {
      |                                    ~~~~~~~^~~
/home/adnan-cdx/codex-isolated/gather_restickify_clean_20260706_113236/deeptools/dsc/foldManager/foldInfrastructure.h: In instantiation of ‘void MapFoldFunction_Leaf<Dtype>::insertData(const Dtype&, const std::deque<long int>&, size_t) [with Dtype = std::vector<unsigned int>; size_t = long unsigned int]’:
/home/adnan-cdx/codex-isolated/gather_restickify_clean_20260706_113236/deeptools/dsc/foldManager/foldInfrastructure.h:763:8:   required from here
  763 |   void insertData(const Dtype& new_data,
      |        ^~~~~~~~~~
/home/adnan-cdx/codex-isolated/gather_restickify_clean_20260706_113236/deeptools/dsc/foldManager/foldInfrastructure.h:768:31: warning: comparison of integer expressions of different signedness: ‘std::vector<std::vector<unsigned int>, std::allocator<std::vector<unsigned int> > >::size_type’ {aka ‘long unsigned int’} and ‘long int’ [-Wsign-compare]
  768 |     DT_CHECK(data_vec_.size() > dim_index);
/home/adnan-cdx/codex-isolated/gather_restickify_clean_20260706_113236/deeptools/util/dt_exception.hpp:112:11: note: in definition of macro ‘DT_CHECK_MSG’
  112 |     if (!(cond)) {                                                  \
      |           ^~~~
/home/adnan-cdx/codex-isolated/gather_restickify_clean_20260706_113236/deeptools/dsc/foldManager/foldInfrastructure.h:768:5: note: in expansion of macro ‘DT_CHECK’
  768 |     DT_CHECK(data_vec_.size() > dim_index);
      |     ^~~~~~~~
/home/adnan-cdx/codex-isolated/gather_restickify_clean_20260706_113236/deeptools/dsc/foldManager/foldInfrastructure.h: In instantiation of ‘FoldFunction<Dtype>* WkSplitFoldFunction_Leaf<Dtype>::getFoldFunc(const std::deque<long int>&, size_t) [with Dtype = std::vector<unsigned int>; size_t = long unsigned int]’:
/home/adnan-cdx/codex-isolated/gather_restickify_clean_20260706_113236/deeptools/dsc/foldManager/foldInfrastructure.h:869:24:   required from here
  869 |   FoldFunction<Dtype>* getFoldFunc(const std::deque<int64_t>& fold_dim_indices,
      |                        ^~~~~~~~~~~
/home/adnan-cdx/codex-isolated/gather_restickify_clean_20260706_113236/deeptools/dsc/foldManager/foldInfrastructure.h:869:63: warning: unused parameter ‘fold_dim_indices’ [-Wunused-parameter]
  869 |   FoldFunction<Dtype>* getFoldFunc(const std::deque<int64_t>& fold_dim_indices,
      |                                    ~~~~~~~~~~~~~~~~~~~~~~~~~~~^~~~~~~~~~~~~~~~
/home/adnan-cdx/codex-isolated/gather_restickify_clean_20260706_113236/deeptools/dsc/foldManager/foldInfrastructure.h:870:43: warning: unused parameter ‘idx’ [-Wunused-parameter]
  870 |                                    size_t idx) override {
      |                                    ~~~~~~~^~~
/home/adnan-cdx/codex-isolated/gather_restickify_clean_20260706_113236/deeptools/dsc/foldManager/foldInfrastructure.h: In instantiation of ‘void WkSplitFoldFunction_Leaf<Dtype>::insertData(const Dtype&, const std::deque<long int>&, size_t) [with Dtype = std::vector<unsigned int>; size_t = long unsigned int]’:
/home/adnan-cdx/codex-isolated/gather_restickify_clean_20260706_113236/deeptools/dsc/foldManager/foldInfrastructure.h:863:8:   required from here
  863 |   void insertData(const Dtype& new_data,
      |        ^~~~~~~~~~
/home/adnan-cdx/codex-isolated/gather_restickify_clean_20260706_113236/deeptools/dsc/foldManager/foldInfrastructure.h:863:32: warning: unused parameter ‘new_data’ [-Wunused-parameter]
  863 |   void insertData(const Dtype& new_data,
      |                   ~~~~~~~~~~~~~^~~~~~~~
/home/adnan-cdx/codex-isolated/gather_restickify_clean_20260706_113236/deeptools/dsc/foldManager/foldInfrastructure.h:864:46: warning: unused parameter ‘fold_dim_indices’ [-Wunused-parameter]
  864 |                   const std::deque<int64_t>& fold_dim_indices,
      |                   ~~~~~~~~~~~~~~~~~~~~~~~~~~~^~~~~~~~~~~~~~~~
/home/adnan-cdx/codex-isolated/gather_restickify_clean_20260706_113236/deeptools/dsc/foldManager/foldInfrastructure.h:865:26: warning: unused parameter ‘idx’ [-Wunused-parameter]
  865 |                   size_t idx) override {
      |                   ~~~~~~~^~~
/home/adnan-cdx/codex-isolated/gather_restickify_clean_20260706_113236/deeptools/dsc/foldManager/foldInfrastructure.h: In instantiation of ‘FoldFunction<Dtype>* AffineFoldFunction_Leaf<Dtype>::getFoldFunc(const std::deque<long int>&, size_t) [with Dtype = std::vector<unsigned int>; size_t = long unsigned int]’:
/home/adnan-cdx/codex-isolated/gather_restickify_clean_20260706_113236/deeptools/dsc/foldManager/foldInfrastructure.h:619:24:   required from here
  619 |   FoldFunction<Dtype>* getFoldFunc(const std::deque<int64_t>& fold_dim_indices,
      |                        ^~~~~~~~~~~
/home/adnan-cdx/codex-isolated/gather_restickify_clean_20260706_113236/deeptools/dsc/foldManager/foldInfrastructure.h:619:63: warning: unused parameter ‘fold_dim_indices’ [-Wunused-parameter]
  619 |   FoldFunction<Dtype>* getFoldFunc(const std::deque<int64_t>& fold_dim_indices,
      |                                    ~~~~~~~~~~~~~~~~~~~~~~~~~~~^~~~~~~~~~~~~~~~
/home/adnan-cdx/codex-isolated/gather_restickify_clean_20260706_113236/deeptools/dsc/foldManager/foldInfrastructure.h:620:43: warning: unused parameter ‘idx’ [-Wunused-parameter]
  620 |                                    size_t idx) override {
      |                                    ~~~~~~~^~~
/home/adnan-cdx/codex-isolated/gather_restickify_clean_20260706_113236/deeptools/dsc/foldManager/foldInfrastructure.h: In instantiation of ‘void AffineFoldFunction_Leaf<Dtype>::insertData(const Dtype&, const std::deque<long int>&, size_t) [with Dtype = std::vector<unsigned int>; size_t = long unsigned int]’:
/home/adnan-cdx/codex-isolated/gather_restickify_clean_20260706_113236/deeptools/dsc/foldManager/foldInfrastructure.h:613:8:   required from here
  613 |   void insertData(const Dtype& new_data,
      |        ^~~~~~~~~~
/home/adnan-cdx/codex-isolated/gather_restickify_clean_20260706_113236/deeptools/dsc/foldManager/foldInfrastructure.h:613:32: warning: unused parameter ‘new_data’ [-Wunused-parameter]
  613 |   void insertData(const Dtype& new_data,
      |                   ~~~~~~~~~~~~~^~~~~~~~
/home/adnan-cdx/codex-isolated/gather_restickify_clean_20260706_113236/deeptools/dsc/foldManager/foldInfrastructure.h:614:46: warning: unused parameter ‘fold_dim_indices’ [-Wunused-parameter]
  614 |                   const std::deque<int64_t>& fold_dim_indices,
      |                   ~~~~~~~~~~~~~~~~~~~~~~~~~~~^~~~~~~~~~~~~~~~
/home/adnan-cdx/codex-isolated/gather_restickify_clean_20260706_113236/deeptools/dsc/foldManager/foldInfrastructure.h:615:26: warning: unused parameter ‘idx’ [-Wunused-parameter]
  615 |                   size_t idx) override {
      |                   ~~~~~~~^~~
/home/adnan-cdx/codex-isolated/gather_restickify_clean_20260706_113236/deeptools/dsc/foldManager/foldInfrastructure.h: In instantiation of ‘Dtype MapFoldFunction_NonLeaf<Dtype>::getData(const std::deque<long int>&, size_t) const [with Dtype = std::vector<unsigned int>; size_t = long unsigned int]’:
/home/adnan-cdx/codex-isolated/gather_restickify_clean_20260706_113236/deeptools/dsc/foldManager/foldInfrastructure.h:699:9:   required from here
  699 |   Dtype getData(const std::deque<int64_t>& fold_dim_indices,
      |         ^~~~~~~
/home/adnan-cdx/codex-isolated/gather_restickify_clean_20260706_113236/deeptools/dsc/foldManager/foldInfrastructure.h:703:35: warning: comparison of integer expressions of different signedness: ‘std::vector<FoldFunction<std::vector<unsigned int> >*, std::allocator<FoldFunction<std::vector<unsigned int> >*> >::size_type’ {aka ‘long unsigned int’} and ‘long int’ [-Wsign-compare]
  703 |     DT_CHECK(child_ff_vec_.size() > dim_index);
/home/adnan-cdx/codex-isolated/gather_restickify_clean_20260706_113236/deeptools/util/dt_exception.hpp:112:11: note: in definition of macro ‘DT_CHECK_MSG’
  112 |     if (!(cond)) {                                                  \
      |           ^~~~
/home/adnan-cdx/codex-isolated/gather_restickify_clean_20260706_113236/deeptools/dsc/foldManager/foldInfrastructure.h:703:5: note: in expansion of macro ‘DT_CHECK’
  703 |     DT_CHECK(child_ff_vec_.size() > dim_index);
      |     ^~~~~~~~
/home/adnan-cdx/codex-isolated/gather_restickify_clean_20260706_113236/deeptools/dsc/foldManager/foldInfrastructure.h: In instantiation of ‘FoldFunction<Dtype>* MapFoldFunction_NonLeaf<Dtype>::getFoldFunc(const std::deque<long int>&, size_t) [with Dtype = std::vector<unsigned int>; size_t = long unsigned int]’:
/home/adnan-cdx/codex-isolated/gather_restickify_clean_20260706_113236/deeptools/dsc/foldManager/foldInfrastructure.h:720:24:   required from here
  720 |   FoldFunction<Dtype>* getFoldFunc(const std::deque<int64_t>& fold_dim_indices,
      |                        ^~~~~~~~~~~
/home/adnan-cdx/codex-isolated/gather_restickify_clean_20260706_113236/deeptools/dsc/foldManager/foldInfrastructure.h:724:35: warning: comparison of integer expressions of different signedness: ‘std::vector<FoldFunction<std::vector<unsigned int> >*, std::allocator<FoldFunction<std::vector<unsigned int> >*> >::size_type’ {aka ‘long unsigned int’} and ‘long int’ [-Wsign-compare]
  724 |     DT_CHECK(child_ff_vec_.size() > dim_index);
/home/adnan-cdx/codex-isolated/gather_restickify_clean_20260706_113236/deeptools/util/dt_exception.hpp:112:11: note: in definition of macro ‘DT_CHECK_MSG’
  112 |     if (!(cond)) {                                                  \
      |           ^~~~
/home/adnan-cdx/codex-isolated/gather_restickify_clean_20260706_113236/deeptools/dsc/foldManager/foldInfrastructure.h:724:5: note: in expansion of macro ‘DT_CHECK’
  724 |     DT_CHECK(child_ff_vec_.size() > dim_index);
      |     ^~~~~~~~
/home/adnan-cdx/codex-isolated/gather_restickify_clean_20260706_113236/deeptools/dsc/foldManager/foldInfrastructure.h: In instantiation of ‘void MapFoldFunction_NonLeaf<Dtype>::insertData(const Dtype&, const std::deque<long int>&, size_t) [with Dtype = std::vector<unsigned int>; size_t = long unsigned int]’:
/home/adnan-cdx/codex-isolated/gather_restickify_clean_20260706_113236/deeptools/dsc/foldManager/foldInfrastructure.h:710:8:   required from here
  710 |   void insertData(const Dtype& new_data,
      |        ^~~~~~~~~~
/home/adnan-cdx/codex-isolated/gather_restickify_clean_20260706_113236/deeptools/dsc/foldManager/foldInfrastructure.h:715:35: warning: comparison of integer expressions of different signedness: ‘std::vector<FoldFunction<std::vector<unsigned int> >*, std::allocator<FoldFunction<std::vector<unsigned int> >*> >::size_type’ {aka ‘long unsigned int’} and ‘long int’ [-Wsign-compare]
  715 |     DT_CHECK(child_ff_vec_.size() > dim_index);
/home/adnan-cdx/codex-isolated/gather_restickify_clean_20260706_113236/deeptools/util/dt_exception.hpp:112:11: note: in definition of macro ‘DT_CHECK_MSG’
  112 |     if (!(cond)) {                                                  \
      |           ^~~~
/home/adnan-cdx/codex-isolated/gather_restickify_clean_20260706_113236/deeptools/dsc/foldManager/foldInfrastructure.h:715:5: note: in expansion of macro ‘DT_CHECK’
  715 |     DT_CHECK(child_ff_vec_.size() > dim_index);
      |     ^~~~~~~~
/home/adnan-cdx/codex-isolated/gather_restickify_clean_20260706_113236/deeptools/dsc/foldManager/foldInfrastructure.h: In instantiation of ‘Dtype MapFoldFunction_Leaf<Dtype>::getData(const std::deque<long int>&, size_t) const [with Dtype = long int; size_t = long unsigned int]’:
/home/adnan-cdx/codex-isolated/gather_restickify_clean_20260706_113236/deeptools/dsc/foldManager/foldInfrastructure.h:755:9:   required from here
  755 |   Dtype getData(const std::deque<int64_t>& fold_dim_indices,
      |         ^~~~~~~
/home/adnan-cdx/codex-isolated/gather_restickify_clean_20260706_113236/deeptools/dsc/foldManager/foldInfrastructure.h:759:31: warning: comparison of integer expressions of different signedness: ‘std::vector<long int>::size_type’ {aka ‘long unsigned int’} and ‘long int’ [-Wsign-compare]
  759 |     DT_CHECK(data_vec_.size() > dim_index);
/home/adnan-cdx/codex-isolated/gather_restickify_clean_20260706_113236/deeptools/util/dt_exception.hpp:112:11: note: in definition of macro ‘DT_CHECK_MSG’
  112 |     if (!(cond)) {                                                  \
      |           ^~~~
/home/adnan-cdx/codex-isolated/gather_restickify_clean_20260706_113236/deeptools/dsc/foldManager/foldInfrastructure.h:759:5: note: in expansion of macro ‘DT_CHECK’
  759 |     DT_CHECK(data_vec_.size() > dim_index);
      |     ^~~~~~~~
/home/adnan-cdx/codex-isolated/gather_restickify_clean_20260706_113236/deeptools/dsc/foldManager/foldInfrastructure.h: In instantiation of ‘FoldFunction<Dtype>* MapFoldFunction_Leaf<Dtype>::getFoldFunc(const std::deque<long int>&, size_t) [with Dtype = long int; size_t = long unsigned int]’:
/home/adnan-cdx/codex-isolated/gather_restickify_clean_20260706_113236/deeptools/dsc/foldManager/foldInfrastructure.h:776:24:   required from here
  776 |   FoldFunction<Dtype>* getFoldFunc(const std::deque<int64_t>& fold_dim_indices,
      |                        ^~~~~~~~~~~
/home/adnan-cdx/codex-isolated/gather_restickify_clean_20260706_113236/deeptools/dsc/foldManager/foldInfrastructure.h:776:63: warning: unused parameter ‘fold_dim_indices’ [-Wunused-parameter]
  776 |   FoldFunction<Dtype>* getFoldFunc(const std::deque<int64_t>& fold_dim_indices,
      |                                    ~~~~~~~~~~~~~~~~~~~~~~~~~~~^~~~~~~~~~~~~~~~
/home/adnan-cdx/codex-isolated/gather_restickify_clean_20260706_113236/deeptools/dsc/foldManager/foldInfrastructure.h:777:43: warning: unused parameter ‘idx’ [-Wunused-parameter]
  777 |                                    size_t idx) override {
      |                                    ~~~~~~~^~~
/home/adnan-cdx/codex-isolated/gather_restickify_clean_20260706_113236/deeptools/dsc/foldManager/foldInfrastructure.h: In instantiation of ‘void MapFoldFunction_Leaf<Dtype>::insertData(const Dtype&, const std::deque<long int>&, size_t) [with Dtype = long int; size_t = long unsigned int]’:
/home/adnan-cdx/codex-isolated/gather_restickify_clean_20260706_113236/deeptools/dsc/foldManager/foldInfrastructure.h:763:8:   required from here
  763 |   void insertData(const Dtype& new_data,
      |        ^~~~~~~~~~
/home/adnan-cdx/codex-isolated/gather_restickify_clean_20260706_113236/deeptools/dsc/foldManager/foldInfrastructure.h:768:31: warning: comparison of integer expressions of different signedness: ‘std::vector<long int>::size_type’ {aka ‘long unsigned int’} and ‘long int’ [-Wsign-compare]
  768 |     DT_CHECK(data_vec_.size() > dim_index);
/home/adnan-cdx/codex-isolated/gather_restickify_clean_20260706_113236/deeptools/util/dt_exception.hpp:112:11: note: in definition of macro ‘DT_CHECK_MSG’
  112 |     if (!(cond)) {                                                  \
      |           ^~~~
/home/adnan-cdx/codex-isolated/gather_restickify_clean_20260706_113236/deeptools/dsc/foldManager/foldInfrastructure.h:768:5: note: in expansion of macro ‘DT_CHECK’
  768 |     DT_CHECK(data_vec_.size() > dim_index);
      |     ^~~~~~~~
/home/adnan-cdx/codex-isolated/gather_restickify_clean_20260706_113236/deeptools/dsc/foldManager/foldInfrastructure.h: In instantiation of ‘FoldFunction<Dtype>* WkSplitFoldFunction_Leaf<Dtype>::getFoldFunc(const std::deque<long int>&, size_t) [with Dtype = long int; size_t = long unsigned int]’:
/home/adnan-cdx/codex-isolated/gather_restickify_clean_20260706_113236/deeptools/dsc/foldManager/foldInfrastructure.h:869:24:   required from here
  869 |   FoldFunction<Dtype>* getFoldFunc(const std::deque<int64_t>& fold_dim_indices,
      |                        ^~~~~~~~~~~
/home/adnan-cdx/codex-isolated/gather_restickify_clean_20260706_113236/deeptools/dsc/foldManager/foldInfrastructure.h:869:63: warning: unused parameter ‘fold_dim_indices’ [-Wunused-parameter]
  869 |   FoldFunction<Dtype>* getFoldFunc(const std::deque<int64_t>& fold_dim_indices,
      |                                    ~~~~~~~~~~~~~~~~~~~~~~~~~~~^~~~~~~~~~~~~~~~
/home/adnan-cdx/codex-isolated/gather_restickify_clean_20260706_113236/deeptools/dsc/foldManager/foldInfrastructure.h:870:43: warning: unused parameter ‘idx’ [-Wunused-parameter]
  870 |                                    size_t idx) override {
      |                                    ~~~~~~~^~~
/home/adnan-cdx/codex-isolated/gather_restickify_clean_20260706_113236/deeptools/dsc/foldManager/foldInfrastructure.h: In instantiation of ‘void WkSplitFoldFunction_Leaf<Dtype>::insertData(const Dtype&, const std::deque<long int>&, size_t) [with Dtype = long int; size_t = long unsigned int]’:
/home/adnan-cdx/codex-isolated/gather_restickify_clean_20260706_113236/deeptools/dsc/foldManager/foldInfrastructure.h:863:8:   required from here
  863 |   void insertData(const Dtype& new_data,
      |        ^~~~~~~~~~
/home/adnan-cdx/codex-isolated/gather_restickify_clean_20260706_113236/deeptools/dsc/foldManager/foldInfrastructure.h:863:32: warning: unused parameter ‘new_data’ [-Wunused-parameter]
  863 |   void insertData(const Dtype& new_data,
      |                   ~~~~~~~~~~~~~^~~~~~~~
/home/adnan-cdx/codex-isolated/gather_restickify_clean_20260706_113236/deeptools/dsc/foldManager/foldInfrastructure.h:864:46: warning: unused parameter ‘fold_dim_indices’ [-Wunused-parameter]
  864 |                   const std::deque<int64_t>& fold_dim_indices,
      |                   ~~~~~~~~~~~~~~~~~~~~~~~~~~~^~~~~~~~~~~~~~~~
/home/adnan-cdx/codex-isolated/gather_restickify_clean_20260706_113236/deeptools/dsc/foldManager/foldInfrastructure.h:865:26: warning: unused parameter ‘idx’ [-Wunused-parameter]
  865 |                   size_t idx) override {
      |                   ~~~~~~~^~~
/home/adnan-cdx/codex-isolated/gather_restickify_clean_20260706_113236/deeptools/dsc/foldManager/foldInfrastructure.h: In instantiation of ‘Dtype MapFoldFunction_NonLeaf<Dtype>::getData(const std::deque<long int>&, size_t) const [with Dtype = long int; size_t = long unsigned int]’:
/home/adnan-cdx/codex-isolated/gather_restickify_clean_20260706_113236/deeptools/dsc/foldManager/foldInfrastructure.h:699:9:   required from here
  699 |   Dtype getData(const std::deque<int64_t>& fold_dim_indices,
      |         ^~~~~~~
/home/adnan-cdx/codex-isolated/gather_restickify_clean_20260706_113236/deeptools/dsc/foldManager/foldInfrastructure.h:703:35: warning: comparison of integer expressions of different signedness: ‘std::vector<FoldFunction<long int>*, std::allocator<FoldFunction<long int>*> >::size_type’ {aka ‘long unsigned int’} and ‘long int’ [-Wsign-compare]
  703 |     DT_CHECK(child_ff_vec_.size() > dim_index);
/home/adnan-cdx/codex-isolated/gather_restickify_clean_20260706_113236/deeptools/util/dt_exception.hpp:112:11: note: in definition of macro ‘DT_CHECK_MSG’
  112 |     if (!(cond)) {                                                  \
      |           ^~~~
/home/adnan-cdx/codex-isolated/gather_restickify_clean_20260706_113236/deeptools/dsc/foldManager/foldInfrastructure.h:703:5: note: in expansion of macro ‘DT_CHECK’
  703 |     DT_CHECK(child_ff_vec_.size() > dim_index);
      |     ^~~~~~~~
/home/adnan-cdx/codex-isolated/gather_restickify_clean_20260706_113236/deeptools/dsc/foldManager/foldInfrastructure.h: In instantiation of ‘FoldFunction<Dtype>* MapFoldFunction_NonLeaf<Dtype>::getFoldFunc(const std::deque<long int>&, size_t) [with Dtype = long int; size_t = long unsigned int]’:
/home/adnan-cdx/codex-isolated/gather_restickify_clean_20260706_113236/deeptools/dsc/foldManager/foldInfrastructure.h:720:24:   required from here
  720 |   FoldFunction<Dtype>* getFoldFunc(const std::deque<int64_t>& fold_dim_indices,
      |                        ^~~~~~~~~~~
/home/adnan-cdx/codex-isolated/gather_restickify_clean_20260706_113236/deeptools/dsc/foldManager/foldInfrastructure.h:724:35: warning: comparison of integer expressions of different signedness: ‘std::vector<FoldFunction<long int>*, std::allocator<FoldFunction<long int>*> >::size_type’ {aka ‘long unsigned int’} and ‘long int’ [-Wsign-compare]
  724 |     DT_CHECK(child_ff_vec_.size() > dim_index);
/home/adnan-cdx/codex-isolated/gather_restickify_clean_20260706_113236/deeptools/util/dt_exception.hpp:112:11: note: in definition of macro ‘DT_CHECK_MSG’
  112 |     if (!(cond)) {                                                  \
      |           ^~~~
/home/adnan-cdx/codex-isolated/gather_restickify_clean_20260706_113236/deeptools/dsc/foldManager/foldInfrastructure.h:724:5: note: in expansion of macro ‘DT_CHECK’
  724 |     DT_CHECK(child_ff_vec_.size() > dim_index);
      |     ^~~~~~~~
/home/adnan-cdx/codex-isolated/gather_restickify_clean_20260706_113236/deeptools/dsc/foldManager/foldInfrastructure.h: In instantiation of ‘void MapFoldFunction_NonLeaf<Dtype>::insertData(const Dtype&, const std::deque<long int>&, size_t) [with Dtype = long int; size_t = long unsigned int]’:
/home/adnan-cdx/codex-isolated/gather_restickify_clean_20260706_113236/deeptools/dsc/foldManager/foldInfrastructure.h:710:8:   required from here
  710 |   void insertData(const Dtype& new_data,
      |        ^~~~~~~~~~
/home/adnan-cdx/codex-isolated/gather_restickify_clean_20260706_113236/deeptools/dsc/foldManager/foldInfrastructure.h:715:35: warning: comparison of integer expressions of different signedness: ‘std::vector<FoldFunction<long int>*, std::allocator<FoldFunction<long int>*> >::size_type’ {aka ‘long unsigned int’} and ‘long int’ [-Wsign-compare]
  715 |     DT_CHECK(child_ff_vec_.size() > dim_index);
/home/adnan-cdx/codex-isolated/gather_restickify_clean_20260706_113236/deeptools/util/dt_exception.hpp:112:11: note: in definition of macro ‘DT_CHECK_MSG’
  112 |     if (!(cond)) {                                                  \
      |           ^~~~
/home/adnan-cdx/codex-isolated/gather_restickify_clean_20260706_113236/deeptools/dsc/foldManager/foldInfrastructure.h:715:5: note: in expansion of macro ‘DT_CHECK’
  715 |     DT_CHECK(child_ff_vec_.size() > dim_index);
      |     ^~~~~~~~
/home/adnan-cdx/codex-isolated/gather_restickify_clean_20260706_113236/deeptools/dsc/foldManager/foldInfrastructure.h: In instantiation of ‘Dtype ConstFoldFunction_Leaf<Dtype>::getData(const std::deque<long int>&, size_t) const [with Dtype = int; size_t = long unsigned int]’:
/home/adnan-cdx/codex-isolated/gather_restickify_clean_20260706_113236/deeptools/dsc/foldManager/foldInfrastructure.h:318:9:   required from here
  318 |   Dtype getData(const std::deque<int64_t>& fold_dim_indices,
      |         ^~~~~~~
/home/adnan-cdx/codex-isolated/gather_restickify_clean_20260706_113236/deeptools/dsc/foldManager/foldInfrastructure.h:318:44: warning: unused parameter ‘fold_dim_indices’ [-Wunused-parameter]
  318 |   Dtype getData(const std::deque<int64_t>& fold_dim_indices,
      |                 ~~~~~~~~~~~~~~~~~~~~~~~~~~~^~~~~~~~~~~~~~~~
/home/adnan-cdx/codex-isolated/gather_restickify_clean_20260706_113236/deeptools/dsc/foldManager/foldInfrastructure.h:319:24: warning: unused parameter ‘idx’ [-Wunused-parameter]
  319 |                 size_t idx) const override {
      |                 ~~~~~~~^~~
/home/adnan-cdx/codex-isolated/gather_restickify_clean_20260706_113236/deeptools/dsc/foldManager/foldInfrastructure.h: In instantiation of ‘FoldFunction<Dtype>* ConstFoldFunction_Leaf<Dtype>::getFoldFunc(const std::deque<long int>&, size_t) [with Dtype = int; size_t = long unsigned int]’:
/home/adnan-cdx/codex-isolated/gather_restickify_clean_20260706_113236/deeptools/dsc/foldManager/foldInfrastructure.h:328:24:   required from here
  328 |   FoldFunction<Dtype>* getFoldFunc(const std::deque<int64_t>& fold_dim_indices,
      |                        ^~~~~~~~~~~
/home/adnan-cdx/codex-isolated/gather_restickify_clean_20260706_113236/deeptools/dsc/foldManager/foldInfrastructure.h:328:63: warning: unused parameter ‘fold_dim_indices’ [-Wunused-parameter]
  328 |   FoldFunction<Dtype>* getFoldFunc(const std::deque<int64_t>& fold_dim_indices,
      |                                    ~~~~~~~~~~~~~~~~~~~~~~~~~~~^~~~~~~~~~~~~~~~
/home/adnan-cdx/codex-isolated/gather_restickify_clean_20260706_113236/deeptools/dsc/foldManager/foldInfrastructure.h:329:43: warning: unused parameter ‘idx’ [-Wunused-parameter]
  329 |                                    size_t idx) override {
      |                                    ~~~~~~~^~~
/home/adnan-cdx/codex-isolated/gather_restickify_clean_20260706_113236/deeptools/dsc/foldManager/foldInfrastructure.h: In instantiation of ‘void ConstFoldFunction_Leaf<Dtype>::insertData(const Dtype&, const std::deque<long int>&, size_t) [with Dtype = int; size_t = long unsigned int]’:
/home/adnan-cdx/codex-isolated/gather_restickify_clean_20260706_113236/deeptools/dsc/foldManager/foldInfrastructure.h:322:8:   required from here
  322 |   void insertData(const Dtype& new_data,
      |        ^~~~~~~~~~
/home/adnan-cdx/codex-isolated/gather_restickify_clean_20260706_113236/deeptools/dsc/foldManager/foldInfrastructure.h:323:46: warning: unused parameter ‘fold_dim_indices’ [-Wunused-parameter]
  323 |                   const std::deque<int64_t>& fold_dim_indices,
      |                   ~~~~~~~~~~~~~~~~~~~~~~~~~~~^~~~~~~~~~~~~~~~
/home/adnan-cdx/codex-isolated/gather_restickify_clean_20260706_113236/deeptools/dsc/foldManager/foldInfrastructure.h:324:26: warning: unused parameter ‘idx’ [-Wunused-parameter]
  324 |                   size_t idx) override {
      |                   ~~~~~~~^~~
/home/adnan-cdx/codex-isolated/gather_restickify_clean_20260706_113236/deeptools/dsc/foldManager/foldInfrastructure.h: In instantiation of ‘FoldFunction<Dtype>* FoldFunction<Dtype>::getFoldFunc(const std::deque<long int>&, size_t) [with Dtype = int; size_t = long unsigned int]’:
/home/adnan-cdx/codex-isolated/gather_restickify_clean_20260706_113236/deeptools/dsc/foldManager/foldInfrastructure.h:209:32:   required from here
  209 |   virtual FoldFunction<Dtype>* getFoldFunc(
      |                                ^~~~~~~~~~~
/home/adnan-cdx/codex-isolated/gather_restickify_clean_20260706_113236/deeptools/dsc/foldManager/foldInfrastructure.h:210:34: warning: unused parameter ‘fold_dim_indices’ [-Wunused-parameter]
  210 |       const std::deque<int64_t>& fold_dim_indices, size_t idx) {
      |       ~~~~~~~~~~~~~~~~~~~~~~~~~~~^~~~~~~~~~~~~~~~
/home/adnan-cdx/codex-isolated/gather_restickify_clean_20260706_113236/deeptools/dsc/foldManager/foldInfrastructure.h:210:59: warning: unused parameter ‘idx’ [-Wunused-parameter]
  210 |       const std::deque<int64_t>& fold_dim_indices, size_t idx) {
      |                                                    ~~~~~~~^~~
/home/adnan-cdx/codex-isolated/gather_restickify_clean_20260706_113236/deeptools/dsc/foldManager/foldInfrastructure.h: In instantiation of ‘Dtype MapFoldFunction_Leaf<Dtype>::getData(const std::deque<long int>&, size_t) const [with Dtype = std::vector<long int>; size_t = long unsigned int]’:
/home/adnan-cdx/codex-isolated/gather_restickify_clean_20260706_113236/deeptools/dsc/foldManager/foldInfrastructure.h:755:9:   required from here
  755 |   Dtype getData(const std::deque<int64_t>& fold_dim_indices,
      |         ^~~~~~~
/home/adnan-cdx/codex-isolated/gather_restickify_clean_20260706_113236/deeptools/dsc/foldManager/foldInfrastructure.h:759:31: warning: comparison of integer expressions of different signedness: ‘std::vector<std::vector<long int> >::size_type’ {aka ‘long unsigned int’} and ‘long int’ [-Wsign-compare]
  759 |     DT_CHECK(data_vec_.size() > dim_index);
/home/adnan-cdx/codex-isolated/gather_restickify_clean_20260706_113236/deeptools/util/dt_exception.hpp:112:11: note: in definition of macro ‘DT_CHECK_MSG’
  112 |     if (!(cond)) {                                                  \
      |           ^~~~
/home/adnan-cdx/codex-isolated/gather_restickify_clean_20260706_113236/deeptools/dsc/foldManager/foldInfrastructure.h:759:5: note: in expansion of macro ‘DT_CHECK’
  759 |     DT_CHECK(data_vec_.size() > dim_index);
      |     ^~~~~~~~
/home/adnan-cdx/codex-isolated/gather_restickify_clean_20260706_113236/deeptools/dsc/foldManager/foldInfrastructure.h: In instantiation of ‘FoldFunction<Dtype>* MapFoldFunction_Leaf<Dtype>::getFoldFunc(const std::deque<long int>&, size_t) [with Dtype = std::vector<long int>; size_t = long unsigned int]’:
/home/adnan-cdx/codex-isolated/gather_restickify_clean_20260706_113236/deeptools/dsc/foldManager/foldInfrastructure.h:776:24:   required from here
  776 |   FoldFunction<Dtype>* getFoldFunc(const std::deque<int64_t>& fold_dim_indices,
      |                        ^~~~~~~~~~~
/home/adnan-cdx/codex-isolated/gather_restickify_clean_20260706_113236/deeptools/dsc/foldManager/foldInfrastructure.h:776:63: warning: unused parameter ‘fold_dim_indices’ [-Wunused-parameter]
  776 |   FoldFunction<Dtype>* getFoldFunc(const std::deque<int64_t>& fold_dim_indices,
      |                                    ~~~~~~~~~~~~~~~~~~~~~~~~~~~^~~~~~~~~~~~~~~~
/home/adnan-cdx/codex-isolated/gather_restickify_clean_20260706_113236/deeptools/dsc/foldManager/foldInfrastructure.h:777:43: warning: unused parameter ‘idx’ [-Wunused-parameter]
  777 |                                    size_t idx) override {
      |                                    ~~~~~~~^~~
/home/adnan-cdx/codex-isolated/gather_restickify_clean_20260706_113236/deeptools/dsc/foldManager/foldInfrastructure.h: In instantiation of ‘void MapFoldFunction_Leaf<Dtype>::insertData(const Dtype&, const std::deque<long int>&, size_t) [with Dtype = std::vector<long int>; size_t = long unsigned int]’:
/home/adnan-cdx/codex-isolated/gather_restickify_clean_20260706_113236/deeptools/dsc/foldManager/foldInfrastructure.h:763:8:   required from here
  763 |   void insertData(const Dtype& new_data,
      |        ^~~~~~~~~~
/home/adnan-cdx/codex-isolated/gather_restickify_clean_20260706_113236/deeptools/dsc/foldManager/foldInfrastructure.h:768:31: warning: comparison of integer expressions of different signedness: ‘std::vector<std::vector<long int> >::size_type’ {aka ‘long unsigned int’} and ‘long int’ [-Wsign-compare]
  768 |     DT_CHECK(data_vec_.size() > dim_index);
/home/adnan-cdx/codex-isolated/gather_restickify_clean_20260706_113236/deeptools/util/dt_exception.hpp:112:11: note: in definition of macro ‘DT_CHECK_MSG’
  112 |     if (!(cond)) {                                                  \
      |           ^~~~
/home/adnan-cdx/codex-isolated/gather_restickify_clean_20260706_113236/deeptools/dsc/foldManager/foldInfrastructure.h:768:5: note: in expansion of macro ‘DT_CHECK’
  768 |     DT_CHECK(data_vec_.size() > dim_index);
      |     ^~~~~~~~
/home/adnan-cdx/codex-isolated/gather_restickify_clean_20260706_113236/deeptools/dsc/foldManager/foldInfrastructure.h: In instantiation of ‘FoldFunction<Dtype>* WkSplitFoldFunction_Leaf<Dtype>::getFoldFunc(const std::deque<long int>&, size_t) [with Dtype = std::vector<long int>; size_t = long unsigned int]’:
/home/adnan-cdx/codex-isolated/gather_restickify_clean_20260706_113236/deeptools/dsc/foldManager/foldInfrastructure.h:869:24:   required from here
  869 |   FoldFunction<Dtype>* getFoldFunc(const std::deque<int64_t>& fold_dim_indices,
      |                        ^~~~~~~~~~~
/home/adnan-cdx/codex-isolated/gather_restickify_clean_20260706_113236/deeptools/dsc/foldManager/foldInfrastructure.h:869:63: warning: unused parameter ‘fold_dim_indices’ [-Wunused-parameter]
  869 |   FoldFunction<Dtype>* getFoldFunc(const std::deque<int64_t>& fold_dim_indices,
      |                                    ~~~~~~~~~~~~~~~~~~~~~~~~~~~^~~~~~~~~~~~~~~~
/home/adnan-cdx/codex-isolated/gather_restickify_clean_20260706_113236/deeptools/dsc/foldManager/foldInfrastructure.h:870:43: warning: unused parameter ‘idx’ [-Wunused-parameter]
  870 |                                    size_t idx) override {
      |                                    ~~~~~~~^~~
/home/adnan-cdx/codex-isolated/gather_restickify_clean_20260706_113236/deeptools/dsc/foldManager/foldInfrastructure.h: In instantiation of ‘void WkSplitFoldFunction_Leaf<Dtype>::insertData(const Dtype&, const std::deque<long int>&, size_t) [with Dtype = std::vector<long int>; size_t = long unsigned int]’:
/home/adnan-cdx/codex-isolated/gather_restickify_clean_20260706_113236/deeptools/dsc/foldManager/foldInfrastructure.h:863:8:   required from here
  863 |   void insertData(const Dtype& new_data,
      |        ^~~~~~~~~~
/home/adnan-cdx/codex-isolated/gather_restickify_clean_20260706_113236/deeptools/dsc/foldManager/foldInfrastructure.h:863:32: warning: unused parameter ‘new_data’ [-Wunused-parameter]
  863 |   void insertData(const Dtype& new_data,
      |                   ~~~~~~~~~~~~~^~~~~~~~
/home/adnan-cdx/codex-isolated/gather_restickify_clean_20260706_113236/deeptools/dsc/foldManager/foldInfrastructure.h:864:46: warning: unused parameter ‘fold_dim_indices’ [-Wunused-parameter]
  864 |                   const std::deque<int64_t>& fold_dim_indices,
      |                   ~~~~~~~~~~~~~~~~~~~~~~~~~~~^~~~~~~~~~~~~~~~
/home/adnan-cdx/codex-isolated/gather_restickify_clean_20260706_113236/deeptools/dsc/foldManager/foldInfrastructure.h:865:26: warning: unused parameter ‘idx’ [-Wunused-parameter]
  865 |                   size_t idx) override {
      |                   ~~~~~~~^~~
/home/adnan-cdx/codex-isolated/gather_restickify_clean_20260706_113236/deeptools/dsc/foldManager/foldInfrastructure.h: In instantiation of ‘Dtype MapFoldFunction_Leaf<Dtype>::getData(const std::deque<long int>&, size_t) const [with Dtype = std::vector<int>; size_t = long unsigned int]’:
/home/adnan-cdx/codex-isolated/gather_restickify_clean_20260706_113236/deeptools/dsc/foldManager/foldInfrastructure.h:755:9:   required from here
  755 |   Dtype getData(const std::deque<int64_t>& fold_dim_indices,
      |         ^~~~~~~
/home/adnan-cdx/codex-isolated/gather_restickify_clean_20260706_113236/deeptools/dsc/foldManager/foldInfrastructure.h:759:31: warning: comparison of integer expressions of different signedness: ‘std::vector<std::vector<int> >::size_type’ {aka ‘long unsigned int’} and ‘long int’ [-Wsign-compare]
  759 |     DT_CHECK(data_vec_.size() > dim_index);
/home/adnan-cdx/codex-isolated/gather_restickify_clean_20260706_113236/deeptools/util/dt_exception.hpp:112:11: note: in definition of macro ‘DT_CHECK_MSG’
  112 |     if (!(cond)) {                                                  \
      |           ^~~~
/home/adnan-cdx/codex-isolated/gather_restickify_clean_20260706_113236/deeptools/dsc/foldManager/foldInfrastructure.h:759:5: note: in expansion of macro ‘DT_CHECK’
  759 |     DT_CHECK(data_vec_.size() > dim_index);
      |     ^~~~~~~~
/home/adnan-cdx/codex-isolated/gather_restickify_clean_20260706_113236/deeptools/dsc/foldManager/foldInfrastructure.h: In instantiation of ‘FoldFunction<Dtype>* MapFoldFunction_Leaf<Dtype>::getFoldFunc(const std::deque<long int>&, size_t) [with Dtype = std::vector<int>; size_t = long unsigned int]’:
/home/adnan-cdx/codex-isolated/gather_restickify_clean_20260706_113236/deeptools/dsc/foldManager/foldInfrastructure.h:776:24:   required from here
  776 |   FoldFunction<Dtype>* getFoldFunc(const std::deque<int64_t>& fold_dim_indices,
      |                        ^~~~~~~~~~~
/home/adnan-cdx/codex-isolated/gather_restickify_clean_20260706_113236/deeptools/dsc/foldManager/foldInfrastructure.h:776:63: warning: unused parameter ‘fold_dim_indices’ [-Wunused-parameter]
  776 |   FoldFunction<Dtype>* getFoldFunc(const std::deque<int64_t>& fold_dim_indices,
      |                                    ~~~~~~~~~~~~~~~~~~~~~~~~~~~^~~~~~~~~~~~~~~~
/home/adnan-cdx/codex-isolated/gather_restickify_clean_20260706_113236/deeptools/dsc/foldManager/foldInfrastructure.h:777:43: warning: unused parameter ‘idx’ [-Wunused-parameter]
  777 |                                    size_t idx) override {
      |                                    ~~~~~~~^~~
/home/adnan-cdx/codex-isolated/gather_restickify_clean_20260706_113236/deeptools/dsc/foldManager/foldInfrastructure.h: In instantiation of ‘void MapFoldFunction_Leaf<Dtype>::insertData(const Dtype&, const std::deque<long int>&, size_t) [with Dtype = std::vector<int>; size_t = long unsigned int]’:
/home/adnan-cdx/codex-isolated/gather_restickify_clean_20260706_113236/deeptools/dsc/foldManager/foldInfrastructure.h:763:8:   required from here
  763 |   void insertData(const Dtype& new_data,
      |        ^~~~~~~~~~
/home/adnan-cdx/codex-isolated/gather_restickify_clean_20260706_113236/deeptools/dsc/foldManager/foldInfrastructure.h:768:31: warning: comparison of integer expressions of different signedness: ‘std::vector<std::vector<int> >::size_type’ {aka ‘long unsigned int’} and ‘long int’ [-Wsign-compare]
  768 |     DT_CHECK(data_vec_.size() > dim_index);
/home/adnan-cdx/codex-isolated/gather_restickify_clean_20260706_113236/deeptools/util/dt_exception.hpp:112:11: note: in definition of macro ‘DT_CHECK_MSG’
  112 |     if (!(cond)) {                                                  \
      |           ^~~~
/home/adnan-cdx/codex-isolated/gather_restickify_clean_20260706_113236/deeptools/dsc/foldManager/foldInfrastructure.h:768:5: note: in expansion of macro ‘DT_CHECK’
  768 |     DT_CHECK(data_vec_.size() > dim_index);
      |     ^~~~~~~~
/home/adnan-cdx/codex-isolated/gather_restickify_clean_20260706_113236/deeptools/dsc/foldManager/foldInfrastructure.h: In instantiation of ‘FoldFunction<Dtype>* WkSplitFoldFunction_Leaf<Dtype>::getFoldFunc(const std::deque<long int>&, size_t) [with Dtype = std::vector<int>; size_t = long unsigned int]’:
/home/adnan-cdx/codex-isolated/gather_restickify_clean_20260706_113236/deeptools/dsc/foldManager/foldInfrastructure.h:869:24:   required from here
  869 |   FoldFunction<Dtype>* getFoldFunc(const std::deque<int64_t>& fold_dim_indices,
      |                        ^~~~~~~~~~~
/home/adnan-cdx/codex-isolated/gather_restickify_clean_20260706_113236/deeptools/dsc/foldManager/foldInfrastructure.h:869:63: warning: unused parameter ‘fold_dim_indices’ [-Wunused-parameter]
  869 |   FoldFunction<Dtype>* getFoldFunc(const std::deque<int64_t>& fold_dim_indices,
      |                                    ~~~~~~~~~~~~~~~~~~~~~~~~~~~^~~~~~~~~~~~~~~~
/home/adnan-cdx/codex-isolated/gather_restickify_clean_20260706_113236/deeptools/dsc/foldManager/foldInfrastructure.h:870:43: warning: unused parameter ‘idx’ [-Wunused-parameter]
  870 |                                    size_t idx) override {
      |                                    ~~~~~~~^~~
/home/adnan-cdx/codex-isolated/gather_restickify_clean_20260706_113236/deeptools/dsc/foldManager/foldInfrastructure.h: In instantiation of ‘void WkSplitFoldFunction_Leaf<Dtype>::insertData(const Dtype&, const std::deque<long int>&, size_t) [with Dtype = std::vector<int>; size_t = long unsigned int]’:
/home/adnan-cdx/codex-isolated/gather_restickify_clean_20260706_113236/deeptools/dsc/foldManager/foldInfrastructure.h:863:8:   required from here
  863 |   void insertData(const Dtype& new_data,
      |        ^~~~~~~~~~
/home/adnan-cdx/codex-isolated/gather_restickify_clean_20260706_113236/deeptools/dsc/foldManager/foldInfrastructure.h:863:32: warning: unused parameter ‘new_data’ [-Wunused-parameter]
  863 |   void insertData(const Dtype& new_data,
      |                   ~~~~~~~~~~~~~^~~~~~~~
/home/adnan-cdx/codex-isolated/gather_restickify_clean_20260706_113236/deeptools/dsc/foldManager/foldInfrastructure.h:864:46: warning: unused parameter ‘fold_dim_indices’ [-Wunused-parameter]
  864 |                   const std::deque<int64_t>& fold_dim_indices,
      |                   ~~~~~~~~~~~~~~~~~~~~~~~~~~~^~~~~~~~~~~~~~~~
/home/adnan-cdx/codex-isolated/gather_restickify_clean_20260706_113236/deeptools/dsc/foldManager/foldInfrastructure.h:865:26: warning: unused parameter ‘idx’ [-Wunused-parameter]
  865 |                   size_t idx) override {
      |                   ~~~~~~~^~~
/home/adnan-cdx/codex-isolated/gather_restickify_clean_20260706_113236/deeptools/dsc/foldManager/foldInfrastructure.h: In instantiation of ‘Dtype ConstFoldFunction_Leaf<Dtype>::getData(const std::deque<long int>&, size_t) const [with Dtype = std::vector<long int>; size_t = long unsigned int]’:
/home/adnan-cdx/codex-isolated/gather_restickify_clean_20260706_113236/deeptools/dsc/foldManager/foldInfrastructure.h:318:9:   required from here
  318 |   Dtype getData(const std::deque<int64_t>& fold_dim_indices,
      |         ^~~~~~~
/home/adnan-cdx/codex-isolated/gather_restickify_clean_20260706_113236/deeptools/dsc/foldManager/foldInfrastructure.h:318:44: warning: unused parameter ‘fold_dim_indices’ [-Wunused-parameter]
  318 |   Dtype getData(const std::deque<int64_t>& fold_dim_indices,
      |                 ~~~~~~~~~~~~~~~~~~~~~~~~~~~^~~~~~~~~~~~~~~~
/home/adnan-cdx/codex-isolated/gather_restickify_clean_20260706_113236/deeptools/dsc/foldManager/foldInfrastructure.h:319:24: warning: unused parameter ‘idx’ [-Wunused-parameter]
  319 |                 size_t idx) const override {
      |                 ~~~~~~~^~~
/home/adnan-cdx/codex-isolated/gather_restickify_clean_20260706_113236/deeptools/dsc/foldManager/foldInfrastructure.h: In instantiation of ‘FoldFunction<Dtype>* ConstFoldFunction_Leaf<Dtype>::getFoldFunc(const std::deque<long int>&, size_t) [with Dtype = std::vector<long int>; size_t = long unsigned int]’:
/home/adnan-cdx/codex-isolated/gather_restickify_clean_20260706_113236/deeptools/dsc/foldManager/foldInfrastructure.h:328:24:   required from here
  328 |   FoldFunction<Dtype>* getFoldFunc(const std::deque<int64_t>& fold_dim_indices,
      |                        ^~~~~~~~~~~
/home/adnan-cdx/codex-isolated/gather_restickify_clean_20260706_113236/deeptools/dsc/foldManager/foldInfrastructure.h:328:63: warning: unused parameter ‘fold_dim_indices’ [-Wunused-parameter]
  328 |   FoldFunction<Dtype>* getFoldFunc(const std::deque<int64_t>& fold_dim_indices,
      |                                    ~~~~~~~~~~~~~~~~~~~~~~~~~~~^~~~~~~~~~~~~~~~
/home/adnan-cdx/codex-isolated/gather_restickify_clean_20260706_113236/deeptools/dsc/foldManager/foldInfrastructure.h:329:43: warning: unused parameter ‘idx’ [-Wunused-parameter]
  329 |                                    size_t idx) override {
      |                                    ~~~~~~~^~~
/home/adnan-cdx/codex-isolated/gather_restickify_clean_20260706_113236/deeptools/dsc/foldManager/foldInfrastructure.h: In instantiation of ‘void ConstFoldFunction_Leaf<Dtype>::insertData(const Dtype&, const std::deque<long int>&, size_t) [with Dtype = std::vector<long int>; size_t = long unsigned int]’:
/home/adnan-cdx/codex-isolated/gather_restickify_clean_20260706_113236/deeptools/dsc/foldManager/foldInfrastructure.h:322:8:   required from here
  322 |   void insertData(const Dtype& new_data,
      |        ^~~~~~~~~~
/home/adnan-cdx/codex-isolated/gather_restickify_clean_20260706_113236/deeptools/dsc/foldManager/foldInfrastructure.h:323:46: warning: unused parameter ‘fold_dim_indices’ [-Wunused-parameter]
  323 |                   const std::deque<int64_t>& fold_dim_indices,
      |                   ~~~~~~~~~~~~~~~~~~~~~~~~~~~^~~~~~~~~~~~~~~~
/home/adnan-cdx/codex-isolated/gather_restickify_clean_20260706_113236/deeptools/dsc/foldManager/foldInfrastructure.h:324:26: warning: unused parameter ‘idx’ [-Wunused-parameter]
  324 |                   size_t idx) override {
      |                   ~~~~~~~^~~
/home/adnan-cdx/codex-isolated/gather_restickify_clean_20260706_113236/deeptools/dsc/foldManager/foldInfrastructure.h: In instantiation of ‘Dtype ConstFoldFunction_Leaf<Dtype>::getData(const std::deque<long int>&, size_t) const [with Dtype = std::vector<int>; size_t = long unsigned int]’:
/home/adnan-cdx/codex-isolated/gather_restickify_clean_20260706_113236/deeptools/dsc/foldManager/foldInfrastructure.h:318:9:   required from here
  318 |   Dtype getData(const std::deque<int64_t>& fold_dim_indices,
      |         ^~~~~~~
/home/adnan-cdx/codex-isolated/gather_restickify_clean_20260706_113236/deeptools/dsc/foldManager/foldInfrastructure.h:318:44: warning: unused parameter ‘fold_dim_indices’ [-Wunused-parameter]
  318 |   Dtype getData(const std::deque<int64_t>& fold_dim_indices,
      |                 ~~~~~~~~~~~~~~~~~~~~~~~~~~~^~~~~~~~~~~~~~~~
/home/adnan-cdx/codex-isolated/gather_restickify_clean_20260706_113236/deeptools/dsc/foldManager/foldInfrastructure.h:319:24: warning: unused parameter ‘idx’ [-Wunused-parameter]
  319 |                 size_t idx) const override {
      |                 ~~~~~~~^~~
/home/adnan-cdx/codex-isolated/gather_restickify_clean_20260706_113236/deeptools/dsc/foldManager/foldInfrastructure.h: In instantiation of ‘FoldFunction<Dtype>* ConstFoldFunction_Leaf<Dtype>::getFoldFunc(const std::deque<long int>&, size_t) [with Dtype = std::vector<int>; size_t = long unsigned int]’:
/home/adnan-cdx/codex-isolated/gather_restickify_clean_20260706_113236/deeptools/dsc/foldManager/foldInfrastructure.h:328:24:   required from here
  328 |   FoldFunction<Dtype>* getFoldFunc(const std::deque<int64_t>& fold_dim_indices,
      |                        ^~~~~~~~~~~
/home/adnan-cdx/codex-isolated/gather_restickify_clean_20260706_113236/deeptools/dsc/foldManager/foldInfrastructure.h:328:63: warning: unused parameter ‘fold_dim_indices’ [-Wunused-parameter]
  328 |   FoldFunction<Dtype>* getFoldFunc(const std::deque<int64_t>& fold_dim_indices,
      |                                    ~~~~~~~~~~~~~~~~~~~~~~~~~~~^~~~~~~~~~~~~~~~
/home/adnan-cdx/codex-isolated/gather_restickify_clean_20260706_113236/deeptools/dsc/foldManager/foldInfrastructure.h:329:43: warning: unused parameter ‘idx’ [-Wunused-parameter]
  329 |                                    size_t idx) override {
      |                                    ~~~~~~~^~~
/home/adnan-cdx/codex-isolated/gather_restickify_clean_20260706_113236/deeptools/dsc/foldManager/foldInfrastructure.h: In instantiation of ‘void ConstFoldFunction_Leaf<Dtype>::insertData(const Dtype&, const std::deque<long int>&, size_t) [with Dtype = std::vector<int>; size_t = long unsigned int]’:
/home/adnan-cdx/codex-isolated/gather_restickify_clean_20260706_113236/deeptools/dsc/foldManager/foldInfrastructure.h:322:8:   required from here
  322 |   void insertData(const Dtype& new_data,
      |        ^~~~~~~~~~
/home/adnan-cdx/codex-isolated/gather_restickify_clean_20260706_113236/deeptools/dsc/foldManager/foldInfrastructure.h:323:46: warning: unused parameter ‘fold_dim_indices’ [-Wunused-parameter]
  323 |                   const std::deque<int64_t>& fold_dim_indices,
      |                   ~~~~~~~~~~~~~~~~~~~~~~~~~~~^~~~~~~~~~~~~~~~
/home/adnan-cdx/codex-isolated/gather_restickify_clean_20260706_113236/deeptools/dsc/foldManager/foldInfrastructure.h:324:26: warning: unused parameter ‘idx’ [-Wunused-parameter]
  324 |                   size_t idx) override {
      |                   ~~~~~~~^~~
/home/adnan-cdx/codex-isolated/gather_restickify_clean_20260706_113236/deeptools/dsc/foldManager/foldInfrastructure.h: In instantiation of ‘FoldFunction<Dtype>* AffineFoldFunction_Leaf<Dtype>::getFoldFunc(const std::deque<long int>&, size_t) [with Dtype = std::vector<long int>; size_t = long unsigned int]’:
/home/adnan-cdx/codex-isolated/gather_restickify_clean_20260706_113236/deeptools/dsc/foldManager/foldInfrastructure.h:619:24:   required from here
  619 |   FoldFunction<Dtype>* getFoldFunc(const std::deque<int64_t>& fold_dim_indices,
      |                        ^~~~~~~~~~~
/home/adnan-cdx/codex-isolated/gather_restickify_clean_20260706_113236/deeptools/dsc/foldManager/foldInfrastructure.h:619:63: warning: unused parameter ‘fold_dim_indices’ [-Wunused-parameter]
  619 |   FoldFunction<Dtype>* getFoldFunc(const std::deque<int64_t>& fold_dim_indices,
      |                                    ~~~~~~~~~~~~~~~~~~~~~~~~~~~^~~~~~~~~~~~~~~~
/home/adnan-cdx/codex-isolated/gather_restickify_clean_20260706_113236/deeptools/dsc/foldManager/foldInfrastructure.h:620:43: warning: unused parameter ‘idx’ [-Wunused-parameter]
  620 |                                    size_t idx) override {
      |                                    ~~~~~~~^~~
/home/adnan-cdx/codex-isolated/gather_restickify_clean_20260706_113236/deeptools/dsc/foldManager/foldInfrastructure.h: In instantiation of ‘void AffineFoldFunction_Leaf<Dtype>::insertData(const Dtype&, const std::deque<long int>&, size_t) [with Dtype = std::vector<long int>; size_t = long unsigned int]’:
/home/adnan-cdx/codex-isolated/gather_restickify_clean_20260706_113236/deeptools/dsc/foldManager/foldInfrastructure.h:613:8:   required from here
  613 |   void insertData(const Dtype& new_data,
      |        ^~~~~~~~~~
/home/adnan-cdx/codex-isolated/gather_restickify_clean_20260706_113236/deeptools/dsc/foldManager/foldInfrastructure.h:613:32: warning: unused parameter ‘new_data’ [-Wunused-parameter]
  613 |   void insertData(const Dtype& new_data,
      |                   ~~~~~~~~~~~~~^~~~~~~~
/home/adnan-cdx/codex-isolated/gather_restickify_clean_20260706_113236/deeptools/dsc/foldManager/foldInfrastructure.h:614:46: warning: unused parameter ‘fold_dim_indices’ [-Wunused-parameter]
  614 |                   const std::deque<int64_t>& fold_dim_indices,
      |                   ~~~~~~~~~~~~~~~~~~~~~~~~~~~^~~~~~~~~~~~~~~~
/home/adnan-cdx/codex-isolated/gather_restickify_clean_20260706_113236/deeptools/dsc/foldManager/foldInfrastructure.h:615:26: warning: unused parameter ‘idx’ [-Wunused-parameter]
  615 |                   size_t idx) override {
      |                   ~~~~~~~^~~
/home/adnan-cdx/codex-isolated/gather_restickify_clean_20260706_113236/deeptools/dsc/foldManager/foldInfrastructure.h: In instantiation of ‘FoldFunction<Dtype>* FoldFunction<Dtype>::getFoldFunc(const std::deque<long int>&, size_t) [with Dtype = std::vector<long int>; size_t = long unsigned int]’:
/home/adnan-cdx/codex-isolated/gather_restickify_clean_20260706_113236/deeptools/dsc/foldManager/foldInfrastructure.h:209:32:   required from here
  209 |   virtual FoldFunction<Dtype>* getFoldFunc(
      |                                ^~~~~~~~~~~
/home/adnan-cdx/codex-isolated/gather_restickify_clean_20260706_113236/deeptools/dsc/foldManager/foldInfrastructure.h:210:34: warning: unused parameter ‘fold_dim_indices’ [-Wunused-parameter]
  210 |       const std::deque<int64_t>& fold_dim_indices, size_t idx) {
      |       ~~~~~~~~~~~~~~~~~~~~~~~~~~~^~~~~~~~~~~~~~~~
/home/adnan-cdx/codex-isolated/gather_restickify_clean_20260706_113236/deeptools/dsc/foldManager/foldInfrastructure.h:210:59: warning: unused parameter ‘idx’ [-Wunused-parameter]
  210 |       const std::deque<int64_t>& fold_dim_indices, size_t idx) {
      |                                                    ~~~~~~~^~~
/home/adnan-cdx/codex-isolated/gather_restickify_clean_20260706_113236/deeptools/dsc/foldManager/foldInfrastructure.h: In instantiation of ‘FoldFunction<Dtype>* AffineFoldFunction_Leaf<Dtype>::getFoldFunc(const std::deque<long int>&, size_t) [with Dtype = std::vector<int>; size_t = long unsigned int]’:
/home/adnan-cdx/codex-isolated/gather_restickify_clean_20260706_113236/deeptools/dsc/foldManager/foldInfrastructure.h:619:24:   required from here
  619 |   FoldFunction<Dtype>* getFoldFunc(const std::deque<int64_t>& fold_dim_indices,
      |                        ^~~~~~~~~~~
/home/adnan-cdx/codex-isolated/gather_restickify_clean_20260706_113236/deeptools/dsc/foldManager/foldInfrastructure.h:619:63: warning: unused parameter ‘fold_dim_indices’ [-Wunused-parameter]
  619 |   FoldFunction<Dtype>* getFoldFunc(const std::deque<int64_t>& fold_dim_indices,
      |                                    ~~~~~~~~~~~~~~~~~~~~~~~~~~~^~~~~~~~~~~~~~~~
/home/adnan-cdx/codex-isolated/gather_restickify_clean_20260706_113236/deeptools/dsc/foldManager/foldInfrastructure.h:620:43: warning: unused parameter ‘idx’ [-Wunused-parameter]
  620 |                                    size_t idx) override {
      |                                    ~~~~~~~^~~
/home/adnan-cdx/codex-isolated/gather_restickify_clean_20260706_113236/deeptools/dsc/foldManager/foldInfrastructure.h: In instantiation of ‘void AffineFoldFunction_Leaf<Dtype>::insertData(const Dtype&, const std::deque<long int>&, size_t) [with Dtype = std::vector<int>; size_t = long unsigned int]’:
/home/adnan-cdx/codex-isolated/gather_restickify_clean_20260706_113236/deeptools/dsc/foldManager/foldInfrastructure.h:613:8:   required from here
  613 |   void insertData(const Dtype& new_data,
      |        ^~~~~~~~~~
/home/adnan-cdx/codex-isolated/gather_restickify_clean_20260706_113236/deeptools/dsc/foldManager/foldInfrastructure.h:613:32: warning: unused parameter ‘new_data’ [-Wunused-parameter]
  613 |   void insertData(const Dtype& new_data,
      |                   ~~~~~~~~~~~~~^~~~~~~~
/home/adnan-cdx/codex-isolated/gather_restickify_clean_20260706_113236/deeptools/dsc/foldManager/foldInfrastructure.h:614:46: warning: unused parameter ‘fold_dim_indices’ [-Wunused-parameter]
  614 |                   const std::deque<int64_t>& fold_dim_indices,
      |                   ~~~~~~~~~~~~~~~~~~~~~~~~~~~^~~~~~~~~~~~~~~~
/home/adnan-cdx/codex-isolated/gather_restickify_clean_20260706_113236/deeptools/dsc/foldManager/foldInfrastructure.h:615:26: warning: unused parameter ‘idx’ [-Wunused-parameter]
  615 |                   size_t idx) override {
      |                   ~~~~~~~^~~
/home/adnan-cdx/codex-isolated/gather_restickify_clean_20260706_113236/deeptools/dsc/foldManager/foldInfrastructure.h: In instantiation of ‘FoldFunction<Dtype>* FoldFunction<Dtype>::getFoldFunc(const std::deque<long int>&, size_t) [with Dtype = std::vector<int>; size_t = long unsigned int]’:
/home/adnan-cdx/codex-isolated/gather_restickify_clean_20260706_113236/deeptools/dsc/foldManager/foldInfrastructure.h:209:32:   required from here
  209 |   virtual FoldFunction<Dtype>* getFoldFunc(
      |                                ^~~~~~~~~~~
/home/adnan-cdx/codex-isolated/gather_restickify_clean_20260706_113236/deeptools/dsc/foldManager/foldInfrastructure.h:210:34: warning: unused parameter ‘fold_dim_indices’ [-Wunused-parameter]
  210 |       const std::deque<int64_t>& fold_dim_indices, size_t idx) {
      |       ~~~~~~~~~~~~~~~~~~~~~~~~~~~^~~~~~~~~~~~~~~~
/home/adnan-cdx/codex-isolated/gather_restickify_clean_20260706_113236/deeptools/dsc/foldManager/foldInfrastructure.h:210:59: warning: unused parameter ‘idx’ [-Wunused-parameter]
  210 |       const std::deque<int64_t>& fold_dim_indices, size_t idx) {
      |                                                    ~~~~~~~^~~
/home/adnan-cdx/codex-isolated/gather_restickify_clean_20260706_113236/deeptools/dsc/foldManager/foldInfrastructure.h: In instantiation of ‘Dtype ConstFoldFunction_Leaf<Dtype>::getData(const std::deque<long int>&, size_t) const [with Dtype = std::vector<unsigned int>; size_t = long unsigned int]’:
/home/adnan-cdx/codex-isolated/gather_restickify_clean_20260706_113236/deeptools/dsc/foldManager/foldInfrastructure.h:318:9:   required from here
  318 |   Dtype getData(const std::deque<int64_t>& fold_dim_indices,
      |         ^~~~~~~
/home/adnan-cdx/codex-isolated/gather_restickify_clean_20260706_113236/deeptools/dsc/foldManager/foldInfrastructure.h:318:44: warning: unused parameter ‘fold_dim_indices’ [-Wunused-parameter]
  318 |   Dtype getData(const std::deque<int64_t>& fold_dim_indices,
      |                 ~~~~~~~~~~~~~~~~~~~~~~~~~~~^~~~~~~~~~~~~~~~
/home/adnan-cdx/codex-isolated/gather_restickify_clean_20260706_113236/deeptools/dsc/foldManager/foldInfrastructure.h:319:24: warning: unused parameter ‘idx’ [-Wunused-parameter]
  319 |                 size_t idx) const override {
      |                 ~~~~~~~^~~
/home/adnan-cdx/codex-isolated/gather_restickify_clean_20260706_113236/deeptools/dsc/foldManager/foldInfrastructure.h: In instantiation of ‘FoldFunction<Dtype>* ConstFoldFunction_Leaf<Dtype>::getFoldFunc(const std::deque<long int>&, size_t) [with Dtype = std::vector<unsigned int>; size_t = long unsigned int]’:
/home/adnan-cdx/codex-isolated/gather_restickify_clean_20260706_113236/deeptools/dsc/foldManager/foldInfrastructure.h:328:24:   required from here
  328 |   FoldFunction<Dtype>* getFoldFunc(const std::deque<int64_t>& fold_dim_indices,
      |                        ^~~~~~~~~~~
/home/adnan-cdx/codex-isolated/gather_restickify_clean_20260706_113236/deeptools/dsc/foldManager/foldInfrastructure.h:328:63: warning: unused parameter ‘fold_dim_indices’ [-Wunused-parameter]
  328 |   FoldFunction<Dtype>* getFoldFunc(const std::deque<int64_t>& fold_dim_indices,
      |                                    ~~~~~~~~~~~~~~~~~~~~~~~~~~~^~~~~~~~~~~~~~~~
/home/adnan-cdx/codex-isolated/gather_restickify_clean_20260706_113236/deeptools/dsc/foldManager/foldInfrastructure.h:329:43: warning: unused parameter ‘idx’ [-Wunused-parameter]
  329 |                                    size_t idx) override {
      |                                    ~~~~~~~^~~
/home/adnan-cdx/codex-isolated/gather_restickify_clean_20260706_113236/deeptools/dsc/foldManager/foldInfrastructure.h: In instantiation of ‘void ConstFoldFunction_Leaf<Dtype>::insertData(const Dtype&, const std::deque<long int>&, size_t) [with Dtype = std::vector<unsigned int>; size_t = long unsigned int]’:
/home/adnan-cdx/codex-isolated/gather_restickify_clean_20260706_113236/deeptools/dsc/foldManager/foldInfrastructure.h:322:8:   required from here
  322 |   void insertData(const Dtype& new_data,
      |        ^~~~~~~~~~
/home/adnan-cdx/codex-isolated/gather_restickify_clean_20260706_113236/deeptools/dsc/foldManager/foldInfrastructure.h:323:46: warning: unused parameter ‘fold_dim_indices’ [-Wunused-parameter]
  323 |                   const std::deque<int64_t>& fold_dim_indices,
      |                   ~~~~~~~~~~~~~~~~~~~~~~~~~~~^~~~~~~~~~~~~~~~
/home/adnan-cdx/codex-isolated/gather_restickify_clean_20260706_113236/deeptools/dsc/foldManager/foldInfrastructure.h:324:26: warning: unused parameter ‘idx’ [-Wunused-parameter]
  324 |                   size_t idx) override {
      |                   ~~~~~~~^~~
/home/adnan-cdx/codex-isolated/gather_restickify_clean_20260706_113236/deeptools/dsc/foldManager/foldInfrastructure.h: In instantiation of ‘FoldFunction<Dtype>* FoldFunction<Dtype>::getFoldFunc(const std::deque<long int>&, size_t) [with Dtype = std::vector<unsigned int>; size_t = long unsigned int]’:
/home/adnan-cdx/codex-isolated/gather_restickify_clean_20260706_113236/deeptools/dsc/foldManager/foldInfrastructure.h:209:32:   required from here
  209 |   virtual FoldFunction<Dtype>* getFoldFunc(
      |                                ^~~~~~~~~~~
/home/adnan-cdx/codex-isolated/gather_restickify_clean_20260706_113236/deeptools/dsc/foldManager/foldInfrastructure.h:210:34: warning: unused parameter ‘fold_dim_indices’ [-Wunused-parameter]
  210 |       const std::deque<int64_t>& fold_dim_indices, size_t idx) {
      |       ~~~~~~~~~~~~~~~~~~~~~~~~~~~^~~~~~~~~~~~~~~~
/home/adnan-cdx/codex-isolated/gather_restickify_clean_20260706_113236/deeptools/dsc/foldManager/foldInfrastructure.h:210:59: warning: unused parameter ‘idx’ [-Wunused-parameter]
  210 |       const std::deque<int64_t>& fold_dim_indices, size_t idx) {
      |                                                    ~~~~~~~^~~
/home/adnan-cdx/codex-isolated/gather_restickify_clean_20260706_113236/deeptools/dsc/foldManager/foldInfrastructure.h: In instantiation of ‘Dtype ConstFoldFunction_Leaf<Dtype>::getData(const std::deque<long int>&, size_t) const [with Dtype = long int; size_t = long unsigned int]’:
/home/adnan-cdx/codex-isolated/gather_restickify_clean_20260706_113236/deeptools/dsc/foldManager/foldInfrastructure.h:318:9:   required from here
  318 |   Dtype getData(const std::deque<int64_t>& fold_dim_indices,
      |         ^~~~~~~
/home/adnan-cdx/codex-isolated/gather_restickify_clean_20260706_113236/deeptools/dsc/foldManager/foldInfrastructure.h:318:44: warning: unused parameter ‘fold_dim_indices’ [-Wunused-parameter]
  318 |   Dtype getData(const std::deque<int64_t>& fold_dim_indices,
      |                 ~~~~~~~~~~~~~~~~~~~~~~~~~~~^~~~~~~~~~~~~~~~
/home/adnan-cdx/codex-isolated/gather_restickify_clean_20260706_113236/deeptools/dsc/foldManager/foldInfrastructure.h:319:24: warning: unused parameter ‘idx’ [-Wunused-parameter]
  319 |                 size_t idx) const override {
      |                 ~~~~~~~^~~
/home/adnan-cdx/codex-isolated/gather_restickify_clean_20260706_113236/deeptools/dsc/foldManager/foldInfrastructure.h: In instantiation of ‘FoldFunction<Dtype>* ConstFoldFunction_Leaf<Dtype>::getFoldFunc(const std::deque<long int>&, size_t) [with Dtype = long int; size_t = long unsigned int]’:
/home/adnan-cdx/codex-isolated/gather_restickify_clean_20260706_113236/deeptools/dsc/foldManager/foldInfrastructure.h:328:24:   required from here
  328 |   FoldFunction<Dtype>* getFoldFunc(const std::deque<int64_t>& fold_dim_indices,
      |                        ^~~~~~~~~~~
/home/adnan-cdx/codex-isolated/gather_restickify_clean_20260706_113236/deeptools/dsc/foldManager/foldInfrastructure.h:328:63: warning: unused parameter ‘fold_dim_indices’ [-Wunused-parameter]
  328 |   FoldFunction<Dtype>* getFoldFunc(const std::deque<int64_t>& fold_dim_indices,
      |                                    ~~~~~~~~~~~~~~~~~~~~~~~~~~~^~~~~~~~~~~~~~~~
/home/adnan-cdx/codex-isolated/gather_restickify_clean_20260706_113236/deeptools/dsc/foldManager/foldInfrastructure.h:329:43: warning: unused parameter ‘idx’ [-Wunused-parameter]
  329 |                                    size_t idx) override {
      |                                    ~~~~~~~^~~
/home/adnan-cdx/codex-isolated/gather_restickify_clean_20260706_113236/deeptools/dsc/foldManager/foldInfrastructure.h: In instantiation of ‘void ConstFoldFunction_Leaf<Dtype>::insertData(const Dtype&, const std::deque<long int>&, size_t) [with Dtype = long int; size_t = long unsigned int]’:
/home/adnan-cdx/codex-isolated/gather_restickify_clean_20260706_113236/deeptools/dsc/foldManager/foldInfrastructure.h:322:8:   required from here
  322 |   void insertData(const Dtype& new_data,
      |        ^~~~~~~~~~
/home/adnan-cdx/codex-isolated/gather_restickify_clean_20260706_113236/deeptools/dsc/foldManager/foldInfrastructure.h:323:46: warning: unused parameter ‘fold_dim_indices’ [-Wunused-parameter]
  323 |                   const std::deque<int64_t>& fold_dim_indices,
      |                   ~~~~~~~~~~~~~~~~~~~~~~~~~~~^~~~~~~~~~~~~~~~
/home/adnan-cdx/codex-isolated/gather_restickify_clean_20260706_113236/deeptools/dsc/foldManager/foldInfrastructure.h:324:26: warning: unused parameter ‘idx’ [-Wunused-parameter]
  324 |                   size_t idx) override {
      |                   ~~~~~~~^~~
/home/adnan-cdx/codex-isolated/gather_restickify_clean_20260706_113236/deeptools/dsc/foldManager/foldInfrastructure.h: In instantiation of ‘FoldFunction<Dtype>* AffineFoldFunction_Leaf<Dtype>::getFoldFunc(const std::deque<long int>&, size_t) [with Dtype = long int; size_t = long unsigned int]’:
/home/adnan-cdx/codex-isolated/gather_restickify_clean_20260706_113236/deeptools/dsc/foldManager/foldInfrastructure.h:619:24:   required from here
  619 |   FoldFunction<Dtype>* getFoldFunc(const std::deque<int64_t>& fold_dim_indices,
      |                        ^~~~~~~~~~~
/home/adnan-cdx/codex-isolated/gather_restickify_clean_20260706_113236/deeptools/dsc/foldManager/foldInfrastructure.h:619:63: warning: unused parameter ‘fold_dim_indices’ [-Wunused-parameter]
  619 |   FoldFunction<Dtype>* getFoldFunc(const std::deque<int64_t>& fold_dim_indices,
      |                                    ~~~~~~~~~~~~~~~~~~~~~~~~~~~^~~~~~~~~~~~~~~~
/home/adnan-cdx/codex-isolated/gather_restickify_clean_20260706_113236/deeptools/dsc/foldManager/foldInfrastructure.h:620:43: warning: unused parameter ‘idx’ [-Wunused-parameter]
  620 |                                    size_t idx) override {
      |                                    ~~~~~~~^~~
/home/adnan-cdx/codex-isolated/gather_restickify_clean_20260706_113236/deeptools/dsc/foldManager/foldInfrastructure.h: In instantiation of ‘void AffineFoldFunction_Leaf<Dtype>::insertData(const Dtype&, const std::deque<long int>&, size_t) [with Dtype = long int; size_t = long unsigned int]’:
/home/adnan-cdx/codex-isolated/gather_restickify_clean_20260706_113236/deeptools/dsc/foldManager/foldInfrastructure.h:613:8:   required from here
  613 |   void insertData(const Dtype& new_data,
      |        ^~~~~~~~~~
/home/adnan-cdx/codex-isolated/gather_restickify_clean_20260706_113236/deeptools/dsc/foldManager/foldInfrastructure.h:613:32: warning: unused parameter ‘new_data’ [-Wunused-parameter]
  613 |   void insertData(const Dtype& new_data,
      |                   ~~~~~~~~~~~~~^~~~~~~~
/home/adnan-cdx/codex-isolated/gather_restickify_clean_20260706_113236/deeptools/dsc/foldManager/foldInfrastructure.h:614:46: warning: unused parameter ‘fold_dim_indices’ [-Wunused-parameter]
  614 |                   const std::deque<int64_t>& fold_dim_indices,
      |                   ~~~~~~~~~~~~~~~~~~~~~~~~~~~^~~~~~~~~~~~~~~~
/home/adnan-cdx/codex-isolated/gather_restickify_clean_20260706_113236/deeptools/dsc/foldManager/foldInfrastructure.h:615:26: warning: unused parameter ‘idx’ [-Wunused-parameter]
  615 |                   size_t idx) override {
      |                   ~~~~~~~^~~
/home/adnan-cdx/codex-isolated/gather_restickify_clean_20260706_113236/deeptools/dsc/foldManager/foldInfrastructure.h: In instantiation of ‘FoldFunction<Dtype>* FoldFunction<Dtype>::getFoldFunc(const std::deque<long int>&, size_t) [with Dtype = long int; size_t = long unsigned int]’:
/home/adnan-cdx/codex-isolated/gather_restickify_clean_20260706_113236/deeptools/dsc/foldManager/foldInfrastructure.h:209:32:   required from here
  209 |   virtual FoldFunction<Dtype>* getFoldFunc(
      |                                ^~~~~~~~~~~
/home/adnan-cdx/codex-isolated/gather_restickify_clean_20260706_113236/deeptools/dsc/foldManager/foldInfrastructure.h:210:34: warning: unused parameter ‘fold_dim_indices’ [-Wunused-parameter]
  210 |       const std::deque<int64_t>& fold_dim_indices, size_t idx) {
      |       ~~~~~~~~~~~~~~~~~~~~~~~~~~~^~~~~~~~~~~~~~~~
/home/adnan-cdx/codex-isolated/gather_restickify_clean_20260706_113236/deeptools/dsc/foldManager/foldInfrastructure.h:210:59: warning: unused parameter ‘idx’ [-Wunused-parameter]
  210 |       const std::deque<int64_t>& fold_dim_indices, size_t idx) {
      |                                                    ~~~~~~~^~~
/home/adnan-cdx/codex-isolated/gather_restickify_clean_20260706_113236/deeptools/dsc/foldManager/foldInfrastructure.h: In instantiation of ‘Dtype AffineFoldFunction_NonLeaf<Dtype>::getDataAffine(const std::deque<long int>&, size_t) const [with T = int; typename std::enable_if<std::is_arithmetic<T>::value, bool>::type <anonymous> = true; Dtype = int; size_t = long unsigned int]’:
/home/adnan-cdx/codex-isolated/gather_restickify_clean_20260706_113236/deeptools/dsc/foldManager/foldInfrastructure.h:387:25:   required from ‘Dtype AffineFoldFunction_NonLeaf<Dtype>::getData(const std::deque<long int>&, size_t) const [with Dtype = int; size_t = long unsigned int]’
  387 |     return getDataAffine(fold_dim_indices, idx);
      |            ~~~~~~~~~~~~~^~~~~~~~~~~~~~~~~~~~~~~
/home/adnan-cdx/codex-isolated/gather_restickify_clean_20260706_113236/deeptools/dsc/foldManager/foldInfrastructure.h:385:9:   required from here
  385 |   Dtype getData(const std::deque<int64_t>& fold_dim_indices,
      |         ^~~~~~~
/home/adnan-cdx/codex-isolated/gather_restickify_clean_20260706_113236/deeptools/dsc/foldManager/foldInfrastructure.h:414:41: warning: conversion from ‘long int’ to ‘int’ may change value [-Wconversion]
  414 |     return (alpha_ * dim_index + beta_) +
      |            ~~~~~~~~~~~~~~~~~~~~~~~~~~~~~^
  415 |            child_ff_->getData(fold_dim_indices, idx + 1);
      |            ~~~~~~~~~~~~~~~~~~~~~~~~~~~~~~~~~~~~~~~~~~~~~
/home/adnan-cdx/codex-isolated/gather_restickify_clean_20260706_113236/deeptools/dsc/foldManager/foldInfrastructure.h: In instantiation of ‘Dtype WkSplitFoldFunction_Leaf<Dtype>::getFoldedData(int64_t) const [with T = int; typename std::enable_if<std::is_arithmetic<T>::value, bool>::type <anonymous> = true; Dtype = int; int64_t = long int]’:
/home/adnan-cdx/codex-isolated/gather_restickify_clean_20260706_113236/deeptools/dsc/foldManager/foldInfrastructure.h:852:25:   required from ‘Dtype WkSplitFoldFunction_Leaf<Dtype>::getData(const std::deque<long int>&, size_t) const [with Dtype = int; size_t = long unsigned int]’
  852 |     return getFoldedData(dim_index);
      |            ~~~~~~~~~~~~~^~~~~~~~~~~
/home/adnan-cdx/codex-isolated/gather_restickify_clean_20260706_113236/deeptools/dsc/foldManager/foldInfrastructure.h:847:9:   required from here
  847 |   Dtype getData(const std::deque<int64_t>& fold_dim_indices,
      |         ^~~~~~~
/home/adnan-cdx/codex-isolated/gather_restickify_clean_20260706_113236/deeptools/dsc/foldManager/foldInfrastructure.h:844:42: warning: conversion from ‘int64_t’ {aka ‘long int’} to ‘int32_t’ {aka ‘int’} may change value [-Wconversion]
  844 |     return (Dtype)wksplit_param_.getSize(dim_index);
      |                                          ^~~~~~~~~
/home/adnan-cdx/codex-isolated/gather_restickify_clean_20260706_113236/deeptools/dsc/foldManager/foldInfrastructure.h: In instantiation of ‘Dtype AffineFoldFunction_Leaf<Dtype>::getDataAffine(const std::deque<long int>&, size_t) const [with T = int; typename std::enable_if<std::is_arithmetic<T>::value, bool>::type <anonymous> = true; Dtype = int; size_t = long unsigned int]’:
/home/adnan-cdx/codex-isolated/gather_restickify_clean_20260706_113236/deeptools/dsc/foldManager/foldInfrastructure.h:558:25:   required from ‘Dtype AffineFoldFunction_Leaf<Dtype>::getData(const std::deque<long int>&, size_t) const [with Dtype = int; size_t = long unsigned int]’
  558 |     return getDataAffine(fold_dim_indices, idx);
      |            ~~~~~~~~~~~~~^~~~~~~~~~~~~~~~~~~~~~~
/home/adnan-cdx/codex-isolated/gather_restickify_clean_20260706_113236/deeptools/dsc/foldManager/foldInfrastructure.h:556:9:   required from here
  556 |   Dtype getData(const std::deque<int64_t>& fold_dim_indices,
      |         ^~~~~~~
/home/adnan-cdx/codex-isolated/gather_restickify_clean_20260706_113236/deeptools/dsc/foldManager/foldInfrastructure.h:581:31: warning: conversion from ‘long int’ to ‘int’ may change value [-Wconversion]
  581 |     return alpha_ * dim_index + beta_;
      |            ~~~~~~~~~~~~~~~~~~~^~~~~~~
/home/adnan-cdx/codex-isolated/gather_restickify_clean_20260706_113236/deeptools/dsc/foldManager/foldInfrastructure.h: In instantiation of ‘void AffineFoldFunction_NonLeaf<Dtype>::printMetaDataAffine(std::ostream&, std::string) const [with T = std::vector<unsigned int>; typename std::enable_if<(!((std::is_arithmetic<T>::value || std::is_same<T, std::pair<long int, long int> >::value) || std::is_same<T, std::vector<std::pair<long int, long int> > >::value)), bool>::type <anonymous> = true; Dtype = std::vector<unsigned int>; std::ostream = std::basic_ostream<char>; std::string = std::__cxx11::basic_string<char>]’:
/home/adnan-cdx/codex-isolated/gather_restickify_clean_20260706_113236/deeptools/dsc/foldManager/foldInfrastructure.h:466:24:   required from ‘void AffineFoldFunction_NonLeaf<Dtype>::printMetaData(std::ostream&, std::string) const [with Dtype = std::vector<unsigned int>; std::ostream = std::basic_ostream<char>; std::string = std::__cxx11::basic_string<char>]’
  466 |     printMetaDataAffine(out, ps);
      |     ~~~~~~~~~~~~~~~~~~~^~~~~~~~~
/home/adnan-cdx/codex-isolated/gather_restickify_clean_20260706_113236/deeptools/dsc/foldManager/foldInfrastructure.h:465:8:   required from here
  465 |   void printMetaData(std::ostream& out, std::string ps = "") const override {
      |        ^~~~~~~~~~~~~
/home/adnan-cdx/codex-isolated/gather_restickify_clean_20260706_113236/deeptools/dsc/foldManager/foldInfrastructure.h:476:42: warning: unused parameter ‘out’ [-Wunused-parameter]
  476 |   void printMetaDataAffine(std::ostream& out, std::string ps = "") const {
      |                            ~~~~~~~~~~~~~~^~~
/home/adnan-cdx/codex-isolated/gather_restickify_clean_20260706_113236/deeptools/dsc/foldManager/foldInfrastructure.h:476:59: warning: unused parameter ‘ps’ [-Wunused-parameter]
  476 |   void printMetaDataAffine(std::ostream& out, std::string ps = "") const {
      |                                               ~~~~~~~~~~~~^~~~~~~
/home/adnan-cdx/codex-isolated/gather_restickify_clean_20260706_113236/deeptools/dsc/foldManager/foldInfrastructure.h: In instantiation of ‘Dtype WkSplitFoldFunction_Leaf<Dtype>::getFoldedData(int64_t) const [with T = std::vector<unsigned int>; typename std::enable_if<(!(std::is_arithmetic<T>::value || std::is_same<T, std::vector<std::pair<long int, long int> > >::value)), bool>::type <anonymous> = true; Dtype = std::vector<unsigned int>; int64_t = long int]’:
/home/adnan-cdx/codex-isolated/gather_restickify_clean_20260706_113236/deeptools/dsc/foldManager/foldInfrastructure.h:852:25:   required from ‘Dtype WkSplitFoldFunction_Leaf<Dtype>::getData(const std::deque<long int>&, size_t) const [with Dtype = std::vector<unsigned int>; size_t = long unsigned int]’
  852 |     return getFoldedData(dim_index);
      |            ~~~~~~~~~~~~~^~~~~~~~~~~
/home/adnan-cdx/codex-isolated/gather_restickify_clean_20260706_113236/deeptools/dsc/foldManager/foldInfrastructure.h:847:9:   required from here
  847 |   Dtype getData(const std::deque<int64_t>& fold_dim_indices,
      |         ^~~~~~~
/home/adnan-cdx/codex-isolated/gather_restickify_clean_20260706_113236/deeptools/dsc/foldManager/foldInfrastructure.h:824:31: warning: unused parameter ‘dim_index’ [-Wunused-parameter]
  824 |   Dtype getFoldedData(int64_t dim_index) const {
      |                       ~~~~~~~~^~~~~~~~~
/home/adnan-cdx/codex-isolated/gather_restickify_clean_20260706_113236/deeptools/dsc/foldManager/foldInfrastructure.h: In instantiation of ‘void AffineFoldFunction_Leaf<Dtype>::printMetaDataAffine(std::ostream&, std::string) const [with T = std::vector<unsigned int>; typename std::enable_if<(!((std::is_arithmetic<T>::value || std::is_same<T, std::pair<long int, long int> >::value) || std::is_same<T, std::vector<std::pair<long int, long int> > >::value)), bool>::type <anonymous> = true; Dtype = std::vector<unsigned int>; std::ostream = std::basic_ostream<char>; std::string = std::__cxx11::basic_string<char>]’:
/home/adnan-cdx/codex-isolated/gather_restickify_clean_20260706_113236/deeptools/dsc/foldManager/foldInfrastructure.h:632:24:   required from ‘void AffineFoldFunction_Leaf<Dtype>::printMetaData(std::ostream&, std::string) const [with Dtype = std::vector<unsigned int>; std::ostream = std::basic_ostream<char>; std::string = std::__cxx11::basic_string<char>]’
  632 |     printMetaDataAffine(out, ps);
      |     ~~~~~~~~~~~~~~~~~~~^~~~~~~~~
/home/adnan-cdx/codex-isolated/gather_restickify_clean_20260706_113236/deeptools/dsc/foldManager/foldInfrastructure.h:631:8:   required from here
  631 |   void printMetaData(std::ostream& out, std::string ps = "") const override {
      |        ^~~~~~~~~~~~~
/home/adnan-cdx/codex-isolated/gather_restickify_clean_20260706_113236/deeptools/dsc/foldManager/foldInfrastructure.h:642:42: warning: unused parameter ‘out’ [-Wunused-parameter]
  642 |   void printMetaDataAffine(std::ostream& out, std::string ps = "") const {
      |                            ~~~~~~~~~~~~~~^~~
/home/adnan-cdx/codex-isolated/gather_restickify_clean_20260706_113236/deeptools/dsc/foldManager/foldInfrastructure.h:642:59: warning: unused parameter ‘ps’ [-Wunused-parameter]
  642 |   void printMetaDataAffine(std::ostream& out, std::string ps = "") const {
      |                                               ~~~~~~~~~~~~^~~~~~~
/home/adnan-cdx/codex-isolated/gather_restickify_clean_20260706_113236/deeptools/dsc/foldManager/foldInfrastructure.h: In instantiation of ‘Dtype WkSplitFoldFunction_Leaf<Dtype>::getFoldedData(int64_t) const [with T = long int; typename std::enable_if<std::is_arithmetic<T>::value, bool>::type <anonymous> = true; Dtype = long int; int64_t = long int]’:
/home/adnan-cdx/codex-isolated/gather_restickify_clean_20260706_113236/deeptools/dsc/foldManager/foldInfrastructure.h:852:25:   required from ‘Dtype WkSplitFoldFunction_Leaf<Dtype>::getData(const std::deque<long int>&, size_t) const [with Dtype = long int; size_t = long unsigned int]’
  852 |     return getFoldedData(dim_index);
      |            ~~~~~~~~~~~~~^~~~~~~~~~~
/home/adnan-cdx/codex-isolated/gather_restickify_clean_20260706_113236/deeptools/dsc/foldManager/foldInfrastructure.h:847:9:   required from here
  847 |   Dtype getData(const std::deque<int64_t>& fold_dim_indices,
      |         ^~~~~~~
/home/adnan-cdx/codex-isolated/gather_restickify_clean_20260706_113236/deeptools/dsc/foldManager/foldInfrastructure.h:844:42: warning: conversion from ‘int64_t’ {aka ‘long int’} to ‘int32_t’ {aka ‘int’} may change value [-Wconversion]
  844 |     return (Dtype)wksplit_param_.getSize(dim_index);
      |                                          ^~~~~~~~~
/home/adnan-cdx/codex-isolated/gather_restickify_clean_20260706_113236/deeptools/dsc/foldManager/foldInfrastructure.h: In instantiation of ‘Dtype WkSplitFoldFunction_Leaf<Dtype>::getFoldedData(int64_t) const [with T = std::vector<long int>; typename std::enable_if<(!(std::is_arithmetic<T>::value || std::is_same<T, std::vector<std::pair<long int, long int> > >::value)), bool>::type <anonymous> = true; Dtype = std::vector<long int>; int64_t = long int]’:
/home/adnan-cdx/codex-isolated/gather_restickify_clean_20260706_113236/deeptools/dsc/foldManager/foldInfrastructure.h:852:25:   required from ‘Dtype WkSplitFoldFunction_Leaf<Dtype>::getData(const std::deque<long int>&, size_t) const [with Dtype = std::vector<long int>; size_t = long unsigned int]’
  852 |     return getFoldedData(dim_index);
      |            ~~~~~~~~~~~~~^~~~~~~~~~~
/home/adnan-cdx/codex-isolated/gather_restickify_clean_20260706_113236/deeptools/dsc/foldManager/foldInfrastructure.h:847:9:   required from here
  847 |   Dtype getData(const std::deque<int64_t>& fold_dim_indices,
      |         ^~~~~~~
/home/adnan-cdx/codex-isolated/gather_restickify_clean_20260706_113236/deeptools/dsc/foldManager/foldInfrastructure.h:824:31: warning: unused parameter ‘dim_index’ [-Wunused-parameter]
  824 |   Dtype getFoldedData(int64_t dim_index) const {
      |                       ~~~~~~~~^~~~~~~~~
/home/adnan-cdx/codex-isolated/gather_restickify_clean_20260706_113236/deeptools/dsc/foldManager/foldInfrastructure.h: In instantiation of ‘Dtype WkSplitFoldFunction_Leaf<Dtype>::getFoldedData(int64_t) const [with T = std::vector<int>; typename std::enable_if<(!(std::is_arithmetic<T>::value || std::is_same<T, std::vector<std::pair<long int, long int> > >::value)), bool>::type <anonymous> = true; Dtype = std::vector<int>; int64_t = long int]’:
/home/adnan-cdx/codex-isolated/gather_restickify_clean_20260706_113236/deeptools/dsc/foldManager/foldInfrastructure.h:852:25:   required from ‘Dtype WkSplitFoldFunction_Leaf<Dtype>::getData(const std::deque<long int>&, size_t) const [with Dtype = std::vector<int>; size_t = long unsigned int]’
  852 |     return getFoldedData(dim_index);
      |            ~~~~~~~~~~~~~^~~~~~~~~~~
/home/adnan-cdx/codex-isolated/gather_restickify_clean_20260706_113236/deeptools/dsc/foldManager/foldInfrastructure.h:847:9:   required from here
  847 |   Dtype getData(const std::deque<int64_t>& fold_dim_indices,
      |         ^~~~~~~
/home/adnan-cdx/codex-isolated/gather_restickify_clean_20260706_113236/deeptools/dsc/foldManager/foldInfrastructure.h:824:31: warning: unused parameter ‘dim_index’ [-Wunused-parameter]
  824 |   Dtype getFoldedData(int64_t dim_index) const {
      |                       ~~~~~~~~^~~~~~~~~
/home/adnan-cdx/codex-isolated/gather_restickify_clean_20260706_113236/deeptools/dsc/foldManager/foldInfrastructure.h: In instantiation of ‘void AffineFoldFunction_Leaf<Dtype>::printMetaDataAffine(std::ostream&, std::string) const [with T = std::vector<long int>; typename std::enable_if<(!((std::is_arithmetic<T>::value || std::is_same<T, std::pair<long int, long int> >::value) || std::is_same<T, std::vector<std::pair<long int, long int> > >::value)), bool>::type <anonymous> = true; Dtype = std::vector<long int>; std::ostream = std::basic_ostream<char>; std::string = std::__cxx11::basic_string<char>]’:
/home/adnan-cdx/codex-isolated/gather_restickify_clean_20260706_113236/deeptools/dsc/foldManager/foldInfrastructure.h:632:24:   required from ‘void AffineFoldFunction_Leaf<Dtype>::printMetaData(std::ostream&, std::string) const [with Dtype = std::vector<long int>; std::ostream = std::basic_ostream<char>; std::string = std::__cxx11::basic_string<char>]’
  632 |     printMetaDataAffine(out, ps);
      |     ~~~~~~~~~~~~~~~~~~~^~~~~~~~~
/home/adnan-cdx/codex-isolated/gather_restickify_clean_20260706_113236/deeptools/dsc/foldManager/foldInfrastructure.h:631:8:   required from here
  631 |   void printMetaData(std::ostream& out, std::string ps = "") const override {
      |        ^~~~~~~~~~~~~
/home/adnan-cdx/codex-isolated/gather_restickify_clean_20260706_113236/deeptools/dsc/foldManager/foldInfrastructure.h:642:42: warning: unused parameter ‘out’ [-Wunused-parameter]
  642 |   void printMetaDataAffine(std::ostream& out, std::string ps = "") const {
      |                            ~~~~~~~~~~~~~~^~~
/home/adnan-cdx/codex-isolated/gather_restickify_clean_20260706_113236/deeptools/dsc/foldManager/foldInfrastructure.h:642:59: warning: unused parameter ‘ps’ [-Wunused-parameter]
  642 |   void printMetaDataAffine(std::ostream& out, std::string ps = "") const {
      |                                               ~~~~~~~~~~~~^~~~~~~
/home/adnan-cdx/codex-isolated/gather_restickify_clean_20260706_113236/deeptools/dsc/foldManager/foldInfrastructure.h: In instantiation of ‘void AffineFoldFunction_NonLeaf<Dtype>::printMetaDataAffine(std::ostream&, std::string) const [with T = std::vector<long int>; typename std::enable_if<(!((std::is_arithmetic<T>::value || std::is_same<T, std::pair<long int, long int> >::value) || std::is_same<T, std::vector<std::pair<long int, long int> > >::value)), bool>::type <anonymous> = true; Dtype = std::vector<long int>; std::ostream = std::basic_ostream<char>; std::string = std::__cxx11::basic_string<char>]’:
/home/adnan-cdx/codex-isolated/gather_restickify_clean_20260706_113236/deeptools/dsc/foldManager/foldInfrastructure.h:466:24:   required from ‘void AffineFoldFunction_NonLeaf<Dtype>::printMetaData(std::ostream&, std::string) const [with Dtype = std::vector<long int>; std::ostream = std::basic_ostream<char>; std::string = std::__cxx11::basic_string<char>]’
  466 |     printMetaDataAffine(out, ps);
      |     ~~~~~~~~~~~~~~~~~~~^~~~~~~~~
/home/adnan-cdx/codex-isolated/gather_restickify_clean_20260706_113236/deeptools/dsc/foldManager/foldInfrastructure.h:465:8:   required from here
  465 |   void printMetaData(std::ostream& out, std::string ps = "") const override {
      |        ^~~~~~~~~~~~~
/home/adnan-cdx/codex-isolated/gather_restickify_clean_20260706_113236/deeptools/dsc/foldManager/foldInfrastructure.h:476:42: warning: unused parameter ‘out’ [-Wunused-parameter]
  476 |   void printMetaDataAffine(std::ostream& out, std::string ps = "") const {
      |                            ~~~~~~~~~~~~~~^~~
/home/adnan-cdx/codex-isolated/gather_restickify_clean_20260706_113236/deeptools/dsc/foldManager/foldInfrastructure.h:476:59: warning: unused parameter ‘ps’ [-Wunused-parameter]
  476 |   void printMetaDataAffine(std::ostream& out, std::string ps = "") const {
      |                                               ~~~~~~~~~~~~^~~~~~~
/home/adnan-cdx/codex-isolated/gather_restickify_clean_20260706_113236/deeptools/dsc/foldManager/foldInfrastructure.h: In instantiation of ‘void AffineFoldFunction_Leaf<Dtype>::printMetaDataAffine(std::ostream&, std::string) const [with T = std::vector<int>; typename std::enable_if<(!((std::is_arithmetic<T>::value || std::is_same<T, std::pair<long int, long int> >::value) || std::is_same<T, std::vector<std::pair<long int, long int> > >::value)), bool>::type <anonymous> = true; Dtype = std::vector<int>; std::ostream = std::basic_ostream<char>; std::string = std::__cxx11::basic_string<char>]’:
/home/adnan-cdx/codex-isolated/gather_restickify_clean_20260706_113236/deeptools/dsc/foldManager/foldInfrastructure.h:632:24:   required from ‘void AffineFoldFunction_Leaf<Dtype>::printMetaData(std::ostream&, std::string) const [with Dtype = std::vector<int>; std::ostream = std::basic_ostream<char>; std::string = std::__cxx11::basic_string<char>]’
  632 |     printMetaDataAffine(out, ps);
      |     ~~~~~~~~~~~~~~~~~~~^~~~~~~~~
/home/adnan-cdx/codex-isolated/gather_restickify_clean_20260706_113236/deeptools/dsc/foldManager/foldInfrastructure.h:631:8:   required from here
  631 |   void printMetaData(std::ostream& out, std::string ps = "") const override {
      |        ^~~~~~~~~~~~~
/home/adnan-cdx/codex-isolated/gather_restickify_clean_20260706_113236/deeptools/dsc/foldManager/foldInfrastructure.h:642:42: warning: unused parameter ‘out’ [-Wunused-parameter]
  642 |   void printMetaDataAffine(std::ostream& out, std::string ps = "") const {
      |                            ~~~~~~~~~~~~~~^~~
/home/adnan-cdx/codex-isolated/gather_restickify_clean_20260706_113236/deeptools/dsc/foldManager/foldInfrastructure.h:642:59: warning: unused parameter ‘ps’ [-Wunused-parameter]
  642 |   void printMetaDataAffine(std::ostream& out, std::string ps = "") const {
      |                                               ~~~~~~~~~~~~^~~~~~~
/home/adnan-cdx/codex-isolated/gather_restickify_clean_20260706_113236/deeptools/dsc/foldManager/foldInfrastructure.h: In instantiation of ‘void AffineFoldFunction_NonLeaf<Dtype>::printMetaDataAffine(std::ostream&, std::string) const [with T = std::vector<int>; typename std::enable_if<(!((std::is_arithmetic<T>::value || std::is_same<T, std::pair<long int, long int> >::value) || std::is_same<T, std::vector<std::pair<long int, long int> > >::value)), bool>::type <anonymous> = true; Dtype = std::vector<int>; std::ostream = std::basic_ostream<char>; std::string = std::__cxx11::basic_string<char>]’:
/home/adnan-cdx/codex-isolated/gather_restickify_clean_20260706_113236/deeptools/dsc/foldManager/foldInfrastructure.h:466:24:   required from ‘void AffineFoldFunction_NonLeaf<Dtype>::printMetaData(std::ostream&, std::string) const [with Dtype = std::vector<int>; std::ostream = std::basic_ostream<char>; std::string = std::__cxx11::basic_string<char>]’
  466 |     printMetaDataAffine(out, ps);
      |     ~~~~~~~~~~~~~~~~~~~^~~~~~~~~
/home/adnan-cdx/codex-isolated/gather_restickify_clean_20260706_113236/deeptools/dsc/foldManager/foldInfrastructure.h:465:8:   required from here
  465 |   void printMetaData(std::ostream& out, std::string ps = "") const override {
      |        ^~~~~~~~~~~~~
/home/adnan-cdx/codex-isolated/gather_restickify_clean_20260706_113236/deeptools/dsc/foldManager/foldInfrastructure.h:476:42: warning: unused parameter ‘out’ [-Wunused-parameter]
  476 |   void printMetaDataAffine(std::ostream& out, std::string ps = "") const {
      |                            ~~~~~~~~~~~~~~^~~
/home/adnan-cdx/codex-isolated/gather_restickify_clean_20260706_113236/deeptools/dsc/foldManager/foldInfrastructure.h:476:59: warning: unused parameter ‘ps’ [-Wunused-parameter]
  476 |   void printMetaDataAffine(std::ostream& out, std::string ps = "") const {
      |                                               ~~~~~~~~~~~~^~~~~~~
/home/adnan-cdx/codex-isolated/gather_restickify_clean_20260706_113236/deeptools/dsc/foldManager/foldInfrastructure.h: At global scope:
/home/adnan-cdx/codex-isolated/gather_restickify_clean_20260706_113236/deeptools/dsc/foldManager/foldInfrastructure.h:64:13: warning: ‘void FoldInfraUtils::getFlattenedCoordinatesWithConstraints(std::vector<std::deque<long int> >&, const std::map<long int, long int>&, const int&, bool)’ defined but not used [-Wunused-function]
   64 | static void getFlattenedCoordinatesWithConstraints(
      |             ^~~~~~~~~~~~~~~~~~~~~~~~~~~~~~~~~~~~~~
/home/adnan-cdx/codex-isolated/gather_restickify_clean_20260706_113236/deeptools/util/print_utils.h:602:20: warning: ‘std::string PrintUtil::printSetOfPair(const std::set<std::pair<unsigned int, unsigned int> >&)’ defined but not used [-Wunused-function]
  602 | static std::string printSetOfPair(
      |                    ^~~~~~~~~~~~~~
/home/adnan-cdx/codex-isolated/gather_restickify_clean_20260706_113236/deeptools/util/print_utils.h:524:13: warning: ‘std::string PrintUtil::printMapwithQuotes(const std::map<Dtype1, Dtype2>&) [with Dtype1 = std::__cxx11::basic_string<char>; Dtype2 = std::array<unsigned char, 128>]’ defined but not used [-Wunused-function]
  524 | std::string printMapwithQuotes<std::string, std::array<uint8_t, 128>>(
      |             ^~~~~~~~~~~~~~~~~~~~~~~~~~~~~~~~~~~~~~~~~~~~~~~~~~~~~~~~~
/home/adnan-cdx/codex-isolated/gather_restickify_clean_20260706_113236/deeptools/util/print_utils.h:505:1: warning: ‘std::string PrintUtil::printMapwithQuotes(const std::map<Dtype1, Dtype2>&) [with Dtype1 = std::__cxx11::basic_string<char>; Dtype2 = std::vector<std::pair<double, double> >]’ defined but not used [-Wunused-function]
  505 | printMapwithQuotes<std::string, std::vector<std::pair<double, double>>>(
      | ^~~~~~~~~~~~~~~~~~~~~~~~~~~~~~~~~~~~~~~~~~~~~~~~~~~~~~~~~~~~~~~~~~~~~~~
/home/adnan-cdx/codex-isolated/gather_restickify_clean_20260706_113236/deeptools/util/print_utils.h:486:20: warning: ‘std::string PrintUtil::printMap(const std::map<long int, std::__cxx11::basic_string<char> >&)’ defined but not used [-Wunused-function]
  486 | static std::string printMap(const std::map<int64_t, std::string>& myMap) {
      |                    ^~~~~~~~
/home/adnan-cdx/codex-isolated/gather_restickify_clean_20260706_113236/deeptools/util/print_utils.h:457:20: warning: ‘std::string PrintUtil::printMap(const std::map<long int, double>&, bool)’ defined but not used [-Wunused-function]
  457 | static std::string printMap(const std::map<int64_t, double>& myMap,
      |                    ^~~~~~~~
/home/adnan-cdx/codex-isolated/gather_restickify_clean_20260706_113236/deeptools/util/print_utils.h:428:20: warning: ‘std::string PrintUtil::printMap(const std::map<long int, std::vector<std::pair<long int, long int> > >&, bool)’ defined but not used [-Wunused-function]
  428 | static std::string printMap(
      |                    ^~~~~~~~
/home/adnan-cdx/codex-isolated/gather_restickify_clean_20260706_113236/deeptools/util/print_utils.h:396:20: warning: ‘std::string PrintUtil::printMap(const std::map<long int, std::pair<int, int> >&, bool)’ defined but not used [-Wunused-function]
  396 | static std::string printMap(const std::map<int64_t, std::pair<int, int>>& myMap,
      |                    ^~~~~~~~
/home/adnan-cdx/codex-isolated/gather_restickify_clean_20260706_113236/deeptools/util/print_utils.h:367:20: warning: ‘std::string PrintUtil::printMap(const std::map<long int, std::vector<std::pair<int, int> > >&, bool)’ defined but not used [-Wunused-function]
  367 | static std::string printMap(
      |                    ^~~~~~~~
/home/adnan-cdx/codex-isolated/gather_restickify_clean_20260706_113236/deeptools/util/print_utils.h:190:13: warning: ‘std::string PrintUtil::printMapwithQuotes(const std::map<Dtype1, Dtype2>&) [with Dtype1 = int; Dtype2 = std::vector<long int>]’ defined but not used [-Wunused-function]
  190 | std::string printMapwithQuotes<int, std::vector<int64_t>>(
      |             ^~~~~~~~~~~~~~~~~~~~~~~~~~~~~~~~~~~~~~~~~~~~~
/home/adnan-cdx/codex-isolated/gather_restickify_clean_20260706_113236/deeptools/util/print_utils.h:167:13: warning: ‘std::string PrintUtil::printMapwithQuotes(const std::map<Dtype1, Dtype2>&) [with Dtype1 = int; Dtype2 = std::vector<double>]’ defined but not used [-Wunused-function]
  167 | std::string printMapwithQuotes<int, std::vector<double>>(
      |             ^~~~~~~~~~~~~~~~~~~~~~~~~~~~~~~~~~~~~~~~~~~~
/home/adnan-cdx/codex-isolated/gather_restickify_clean_20260706_113236/deeptools/util/print_utils.h:144:13: warning: ‘std::string PrintUtil::printMapwithQuotes(const std::map<Dtype1, Dtype2>&) [with Dtype1 = int; Dtype2 = std::vector<std::__cxx11::basic_string<char> >]’ defined but not used [-Wunused-function]
  144 | std::string printMapwithQuotes<int, std::vector<std::string>>(
      |             ^~~~~~~~~~~~~~~~~~~~~~~~~~~~~~~~~~~~~~~~~~~~~~~~~
/home/adnan-cdx/codex-isolated/gather_restickify_clean_20260706_113236/deeptools/util/print_utils.h:111:13: warning: ‘std::string PrintUtil::printSetwithQuotes(const std::set<T>&) [with Dtype = std::__cxx11::basic_string<char>]’ defined but not used [-Wunused-function]
  111 | std::string printSetwithQuotes<std::string>(
      |             ^~~~~~~~~~~~~~~~~~~~~~~~~~~~~~~
/home/adnan-cdx/codex-isolated/gather_restickify_clean_20260706_113236/deeptools/util/print_utils.h:81:20: warning: ‘std::string PrintUtil::printVecwithQuotes(const std::array<unsigned char, 128>&)’ defined but not used [-Wunused-function]
   81 | static std::string printVecwithQuotes(const std::array<uint8_t, 128>& myVec) {
      |                    ^~~~~~~~~~~~~~~~~~
/home/adnan-cdx/codex-isolated/gather_restickify_clean_20260706_113236/deeptools/util/print_utils.h:68:13: warning: ‘std::string PrintUtil::printVecwithQuotes(const std::vector<Dtype>&) [with Dtype = std::__cxx11::basic_string<char>]’ defined but not used [-Wunused-function]
   68 | std::string printVecwithQuotes<std::string>(
      |             ^~~~~~~~~~~~~~~~~~~~~~~~~~~~~~~
/home/adnan-cdx/codex-isolated/gather_restickify_clean_20260706_113236/deeptools/util/print_utils.h:38:13: warning: ‘std::string PrintUtil::printVecwithQuotes(const std::vector<Dtype>&) [with Dtype = long int]’ defined but not used [-Wunused-function]
   38 | std::string printVecwithQuotes<int64_t>(const std::vector<int64_t>& myVec) {
      |             ^~~~~~~~~~~~~~~~~~~~~~~~~~~
[3/4] Linking CXX shared library dxp/libdxp.so
[4/4] Linking CXX executable dxp/dxp_unit_test
