[DXP] ===== Calling DXP Pipeline =====
Input: ModuleOp (in-memory)
Optimization Level: O2
[DXP] DXP compilation time: 114 ms
Running L3 DL Ops Scheduler: Node-name: dummyProgForsdscProgCorrect0
Running DCG for DataOp: Node-name:dummyProgForsdscProgCorrect0
Creating PCFG for DataDsc..
[DeepRT] ===== Calling DCC =====
dummyProgForsdscProgCorrect0 with translator version: -1
[DeepRT]: Compilation time taken by DCC in - dummyProgForsdscProgCorrect0	5 millisec 
Running L3 DL Ops Scheduler: Node-name: 0_reciprocal
Dimension types to LabeledDs table:
LabeledDs index: 1
Dimension type Elementwise: mb 

LabeledDs index: 0
Dimension type Elementwise: mb 

Loop Order (innermost to outermost):
mb 
Comp: lx
Tensor0 512
Tensor1 512
Comp: lx
Tensor0 512
Tensor1 512
Start exploring best chunk parameters for memory bandwidth
Starting parameters:
DSC index: 0
in=-1 out=-1 ij=-1 mb=64 kij=-1 x=-1 x1=-1 y=-1
Burst efficiency: 0.1
Comp: lx
Tensor0 512
Tensor1 512
Selected parameters:
DSC index: 0
in=-1 out=-1 ij=-1 mb=64 kij=-1 x=-1 x1=-1 y=-1
Burst efficiency: 0.1
Comp: lx
Tensor0 512
Tensor1 512
Comp: lx
Tensor0 512
Tensor1 512


>>> buildFoldFromAllocation:
  node= allocate_lds0_lx(0x1c46580)
  refAllocNode= allocate-Tensor0_hbm(0x1682cb0)

====================================================

Reference fold: 
"coordinates_" : {
  "coordInfo" : {
    "mb" : {
      "spatial" : 3,
      "temporal" : 0,
      "elemArr" : 2,
      "padding" : "nopad",
      "folds" :  {
        "dim_prop_func" : [
          { "Affine" : {"alpha_" : 64, "beta_" : 0} },
          { "Affine" : {"alpha_" : 0, "beta_" : 0} },
          { "Affine" : {"alpha_" : 0, "beta_" : 0} },
          { "Affine" : {"alpha_" : 64, "beta_" : 0} },
          { "Affine" : {"alpha_" : 1, "beta_" : 0} }
        ],
        "dim_prop_attr" : [
          { "factor_" : 1, "label_" : "core_fold" },
          { "factor_" : 1, "label_" : "corelet_fold" },
          { "factor_" : 1, "label_" : "row_fold" },
          { "factor_" : 1, "label_" : "elem_arr_1" },
          { "factor_" : 64, "label_" : "elem_arr_0" }
        ]
      }
    }
  },
  "coreIdToWkSlice_" : { 
  } 
}


[distributeElemArrToTemporalLoops]: Distributing for Dim= (mb,unpadded)
    sizeRefComp= l3lu propRefComp= l3lu ptRowId= -1 refPadType= nopad targetPadType= nopad
    ElemArr: (1, 0, 64) (64, 0, 1) 

  [distributeElemArrToTemporalLoops]: loop= loop_ds0_ds1_mb dim= (mb, unpadded) iterationCount= 1 refPadType= nopad targetPadType= nopad
    NumDs: {"name_" : "core", "in_" : -1, "out_" : -1, "mb_" : 64, "i_" : -1, "j_" : -1, "ki_" : -1, "kj_" : -1, "x_" : -1, "x1_" : -1, "y_" : -1, "symbolicDimInfo_" : {}, "maxSymbolicVolume_" : {}, "coreletSplit_" : {}, "rowSplit_" : {}, "peSfpSplit_" : {}, "paddingSizes_" : {}}
    DenDs: {"name_" : "chunk", "in_" : -1, "out_" : -1, "mb_" : 64, "i_" : -1, "j_" : -1, "ki_" : -1, "kj_" : -1, "x_" : -1, "x1_" : -1, "y_" : -1, "symbolicDimInfo_" : {}, "maxSymbolicVolume_" : {}, "coreletSplit_" : {}, "rowSplit_" : {}, "peSfpSplit_" : {}, "paddingSizes_" : {}}
    segmentDS: {"name_" : "", "in_" : -1, "out_" : -1, "mb_" : 64, "i_" : -1, "j_" : -1, "ki_" : -1, "kj_" : -1, "x_" : -1, "x1_" : -1, "y_" : -1, "symbolicDimInfo_" : {}, "maxSymbolicVolume_" : {}, "coreletSplit_" : {}, "rowSplit_" : {}, "peSfpSplit_" : {}, "paddingSizes_" : {}}
    segSize= 64 scaleDownFactor= 1 elemSegStride= 64 coordSegStride= 64 iterationCount= 1
    loop_ds0_ds1_mb->relatedElemArrLevel= 1
    Absorbing elemArr[1] = (64, 1) as a temporal fold for loop_ds0_ds1_mb
    After absorbing elemArr[1]:(1, 0, 64) 


====================================================

[buildCoordinateFromAllocation] fold at end:
  refAllocNode = allocate-Tensor0_hbm
  node         = allocate_lds0_lx
"coordinates_" : {
  "coordInfo" : {
    "mb" : {
      "spatial" : 3,
      "temporal" : 1,
      "elemArr" : 1,
      "padding" : "nopad",
      "folds" :  {
        "dim_prop_func" : [
          { "Affine" : {"alpha_" : 64, "beta_" : 0} },
          { "Affine" : {"alpha_" : 0, "beta_" : 0} },
          { "Affine" : {"alpha_" : 0, "beta_" : 0} },
          { "Affine" : {"alpha_" : 64, "beta_" : 0} },
          { "Affine" : {"alpha_" : 1, "beta_" : 0} }
        ],
        "dim_prop_attr" : [
          { "factor_" : 1, "label_" : "core_fold" },
          { "factor_" : 1, "label_" : "corelet_fold" },
          { "factor_" : 1, "label_" : "row_fold" },
          { "factor_" : 1, "label_" : "loop_ds0_ds1_mb mb" },
          { "factor_" : 64, "label_" : "elem_arr_0" }
        ]
      }
    }
  },
  "coreIdToWkSlice_" : { 
  } 
}


>>> buildFoldFromAllocation:
  node= allocate_lds1_lx(0x1b49240)
  refAllocNode= allocate-Tensor1_hbm(0x1683150)

====================================================

Reference fold: 
"coordinates_" : {
  "coordInfo" : {
    "mb" : {
      "spatial" : 3,
      "temporal" : 0,
      "elemArr" : 2,
      "padding" : "nopad",
      "folds" :  {
        "dim_prop_func" : [
          { "Affine" : {"alpha_" : 64, "beta_" : 0} },
          { "Affine" : {"alpha_" : 0, "beta_" : 0} },
          { "Affine" : {"alpha_" : 0, "beta_" : 0} },
          { "Affine" : {"alpha_" : 64, "beta_" : 0} },
          { "Affine" : {"alpha_" : 1, "beta_" : 0} }
        ],
        "dim_prop_attr" : [
          { "factor_" : 1, "label_" : "core_fold" },
          { "factor_" : 1, "label_" : "corelet_fold" },
          { "factor_" : 1, "label_" : "row_fold" },
          { "factor_" : 1, "label_" : "elem_arr_1" },
          { "factor_" : 64, "label_" : "elem_arr_0" }
        ]
      }
    }
  },
  "coreIdToWkSlice_" : { 
  } 
}


[distributeElemArrToTemporalLoops]: Distributing for Dim= (mb,unpadded)
    sizeRefComp= l3lu propRefComp= l3lu ptRowId= -1 refPadType= nopad targetPadType= nopad
    ElemArr: (1, 0, 64) (64, 0, 1) 

  [distributeElemArrToTemporalLoops]: loop= loop_ds0_ds1_mb dim= (mb, unpadded) iterationCount= 1 refPadType= nopad targetPadType= nopad
    NumDs: {"name_" : "core", "in_" : -1, "out_" : -1, "mb_" : 64, "i_" : -1, "j_" : -1, "ki_" : -1, "kj_" : -1, "x_" : -1, "x1_" : -1, "y_" : -1, "symbolicDimInfo_" : {}, "maxSymbolicVolume_" : {}, "coreletSplit_" : {}, "rowSplit_" : {}, "peSfpSplit_" : {}, "paddingSizes_" : {}}
    DenDs: {"name_" : "chunk", "in_" : -1, "out_" : -1, "mb_" : 64, "i_" : -1, "j_" : -1, "ki_" : -1, "kj_" : -1, "x_" : -1, "x1_" : -1, "y_" : -1, "symbolicDimInfo_" : {}, "maxSymbolicVolume_" : {}, "coreletSplit_" : {}, "rowSplit_" : {}, "peSfpSplit_" : {}, "paddingSizes_" : {}}
    segmentDS: {"name_" : "", "in_" : -1, "out_" : -1, "mb_" : 64, "i_" : -1, "j_" : -1, "ki_" : -1, "kj_" : -1, "x_" : -1, "x1_" : -1, "y_" : -1, "symbolicDimInfo_" : {}, "maxSymbolicVolume_" : {}, "coreletSplit_" : {}, "rowSplit_" : {}, "peSfpSplit_" : {}, "paddingSizes_" : {}}
    segSize= 64 scaleDownFactor= 1 elemSegStride= 64 coordSegStride= 64 iterationCount= 1
    loop_ds0_ds1_mb->relatedElemArrLevel= 1
    Absorbing elemArr[1] = (64, 1) as a temporal fold for loop_ds0_ds1_mb
    After absorbing elemArr[1]:(1, 0, 64) 


====================================================

[buildCoordinateFromAllocation] fold at end:
  refAllocNode = allocate-Tensor1_hbm
  node         = allocate_lds1_lx
"coordinates_" : {
  "coordInfo" : {
    "mb" : {
      "spatial" : 3,
      "temporal" : 1,
      "elemArr" : 1,
      "padding" : "nopad",
      "folds" :  {
        "dim_prop_func" : [
          { "Affine" : {"alpha_" : 64, "beta_" : 0} },
          { "Affine" : {"alpha_" : 0, "beta_" : 0} },
          { "Affine" : {"alpha_" : 0, "beta_" : 0} },
          { "Affine" : {"alpha_" : 64, "beta_" : 0} },
          { "Affine" : {"alpha_" : 1, "beta_" : 0} }
        ],
        "dim_prop_attr" : [
          { "factor_" : 1, "label_" : "core_fold" },
          { "factor_" : 1, "label_" : "corelet_fold" },
          { "factor_" : 1, "label_" : "row_fold" },
          { "factor_" : 1, "label_" : "loop_ds0_ds1_mb mb" },
          { "factor_" : 64, "label_" : "elem_arr_0" }
        ]
      }
    }
  },
  "coreIdToWkSlice_" : { 
  } 
}
Schedule tree in DSC 0:
Schedule node: allocate-Tensor0_hbm
Schedule node: allocate-Tensor1_hbm
Schedule node: loop_ds0_ds1_mb
Schedule node: allocate_lds0_lx
Schedule node: transfer_lds0_src:hbm_dst:lx
Schedule node: sync_send_l3lu_to_lxlu
Schedule node: sync_receive_lxlu_from_l3lu
Schedule node: sync_send_lxlu_to_l3lu
Schedule node: sync_receive_l3lu_from_lxlu
Schedule node: allocate_lds1_lx
Schedule node: lx_below_schedule
Schedule node: sync_send_lxsu_to_l3su
Schedule node: sync_receive_l3su_from_lxsu
Schedule node: sync_send_l3su_to_lxsu
Schedule node: sync_receive_lxsu_from_l3su
Schedule node: transfer_lds1_src:lx_dst:hbm
[DDC] start working on DSC: reciprocal

[DDC] DSC2 successfully filled
[DeepRT] ===== Calling DCC =====
0_reciprocal with translator version: 3
[DeepRT]: Compilation time taken by DCC in - 0_reciprocal	13 millisec 
Running L3 DL Ops Scheduler: Node-name: 1_mul
Dimension types to LabeledDs table:
LabeledDs index: 2
Dimension type Elementwise: mb out 

LabeledDs index: 1
Dimension type Broadcast: mb out 

LabeledDs index: 0
Dimension type Elementwise: mb out 

Loop Order (innermost to outermost):
mb out 
Comp: lx
Tensor0 512
Tensor1 256
Comp: lx
Tensor0 512
Tensor1 256
Comp: lx
Tensor0 512
Tensor1 256
Comp: lx
Tensor0 512
Tensor1 256
Comp: lx
Tensor0 512
Tensor1 256
Comp: lx
Tensor0 512
Tensor1 256
Comp: lx
Tensor0 512
Tensor1 256
Comp: lx
Tensor0 512
Tensor1 256
Comp: lx
Tensor0 512
Tensor1 256
Comp: lx
Tensor0 512
Tensor1 256
Comp: lx
Tensor0 512
Tensor1 256
Comp: lx
Tensor0 512
Tensor1 256
Comp: lx
Tensor0 512
Tensor1 256
Comp: lx
Tensor0 512
Tensor1 256
Comp: lx
Tensor0 512
Tensor1 256
Comp: lx
Tensor0 512
Tensor1 256
Comp: lx
Tensor0 512
Tensor1 256
Comp: lx
Tensor0 512
Tensor1 256
Comp: lx
Tensor0 512
Tensor1 256
Comp: lx
Tensor0 512
Tensor1 256
Comp: lx
Tensor0 512
Tensor1 256
Comp: lx
Tensor0 512
Tensor1 256
Comp: lx
Tensor0 512
Tensor1 256
Comp: lx
Tensor0 512
Tensor1 256
Comp: lx
Tensor0 512
Tensor1 256
Comp: lx
Tensor0 512
Tensor1 256
Comp: lx
Tensor0 512
Tensor1 256
Comp: lx
Tensor0 512
Tensor1 256
Comp: lx
Tensor0 512
Tensor1 256
Comp: lx
Tensor0 512
Tensor1 256
Comp: lx
Tensor0 512
Tensor1 256
Comp: lx
Tensor0 512
Tensor1 256
Comp: lx
Tensor0 512
Tensor1 256
Comp: lx
Tensor0 512
Tensor1 256
Comp: lx
Tensor0 512
Tensor1 256
Comp: lx
Tensor0 512
Tensor1 256
Comp: lx
Tensor0 512
Tensor1 256
Comp: lx
Tensor0 512
Tensor1 256
Comp: lx
Tensor0 512
Tensor1 256
Comp: lx
Tensor0 512
Tensor1 256
Comp: lx
Tensor0 512
Tensor1 256
Comp: lx
Tensor0 512
Tensor1 256
Comp: lx
Tensor0 512
Tensor1 256
Comp: lx
Tensor0 512
Tensor1 256
Comp: lx
Tensor0 512
Tensor1 256
Comp: lx
Tensor0 512
Tensor1 256
Comp: lx
Tensor0 512
Tensor1 256
Comp: lx
Tensor0 512
Tensor1 256
Comp: lx
Tensor0 512
Tensor1 256
Comp: lx
Tensor0 512
Tensor1 256
Comp: lx
Tensor0 512
Tensor1 256
Comp: lx
Tensor0 512
Tensor1 256
Comp: lx
Tensor0 512
Tensor1 256
Comp: lx
Tensor0 512
Tensor1 256
Comp: lx
Tensor0 512
Tensor1 256
Comp: lx
Tensor0 512
Tensor1 256
Comp: lx
Tensor0 512
Tensor1 256
Comp: lx
Tensor0 512
Tensor1 256
Comp: lx
Tensor0 512
Tensor1 256
Comp: lx
Tensor0 512
Tensor1 256
Comp: lx
Tensor0 512
Tensor1 256
Comp: lx
Tensor0 512
Tensor1 256
Comp: lx
Tensor0 512
Tensor1 256
Comp: lx
Tensor0 512
Tensor1 256
Start exploring best chunk parameters for memory bandwidth
Starting parameters:
DSC index: 0
in=-1 out=64 ij=-1 mb=2 kij=-1 x=-1 x1=-1 y=-1
Burst efficiency: 0.124998
Comp: lx
Tensor0 1024
Tensor1 256
Comp: lx
Tensor0 1024
Tensor1 256
Comp: lx
Tensor0 1024
Tensor1 256
Comp: lx
Tensor0 1024
Tensor1 256
Comp: lx
Tensor0 1024
Tensor1 256
Comp: lx
Tensor0 1024
Tensor1 256
Comp: lx
Tensor0 1024
Tensor1 256
Comp: lx
Tensor0 1024
Tensor1 256
Comp: lx
Tensor0 1024
Tensor1 256
Comp: lx
Tensor0 1024
Tensor1 256
Comp: lx
Tensor0 1024
Tensor1 256
Comp: lx
Tensor0 1024
Tensor1 256
Comp: lx
Tensor0 1024
Tensor1 256
Comp: lx
Tensor0 1024
Tensor1 256
Comp: lx
Tensor0 1024
Tensor1 256
Comp: lx
Tensor0 1024
Tensor1 256
Comp: lx
Tensor0 1024
Tensor1 256
Comp: lx
Tensor0 1024
Tensor1 256
Comp: lx
Tensor0 1024
Tensor1 256
Comp: lx
Tensor0 1024
Tensor1 256
Comp: lx
Tensor0 1024
Tensor1 256
Comp: lx
Tensor0 1024
Tensor1 256
Comp: lx
Tensor0 1024
Tensor1 256
Comp: lx
Tensor0 1024
Tensor1 256
Comp: lx
Tensor0 1024
Tensor1 256
Comp: lx
Tensor0 1024
Tensor1 256
Comp: lx
Tensor0 1024
Tensor1 256
Comp: lx
Tensor0 1024
Tensor1 256
Comp: lx
Tensor0 1024
Tensor1 256
Comp: lx
Tensor0 1024
Tensor1 256
Comp: lx
Tensor0 1024
Tensor1 256
Comp: lx
Tensor0 1024
Tensor1 256
Current parameters:
DSC index: 0
in=-1 out=64 ij=-1 mb=4 kij=-1 x=-1 x1=-1 y=-1
Burst efficiency: 0.174991
Comp: lx
Tensor0 2048
Tensor1 256
Comp: lx
Tensor0 2048
Tensor1 256
Comp: lx
Tensor0 2048
Tensor1 256
Comp: lx
Tensor0 2048
Tensor1 256
Comp: lx
Tensor0 2048
Tensor1 256
Comp: lx
Tensor0 2048
Tensor1 256
Comp: lx
Tensor0 2048
Tensor1 256
Comp: lx
Tensor0 2048
Tensor1 256
Comp: lx
Tensor0 2048
Tensor1 256
Comp: lx
Tensor0 2048
Tensor1 256
Comp: lx
Tensor0 2048
Tensor1 256
Comp: lx
Tensor0 2048
Tensor1 256
Comp: lx
Tensor0 2048
Tensor1 256
Comp: lx
Tensor0 2048
Tensor1 256
Comp: lx
Tensor0 2048
Tensor1 256
Comp: lx
Tensor0 2048
Tensor1 256
Comp: lx
Tensor0 2048
Tensor1 256
Comp: lx
Tensor0 2048
Tensor1 256
Comp: lx
Tensor0 2048
Tensor1 256
Comp: lx
Tensor0 2048
Tensor1 256
Comp: lx
Tensor0 2048
Tensor1 256
Comp: lx
Tensor0 2048
Tensor1 256
Comp: lx
Tensor0 2048
Tensor1 256
Comp: lx
Tensor0 2048
Tensor1 256
Comp: lx
Tensor0 2048
Tensor1 256
Comp: lx
Tensor0 2048
Tensor1 256
Comp: lx
Tensor0 2048
Tensor1 256
Comp: lx
Tensor0 2048
Tensor1 256
Comp: lx
Tensor0 2048
Tensor1 256
Comp: lx
Tensor0 2048
Tensor1 256
Comp: lx
Tensor0 2048
Tensor1 256
Comp: lx
Tensor0 2048
Tensor1 256
Current parameters:
DSC index: 0
in=-1 out=64 ij=-1 mb=8 kij=-1 x=-1 x1=-1 y=-1
Burst efficiency: 0.274957
Comp: lx
Tensor0 4096
Tensor1 256
Comp: lx
Tensor0 4096
Tensor1 256
Comp: lx
Tensor0 4096
Tensor1 256
Comp: lx
Tensor0 4096
Tensor1 256
Comp: lx
Tensor0 4096
Tensor1 256
Comp: lx
Tensor0 4096
Tensor1 256
Comp: lx
Tensor0 4096
Tensor1 256
Comp: lx
Tensor0 4096
Tensor1 256
Comp: lx
Tensor0 4096
Tensor1 256
Comp: lx
Tensor0 4096
Tensor1 256
Comp: lx
Tensor0 4096
Tensor1 256
Comp: lx
Tensor0 4096
Tensor1 256
Comp: lx
Tensor0 4096
Tensor1 256
Comp: lx
Tensor0 4096
Tensor1 256
Comp: lx
Tensor0 4096
Tensor1 256
Comp: lx
Tensor0 4096
Tensor1 256
Comp: lx
Tensor0 4096
Tensor1 256
Comp: lx
Tensor0 4096
Tensor1 256
Comp: lx
Tensor0 4096
Tensor1 256
Comp: lx
Tensor0 4096
Tensor1 256
Comp: lx
Tensor0 4096
Tensor1 256
Comp: lx
Tensor0 4096
Tensor1 256
Comp: lx
Tensor0 4096
Tensor1 256
Comp: lx
Tensor0 4096
Tensor1 256
Comp: lx
Tensor0 4096
Tensor1 256
Comp: lx
Tensor0 4096
Tensor1 256
Comp: lx
Tensor0 4096
Tensor1 256
Comp: lx
Tensor0 4096
Tensor1 256
Comp: lx
Tensor0 4096
Tensor1 256
Comp: lx
Tensor0 4096
Tensor1 256
Comp: lx
Tensor0 4096
Tensor1 256
Comp: lx
Tensor0 4096
Tensor1 256
Current parameters:
DSC index: 0
in=-1 out=64 ij=-1 mb=16 kij=-1 x=-1 x1=-1 y=-1
Burst efficiency: 0.474817
Comp: lx
Tensor0 8192
Tensor1 256
Comp: lx
Tensor0 8192
Tensor1 256
Comp: lx
Tensor0 8192
Tensor1 256
Comp: lx
Tensor0 8192
Tensor1 256
Comp: lx
Tensor0 8192
Tensor1 256
Comp: lx
Tensor0 8192
Tensor1 256
Comp: lx
Tensor0 8192
Tensor1 256
Comp: lx
Tensor0 8192
Tensor1 256
Comp: lx
Tensor0 8192
Tensor1 256
Comp: lx
Tensor0 8192
Tensor1 256
Comp: lx
Tensor0 8192
Tensor1 256
Comp: lx
Tensor0 8192
Tensor1 256
Comp: lx
Tensor0 8192
Tensor1 256
Comp: lx
Tensor0 8192
Tensor1 256
Comp: lx
Tensor0 8192
Tensor1 256
Comp: lx
Tensor0 8192
Tensor1 256
Comp: lx
Tensor0 8192
Tensor1 256
Comp: lx
Tensor0 8192
Tensor1 256
Comp: lx
Tensor0 8192
Tensor1 256
Comp: lx
Tensor0 8192
Tensor1 256
Comp: lx
Tensor0 8192
Tensor1 256
Comp: lx
Tensor0 8192
Tensor1 256
Comp: lx
Tensor0 8192
Tensor1 256
Comp: lx
Tensor0 8192
Tensor1 256
Comp: lx
Tensor0 8192
Tensor1 256
Comp: lx
Tensor0 8192
Tensor1 256
Comp: lx
Tensor0 8192
Tensor1 256
Comp: lx
Tensor0 8192
Tensor1 256
Comp: lx
Tensor0 8192
Tensor1 256
Comp: lx
Tensor0 8192
Tensor1 256
Comp: lx
Tensor0 8192
Tensor1 256
Comp: lx
Tensor0 8192
Tensor1 256
Current parameters:
DSC index: 0
in=-1 out=128 ij=-1 mb=16 kij=-1 x=-1 x1=-1 y=-1
Burst efficiency: 0.874244
Comp: lx
Tensor0 16384
Tensor1 256
Comp: lx
Tensor0 16384
Tensor1 256
Comp: lx
Tensor0 16384
Tensor1 256
Comp: lx
Tensor0 16384
Tensor1 256
Comp: lx
Tensor0 16384
Tensor1 256
Comp: lx
Tensor0 16384
Tensor1 256
Comp: lx
Tensor0 16384
Tensor1 256
Comp: lx
Tensor0 16384
Tensor1 256
Comp: lx
Tensor0 16384
Tensor1 256
Comp: lx
Tensor0 16384
Tensor1 256
Comp: lx
Tensor0 16384
Tensor1 256
Comp: lx
Tensor0 16384
Tensor1 256
Comp: lx
Tensor0 16384
Tensor1 256
Comp: lx
Tensor0 16384
Tensor1 256
Comp: lx
Tensor0 16384
Tensor1 256
Comp: lx
Tensor0 16384
Tensor1 256
Comp: lx
Tensor0 16384
Tensor1 256
Comp: lx
Tensor0 16384
Tensor1 256
Comp: lx
Tensor0 16384
Tensor1 256
Comp: lx
Tensor0 16384
Tensor1 256
Comp: lx
Tensor0 16384
Tensor1 256
Comp: lx
Tensor0 16384
Tensor1 256
Comp: lx
Tensor0 16384
Tensor1 256
Comp: lx
Tensor0 16384
Tensor1 256
Comp: lx
Tensor0 16384
Tensor1 256
Comp: lx
Tensor0 16384
Tensor1 256
Comp: lx
Tensor0 16384
Tensor1 256
Comp: lx
Tensor0 16384
Tensor1 256
Comp: lx
Tensor0 16384
Tensor1 256
Comp: lx
Tensor0 16384
Tensor1 256
Comp: lx
Tensor0 16384
Tensor1 256
Comp: lx
Tensor0 16384
Tensor1 256
Current parameters:
DSC index: 0
in=-1 out=256 ij=-1 mb=16 kij=-1 x=-1 x1=-1 y=-1
Burst efficiency: 0.874244
Comp: lx
Tensor0 32768
Tensor1 256
Comp: lx
Tensor0 32768
Tensor1 256
Comp: lx
Tensor0 32768
Tensor1 256
Comp: lx
Tensor0 32768
Tensor1 256
Comp: lx
Tensor0 32768
Tensor1 256
Comp: lx
Tensor0 32768
Tensor1 256
Comp: lx
Tensor0 32768
Tensor1 256
Comp: lx
Tensor0 32768
Tensor1 256
Comp: lx
Tensor0 32768
Tensor1 256
Comp: lx
Tensor0 32768
Tensor1 256
Comp: lx
Tensor0 32768
Tensor1 256
Comp: lx
Tensor0 32768
Tensor1 256
Comp: lx
Tensor0 32768
Tensor1 256
Comp: lx
Tensor0 32768
Tensor1 256
Comp: lx
Tensor0 32768
Tensor1 256
Comp: lx
Tensor0 32768
Tensor1 256
Comp: lx
Tensor0 32768
Tensor1 256
Comp: lx
Tensor0 32768
Tensor1 256
Comp: lx
Tensor0 32768
Tensor1 256
Comp: lx
Tensor0 32768
Tensor1 256
Comp: lx
Tensor0 32768
Tensor1 256
Comp: lx
Tensor0 32768
Tensor1 256
Comp: lx
Tensor0 32768
Tensor1 256
Comp: lx
Tensor0 32768
Tensor1 256
Comp: lx
Tensor0 32768
Tensor1 256
Comp: lx
Tensor0 32768
Tensor1 256
Comp: lx
Tensor0 32768
Tensor1 256
Comp: lx
Tensor0 32768
Tensor1 256
Comp: lx
Tensor0 32768
Tensor1 256
Comp: lx
Tensor0 32768
Tensor1 256
Comp: lx
Tensor0 32768
Tensor1 256
Comp: lx
Tensor0 32768
Tensor1 256
Current parameters:
DSC index: 0
in=-1 out=512 ij=-1 mb=16 kij=-1 x=-1 x1=-1 y=-1
Burst efficiency: 0.874244
Comp: lx
Tensor0 65536
Tensor1 256
Comp: lx
Tensor0 65536
Tensor1 256
Comp: lx
Tensor0 65536
Tensor1 256
Comp: lx
Tensor0 65536
Tensor1 256
Comp: lx
Tensor0 65536
Tensor1 256
Comp: lx
Tensor0 65536
Tensor1 256
Comp: lx
Tensor0 65536
Tensor1 256
Comp: lx
Tensor0 65536
Tensor1 256
Comp: lx
Tensor0 65536
Tensor1 256
Comp: lx
Tensor0 65536
Tensor1 256
Comp: lx
Tensor0 65536
Tensor1 256
Comp: lx
Tensor0 65536
Tensor1 256
Comp: lx
Tensor0 65536
Tensor1 256
Comp: lx
Tensor0 65536
Tensor1 256
Comp: lx
Tensor0 65536
Tensor1 256
Comp: lx
Tensor0 65536
Tensor1 256
Comp: lx
Tensor0 65536
Tensor1 256
Comp: lx
Tensor0 65536
Tensor1 256
Comp: lx
Tensor0 65536
Tensor1 256
Comp: lx
Tensor0 65536
Tensor1 256
Comp: lx
Tensor0 65536
Tensor1 256
Comp: lx
Tensor0 65536
Tensor1 256
Comp: lx
Tensor0 65536
Tensor1 256
Comp: lx
Tensor0 65536
Tensor1 256
Comp: lx
Tensor0 65536
Tensor1 256
Comp: lx
Tensor0 65536
Tensor1 256
Comp: lx
Tensor0 65536
Tensor1 256
Comp: lx
Tensor0 65536
Tensor1 256
Comp: lx
Tensor0 65536
Tensor1 256
Comp: lx
Tensor0 65536
Tensor1 256
Comp: lx
Tensor0 65536
Tensor1 256
Comp: lx
Tensor0 65536
Tensor1 256
Current parameters:
DSC index: 0
in=-1 out=1024 ij=-1 mb=16 kij=-1 x=-1 x1=-1 y=-1
Burst efficiency: 0.874244
Comp: lx
Tensor0 131072
Tensor1 256
Comp: lx
Tensor0 131072
Tensor1 256
Comp: lx
Tensor0 131072
Tensor1 256
Comp: lx
Tensor0 131072
Tensor1 256
Comp: lx
Tensor0 131072
Tensor1 256
Comp: lx
Tensor0 131072
Tensor1 256
Comp: lx
Tensor0 131072
Tensor1 256
Comp: lx
Tensor0 131072
Tensor1 256
Comp: lx
Tensor0 131072
Tensor1 256
Comp: lx
Tensor0 131072
Tensor1 256
Comp: lx
Tensor0 131072
Tensor1 256
Comp: lx
Tensor0 131072
Tensor1 256
Comp: lx
Tensor0 131072
Tensor1 256
Comp: lx
Tensor0 131072
Tensor1 256
Comp: lx
Tensor0 131072
Tensor1 256
Comp: lx
Tensor0 131072
Tensor1 256
Comp: lx
Tensor0 131072
Tensor1 256
Comp: lx
Tensor0 131072
Tensor1 256
Comp: lx
Tensor0 131072
Tensor1 256
Comp: lx
Tensor0 131072
Tensor1 256
Comp: lx
Tensor0 131072
Tensor1 256
Comp: lx
Tensor0 131072
Tensor1 256
Comp: lx
Tensor0 131072
Tensor1 256
Comp: lx
Tensor0 131072
Tensor1 256
Comp: lx
Tensor0 131072
Tensor1 256
Comp: lx
Tensor0 131072
Tensor1 256
Comp: lx
Tensor0 131072
Tensor1 256
Comp: lx
Tensor0 131072
Tensor1 256
Comp: lx
Tensor0 131072
Tensor1 256
Comp: lx
Tensor0 131072
Tensor1 256
Comp: lx
Tensor0 131072
Tensor1 256
Comp: lx
Tensor0 131072
Tensor1 256
Current parameters:
DSC index: 0
in=-1 out=2048 ij=-1 mb=16 kij=-1 x=-1 x1=-1 y=-1
Burst efficiency: 0.874244
Comp: lx
Tensor0 262144
Tensor1 256
Comp: lx
Tensor0 262144
Tensor1 256
Comp: lx
Tensor0 262144
Tensor1 256
Comp: lx
Tensor0 262144
Tensor1 256
Comp: lx
Tensor0 262144
Tensor1 256
Comp: lx
Tensor0 262144
Tensor1 256
Comp: lx
Tensor0 262144
Tensor1 256
Comp: lx
Tensor0 262144
Tensor1 256
Comp: lx
Tensor0 262144
Tensor1 256
Comp: lx
Tensor0 262144
Tensor1 256
Comp: lx
Tensor0 262144
Tensor1 256
Comp: lx
Tensor0 262144
Tensor1 256
Comp: lx
Tensor0 262144
Tensor1 256
Comp: lx
Tensor0 262144
Tensor1 256
Comp: lx
Tensor0 262144
Tensor1 256
Comp: lx
Tensor0 262144
Tensor1 256
Comp: lx
Tensor0 262144
Tensor1 256
Comp: lx
Tensor0 262144
Tensor1 256
Comp: lx
Tensor0 262144
Tensor1 256
Comp: lx
Tensor0 262144
Tensor1 256
Comp: lx
Tensor0 262144
Tensor1 256
Comp: lx
Tensor0 262144
Tensor1 256
Comp: lx
Tensor0 262144
Tensor1 256
Comp: lx
Tensor0 262144
Tensor1 256
Comp: lx
Tensor0 262144
Tensor1 256
Comp: lx
Tensor0 262144
Tensor1 256
Comp: lx
Tensor0 262144
Tensor1 256
Comp: lx
Tensor0 262144
Tensor1 256
Comp: lx
Tensor0 262144
Tensor1 256
Comp: lx
Tensor0 262144
Tensor1 256
Comp: lx
Tensor0 262144
Tensor1 256
Comp: lx
Tensor0 262144
Tensor1 256
Current parameters:
DSC index: 0
in=-1 out=4096 ij=-1 mb=16 kij=-1 x=-1 x1=-1 y=-1
Burst efficiency: 0.874244
Comp: lx
Tensor0 8192
Tensor1 256
Comp: lx
Tensor0 8192
Tensor1 256
Comp: lx
Tensor0 8192
Tensor1 256
Comp: lx
Tensor0 8192
Tensor1 256
Comp: lx
Tensor0 8192
Tensor1 256
Comp: lx
Tensor0 8192
Tensor1 256
Comp: lx
Tensor0 8192
Tensor1 256
Comp: lx
Tensor0 8192
Tensor1 256
Comp: lx
Tensor0 8192
Tensor1 256
Comp: lx
Tensor0 8192
Tensor1 256
Comp: lx
Tensor0 8192
Tensor1 256
Comp: lx
Tensor0 8192
Tensor1 256
Comp: lx
Tensor0 8192
Tensor1 256
Comp: lx
Tensor0 8192
Tensor1 256
Comp: lx
Tensor0 8192
Tensor1 256
Comp: lx
Tensor0 8192
Tensor1 256
Comp: lx
Tensor0 8192
Tensor1 256
Comp: lx
Tensor0 8192
Tensor1 256
Comp: lx
Tensor0 8192
Tensor1 256
Comp: lx
Tensor0 8192
Tensor1 256
Comp: lx
Tensor0 8192
Tensor1 256
Comp: lx
Tensor0 8192
Tensor1 256
Comp: lx
Tensor0 8192
Tensor1 256
Comp: lx
Tensor0 8192
Tensor1 256
Comp: lx
Tensor0 8192
Tensor1 256
Comp: lx
Tensor0 8192
Tensor1 256
Comp: lx
Tensor0 8192
Tensor1 256
Comp: lx
Tensor0 8192
Tensor1 256
Comp: lx
Tensor0 8192
Tensor1 256
Comp: lx
Tensor0 8192
Tensor1 256
Comp: lx
Tensor0 8192
Tensor1 256
Comp: lx
Tensor0 8192
Tensor1 256
Selected parameters:
DSC index: 0
in=-1 out=128 ij=-1 mb=16 kij=-1 x=-1 x1=-1 y=-1
Burst efficiency: 0.874244
Comp: lx
Tensor0 8192
Tensor1 256
Comp: lx
Tensor0 8192
Tensor1 256
Comp: lx
Tensor0 8192
Tensor1 256
Comp: lx
Tensor0 8192
Tensor1 256
Comp: lx
Tensor0 8192
Tensor1 256
Comp: lx
Tensor0 8192
Tensor1 256
Comp: lx
Tensor0 8192
Tensor1 256
Comp: lx
Tensor0 8192
Tensor1 256
Comp: lx
Tensor0 8192
Tensor1 256
Comp: lx
Tensor0 8192
Tensor1 256
Comp: lx
Tensor0 8192
Tensor1 256
Comp: lx
Tensor0 8192
Tensor1 256
Comp: lx
Tensor0 8192
Tensor1 256
Comp: lx
Tensor0 8192
Tensor1 256
Comp: lx
Tensor0 8192
Tensor1 256
Comp: lx
Tensor0 8192
Tensor1 256
Comp: lx
Tensor0 8192
Tensor1 256
Comp: lx
Tensor0 8192
Tensor1 256
Comp: lx
Tensor0 8192
Tensor1 256
Comp: lx
Tensor0 8192
Tensor1 256
Comp: lx
Tensor0 8192
Tensor1 256
Comp: lx
Tensor0 8192
Tensor1 256
Comp: lx
Tensor0 8192
Tensor1 256
Comp: lx
Tensor0 8192
Tensor1 256
Comp: lx
Tensor0 8192
Tensor1 256
Comp: lx
Tensor0 8192
Tensor1 256
Comp: lx
Tensor0 8192
Tensor1 256
Comp: lx
Tensor0 8192
Tensor1 256
Comp: lx
Tensor0 8192
Tensor1 256
Comp: lx
Tensor0 8192
Tensor1 256
Comp: lx
Tensor0 8192
Tensor1 256
Comp: lx
Tensor0 8192
Tensor1 256
Comp: lx
Tensor0 8192
Tensor1 256
Comp: lx
Tensor0 8192
Tensor1 256
Comp: lx
Tensor0 8192
Tensor1 256
Comp: lx
Tensor0 8192
Tensor1 256
Comp: lx
Tensor0 8192
Tensor1 256
Comp: lx
Tensor0 8192
Tensor1 256
Comp: lx
Tensor0 8192
Tensor1 256
Comp: lx
Tensor0 8192
Tensor1 256
Comp: lx
Tensor0 8192
Tensor1 256
Comp: lx
Tensor0 8192
Tensor1 256
Comp: lx
Tensor0 8192
Tensor1 256
Comp: lx
Tensor0 8192
Tensor1 256
Comp: lx
Tensor0 8192
Tensor1 256
Comp: lx
Tensor0 8192
Tensor1 256
Comp: lx
Tensor0 8192
Tensor1 256
Comp: lx
Tensor0 8192
Tensor1 256
Comp: lx
Tensor0 8192
Tensor1 256
Comp: lx
Tensor0 8192
Tensor1 256
Comp: lx
Tensor0 8192
Tensor1 256
Comp: lx
Tensor0 8192
Tensor1 256
Comp: lx
Tensor0 8192
Tensor1 256
Comp: lx
Tensor0 8192
Tensor1 256
Comp: lx
Tensor0 8192
Tensor1 256
Comp: lx
Tensor0 8192
Tensor1 256
Comp: lx
Tensor0 8192
Tensor1 256
Comp: lx
Tensor0 8192
Tensor1 256
Comp: lx
Tensor0 8192
Tensor1 256
Comp: lx
Tensor0 8192
Tensor1 256
Comp: lx
Tensor0 8192
Tensor1 256
Comp: lx
Tensor0 8192
Tensor1 256
Comp: lx
Tensor0 8192
Tensor1 256
Comp: lx
Tensor0 8192
Tensor1 256


>>> buildFoldFromAllocation:
  node= allocate_lds0_lx(0x1c54240)
  refAllocNode= allocate-Tensor0_hbm(0x16a7ad0)

====================================================

Reference fold: 
"coordinates_" : {
  "coordInfo" : {
    "out" : {
      "spatial" : 3,
      "temporal" : 0,
      "elemArr" : 2,
      "padding" : "nopad",
      "folds" :  {
        "dim_prop_func" : [
          { "Affine" : {"alpha_" : 4096, "beta_" : 0} },
          { "Affine" : {"alpha_" : 0, "beta_" : 0} },
          { "Affine" : {"alpha_" : 0, "beta_" : 0} },
          { "Affine" : {"alpha_" : 64, "beta_" : 0} },
          { "Affine" : {"alpha_" : 1, "beta_" : 0} }
        ],
        "dim_prop_attr" : [
          { "factor_" : 1, "label_" : "core_fold" },
          { "factor_" : 1, "label_" : "corelet_fold" },
          { "factor_" : 1, "label_" : "row_fold" },
          { "factor_" : 64, "label_" : "elem_arr_1" },
          { "factor_" : 64, "label_" : "elem_arr_0" }
        ]
      }
    }, 
    "mb" : {
      "spatial" : 3,
      "temporal" : 0,
      "elemArr" : 1,
      "padding" : "nopad",
      "folds" :  {
        "dim_prop_func" : [
          { "Affine" : {"alpha_" : 16, "beta_" : 0} },
          { "Affine" : {"alpha_" : 0, "beta_" : 0} },
          { "Affine" : {"alpha_" : 0, "beta_" : 0} },
          { "Affine" : {"alpha_" : 1, "beta_" : 0} }
        ],
        "dim_prop_attr" : [
          { "factor_" : 32, "label_" : "core_fold" },
          { "factor_" : 1, "label_" : "corelet_fold" },
          { "factor_" : 1, "label_" : "row_fold" },
          { "factor_" : 16, "label_" : "elem_arr_0" }
        ]
      }
    }
  },
  "coreIdToWkSlice_" : { 
  } 
}


[distributeElemArrToTemporalLoops]: Distributing for Dim= (out,unpadded)
    sizeRefComp= l3lu propRefComp= l3lu ptRowId= -1 refPadType= nopad targetPadType= nopad
    ElemArr: (1, 0, 64) (64, 0, 64) 

  [distributeElemArrToTemporalLoops]: loop= loop_ds0_ds1_out dim= (out, unpadded) iterationCount= 32 refPadType= nopad targetPadType= nopad
    NumDs: {"name_" : "core", "in_" : -1, "out_" : 4096, "mb_" : 16, "i_" : -1, "j_" : -1, "ki_" : -1, "kj_" : -1, "x_" : -1, "x1_" : -1, "y_" : -1, "symbolicDimInfo_" : {}, "maxSymbolicVolume_" : {}, "coreletSplit_" : {"mb" : [8, 8]}, "rowSplit_" : {}, "peSfpSplit_" : {}, "paddingSizes_" : {}}
    DenDs: {"name_" : "chunk", "in_" : -1, "out_" : 128, "mb_" : 16, "i_" : -1, "j_" : -1, "ki_" : -1, "kj_" : -1, "x_" : -1, "x1_" : -1, "y_" : -1, "symbolicDimInfo_" : {}, "maxSymbolicVolume_" : {}, "coreletSplit_" : {"mb" : [8, 8]}, "rowSplit_" : {}, "peSfpSplit_" : {}, "paddingSizes_" : {}}
    segmentDS: {"name_" : "", "in_" : -1, "out_" : 128, "mb_" : 16, "i_" : -1, "j_" : -1, "ki_" : -1, "kj_" : -1, "x_" : -1, "x1_" : -1, "y_" : -1, "symbolicDimInfo_" : {}, "maxSymbolicVolume_" : {}, "coreletSplit_" : {"mb" : [8, 8]}, "rowSplit_" : {}, "peSfpSplit_" : {}, "paddingSizes_" : {}}
    segSize= 128 scaleDownFactor= 1 elemSegStride= 128 coordSegStride= 128 iterationCount= 32
    loop_ds0_ds1_out->relatedElemArrLevel= 1
    elemArr(before distribution): (1, 0, 64) (64, 0, 64) 
    Distributing elemArr[1] = (64, 0, 64)
    elemArr(after distribution): (1, 0, 64) (64, 0, 2) 
    loopParams after distribution: (128, 0, 32)

[distributeElemArrToTemporalLoops]: Distributing for Dim= (mb,unpadded)
    sizeRefComp= l3lu propRefComp= l3lu ptRowId= -1 refPadType= nopad targetPadType= nopad
    ElemArr: (1, 0, 16) 

  [distributeElemArrToTemporalLoops]: loop= loop_ds0_ds1_mb dim= (mb, unpadded) iterationCount= 1 refPadType= nopad targetPadType= nopad
    NumDs: {"name_" : "core", "in_" : -1, "out_" : 4096, "mb_" : 16, "i_" : -1, "j_" : -1, "ki_" : -1, "kj_" : -1, "x_" : -1, "x1_" : -1, "y_" : -1, "symbolicDimInfo_" : {}, "maxSymbolicVolume_" : {}, "coreletSplit_" : {"mb" : [8, 8]}, "rowSplit_" : {}, "peSfpSplit_" : {}, "paddingSizes_" : {}}
    DenDs: {"name_" : "chunk", "in_" : -1, "out_" : 128, "mb_" : 16, "i_" : -1, "j_" : -1, "ki_" : -1, "kj_" : -1, "x_" : -1, "x1_" : -1, "y_" : -1, "symbolicDimInfo_" : {}, "maxSymbolicVolume_" : {}, "coreletSplit_" : {"mb" : [8, 8]}, "rowSplit_" : {}, "peSfpSplit_" : {}, "paddingSizes_" : {}}
    segmentDS: {"name_" : "", "in_" : -1, "out_" : 128, "mb_" : 16, "i_" : -1, "j_" : -1, "ki_" : -1, "kj_" : -1, "x_" : -1, "x1_" : -1, "y_" : -1, "symbolicDimInfo_" : {}, "maxSymbolicVolume_" : {}, "coreletSplit_" : {"mb" : [8, 8]}, "rowSplit_" : {}, "peSfpSplit_" : {}, "paddingSizes_" : {}}
    segSize= 16 scaleDownFactor= 1 elemSegStride= 16 coordSegStride= 16 iterationCount= 1
    loop_ds0_ds1_mb->relatedElemArrLevel= 0
    elemArr(before distribution): (1, 0, 16) 
    Distributing elemArr[0] = (1, 0, 16)
    elemArr(after distribution): (1, 0, 16) 
    loopParams after distribution: (16, 0, 1)

====================================================

[buildCoordinateFromAllocation] fold at end:
  refAllocNode = allocate-Tensor0_hbm
  node         = allocate_lds0_lx
"coordinates_" : {
  "coordInfo" : {
    "out" : {
      "spatial" : 3,
      "temporal" : 1,
      "elemArr" : 2,
      "padding" : "nopad",
      "folds" :  {
        "dim_prop_func" : [
          { "Affine" : {"alpha_" : 4096, "beta_" : 0} },
          { "Affine" : {"alpha_" : 0, "beta_" : 0} },
          { "Affine" : {"alpha_" : 0, "beta_" : 0} },
          { "Affine" : {"alpha_" : 128, "beta_" : 0} },
          { "Affine" : {"alpha_" : 64, "beta_" : 0} },
          { "Affine" : {"alpha_" : 1, "beta_" : 0} }
        ],
        "dim_prop_attr" : [
          { "factor_" : 1, "label_" : "core_fold" },
          { "factor_" : 1, "label_" : "corelet_fold" },
          { "factor_" : 1, "label_" : "row_fold" },
          { "factor_" : 32, "label_" : "loop_ds0_ds1_out out" },
          { "factor_" : 2, "label_" : "elem_arr_1" },
          { "factor_" : 64, "label_" : "elem_arr_0" }
        ]
      }
    }, 
    "mb" : {
      "spatial" : 3,
      "temporal" : 1,
      "elemArr" : 1,
      "padding" : "nopad",
      "folds" :  {
        "dim_prop_func" : [
          { "Affine" : {"alpha_" : 16, "beta_" : 0} },
          { "Affine" : {"alpha_" : 0, "beta_" : 0} },
          { "Affine" : {"alpha_" : 0, "beta_" : 0} },
          { "Affine" : {"alpha_" : 16, "beta_" : 0} },
          { "Affine" : {"alpha_" : 1, "beta_" : 0} }
        ],
        "dim_prop_attr" : [
          { "factor_" : 32, "label_" : "core_fold" },
          { "factor_" : 1, "label_" : "corelet_fold" },
          { "factor_" : 1, "label_" : "row_fold" },
          { "factor_" : 1, "label_" : "loop_ds0_ds1_mb mb" },
          { "factor_" : 16, "label_" : "elem_arr_0" }
        ]
      }
    }
  },
  "coreIdToWkSlice_" : { 
  } 
}


>>> buildFoldFromAllocation:
  node= allocate_lds1_lx(0x21bcc50)
  refAllocNode= allocate-Tensor1_hbm(0x16a7f40)

====================================================

Reference fold: 
"coordinates_" : {
  "coordInfo" : {
    "out" : {
      "spatial" : 3,
      "temporal" : 0,
      "elemArr" : 2,
      "padding" : "nopad",
      "folds" :  {
        "dim_prop_func" : [
          { "Affine" : {"alpha_" : 64, "beta_" : 0} },
          { "Affine" : {"alpha_" : 0, "beta_" : 0} },
          { "Affine" : {"alpha_" : 0, "beta_" : 0} },
          { "Affine" : {"alpha_" : 64, "beta_" : 0} },
          { "Affine" : {"alpha_" : 0, "beta_" : 0} }
        ],
        "dim_prop_attr" : [
          { "factor_" : 1, "label_" : "core_fold" },
          { "factor_" : 1, "label_" : "corelet_fold" },
          { "factor_" : 1, "label_" : "row_fold" },
          { "factor_" : 1, "label_" : "elem_arr_1" },
          { "factor_" : 64, "label_" : "elem_arr_0" }
        ]
      }
    }, 
    "mb" : {
      "spatial" : 3,
      "temporal" : 0,
      "elemArr" : 1,
      "padding" : "nopad",
      "folds" :  {
        "dim_prop_func" : [
          { "Affine" : {"alpha_" : 1, "beta_" : 0} },
          { "Affine" : {"alpha_" : 0, "beta_" : 0} },
          { "Affine" : {"alpha_" : 0, "beta_" : 0} },
          { "Affine" : {"alpha_" : 1, "beta_" : 0} }
        ],
        "dim_prop_attr" : [
          { "factor_" : 1, "label_" : "core_fold" },
          { "factor_" : 1, "label_" : "corelet_fold" },
          { "factor_" : 1, "label_" : "row_fold" },
          { "factor_" : 1, "label_" : "elem_arr_0" }
        ]
      }
    }
  },
  "coreIdToWkSlice_" : { 
  } 
}


====================================================

[buildCoordinateFromAllocation] fold at end:
  refAllocNode = allocate-Tensor1_hbm
  node         = allocate_lds1_lx
"coordinates_" : {
  "coordInfo" : {
    "out" : {
      "spatial" : 3,
      "temporal" : 0,
      "elemArr" : 2,
      "padding" : "nopad",
      "folds" :  {
        "dim_prop_func" : [
          { "Affine" : {"alpha_" : 64, "beta_" : 0} },
          { "Affine" : {"alpha_" : 0, "beta_" : 0} },
          { "Affine" : {"alpha_" : 0, "beta_" : 0} },
          { "Affine" : {"alpha_" : 64, "beta_" : 0} },
          { "Affine" : {"alpha_" : 0, "beta_" : 0} }
        ],
        "dim_prop_attr" : [
          { "factor_" : 1, "label_" : "core_fold" },
          { "factor_" : 1, "label_" : "corelet_fold" },
          { "factor_" : 1, "label_" : "row_fold" },
          { "factor_" : 1, "label_" : "elem_arr_1" },
          { "factor_" : 64, "label_" : "elem_arr_0" }
        ]
      }
    }, 
    "mb" : {
      "spatial" : 3,
      "temporal" : 0,
      "elemArr" : 1,
      "padding" : "nopad",
      "folds" :  {
        "dim_prop_func" : [
          { "Affine" : {"alpha_" : 1, "beta_" : 0} },
          { "Affine" : {"alpha_" : 0, "beta_" : 0} },
          { "Affine" : {"alpha_" : 0, "beta_" : 0} },
          { "Affine" : {"alpha_" : 1, "beta_" : 0} }
        ],
        "dim_prop_attr" : [
          { "factor_" : 1, "label_" : "core_fold" },
          { "factor_" : 1, "label_" : "corelet_fold" },
          { "factor_" : 1, "label_" : "row_fold" },
          { "factor_" : 1, "label_" : "elem_arr_0" }
        ]
      }
    }
  },
  "coreIdToWkSlice_" : { 
  } 
}
Schedule tree in DSC 0:
Schedule node: allocate-Tensor0_hbm
Schedule node: allocate-Tensor1_hbm
Schedule node: allocate-Tensor2_lx
Schedule node: allocate_lds1_lx
Schedule node: transfer_lds1_src:hbm_dst:lx
Schedule node: loop_ds0_ds1_out
Schedule node: loop_ds0_ds1_mb
Schedule node: allocate_lds0_lx
Schedule node: transfer_lds0_src:hbm_dst:lx
Schedule node: sync_send_l3lu_to_lxlu
Schedule node: sync_receive_lxlu_from_l3lu
Schedule node: sync_send_lxlu_to_l3lu
Schedule node: sync_receive_l3lu_from_lxlu
Schedule node: lx_below_schedule
Schedule node: transfer_lds2_src:lx_dst:no_component_lx_local
[DDC] start working on DSC: mul

[DDC] DSC2 successfully filled
[DeepRT] ===== Calling DCC =====
1_mul with translator version: 3
[DeepRT]: Compilation time taken by DCC in - 1_mul	186 millisec 
Running L3 DL Ops Scheduler: Node-name: 2_clip
Dimension types to LabeledDs table:
LabeledDs index: 1
Dimension type Elementwise: mb out 

LabeledDs index: 0
Dimension type Elementwise: mb out 

Loop Order (innermost to outermost):
mb out 
Comp: lx
Tensor1 512
Comp: lx
Tensor1 512
Comp: lx
Tensor1 512
Comp: lx
Tensor1 512
Comp: lx
Tensor1 512
Comp: lx
Tensor1 512
Comp: lx
Tensor1 512
Comp: lx
Tensor1 512
Comp: lx
Tensor1 512
Comp: lx
Tensor1 512
Comp: lx
Tensor1 512
Comp: lx
Tensor1 512
Comp: lx
Tensor1 512
Comp: lx
Tensor1 512
Comp: lx
Tensor1 512
Comp: lx
Tensor1 512
Comp: lx
Tensor1 512
Comp: lx
Tensor1 512
Comp: lx
Tensor1 512
Comp: lx
Tensor1 512
Comp: lx
Tensor1 512
Comp: lx
Tensor1 512
Comp: lx
Tensor1 512
Comp: lx
Tensor1 512
Comp: lx
Tensor1 512
Comp: lx
Tensor1 512
Comp: lx
Tensor1 512
Comp: lx
Tensor1 512
Comp: lx
Tensor1 512
Comp: lx
Tensor1 512
Comp: lx
Tensor1 512
Comp: lx
Tensor1 512
Comp: lx
Tensor1 512
Comp: lx
Tensor1 512
Comp: lx
Tensor1 512
Comp: lx
Tensor1 512
Comp: lx
Tensor1 512
Comp: lx
Tensor1 512
Comp: lx
Tensor1 512
Comp: lx
Tensor1 512
Comp: lx
Tensor1 512
Comp: lx
Tensor1 512
Comp: lx
Tensor1 512
Comp: lx
Tensor1 512
Comp: lx
Tensor1 512
Comp: lx
Tensor1 512
Comp: lx
Tensor1 512
Comp: lx
Tensor1 512
Comp: lx
Tensor1 512
Comp: lx
Tensor1 512
Comp: lx
Tensor1 512
Comp: lx
Tensor1 512
Comp: lx
Tensor1 512
Comp: lx
Tensor1 512
Comp: lx
Tensor1 512
Comp: lx
Tensor1 512
Comp: lx
Tensor1 512
Comp: lx
Tensor1 512
Comp: lx
Tensor1 512
Comp: lx
Tensor1 512
Comp: lx
Tensor1 512
Comp: lx
Tensor1 512
Comp: lx
Tensor1 512
Comp: lx
Tensor1 512
Start exploring best chunk parameters for memory bandwidth
Starting parameters:
DSC index: 0
in=-1 out=128 ij=-1 mb=1 kij=-1 x=-1 x1=-1 y=-1
Burst efficiency: 0.1
Comp: lx
Tensor1 1024
Comp: lx
Tensor1 1024
Comp: lx
Tensor1 1024
Comp: lx
Tensor1 1024
Comp: lx
Tensor1 1024
Comp: lx
Tensor1 1024
Comp: lx
Tensor1 1024
Comp: lx
Tensor1 1024
Comp: lx
Tensor1 1024
Comp: lx
Tensor1 1024
Comp: lx
Tensor1 1024
Comp: lx
Tensor1 1024
Comp: lx
Tensor1 1024
Comp: lx
Tensor1 1024
Comp: lx
Tensor1 1024
Comp: lx
Tensor1 1024
Comp: lx
Tensor1 1024
Comp: lx
Tensor1 1024
Comp: lx
Tensor1 1024
Comp: lx
Tensor1 1024
Comp: lx
Tensor1 1024
Comp: lx
Tensor1 1024
Comp: lx
Tensor1 1024
Comp: lx
Tensor1 1024
Comp: lx
Tensor1 1024
Comp: lx
Tensor1 1024
Comp: lx
Tensor1 1024
Comp: lx
Tensor1 1024
Comp: lx
Tensor1 1024
Comp: lx
Tensor1 1024
Comp: lx
Tensor1 1024
Comp: lx
Tensor1 1024
Current parameters:
DSC index: 0
in=-1 out=128 ij=-1 mb=2 kij=-1 x=-1 x1=-1 y=-1
Burst efficiency: 0.125
Comp: lx
Tensor1 2048
Comp: lx
Tensor1 2048
Comp: lx
Tensor1 2048
Comp: lx
Tensor1 2048
Comp: lx
Tensor1 2048
Comp: lx
Tensor1 2048
Comp: lx
Tensor1 2048
Comp: lx
Tensor1 2048
Comp: lx
Tensor1 2048
Comp: lx
Tensor1 2048
Comp: lx
Tensor1 2048
Comp: lx
Tensor1 2048
Comp: lx
Tensor1 2048
Comp: lx
Tensor1 2048
Comp: lx
Tensor1 2048
Comp: lx
Tensor1 2048
Comp: lx
Tensor1 2048
Comp: lx
Tensor1 2048
Comp: lx
Tensor1 2048
Comp: lx
Tensor1 2048
Comp: lx
Tensor1 2048
Comp: lx
Tensor1 2048
Comp: lx
Tensor1 2048
Comp: lx
Tensor1 2048
Comp: lx
Tensor1 2048
Comp: lx
Tensor1 2048
Comp: lx
Tensor1 2048
Comp: lx
Tensor1 2048
Comp: lx
Tensor1 2048
Comp: lx
Tensor1 2048
Comp: lx
Tensor1 2048
Comp: lx
Tensor1 2048
Current parameters:
DSC index: 0
in=-1 out=128 ij=-1 mb=4 kij=-1 x=-1 x1=-1 y=-1
Burst efficiency: 0.175
Comp: lx
Tensor1 4096
Comp: lx
Tensor1 4096
Comp: lx
Tensor1 4096
Comp: lx
Tensor1 4096
Comp: lx
Tensor1 4096
Comp: lx
Tensor1 4096
Comp: lx
Tensor1 4096
Comp: lx
Tensor1 4096
Comp: lx
Tensor1 4096
Comp: lx
Tensor1 4096
Comp: lx
Tensor1 4096
Comp: lx
Tensor1 4096
Comp: lx
Tensor1 4096
Comp: lx
Tensor1 4096
Comp: lx
Tensor1 4096
Comp: lx
Tensor1 4096
Comp: lx
Tensor1 4096
Comp: lx
Tensor1 4096
Comp: lx
Tensor1 4096
Comp: lx
Tensor1 4096
Comp: lx
Tensor1 4096
Comp: lx
Tensor1 4096
Comp: lx
Tensor1 4096
Comp: lx
Tensor1 4096
Comp: lx
Tensor1 4096
Comp: lx
Tensor1 4096
Comp: lx
Tensor1 4096
Comp: lx
Tensor1 4096
Comp: lx
Tensor1 4096
Comp: lx
Tensor1 4096
Comp: lx
Tensor1 4096
Comp: lx
Tensor1 4096
Current parameters:
DSC index: 0
in=-1 out=128 ij=-1 mb=8 kij=-1 x=-1 x1=-1 y=-1
Burst efficiency: 0.275
Comp: lx
Tensor1 8192
Comp: lx
Tensor1 8192
Comp: lx
Tensor1 8192
Comp: lx
Tensor1 8192
Comp: lx
Tensor1 8192
Comp: lx
Tensor1 8192
Comp: lx
Tensor1 8192
Comp: lx
Tensor1 8192
Comp: lx
Tensor1 8192
Comp: lx
Tensor1 8192
Comp: lx
Tensor1 8192
Comp: lx
Tensor1 8192
Comp: lx
Tensor1 8192
Comp: lx
Tensor1 8192
Comp: lx
Tensor1 8192
Comp: lx
Tensor1 8192
Comp: lx
Tensor1 8192
Comp: lx
Tensor1 8192
Comp: lx
Tensor1 8192
Comp: lx
Tensor1 8192
Comp: lx
Tensor1 8192
Comp: lx
Tensor1 8192
Comp: lx
Tensor1 8192
Comp: lx
Tensor1 8192
Comp: lx
Tensor1 8192
Comp: lx
Tensor1 8192
Comp: lx
Tensor1 8192
Comp: lx
Tensor1 8192
Comp: lx
Tensor1 8192
Comp: lx
Tensor1 8192
Comp: lx
Tensor1 8192
Comp: lx
Tensor1 8192
Current parameters:
DSC index: 0
in=-1 out=128 ij=-1 mb=16 kij=-1 x=-1 x1=-1 y=-1
Burst efficiency: 0.875
Comp: lx
Tensor1 16384
Comp: lx
Tensor1 16384
Comp: lx
Tensor1 16384
Comp: lx
Tensor1 16384
Comp: lx
Tensor1 16384
Comp: lx
Tensor1 16384
Comp: lx
Tensor1 16384
Comp: lx
Tensor1 16384
Comp: lx
Tensor1 16384
Comp: lx
Tensor1 16384
Comp: lx
Tensor1 16384
Comp: lx
Tensor1 16384
Comp: lx
Tensor1 16384
Comp: lx
Tensor1 16384
Comp: lx
Tensor1 16384
Comp: lx
Tensor1 16384
Comp: lx
Tensor1 16384
Comp: lx
Tensor1 16384
Comp: lx
Tensor1 16384
Comp: lx
Tensor1 16384
Comp: lx
Tensor1 16384
Comp: lx
Tensor1 16384
Comp: lx
Tensor1 16384
Comp: lx
Tensor1 16384
Comp: lx
Tensor1 16384
Comp: lx
Tensor1 16384
Comp: lx
Tensor1 16384
Comp: lx
Tensor1 16384
Comp: lx
Tensor1 16384
Comp: lx
Tensor1 16384
Comp: lx
Tensor1 16384
Comp: lx
Tensor1 16384
Current parameters:
DSC index: 0
in=-1 out=256 ij=-1 mb=16 kij=-1 x=-1 x1=-1 y=-1
Burst efficiency: 0.875
Comp: lx
Tensor1 32768
Comp: lx
Tensor1 32768
Comp: lx
Tensor1 32768
Comp: lx
Tensor1 32768
Comp: lx
Tensor1 32768
Comp: lx
Tensor1 32768
Comp: lx
Tensor1 32768
Comp: lx
Tensor1 32768
Comp: lx
Tensor1 32768
Comp: lx
Tensor1 32768
Comp: lx
Tensor1 32768
Comp: lx
Tensor1 32768
Comp: lx
Tensor1 32768
Comp: lx
Tensor1 32768
Comp: lx
Tensor1 32768
Comp: lx
Tensor1 32768
Comp: lx
Tensor1 32768
Comp: lx
Tensor1 32768
Comp: lx
Tensor1 32768
Comp: lx
Tensor1 32768
Comp: lx
Tensor1 32768
Comp: lx
Tensor1 32768
Comp: lx
Tensor1 32768
Comp: lx
Tensor1 32768
Comp: lx
Tensor1 32768
Comp: lx
Tensor1 32768
Comp: lx
Tensor1 32768
Comp: lx
Tensor1 32768
Comp: lx
Tensor1 32768
Comp: lx
Tensor1 32768
Comp: lx
Tensor1 32768
Comp: lx
Tensor1 32768
Current parameters:
DSC index: 0
in=-1 out=512 ij=-1 mb=16 kij=-1 x=-1 x1=-1 y=-1
Burst efficiency: 0.875
Comp: lx
Tensor1 65536
Comp: lx
Tensor1 65536
Comp: lx
Tensor1 65536
Comp: lx
Tensor1 65536
Comp: lx
Tensor1 65536
Comp: lx
Tensor1 65536
Comp: lx
Tensor1 65536
Comp: lx
Tensor1 65536
Comp: lx
Tensor1 65536
Comp: lx
Tensor1 65536
Comp: lx
Tensor1 65536
Comp: lx
Tensor1 65536
Comp: lx
Tensor1 65536
Comp: lx
Tensor1 65536
Comp: lx
Tensor1 65536
Comp: lx
Tensor1 65536
Comp: lx
Tensor1 65536
Comp: lx
Tensor1 65536
Comp: lx
Tensor1 65536
Comp: lx
Tensor1 65536
Comp: lx
Tensor1 65536
Comp: lx
Tensor1 65536
Comp: lx
Tensor1 65536
Comp: lx
Tensor1 65536
Comp: lx
Tensor1 65536
Comp: lx
Tensor1 65536
Comp: lx
Tensor1 65536
Comp: lx
Tensor1 65536
Comp: lx
Tensor1 65536
Comp: lx
Tensor1 65536
Comp: lx
Tensor1 65536
Comp: lx
Tensor1 65536
Current parameters:
DSC index: 0
in=-1 out=1024 ij=-1 mb=16 kij=-1 x=-1 x1=-1 y=-1
Burst efficiency: 0.875
Comp: lx
Tensor1 131072
Comp: lx
Tensor1 131072
Comp: lx
Tensor1 131072
Comp: lx
Tensor1 131072
Comp: lx
Tensor1 131072
Comp: lx
Tensor1 131072
Comp: lx
Tensor1 131072
Comp: lx
Tensor1 131072
Comp: lx
Tensor1 131072
Comp: lx
Tensor1 131072
Comp: lx
Tensor1 131072
Comp: lx
Tensor1 131072
Comp: lx
Tensor1 131072
Comp: lx
Tensor1 131072
Comp: lx
Tensor1 131072
Comp: lx
Tensor1 131072
Comp: lx
Tensor1 131072
Comp: lx
Tensor1 131072
Comp: lx
Tensor1 131072
Comp: lx
Tensor1 131072
Comp: lx
Tensor1 131072
Comp: lx
Tensor1 131072
Comp: lx
Tensor1 131072
Comp: lx
Tensor1 131072
Comp: lx
Tensor1 131072
Comp: lx
Tensor1 131072
Comp: lx
Tensor1 131072
Comp: lx
Tensor1 131072
Comp: lx
Tensor1 131072
Comp: lx
Tensor1 131072
Comp: lx
Tensor1 131072
Comp: lx
Tensor1 131072
Current parameters:
DSC index: 0
in=-1 out=2048 ij=-1 mb=16 kij=-1 x=-1 x1=-1 y=-1
Burst efficiency: 0.875
Comp: lx
Tensor1 262144
Comp: lx
Tensor1 262144
Comp: lx
Tensor1 262144
Comp: lx
Tensor1 262144
Comp: lx
Tensor1 262144
Comp: lx
Tensor1 262144
Comp: lx
Tensor1 262144
Comp: lx
Tensor1 262144
Comp: lx
Tensor1 262144
Comp: lx
Tensor1 262144
Comp: lx
Tensor1 262144
Comp: lx
Tensor1 262144
Comp: lx
Tensor1 262144
Comp: lx
Tensor1 262144
Comp: lx
Tensor1 262144
Comp: lx
Tensor1 262144
Comp: lx
Tensor1 262144
Comp: lx
Tensor1 262144
Comp: lx
Tensor1 262144
Comp: lx
Tensor1 262144
Comp: lx
Tensor1 262144
Comp: lx
Tensor1 262144
Comp: lx
Tensor1 262144
Comp: lx
Tensor1 262144
Comp: lx
Tensor1 262144
Comp: lx
Tensor1 262144
Comp: lx
Tensor1 262144
Comp: lx
Tensor1 262144
Comp: lx
Tensor1 262144
Comp: lx
Tensor1 262144
Comp: lx
Tensor1 262144
Comp: lx
Tensor1 262144
Current parameters:
DSC index: 0
in=-1 out=4096 ij=-1 mb=16 kij=-1 x=-1 x1=-1 y=-1
Burst efficiency: 0.875
Comp: lx
Tensor1 8192
Comp: lx
Tensor1 8192
Comp: lx
Tensor1 8192
Comp: lx
Tensor1 8192
Comp: lx
Tensor1 8192
Comp: lx
Tensor1 8192
Comp: lx
Tensor1 8192
Comp: lx
Tensor1 8192
Comp: lx
Tensor1 8192
Comp: lx
Tensor1 8192
Comp: lx
Tensor1 8192
Comp: lx
Tensor1 8192
Comp: lx
Tensor1 8192
Comp: lx
Tensor1 8192
Comp: lx
Tensor1 8192
Comp: lx
Tensor1 8192
Comp: lx
Tensor1 8192
Comp: lx
Tensor1 8192
Comp: lx
Tensor1 8192
Comp: lx
Tensor1 8192
Comp: lx
Tensor1 8192
Comp: lx
Tensor1 8192
Comp: lx
Tensor1 8192
Comp: lx
Tensor1 8192
Comp: lx
Tensor1 8192
Comp: lx
Tensor1 8192
Comp: lx
Tensor1 8192
Comp: lx
Tensor1 8192
Comp: lx
Tensor1 8192
Comp: lx
Tensor1 8192
Comp: lx
Tensor1 8192
Comp: lx
Tensor1 8192
Selected parameters:
DSC index: 0
in=-1 out=128 ij=-1 mb=16 kij=-1 x=-1 x1=-1 y=-1
Burst efficiency: 0.875
Comp: lx
Tensor1 8192
Comp: lx
Tensor1 8192
Comp: lx
Tensor1 8192
Comp: lx
Tensor1 8192
Comp: lx
Tensor1 8192
Comp: lx
Tensor1 8192
Comp: lx
Tensor1 8192
Comp: lx
Tensor1 8192
Comp: lx
Tensor1 8192
Comp: lx
Tensor1 8192
Comp: lx
Tensor1 8192
Comp: lx
Tensor1 8192
Comp: lx
Tensor1 8192
Comp: lx
Tensor1 8192
Comp: lx
Tensor1 8192
Comp: lx
Tensor1 8192
Comp: lx
Tensor1 8192
Comp: lx
Tensor1 8192
Comp: lx
Tensor1 8192
Comp: lx
Tensor1 8192
Comp: lx
Tensor1 8192
Comp: lx
Tensor1 8192
Comp: lx
Tensor1 8192
Comp: lx
Tensor1 8192
Comp: lx
Tensor1 8192
Comp: lx
Tensor1 8192
Comp: lx
Tensor1 8192
Comp: lx
Tensor1 8192
Comp: lx
Tensor1 8192
Comp: lx
Tensor1 8192
Comp: lx
Tensor1 8192
Comp: lx
Tensor1 8192
Comp: lx
Tensor1 8192
Comp: lx
Tensor1 8192
Comp: lx
Tensor1 8192
Comp: lx
Tensor1 8192
Comp: lx
Tensor1 8192
Comp: lx
Tensor1 8192
Comp: lx
Tensor1 8192
Comp: lx
Tensor1 8192
Comp: lx
Tensor1 8192
Comp: lx
Tensor1 8192
Comp: lx
Tensor1 8192
Comp: lx
Tensor1 8192
Comp: lx
Tensor1 8192
Comp: lx
Tensor1 8192
Comp: lx
Tensor1 8192
Comp: lx
Tensor1 8192
Comp: lx
Tensor1 8192
Comp: lx
Tensor1 8192
Comp: lx
Tensor1 8192
Comp: lx
Tensor1 8192
Comp: lx
Tensor1 8192
Comp: lx
Tensor1 8192
Comp: lx
Tensor1 8192
Comp: lx
Tensor1 8192
Comp: lx
Tensor1 8192
Comp: lx
Tensor1 8192
Comp: lx
Tensor1 8192
Comp: lx
Tensor1 8192
Comp: lx
Tensor1 8192
Comp: lx
Tensor1 8192
Comp: lx
Tensor1 8192
Comp: lx
Tensor1 8192


>>> buildFoldFromAllocation:
  node= allocate_lds1_lx(0x22b9c00)
  refAllocNode= allocate-Tensor1_hbm(0x16b2050)

====================================================

Reference fold: 
"coordinates_" : {
  "coordInfo" : {
    "out" : {
      "spatial" : 3,
      "temporal" : 0,
      "elemArr" : 2,
      "padding" : "nopad",
      "folds" :  {
        "dim_prop_func" : [
          { "Affine" : {"alpha_" : 4096, "beta_" : 0} },
          { "Affine" : {"alpha_" : 0, "beta_" : 0} },
          { "Affine" : {"alpha_" : 0, "beta_" : 0} },
          { "Affine" : {"alpha_" : 64, "beta_" : 0} },
          { "Affine" : {"alpha_" : 1, "beta_" : 0} }
        ],
        "dim_prop_attr" : [
          { "factor_" : 1, "label_" : "core_fold" },
          { "factor_" : 1, "label_" : "corelet_fold" },
          { "factor_" : 1, "label_" : "row_fold" },
          { "factor_" : 64, "label_" : "elem_arr_1" },
          { "factor_" : 64, "label_" : "elem_arr_0" }
        ]
      }
    }, 
    "mb" : {
      "spatial" : 3,
      "temporal" : 0,
      "elemArr" : 1,
      "padding" : "nopad",
      "folds" :  {
        "dim_prop_func" : [
          { "Affine" : {"alpha_" : 16, "beta_" : 0} },
          { "Affine" : {"alpha_" : 0, "beta_" : 0} },
          { "Affine" : {"alpha_" : 0, "beta_" : 0} },
          { "Affine" : {"alpha_" : 1, "beta_" : 0} }
        ],
        "dim_prop_attr" : [
          { "factor_" : 32, "label_" : "core_fold" },
          { "factor_" : 1, "label_" : "corelet_fold" },
          { "factor_" : 1, "label_" : "row_fold" },
          { "factor_" : 16, "label_" : "elem_arr_0" }
        ]
      }
    }
  },
  "coreIdToWkSlice_" : { 
  } 
}


[distributeElemArrToTemporalLoops]: Distributing for Dim= (out,unpadded)
    sizeRefComp= l3lu propRefComp= l3lu ptRowId= -1 refPadType= nopad targetPadType= nopad
    ElemArr: (1, 0, 64) (64, 0, 64) 

  [distributeElemArrToTemporalLoops]: loop= loop_ds0_ds1_out dim= (out, unpadded) iterationCount= 32 refPadType= nopad targetPadType= nopad
    NumDs: {"name_" : "core", "in_" : -1, "out_" : 4096, "mb_" : 16, "i_" : -1, "j_" : -1, "ki_" : -1, "kj_" : -1, "x_" : -1, "x1_" : -1, "y_" : -1, "symbolicDimInfo_" : {}, "maxSymbolicVolume_" : {}, "coreletSplit_" : {"out" : [2048, 2048]}, "rowSplit_" : {}, "peSfpSplit_" : {}, "paddingSizes_" : {}}
    DenDs: {"name_" : "chunk", "in_" : -1, "out_" : 128, "mb_" : 16, "i_" : -1, "j_" : -1, "ki_" : -1, "kj_" : -1, "x_" : -1, "x1_" : -1, "y_" : -1, "symbolicDimInfo_" : {}, "maxSymbolicVolume_" : {}, "coreletSplit_" : {"out" : [64, 64]}, "rowSplit_" : {}, "peSfpSplit_" : {}, "paddingSizes_" : {}}
    segmentDS: {"name_" : "", "in_" : -1, "out_" : 128, "mb_" : 16, "i_" : -1, "j_" : -1, "ki_" : -1, "kj_" : -1, "x_" : -1, "x1_" : -1, "y_" : -1, "symbolicDimInfo_" : {}, "maxSymbolicVolume_" : {}, "coreletSplit_" : {"out" : [64, 64]}, "rowSplit_" : {}, "peSfpSplit_" : {}, "paddingSizes_" : {}}
    segSize= 128 scaleDownFactor= 1 elemSegStride= 128 coordSegStride= 128 iterationCount= 32
    loop_ds0_ds1_out->relatedElemArrLevel= 1
    elemArr(before distribution): (1, 0, 64) (64, 0, 64) 
    Distributing elemArr[1] = (64, 0, 64)
    elemArr(after distribution): (1, 0, 64) (64, 0, 2) 
    loopParams after distribution: (128, 0, 32)

[distributeElemArrToTemporalLoops]: Distributing for Dim= (mb,unpadded)
    sizeRefComp= l3lu propRefComp= l3lu ptRowId= -1 refPadType= nopad targetPadType= nopad
    ElemArr: (1, 0, 16) 

  [distributeElemArrToTemporalLoops]: loop= loop_ds0_ds1_mb dim= (mb, unpadded) iterationCount= 1 refPadType= nopad targetPadType= nopad
    NumDs: {"name_" : "core", "in_" : -1, "out_" : 4096, "mb_" : 16, "i_" : -1, "j_" : -1, "ki_" : -1, "kj_" : -1, "x_" : -1, "x1_" : -1, "y_" : -1, "symbolicDimInfo_" : {}, "maxSymbolicVolume_" : {}, "coreletSplit_" : {"out" : [2048, 2048]}, "rowSplit_" : {}, "peSfpSplit_" : {}, "paddingSizes_" : {}}
    DenDs: {"name_" : "chunk", "in_" : -1, "out_" : 128, "mb_" : 16, "i_" : -1, "j_" : -1, "ki_" : -1, "kj_" : -1, "x_" : -1, "x1_" : -1, "y_" : -1, "symbolicDimInfo_" : {}, "maxSymbolicVolume_" : {}, "coreletSplit_" : {"out" : [64, 64]}, "rowSplit_" : {}, "peSfpSplit_" : {}, "paddingSizes_" : {}}
    segmentDS: {"name_" : "", "in_" : -1, "out_" : 128, "mb_" : 16, "i_" : -1, "j_" : -1, "ki_" : -1, "kj_" : -1, "x_" : -1, "x1_" : -1, "y_" : -1, "symbolicDimInfo_" : {}, "maxSymbolicVolume_" : {}, "coreletSplit_" : {"out" : [64, 64]}, "rowSplit_" : {}, "peSfpSplit_" : {}, "paddingSizes_" : {}}
    segSize= 16 scaleDownFactor= 1 elemSegStride= 16 coordSegStride= 16 iterationCount= 1
    loop_ds0_ds1_mb->relatedElemArrLevel= 0
    elemArr(before distribution): (1, 0, 16) 
    Distributing elemArr[0] = (1, 0, 16)
    elemArr(after distribution): (1, 0, 16) 
    loopParams after distribution: (16, 0, 1)

====================================================

[buildCoordinateFromAllocation] fold at end:
  refAllocNode = allocate-Tensor1_hbm
  node         = allocate_lds1_lx
"coordinates_" : {
  "coordInfo" : {
    "out" : {
      "spatial" : 3,
      "temporal" : 1,
      "elemArr" : 2,
      "padding" : "nopad",
      "folds" :  {
        "dim_prop_func" : [
          { "Affine" : {"alpha_" : 4096, "beta_" : 0} },
          { "Affine" : {"alpha_" : 0, "beta_" : 0} },
          { "Affine" : {"alpha_" : 0, "beta_" : 0} },
          { "Affine" : {"alpha_" : 128, "beta_" : 0} },
          { "Affine" : {"alpha_" : 64, "beta_" : 0} },
          { "Affine" : {"alpha_" : 1, "beta_" : 0} }
        ],
        "dim_prop_attr" : [
          { "factor_" : 1, "label_" : "core_fold" },
          { "factor_" : 1, "label_" : "corelet_fold" },
          { "factor_" : 1, "label_" : "row_fold" },
          { "factor_" : 32, "label_" : "loop_ds0_ds1_out out" },
          { "factor_" : 2, "label_" : "elem_arr_1" },
          { "factor_" : 64, "label_" : "elem_arr_0" }
        ]
      }
    }, 
    "mb" : {
      "spatial" : 3,
      "temporal" : 1,
      "elemArr" : 1,
      "padding" : "nopad",
      "folds" :  {
        "dim_prop_func" : [
          { "Affine" : {"alpha_" : 16, "beta_" : 0} },
          { "Affine" : {"alpha_" : 0, "beta_" : 0} },
          { "Affine" : {"alpha_" : 0, "beta_" : 0} },
          { "Affine" : {"alpha_" : 16, "beta_" : 0} },
          { "Affine" : {"alpha_" : 1, "beta_" : 0} }
        ],
        "dim_prop_attr" : [
          { "factor_" : 32, "label_" : "core_fold" },
          { "factor_" : 1, "label_" : "corelet_fold" },
          { "factor_" : 1, "label_" : "row_fold" },
          { "factor_" : 1, "label_" : "loop_ds0_ds1_mb mb" },
          { "factor_" : 16, "label_" : "elem_arr_0" }
        ]
      }
    }
  },
  "coreIdToWkSlice_" : { 
  } 
}
Schedule tree in DSC 0:
Schedule node: allocate-Tensor0_lx
Schedule node: allocate-Tensor1_hbm
Schedule node: transfer_lds0_src:no_component_dst:lx_lx_local
Schedule node: loop_ds0_ds1_out
Schedule node: loop_ds0_ds1_mb
Schedule node: allocate_lds1_lx
Schedule node: lx_below_schedule
Schedule node: sync_send_lxsu_to_l3su
Schedule node: sync_receive_l3su_from_lxsu
Schedule node: sync_send_l3su_to_lxsu
Schedule node: sync_receive_lxsu_from_l3su
Schedule node: transfer_lds1_src:lx_dst:hbm
[DDC] start working on DSC: clip

[DDC] DSC2 successfully filled
[DeepRT] ===== Calling DCC =====
2_clip with translator version: 3
[DeepRT]: Compilation time taken by DCC in - 2_clip	163 millisec 
Running L3 DL Ops Scheduler: Node-name: 3_qfp8mb
Dimension types to LabeledDs table:
LabeledDs index: 1
Dimension type Elementwise: mb out 

LabeledDs index: 0
Dimension type Elementwise: mb out 

Loop Order (innermost to outermost):
mb out 
Comp: lx
Tensor0 1024
Tensor1 512
Comp: lx
Tensor0 1024
Tensor1 512
Comp: lx
Tensor0 1024
Tensor1 512
Comp: lx
Tensor0 1024
Tensor1 512
Comp: lx
Tensor0 1024
Tensor1 512
Comp: lx
Tensor0 1024
Tensor1 512
Comp: lx
Tensor0 1024
Tensor1 512
Comp: lx
Tensor0 1024
Tensor1 512
Comp: lx
Tensor0 1024
Tensor1 512
Comp: lx
Tensor0 1024
Tensor1 512
Comp: lx
Tensor0 1024
Tensor1 512
Comp: lx
Tensor0 1024
Tensor1 512
Comp: lx
Tensor0 1024
Tensor1 512
Comp: lx
Tensor0 1024
Tensor1 512
Comp: lx
Tensor0 1024
Tensor1 512
Comp: lx
Tensor0 1024
Tensor1 512
Comp: lx
Tensor0 1024
Tensor1 512
Comp: lx
Tensor0 1024
Tensor1 512
Comp: lx
Tensor0 1024
Tensor1 512
Comp: lx
Tensor0 1024
Tensor1 512
Comp: lx
Tensor0 1024
Tensor1 512
Comp: lx
Tensor0 1024
Tensor1 512
Comp: lx
Tensor0 1024
Tensor1 512
Comp: lx
Tensor0 1024
Tensor1 512
Comp: lx
Tensor0 1024
Tensor1 512
Comp: lx
Tensor0 1024
Tensor1 512
Comp: lx
Tensor0 1024
Tensor1 512
Comp: lx
Tensor0 1024
Tensor1 512
Comp: lx
Tensor0 1024
Tensor1 512
Comp: lx
Tensor0 1024
Tensor1 512
Comp: lx
Tensor0 1024
Tensor1 512
Comp: lx
Tensor0 1024
Tensor1 512
Comp: lx
Tensor0 1024
Tensor1 512
Comp: lx
Tensor0 1024
Tensor1 512
Comp: lx
Tensor0 1024
Tensor1 512
Comp: lx
Tensor0 1024
Tensor1 512
Comp: lx
Tensor0 1024
Tensor1 512
Comp: lx
Tensor0 1024
Tensor1 512
Comp: lx
Tensor0 1024
Tensor1 512
Comp: lx
Tensor0 1024
Tensor1 512
Comp: lx
Tensor0 1024
Tensor1 512
Comp: lx
Tensor0 1024
Tensor1 512
Comp: lx
Tensor0 1024
Tensor1 512
Comp: lx
Tensor0 1024
Tensor1 512
Comp: lx
Tensor0 1024
Tensor1 512
Comp: lx
Tensor0 1024
Tensor1 512
Comp: lx
Tensor0 1024
Tensor1 512
Comp: lx
Tensor0 1024
Tensor1 512
Comp: lx
Tensor0 1024
Tensor1 512
Comp: lx
Tensor0 1024
Tensor1 512
Comp: lx
Tensor0 1024
Tensor1 512
Comp: lx
Tensor0 1024
Tensor1 512
Comp: lx
Tensor0 1024
Tensor1 512
Comp: lx
Tensor0 1024
Tensor1 512
Comp: lx
Tensor0 1024
Tensor1 512
Comp: lx
Tensor0 1024
Tensor1 512
Comp: lx
Tensor0 1024
Tensor1 512
Comp: lx
Tensor0 1024
Tensor1 512
Comp: lx
Tensor0 1024
Tensor1 512
Comp: lx
Tensor0 1024
Tensor1 512
Comp: lx
Tensor0 1024
Tensor1 512
Comp: lx
Tensor0 1024
Tensor1 512
Comp: lx
Tensor0 1024
Tensor1 512
Comp: lx
Tensor0 1024
Tensor1 512
Start exploring best chunk parameters for memory bandwidth
Starting parameters:
DSC index: 0
in=-1 out=64 ij=-1 mb=4 kij=-1 x=-1 x1=-1 y=-1
Burst efficiency: 0.15
Comp: lx
Tensor0 2048
Tensor1 1024
Comp: lx
Tensor0 2048
Tensor1 1024
Comp: lx
Tensor0 2048
Tensor1 1024
Comp: lx
Tensor0 2048
Tensor1 1024
Comp: lx
Tensor0 2048
Tensor1 1024
Comp: lx
Tensor0 2048
Tensor1 1024
Comp: lx
Tensor0 2048
Tensor1 1024
Comp: lx
Tensor0 2048
Tensor1 1024
Comp: lx
Tensor0 2048
Tensor1 1024
Comp: lx
Tensor0 2048
Tensor1 1024
Comp: lx
Tensor0 2048
Tensor1 1024
Comp: lx
Tensor0 2048
Tensor1 1024
Comp: lx
Tensor0 2048
Tensor1 1024
Comp: lx
Tensor0 2048
Tensor1 1024
Comp: lx
Tensor0 2048
Tensor1 1024
Comp: lx
Tensor0 2048
Tensor1 1024
Comp: lx
Tensor0 2048
Tensor1 1024
Comp: lx
Tensor0 2048
Tensor1 1024
Comp: lx
Tensor0 2048
Tensor1 1024
Comp: lx
Tensor0 2048
Tensor1 1024
Comp: lx
Tensor0 2048
Tensor1 1024
Comp: lx
Tensor0 2048
Tensor1 1024
Comp: lx
Tensor0 2048
Tensor1 1024
Comp: lx
Tensor0 2048
Tensor1 1024
Comp: lx
Tensor0 2048
Tensor1 1024
Comp: lx
Tensor0 2048
Tensor1 1024
Comp: lx
Tensor0 2048
Tensor1 1024
Comp: lx
Tensor0 2048
Tensor1 1024
Comp: lx
Tensor0 2048
Tensor1 1024
Comp: lx
Tensor0 2048
Tensor1 1024
Comp: lx
Tensor0 2048
Tensor1 1024
Comp: lx
Tensor0 2048
Tensor1 1024
Current parameters:
DSC index: 0
in=-1 out=64 ij=-1 mb=8 kij=-1 x=-1 x1=-1 y=-1
Burst efficiency: 0.225
Comp: lx
Tensor0 4096
Tensor1 2048
Comp: lx
Tensor0 4096
Tensor1 2048
Comp: lx
Tensor0 4096
Tensor1 2048
Comp: lx
Tensor0 4096
Tensor1 2048
Comp: lx
Tensor0 4096
Tensor1 2048
Comp: lx
Tensor0 4096
Tensor1 2048
Comp: lx
Tensor0 4096
Tensor1 2048
Comp: lx
Tensor0 4096
Tensor1 2048
Comp: lx
Tensor0 4096
Tensor1 2048
Comp: lx
Tensor0 4096
Tensor1 2048
Comp: lx
Tensor0 4096
Tensor1 2048
Comp: lx
Tensor0 4096
Tensor1 2048
Comp: lx
Tensor0 4096
Tensor1 2048
Comp: lx
Tensor0 4096
Tensor1 2048
Comp: lx
Tensor0 4096
Tensor1 2048
Comp: lx
Tensor0 4096
Tensor1 2048
Comp: lx
Tensor0 4096
Tensor1 2048
Comp: lx
Tensor0 4096
Tensor1 2048
Comp: lx
Tensor0 4096
Tensor1 2048
Comp: lx
Tensor0 4096
Tensor1 2048
Comp: lx
Tensor0 4096
Tensor1 2048
Comp: lx
Tensor0 4096
Tensor1 2048
Comp: lx
Tensor0 4096
Tensor1 2048
Comp: lx
Tensor0 4096
Tensor1 2048
Comp: lx
Tensor0 4096
Tensor1 2048
Comp: lx
Tensor0 4096
Tensor1 2048
Comp: lx
Tensor0 4096
Tensor1 2048
Comp: lx
Tensor0 4096
Tensor1 2048
Comp: lx
Tensor0 4096
Tensor1 2048
Comp: lx
Tensor0 4096
Tensor1 2048
Comp: lx
Tensor0 4096
Tensor1 2048
Comp: lx
Tensor0 4096
Tensor1 2048
Current parameters:
DSC index: 0
in=-1 out=64 ij=-1 mb=16 kij=-1 x=-1 x1=-1 y=-1
Burst efficiency: 0.375
Comp: lx
Tensor0 8192
Tensor1 4096
Comp: lx
Tensor0 8192
Tensor1 4096
Comp: lx
Tensor0 8192
Tensor1 4096
Comp: lx
Tensor0 8192
Tensor1 4096
Comp: lx
Tensor0 8192
Tensor1 4096
Comp: lx
Tensor0 8192
Tensor1 4096
Comp: lx
Tensor0 8192
Tensor1 4096
Comp: lx
Tensor0 8192
Tensor1 4096
Comp: lx
Tensor0 8192
Tensor1 4096
Comp: lx
Tensor0 8192
Tensor1 4096
Comp: lx
Tensor0 8192
Tensor1 4096
Comp: lx
Tensor0 8192
Tensor1 4096
Comp: lx
Tensor0 8192
Tensor1 4096
Comp: lx
Tensor0 8192
Tensor1 4096
Comp: lx
Tensor0 8192
Tensor1 4096
Comp: lx
Tensor0 8192
Tensor1 4096
Comp: lx
Tensor0 8192
Tensor1 4096
Comp: lx
Tensor0 8192
Tensor1 4096
Comp: lx
Tensor0 8192
Tensor1 4096
Comp: lx
Tensor0 8192
Tensor1 4096
Comp: lx
Tensor0 8192
Tensor1 4096
Comp: lx
Tensor0 8192
Tensor1 4096
Comp: lx
Tensor0 8192
Tensor1 4096
Comp: lx
Tensor0 8192
Tensor1 4096
Comp: lx
Tensor0 8192
Tensor1 4096
Comp: lx
Tensor0 8192
Tensor1 4096
Comp: lx
Tensor0 8192
Tensor1 4096
Comp: lx
Tensor0 8192
Tensor1 4096
Comp: lx
Tensor0 8192
Tensor1 4096
Comp: lx
Tensor0 8192
Tensor1 4096
Comp: lx
Tensor0 8192
Tensor1 4096
Comp: lx
Tensor0 8192
Tensor1 4096
Current parameters:
DSC index: 0
in=-1 out=128 ij=-1 mb=16 kij=-1 x=-1 x1=-1 y=-1
Burst efficiency: 0.675
Comp: lx
Tensor0 16384
Tensor1 8192
Comp: lx
Tensor0 16384
Tensor1 8192
Comp: lx
Tensor0 16384
Tensor1 8192
Comp: lx
Tensor0 16384
Tensor1 8192
Comp: lx
Tensor0 16384
Tensor1 8192
Comp: lx
Tensor0 16384
Tensor1 8192
Comp: lx
Tensor0 16384
Tensor1 8192
Comp: lx
Tensor0 16384
Tensor1 8192
Comp: lx
Tensor0 16384
Tensor1 8192
Comp: lx
Tensor0 16384
Tensor1 8192
Comp: lx
Tensor0 16384
Tensor1 8192
Comp: lx
Tensor0 16384
Tensor1 8192
Comp: lx
Tensor0 16384
Tensor1 8192
Comp: lx
Tensor0 16384
Tensor1 8192
Comp: lx
Tensor0 16384
Tensor1 8192
Comp: lx
Tensor0 16384
Tensor1 8192
Comp: lx
Tensor0 16384
Tensor1 8192
Comp: lx
Tensor0 16384
Tensor1 8192
Comp: lx
Tensor0 16384
Tensor1 8192
Comp: lx
Tensor0 16384
Tensor1 8192
Comp: lx
Tensor0 16384
Tensor1 8192
Comp: lx
Tensor0 16384
Tensor1 8192
Comp: lx
Tensor0 16384
Tensor1 8192
Comp: lx
Tensor0 16384
Tensor1 8192
Comp: lx
Tensor0 16384
Tensor1 8192
Comp: lx
Tensor0 16384
Tensor1 8192
Comp: lx
Tensor0 16384
Tensor1 8192
Comp: lx
Tensor0 16384
Tensor1 8192
Comp: lx
Tensor0 16384
Tensor1 8192
Comp: lx
Tensor0 16384
Tensor1 8192
Comp: lx
Tensor0 16384
Tensor1 8192
Comp: lx
Tensor0 16384
Tensor1 8192
Current parameters:
DSC index: 0
in=-1 out=256 ij=-1 mb=16 kij=-1 x=-1 x1=-1 y=-1
Burst efficiency: 0.875
Comp: lx
Tensor0 32768
Tensor1 16384
Comp: lx
Tensor0 32768
Tensor1 16384
Comp: lx
Tensor0 32768
Tensor1 16384
Comp: lx
Tensor0 32768
Tensor1 16384
Comp: lx
Tensor0 32768
Tensor1 16384
Comp: lx
Tensor0 32768
Tensor1 16384
Comp: lx
Tensor0 32768
Tensor1 16384
Comp: lx
Tensor0 32768
Tensor1 16384
Comp: lx
Tensor0 32768
Tensor1 16384
Comp: lx
Tensor0 32768
Tensor1 16384
Comp: lx
Tensor0 32768
Tensor1 16384
Comp: lx
Tensor0 32768
Tensor1 16384
Comp: lx
Tensor0 32768
Tensor1 16384
Comp: lx
Tensor0 32768
Tensor1 16384
Comp: lx
Tensor0 32768
Tensor1 16384
Comp: lx
Tensor0 32768
Tensor1 16384
Comp: lx
Tensor0 32768
Tensor1 16384
Comp: lx
Tensor0 32768
Tensor1 16384
Comp: lx
Tensor0 32768
Tensor1 16384
Comp: lx
Tensor0 32768
Tensor1 16384
Comp: lx
Tensor0 32768
Tensor1 16384
Comp: lx
Tensor0 32768
Tensor1 16384
Comp: lx
Tensor0 32768
Tensor1 16384
Comp: lx
Tensor0 32768
Tensor1 16384
Comp: lx
Tensor0 32768
Tensor1 16384
Comp: lx
Tensor0 32768
Tensor1 16384
Comp: lx
Tensor0 32768
Tensor1 16384
Comp: lx
Tensor0 32768
Tensor1 16384
Comp: lx
Tensor0 32768
Tensor1 16384
Comp: lx
Tensor0 32768
Tensor1 16384
Comp: lx
Tensor0 32768
Tensor1 16384
Comp: lx
Tensor0 32768
Tensor1 16384
Current parameters:
DSC index: 0
in=-1 out=512 ij=-1 mb=16 kij=-1 x=-1 x1=-1 y=-1
Burst efficiency: 0.875
Comp: lx
Tensor0 65536
Tensor1 32768
Comp: lx
Tensor0 65536
Tensor1 32768
Comp: lx
Tensor0 65536
Tensor1 32768
Comp: lx
Tensor0 65536
Tensor1 32768
Comp: lx
Tensor0 65536
Tensor1 32768
Comp: lx
Tensor0 65536
Tensor1 32768
Comp: lx
Tensor0 65536
Tensor1 32768
Comp: lx
Tensor0 65536
Tensor1 32768
Comp: lx
Tensor0 65536
Tensor1 32768
Comp: lx
Tensor0 65536
Tensor1 32768
Comp: lx
Tensor0 65536
Tensor1 32768
Comp: lx
Tensor0 65536
Tensor1 32768
Comp: lx
Tensor0 65536
Tensor1 32768
Comp: lx
Tensor0 65536
Tensor1 32768
Comp: lx
Tensor0 65536
Tensor1 32768
Comp: lx
Tensor0 65536
Tensor1 32768
Comp: lx
Tensor0 65536
Tensor1 32768
Comp: lx
Tensor0 65536
Tensor1 32768
Comp: lx
Tensor0 65536
Tensor1 32768
Comp: lx
Tensor0 65536
Tensor1 32768
Comp: lx
Tensor0 65536
Tensor1 32768
Comp: lx
Tensor0 65536
Tensor1 32768
Comp: lx
Tensor0 65536
Tensor1 32768
Comp: lx
Tensor0 65536
Tensor1 32768
Comp: lx
Tensor0 65536
Tensor1 32768
Comp: lx
Tensor0 65536
Tensor1 32768
Comp: lx
Tensor0 65536
Tensor1 32768
Comp: lx
Tensor0 65536
Tensor1 32768
Comp: lx
Tensor0 65536
Tensor1 32768
Comp: lx
Tensor0 65536
Tensor1 32768
Comp: lx
Tensor0 65536
Tensor1 32768
Comp: lx
Tensor0 65536
Tensor1 32768
Current parameters:
DSC index: 0
in=-1 out=1024 ij=-1 mb=16 kij=-1 x=-1 x1=-1 y=-1
Burst efficiency: 0.875
Comp: lx
Tensor0 131072
Tensor1 65536
Comp: lx
Tensor0 131072
Tensor1 65536
Comp: lx
Tensor0 131072
Tensor1 65536
Comp: lx
Tensor0 131072
Tensor1 65536
Comp: lx
Tensor0 131072
Tensor1 65536
Comp: lx
Tensor0 131072
Tensor1 65536
Comp: lx
Tensor0 131072
Tensor1 65536
Comp: lx
Tensor0 131072
Tensor1 65536
Comp: lx
Tensor0 131072
Tensor1 65536
Comp: lx
Tensor0 131072
Tensor1 65536
Comp: lx
Tensor0 131072
Tensor1 65536
Comp: lx
Tensor0 131072
Tensor1 65536
Comp: lx
Tensor0 131072
Tensor1 65536
Comp: lx
Tensor0 131072
Tensor1 65536
Comp: lx
Tensor0 131072
Tensor1 65536
Comp: lx
Tensor0 131072
Tensor1 65536
Comp: lx
Tensor0 131072
Tensor1 65536
Comp: lx
Tensor0 131072
Tensor1 65536
Comp: lx
Tensor0 131072
Tensor1 65536
Comp: lx
Tensor0 131072
Tensor1 65536
Comp: lx
Tensor0 131072
Tensor1 65536
Comp: lx
Tensor0 131072
Tensor1 65536
Comp: lx
Tensor0 131072
Tensor1 65536
Comp: lx
Tensor0 131072
Tensor1 65536
Comp: lx
Tensor0 131072
Tensor1 65536
Comp: lx
Tensor0 131072
Tensor1 65536
Comp: lx
Tensor0 131072
Tensor1 65536
Comp: lx
Tensor0 131072
Tensor1 65536
Comp: lx
Tensor0 131072
Tensor1 65536
Comp: lx
Tensor0 131072
Tensor1 65536
Comp: lx
Tensor0 131072
Tensor1 65536
Comp: lx
Tensor0 131072
Tensor1 65536
Current parameters:
DSC index: 0
in=-1 out=2048 ij=-1 mb=16 kij=-1 x=-1 x1=-1 y=-1
Burst efficiency: 0.875
Comp: lx
Tensor0 262144
Tensor1 131072
Comp: lx
Tensor0 262144
Tensor1 131072
Comp: lx
Tensor0 262144
Tensor1 131072
Comp: lx
Tensor0 262144
Tensor1 131072
Comp: lx
Tensor0 262144
Tensor1 131072
Comp: lx
Tensor0 262144
Tensor1 131072
Comp: lx
Tensor0 262144
Tensor1 131072
Comp: lx
Tensor0 262144
Tensor1 131072
Comp: lx
Tensor0 262144
Tensor1 131072
Comp: lx
Tensor0 262144
Tensor1 131072
Comp: lx
Tensor0 262144
Tensor1 131072
Comp: lx
Tensor0 262144
Tensor1 131072
Comp: lx
Tensor0 262144
Tensor1 131072
Comp: lx
Tensor0 262144
Tensor1 131072
Comp: lx
Tensor0 262144
Tensor1 131072
Comp: lx
Tensor0 262144
Tensor1 131072
Comp: lx
Tensor0 262144
Tensor1 131072
Comp: lx
Tensor0 262144
Tensor1 131072
Comp: lx
Tensor0 262144
Tensor1 131072
Comp: lx
Tensor0 262144
Tensor1 131072
Comp: lx
Tensor0 262144
Tensor1 131072
Comp: lx
Tensor0 262144
Tensor1 131072
Comp: lx
Tensor0 262144
Tensor1 131072
Comp: lx
Tensor0 262144
Tensor1 131072
Comp: lx
Tensor0 262144
Tensor1 131072
Comp: lx
Tensor0 262144
Tensor1 131072
Comp: lx
Tensor0 262144
Tensor1 131072
Comp: lx
Tensor0 262144
Tensor1 131072
Comp: lx
Tensor0 262144
Tensor1 131072
Comp: lx
Tensor0 262144
Tensor1 131072
Comp: lx
Tensor0 262144
Tensor1 131072
Comp: lx
Tensor0 262144
Tensor1 131072
Current parameters:
DSC index: 0
in=-1 out=4096 ij=-1 mb=16 kij=-1 x=-1 x1=-1 y=-1
Burst efficiency: 0.875
Comp: lx
Tensor0 32768
Tensor1 16384
Comp: lx
Tensor0 32768
Tensor1 16384
Comp: lx
Tensor0 32768
Tensor1 16384
Comp: lx
Tensor0 32768
Tensor1 16384
Comp: lx
Tensor0 32768
Tensor1 16384
Comp: lx
Tensor0 32768
Tensor1 16384
Comp: lx
Tensor0 32768
Tensor1 16384
Comp: lx
Tensor0 32768
Tensor1 16384
Comp: lx
Tensor0 32768
Tensor1 16384
Comp: lx
Tensor0 32768
Tensor1 16384
Comp: lx
Tensor0 32768
Tensor1 16384
Comp: lx
Tensor0 32768
Tensor1 16384
Comp: lx
Tensor0 32768
Tensor1 16384
Comp: lx
Tensor0 32768
Tensor1 16384
Comp: lx
Tensor0 32768
Tensor1 16384
Comp: lx
Tensor0 32768
Tensor1 16384
Comp: lx
Tensor0 32768
Tensor1 16384
Comp: lx
Tensor0 32768
Tensor1 16384
Comp: lx
Tensor0 32768
Tensor1 16384
Comp: lx
Tensor0 32768
Tensor1 16384
Comp: lx
Tensor0 32768
Tensor1 16384
Comp: lx
Tensor0 32768
Tensor1 16384
Comp: lx
Tensor0 32768
Tensor1 16384
Comp: lx
Tensor0 32768
Tensor1 16384
Comp: lx
Tensor0 32768
Tensor1 16384
Comp: lx
Tensor0 32768
Tensor1 16384
Comp: lx
Tensor0 32768
Tensor1 16384
Comp: lx
Tensor0 32768
Tensor1 16384
Comp: lx
Tensor0 32768
Tensor1 16384
Comp: lx
Tensor0 32768
Tensor1 16384
Comp: lx
Tensor0 32768
Tensor1 16384
Comp: lx
Tensor0 32768
Tensor1 16384
Current parameters:
DSC index: 0
in=-1 out=512 ij=-1 mb=16 kij=-1 x=-1 x1=-1 y=-1
Burst efficiency: 0.875
Comp: lx
Tensor0 65536
Tensor1 32768
Comp: lx
Tensor0 65536
Tensor1 32768
Comp: lx
Tensor0 65536
Tensor1 32768
Comp: lx
Tensor0 65536
Tensor1 32768
Comp: lx
Tensor0 65536
Tensor1 32768
Comp: lx
Tensor0 65536
Tensor1 32768
Comp: lx
Tensor0 65536
Tensor1 32768
Comp: lx
Tensor0 65536
Tensor1 32768
Comp: lx
Tensor0 65536
Tensor1 32768
Comp: lx
Tensor0 65536
Tensor1 32768
Comp: lx
Tensor0 65536
Tensor1 32768
Comp: lx
Tensor0 65536
Tensor1 32768
Comp: lx
Tensor0 65536
Tensor1 32768
Comp: lx
Tensor0 65536
Tensor1 32768
Comp: lx
Tensor0 65536
Tensor1 32768
Comp: lx
Tensor0 65536
Tensor1 32768
Comp: lx
Tensor0 65536
Tensor1 32768
Comp: lx
Tensor0 65536
Tensor1 32768
Comp: lx
Tensor0 65536
Tensor1 32768
Comp: lx
Tensor0 65536
Tensor1 32768
Comp: lx
Tensor0 65536
Tensor1 32768
Comp: lx
Tensor0 65536
Tensor1 32768
Comp: lx
Tensor0 65536
Tensor1 32768
Comp: lx
Tensor0 65536
Tensor1 32768
Comp: lx
Tensor0 65536
Tensor1 32768
Comp: lx
Tensor0 65536
Tensor1 32768
Comp: lx
Tensor0 65536
Tensor1 32768
Comp: lx
Tensor0 65536
Tensor1 32768
Comp: lx
Tensor0 65536
Tensor1 32768
Comp: lx
Tensor0 65536
Tensor1 32768
Comp: lx
Tensor0 65536
Tensor1 32768
Comp: lx
Tensor0 65536
Tensor1 32768
Current parameters:
DSC index: 0
in=-1 out=1024 ij=-1 mb=16 kij=-1 x=-1 x1=-1 y=-1
Burst efficiency: 0.875
Comp: lx
Tensor0 131072
Tensor1 65536
Comp: lx
Tensor0 131072
Tensor1 65536
Comp: lx
Tensor0 131072
Tensor1 65536
Comp: lx
Tensor0 131072
Tensor1 65536
Comp: lx
Tensor0 131072
Tensor1 65536
Comp: lx
Tensor0 131072
Tensor1 65536
Comp: lx
Tensor0 131072
Tensor1 65536
Comp: lx
Tensor0 131072
Tensor1 65536
Comp: lx
Tensor0 131072
Tensor1 65536
Comp: lx
Tensor0 131072
Tensor1 65536
Comp: lx
Tensor0 131072
Tensor1 65536
Comp: lx
Tensor0 131072
Tensor1 65536
Comp: lx
Tensor0 131072
Tensor1 65536
Comp: lx
Tensor0 131072
Tensor1 65536
Comp: lx
Tensor0 131072
Tensor1 65536
Comp: lx
Tensor0 131072
Tensor1 65536
Comp: lx
Tensor0 131072
Tensor1 65536
Comp: lx
Tensor0 131072
Tensor1 65536
Comp: lx
Tensor0 131072
Tensor1 65536
Comp: lx
Tensor0 131072
Tensor1 65536
Comp: lx
Tensor0 131072
Tensor1 65536
Comp: lx
Tensor0 131072
Tensor1 65536
Comp: lx
Tensor0 131072
Tensor1 65536
Comp: lx
Tensor0 131072
Tensor1 65536
Comp: lx
Tensor0 131072
Tensor1 65536
Comp: lx
Tensor0 131072
Tensor1 65536
Comp: lx
Tensor0 131072
Tensor1 65536
Comp: lx
Tensor0 131072
Tensor1 65536
Comp: lx
Tensor0 131072
Tensor1 65536
Comp: lx
Tensor0 131072
Tensor1 65536
Comp: lx
Tensor0 131072
Tensor1 65536
Comp: lx
Tensor0 131072
Tensor1 65536
Current parameters:
DSC index: 0
in=-1 out=2048 ij=-1 mb=16 kij=-1 x=-1 x1=-1 y=-1
Burst efficiency: 0.875
Comp: lx
Tensor0 262144
Tensor1 131072
Comp: lx
Tensor0 262144
Tensor1 131072
Comp: lx
Tensor0 262144
Tensor1 131072
Comp: lx
Tensor0 262144
Tensor1 131072
Comp: lx
Tensor0 262144
Tensor1 131072
Comp: lx
Tensor0 262144
Tensor1 131072
Comp: lx
Tensor0 262144
Tensor1 131072
Comp: lx
Tensor0 262144
Tensor1 131072
Comp: lx
Tensor0 262144
Tensor1 131072
Comp: lx
Tensor0 262144
Tensor1 131072
Comp: lx
Tensor0 262144
Tensor1 131072
Comp: lx
Tensor0 262144
Tensor1 131072
Comp: lx
Tensor0 262144
Tensor1 131072
Comp: lx
Tensor0 262144
Tensor1 131072
Comp: lx
Tensor0 262144
Tensor1 131072
Comp: lx
Tensor0 262144
Tensor1 131072
Comp: lx
Tensor0 262144
Tensor1 131072
Comp: lx
Tensor0 262144
Tensor1 131072
Comp: lx
Tensor0 262144
Tensor1 131072
Comp: lx
Tensor0 262144
Tensor1 131072
Comp: lx
Tensor0 262144
Tensor1 131072
Comp: lx
Tensor0 262144
Tensor1 131072
Comp: lx
Tensor0 262144
Tensor1 131072
Comp: lx
Tensor0 262144
Tensor1 131072
Comp: lx
Tensor0 262144
Tensor1 131072
Comp: lx
Tensor0 262144
Tensor1 131072
Comp: lx
Tensor0 262144
Tensor1 131072
Comp: lx
Tensor0 262144
Tensor1 131072
Comp: lx
Tensor0 262144
Tensor1 131072
Comp: lx
Tensor0 262144
Tensor1 131072
Comp: lx
Tensor0 262144
Tensor1 131072
Comp: lx
Tensor0 262144
Tensor1 131072
Current parameters:
DSC index: 0
in=-1 out=4096 ij=-1 mb=16 kij=-1 x=-1 x1=-1 y=-1
Burst efficiency: 0.875
Comp: lx
Tensor0 16384
Tensor1 8192
Comp: lx
Tensor0 16384
Tensor1 8192
Comp: lx
Tensor0 16384
Tensor1 8192
Comp: lx
Tensor0 16384
Tensor1 8192
Comp: lx
Tensor0 16384
Tensor1 8192
Comp: lx
Tensor0 16384
Tensor1 8192
Comp: lx
Tensor0 16384
Tensor1 8192
Comp: lx
Tensor0 16384
Tensor1 8192
Comp: lx
Tensor0 16384
Tensor1 8192
Comp: lx
Tensor0 16384
Tensor1 8192
Comp: lx
Tensor0 16384
Tensor1 8192
Comp: lx
Tensor0 16384
Tensor1 8192
Comp: lx
Tensor0 16384
Tensor1 8192
Comp: lx
Tensor0 16384
Tensor1 8192
Comp: lx
Tensor0 16384
Tensor1 8192
Comp: lx
Tensor0 16384
Tensor1 8192
Comp: lx
Tensor0 16384
Tensor1 8192
Comp: lx
Tensor0 16384
Tensor1 8192
Comp: lx
Tensor0 16384
Tensor1 8192
Comp: lx
Tensor0 16384
Tensor1 8192
Comp: lx
Tensor0 16384
Tensor1 8192
Comp: lx
Tensor0 16384
Tensor1 8192
Comp: lx
Tensor0 16384
Tensor1 8192
Comp: lx
Tensor0 16384
Tensor1 8192
Comp: lx
Tensor0 16384
Tensor1 8192
Comp: lx
Tensor0 16384
Tensor1 8192
Comp: lx
Tensor0 16384
Tensor1 8192
Comp: lx
Tensor0 16384
Tensor1 8192
Comp: lx
Tensor0 16384
Tensor1 8192
Comp: lx
Tensor0 16384
Tensor1 8192
Comp: lx
Tensor0 16384
Tensor1 8192
Comp: lx
Tensor0 16384
Tensor1 8192
Selected parameters:
DSC index: 0
in=-1 out=256 ij=-1 mb=16 kij=-1 x=-1 x1=-1 y=-1
Burst efficiency: 0.875
Comp: lx
Tensor0 16384
Tensor1 8192
Comp: lx
Tensor0 16384
Tensor1 8192
Comp: lx
Tensor0 16384
Tensor1 8192
Comp: lx
Tensor0 16384
Tensor1 8192
Comp: lx
Tensor0 16384
Tensor1 8192
Comp: lx
Tensor0 16384
Tensor1 8192
Comp: lx
Tensor0 16384
Tensor1 8192
Comp: lx
Tensor0 16384
Tensor1 8192
Comp: lx
Tensor0 16384
Tensor1 8192
Comp: lx
Tensor0 16384
Tensor1 8192
Comp: lx
Tensor0 16384
Tensor1 8192
Comp: lx
Tensor0 16384
Tensor1 8192
Comp: lx
Tensor0 16384
Tensor1 8192
Comp: lx
Tensor0 16384
Tensor1 8192
Comp: lx
Tensor0 16384
Tensor1 8192
Comp: lx
Tensor0 16384
Tensor1 8192
Comp: lx
Tensor0 16384
Tensor1 8192
Comp: lx
Tensor0 16384
Tensor1 8192
Comp: lx
Tensor0 16384
Tensor1 8192
Comp: lx
Tensor0 16384
Tensor1 8192
Comp: lx
Tensor0 16384
Tensor1 8192
Comp: lx
Tensor0 16384
Tensor1 8192
Comp: lx
Tensor0 16384
Tensor1 8192
Comp: lx
Tensor0 16384
Tensor1 8192
Comp: lx
Tensor0 16384
Tensor1 8192
Comp: lx
Tensor0 16384
Tensor1 8192
Comp: lx
Tensor0 16384
Tensor1 8192
Comp: lx
Tensor0 16384
Tensor1 8192
Comp: lx
Tensor0 16384
Tensor1 8192
Comp: lx
Tensor0 16384
Tensor1 8192
Comp: lx
Tensor0 16384
Tensor1 8192
Comp: lx
Tensor0 16384
Tensor1 8192
Comp: lx
Tensor0 16384
Tensor1 8192
Comp: lx
Tensor0 16384
Tensor1 8192
Comp: lx
Tensor0 16384
Tensor1 8192
Comp: lx
Tensor0 16384
Tensor1 8192
Comp: lx
Tensor0 16384
Tensor1 8192
Comp: lx
Tensor0 16384
Tensor1 8192
Comp: lx
Tensor0 16384
Tensor1 8192
Comp: lx
Tensor0 16384
Tensor1 8192
Comp: lx
Tensor0 16384
Tensor1 8192
Comp: lx
Tensor0 16384
Tensor1 8192
Comp: lx
Tensor0 16384
Tensor1 8192
Comp: lx
Tensor0 16384
Tensor1 8192
Comp: lx
Tensor0 16384
Tensor1 8192
Comp: lx
Tensor0 16384
Tensor1 8192
Comp: lx
Tensor0 16384
Tensor1 8192
Comp: lx
Tensor0 16384
Tensor1 8192
Comp: lx
Tensor0 16384
Tensor1 8192
Comp: lx
Tensor0 16384
Tensor1 8192
Comp: lx
Tensor0 16384
Tensor1 8192
Comp: lx
Tensor0 16384
Tensor1 8192
Comp: lx
Tensor0 16384
Tensor1 8192
Comp: lx
Tensor0 16384
Tensor1 8192
Comp: lx
Tensor0 16384
Tensor1 8192
Comp: lx
Tensor0 16384
Tensor1 8192
Comp: lx
Tensor0 16384
Tensor1 8192
Comp: lx
Tensor0 16384
Tensor1 8192
Comp: lx
Tensor0 16384
Tensor1 8192
Comp: lx
Tensor0 16384
Tensor1 8192
Comp: lx
Tensor0 16384
Tensor1 8192
Comp: lx
Tensor0 16384
Tensor1 8192
Comp: lx
Tensor0 16384
Tensor1 8192
Comp: lx
Tensor0 16384
Tensor1 8192


>>> buildFoldFromAllocation:
  node= allocate_lds0_lx(0x2848320)
  refAllocNode= allocate-Tensor0_hbm(0x16bd920)

====================================================

Reference fold: 
"coordinates_" : {
  "coordInfo" : {
    "out" : {
      "spatial" : 3,
      "temporal" : 0,
      "elemArr" : 2,
      "padding" : "nopad",
      "folds" :  {
        "dim_prop_func" : [
          { "Affine" : {"alpha_" : 4096, "beta_" : 0} },
          { "Affine" : {"alpha_" : 0, "beta_" : 0} },
          { "Affine" : {"alpha_" : 0, "beta_" : 0} },
          { "Affine" : {"alpha_" : 64, "beta_" : 0} },
          { "Affine" : {"alpha_" : 1, "beta_" : 0} }
        ],
        "dim_prop_attr" : [
          { "factor_" : 1, "label_" : "core_fold" },
          { "factor_" : 1, "label_" : "corelet_fold" },
          { "factor_" : 1, "label_" : "row_fold" },
          { "factor_" : 64, "label_" : "elem_arr_1" },
          { "factor_" : 64, "label_" : "elem_arr_0" }
        ]
      }
    }, 
    "mb" : {
      "spatial" : 3,
      "temporal" : 0,
      "elemArr" : 1,
      "padding" : "nopad",
      "folds" :  {
        "dim_prop_func" : [
          { "Affine" : {"alpha_" : 16, "beta_" : 0} },
          { "Affine" : {"alpha_" : 0, "beta_" : 0} },
          { "Affine" : {"alpha_" : 0, "beta_" : 0} },
          { "Affine" : {"alpha_" : 1, "beta_" : 0} }
        ],
        "dim_prop_attr" : [
          { "factor_" : 32, "label_" : "core_fold" },
          { "factor_" : 1, "label_" : "corelet_fold" },
          { "factor_" : 1, "label_" : "row_fold" },
          { "factor_" : 16, "label_" : "elem_arr_0" }
        ]
      }
    }
  },
  "coreIdToWkSlice_" : { 
  } 
}


[distributeElemArrToTemporalLoops]: Distributing for Dim= (out,unpadded)
    sizeRefComp= l3lu propRefComp= l3lu ptRowId= -1 refPadType= nopad targetPadType= nopad
    ElemArr: (1, 0, 64) (64, 0, 64) 

  [distributeElemArrToTemporalLoops]: loop= loop_ds0_ds1_out dim= (out, unpadded) iterationCount= 16 refPadType= nopad targetPadType= nopad
    NumDs: {"name_" : "core", "in_" : -1, "out_" : 4096, "mb_" : 16, "i_" : -1, "j_" : -1, "ki_" : -1, "kj_" : -1, "x_" : -1, "x1_" : -1, "y_" : -1, "symbolicDimInfo_" : {}, "maxSymbolicVolume_" : {}, "coreletSplit_" : {"mb" : [8, 8]}, "rowSplit_" : {}, "peSfpSplit_" : {}, "paddingSizes_" : {}}
    DenDs: {"name_" : "chunk", "in_" : -1, "out_" : 256, "mb_" : 16, "i_" : -1, "j_" : -1, "ki_" : -1, "kj_" : -1, "x_" : -1, "x1_" : -1, "y_" : -1, "symbolicDimInfo_" : {}, "maxSymbolicVolume_" : {}, "coreletSplit_" : {"mb" : [8, 8]}, "rowSplit_" : {}, "peSfpSplit_" : {}, "paddingSizes_" : {}}
    segmentDS: {"name_" : "", "in_" : -1, "out_" : 256, "mb_" : 16, "i_" : -1, "j_" : -1, "ki_" : -1, "kj_" : -1, "x_" : -1, "x1_" : -1, "y_" : -1, "symbolicDimInfo_" : {}, "maxSymbolicVolume_" : {}, "coreletSplit_" : {"mb" : [8, 8]}, "rowSplit_" : {}, "peSfpSplit_" : {}, "paddingSizes_" : {}}
    segSize= 256 scaleDownFactor= 1 elemSegStride= 256 coordSegStride= 256 iterationCount= 16
    loop_ds0_ds1_out->relatedElemArrLevel= 1
    elemArr(before distribution): (1, 0, 64) (64, 0, 64) 
    Distributing elemArr[1] = (64, 0, 64)
    elemArr(after distribution): (1, 0, 64) (64, 0, 4) 
    loopParams after distribution: (256, 0, 16)

[distributeElemArrToTemporalLoops]: Distributing for Dim= (mb,unpadded)
    sizeRefComp= l3lu propRefComp= l3lu ptRowId= -1 refPadType= nopad targetPadType= nopad
    ElemArr: (1, 0, 16) 

  [distributeElemArrToTemporalLoops]: loop= loop_ds0_ds1_mb dim= (mb, unpadded) iterationCount= 1 refPadType= nopad targetPadType= nopad
    NumDs: {"name_" : "core", "in_" : -1, "out_" : 4096, "mb_" : 16, "i_" : -1, "j_" : -1, "ki_" : -1, "kj_" : -1, "x_" : -1, "x1_" : -1, "y_" : -1, "symbolicDimInfo_" : {}, "maxSymbolicVolume_" : {}, "coreletSplit_" : {"mb" : [8, 8]}, "rowSplit_" : {}, "peSfpSplit_" : {}, "paddingSizes_" : {}}
    DenDs: {"name_" : "chunk", "in_" : -1, "out_" : 256, "mb_" : 16, "i_" : -1, "j_" : -1, "ki_" : -1, "kj_" : -1, "x_" : -1, "x1_" : -1, "y_" : -1, "symbolicDimInfo_" : {}, "maxSymbolicVolume_" : {}, "coreletSplit_" : {"mb" : [8, 8]}, "rowSplit_" : {}, "peSfpSplit_" : {}, "paddingSizes_" : {}}
    segmentDS: {"name_" : "", "in_" : -1, "out_" : 256, "mb_" : 16, "i_" : -1, "j_" : -1, "ki_" : -1, "kj_" : -1, "x_" : -1, "x1_" : -1, "y_" : -1, "symbolicDimInfo_" : {}, "maxSymbolicVolume_" : {}, "coreletSplit_" : {"mb" : [8, 8]}, "rowSplit_" : {}, "peSfpSplit_" : {}, "paddingSizes_" : {}}
    segSize= 16 scaleDownFactor= 1 elemSegStride= 16 coordSegStride= 16 iterationCount= 1
    loop_ds0_ds1_mb->relatedElemArrLevel= 0
    elemArr(before distribution): (1, 0, 16) 
    Distributing elemArr[0] = (1, 0, 16)
    elemArr(after distribution): (1, 0, 16) 
    loopParams after distribution: (16, 0, 1)

====================================================

[buildCoordinateFromAllocation] fold at end:
  refAllocNode = allocate-Tensor0_hbm
  node         = allocate_lds0_lx
"coordinates_" : {
  "coordInfo" : {
    "out" : {
      "spatial" : 3,
      "temporal" : 1,
      "elemArr" : 2,
      "padding" : "nopad",
      "folds" :  {
        "dim_prop_func" : [
          { "Affine" : {"alpha_" : 4096, "beta_" : 0} },
          { "Affine" : {"alpha_" : 0, "beta_" : 0} },
          { "Affine" : {"alpha_" : 0, "beta_" : 0} },
          { "Affine" : {"alpha_" : 256, "beta_" : 0} },
          { "Affine" : {"alpha_" : 64, "beta_" : 0} },
          { "Affine" : {"alpha_" : 1, "beta_" : 0} }
        ],
        "dim_prop_attr" : [
          { "factor_" : 1, "label_" : "core_fold" },
          { "factor_" : 1, "label_" : "corelet_fold" },
          { "factor_" : 1, "label_" : "row_fold" },
          { "factor_" : 16, "label_" : "loop_ds0_ds1_out out" },
          { "factor_" : 4, "label_" : "elem_arr_1" },
          { "factor_" : 64, "label_" : "elem_arr_0" }
        ]
      }
    }, 
    "mb" : {
      "spatial" : 3,
      "temporal" : 1,
      "elemArr" : 1,
      "padding" : "nopad",
      "folds" :  {
        "dim_prop_func" : [
          { "Affine" : {"alpha_" : 16, "beta_" : 0} },
          { "Affine" : {"alpha_" : 0, "beta_" : 0} },
          { "Affine" : {"alpha_" : 0, "beta_" : 0} },
          { "Affine" : {"alpha_" : 16, "beta_" : 0} },
          { "Affine" : {"alpha_" : 1, "beta_" : 0} }
        ],
        "dim_prop_attr" : [
          { "factor_" : 32, "label_" : "core_fold" },
          { "factor_" : 1, "label_" : "corelet_fold" },
          { "factor_" : 1, "label_" : "row_fold" },
          { "factor_" : 1, "label_" : "loop_ds0_ds1_mb mb" },
          { "factor_" : 16, "label_" : "elem_arr_0" }
        ]
      }
    }
  },
  "coreIdToWkSlice_" : { 
  } 
}


>>> buildFoldFromAllocation:
  node= allocate_lds1_lx(0x1e25ee0)
  refAllocNode= allocate-Tensor1_hbm(0x16bde00)

====================================================

Reference fold: 
"coordinates_" : {
  "coordInfo" : {
    "out" : {
      "spatial" : 3,
      "temporal" : 0,
      "elemArr" : 4,
      "padding" : "nopad",
      "folds" :  {
        "dim_prop_func" : [
          { "Affine" : {"alpha_" : 4096, "beta_" : 0} },
          { "Affine" : {"alpha_" : 0, "beta_" : 0} },
          { "Affine" : {"alpha_" : 0, "beta_" : 0} },
          { "Affine" : {"alpha_" : 64, "beta_" : 0} },
          { "Affine" : {"alpha_" : 8, "beta_" : 0} },
          { "Affine" : {"alpha_" : 0, "beta_" : 0} },
          { "Affine" : {"alpha_" : 1, "beta_" : 0} }
        ],
        "dim_prop_attr" : [
          { "factor_" : 1, "label_" : "core_fold" },
          { "factor_" : 1, "label_" : "corelet_fold" },
          { "factor_" : 1, "label_" : "row_fold" },
          { "factor_" : 64, "label_" : "elem_arr_3" },
          { "factor_" : 8, "label_" : "elem_arr_2" },
          { "factor_" : 2, "label_" : "elem_arr_1" },
          { "factor_" : 8, "label_" : "elem_arr_0" }
        ]
      }
    }, 
    "mb" : {
      "spatial" : 3,
      "temporal" : 0,
      "elemArr" : 4,
      "padding" : "nopad",
      "folds" :  {
        "dim_prop_func" : [
          { "Affine" : {"alpha_" : 16, "beta_" : 0} },
          { "Affine" : {"alpha_" : 0, "beta_" : 0} },
          { "Affine" : {"alpha_" : 0, "beta_" : 0} },
          { "Affine" : {"alpha_" : 2, "beta_" : 0} },
          { "Affine" : {"alpha_" : 0, "beta_" : 0} },
          { "Affine" : {"alpha_" : 1, "beta_" : 0} },
          { "Affine" : {"alpha_" : 0, "beta_" : 0} }
        ],
        "dim_prop_attr" : [
          { "factor_" : 32, "label_" : "core_fold" },
          { "factor_" : 1, "label_" : "corelet_fold" },
          { "factor_" : 1, "label_" : "row_fold" },
          { "factor_" : 8, "label_" : "elem_arr_3" },
          { "factor_" : 8, "label_" : "elem_arr_2" },
          { "factor_" : 2, "label_" : "elem_arr_1" },
          { "factor_" : 8, "label_" : "elem_arr_0" }
        ]
      }
    }
  },
  "coreIdToWkSlice_" : { 
  } 
}


[distributeElemArrToTemporalLoops]: Distributing for Dim= (out,unpadded)
    sizeRefComp= l3lu propRefComp= l3lu ptRowId= -1 refPadType= nopad targetPadType= nopad
    ElemArr: (1, 0, 8) (0, 0, 2) (8, 0, 8) (64, 0, 64) 

  [distributeElemArrToTemporalLoops]: loop= loop_ds0_ds1_out dim= (out, unpadded) iterationCount= 16 refPadType= nopad targetPadType= nopad
    NumDs: {"name_" : "core", "in_" : -1, "out_" : 4096, "mb_" : 16, "i_" : -1, "j_" : -1, "ki_" : -1, "kj_" : -1, "x_" : -1, "x1_" : -1, "y_" : -1, "symbolicDimInfo_" : {}, "maxSymbolicVolume_" : {}, "coreletSplit_" : {"mb" : [8, 8]}, "rowSplit_" : {}, "peSfpSplit_" : {}, "paddingSizes_" : {}}
    DenDs: {"name_" : "chunk", "in_" : -1, "out_" : 256, "mb_" : 16, "i_" : -1, "j_" : -1, "ki_" : -1, "kj_" : -1, "x_" : -1, "x1_" : -1, "y_" : -1, "symbolicDimInfo_" : {}, "maxSymbolicVolume_" : {}, "coreletSplit_" : {"mb" : [8, 8]}, "rowSplit_" : {}, "peSfpSplit_" : {}, "paddingSizes_" : {}}
    segmentDS: {"name_" : "", "in_" : -1, "out_" : 256, "mb_" : 16, "i_" : -1, "j_" : -1, "ki_" : -1, "kj_" : -1, "x_" : -1, "x1_" : -1, "y_" : -1, "symbolicDimInfo_" : {}, "maxSymbolicVolume_" : {}, "coreletSplit_" : {"mb" : [8, 8]}, "rowSplit_" : {}, "peSfpSplit_" : {}, "paddingSizes_" : {}}
    segSize= 256 scaleDownFactor= 1 elemSegStride= 256 coordSegStride= 128 iterationCount= 16
    loop_ds0_ds1_out->relatedElemArrLevel= 3
    elemArr(before distribution): (1, 0, 8) (0, 0, 2) (8, 0, 8) (64, 0, 64) 
    Distributing elemArr[3] = (64, 0, 64)
    elemArr(after distribution): (1, 0, 8) (0, 0, 2) (8, 0, 8) (64, 0, 2) 
    loopParams after distribution: (128, 0, 16)

[distributeElemArrToTemporalLoops]: Distributing for Dim= (mb,unpadded)
    sizeRefComp= l3lu propRefComp= l3lu ptRowId= -1 refPadType= nopad targetPadType= nopad
    ElemArr: (0, 0, 8) (1, 0, 2) (0, 0, 8) (2, 0, 8) 

  [distributeElemArrToTemporalLoops]: loop= loop_ds0_ds1_mb dim= (mb, unpadded) iterationCount= 1 refPadType= nopad targetPadType= nopad
    NumDs: {"name_" : "core", "in_" : -1, "out_" : 4096, "mb_" : 16, "i_" : -1, "j_" : -1, "ki_" : -1, "kj_" : -1, "x_" : -1, "x1_" : -1, "y_" : -1, "symbolicDimInfo_" : {}, "maxSymbolicVolume_" : {}, "coreletSplit_" : {"mb" : [8, 8]}, "rowSplit_" : {}, "peSfpSplit_" : {}, "paddingSizes_" : {}}
    DenDs: {"name_" : "chunk", "in_" : -1, "out_" : 256, "mb_" : 16, "i_" : -1, "j_" : -1, "ki_" : -1, "kj_" : -1, "x_" : -1, "x1_" : -1, "y_" : -1, "symbolicDimInfo_" : {}, "maxSymbolicVolume_" : {}, "coreletSplit_" : {"mb" : [8, 8]}, "rowSplit_" : {}, "peSfpSplit_" : {}, "paddingSizes_" : {}}
    segmentDS: {"name_" : "", "in_" : -1, "out_" : 256, "mb_" : 16, "i_" : -1, "j_" : -1, "ki_" : -1, "kj_" : -1, "x_" : -1, "x1_" : -1, "y_" : -1, "symbolicDimInfo_" : {}, "maxSymbolicVolume_" : {}, "coreletSplit_" : {"mb" : [8, 8]}, "rowSplit_" : {}, "peSfpSplit_" : {}, "paddingSizes_" : {}}
    segSize= 16 scaleDownFactor= 1 elemSegStride= 16 coordSegStride= 0 iterationCount= 1
    loop_ds0_ds1_mb->relatedElemArrLevel= 3
    elemArr(before distribution): (0, 0, 8) (1, 0, 2) (0, 0, 8) (2, 0, 8) 
    Distributing elemArr[3] = (2, 0, 8)
    elemArr(after distribution): (0, 0, 8) (1, 0, 2) (0, 0, 1) (2, 0, 1) 
    loopParams after distribution: (0, 0, 1)

====================================================

[buildCoordinateFromAllocation] fold at end:
  refAllocNode = allocate-Tensor1_hbm
  node         = allocate_lds1_lx
"coordinates_" : {
  "coordInfo" : {
    "out" : {
      "spatial" : 3,
      "temporal" : 1,
      "elemArr" : 4,
      "padding" : "nopad",
      "folds" :  {
        "dim_prop_func" : [
          { "Affine" : {"alpha_" : 4096, "beta_" : 0} },
          { "Affine" : {"alpha_" : 0, "beta_" : 0} },
          { "Affine" : {"alpha_" : 0, "beta_" : 0} },
          { "Affine" : {"alpha_" : 128, "beta_" : 0} },
          { "Affine" : {"alpha_" : 64, "beta_" : 0} },
          { "Affine" : {"alpha_" : 8, "beta_" : 0} },
          { "Affine" : {"alpha_" : 0, "beta_" : 0} },
          { "Affine" : {"alpha_" : 1, "beta_" : 0} }
        ],
        "dim_prop_attr" : [
          { "factor_" : 1, "label_" : "core_fold" },
          { "factor_" : 1, "label_" : "corelet_fold" },
          { "factor_" : 1, "label_" : "row_fold" },
          { "factor_" : 16, "label_" : "loop_ds0_ds1_out out" },
          { "factor_" : 2, "label_" : "elem_arr_3" },
          { "factor_" : 8, "label_" : "elem_arr_2" },
          { "factor_" : 2, "label_" : "elem_arr_1" },
          { "factor_" : 8, "label_" : "elem_arr_0" }
        ]
      }
    }, 
    "mb" : {
      "spatial" : 3,
      "temporal" : 1,
      "elemArr" : 4,
      "padding" : "nopad",
      "folds" :  {
        "dim_prop_func" : [
          { "Affine" : {"alpha_" : 16, "beta_" : 0} },
          { "Affine" : {"alpha_" : 0, "beta_" : 0} },
          { "Affine" : {"alpha_" : 0, "beta_" : 0} },
          { "Affine" : {"alpha_" : 0, "beta_" : 0} },
          { "Affine" : {"alpha_" : 2, "beta_" : 0} },
          { "Affine" : {"alpha_" : 0, "beta_" : 0} },
          { "Affine" : {"alpha_" : 1, "beta_" : 0} },
          { "Affine" : {"alpha_" : 0, "beta_" : 0} }
        ],
        "dim_prop_attr" : [
          { "factor_" : 32, "label_" : "core_fold" },
          { "factor_" : 1, "label_" : "corelet_fold" },
          { "factor_" : 1, "label_" : "row_fold" },
          { "factor_" : 1, "label_" : "loop_ds0_ds1_mb mb" },
          { "factor_" : 1, "label_" : "elem_arr_3" },
          { "factor_" : 1, "label_" : "elem_arr_2" },
          { "factor_" : 2, "label_" : "elem_arr_1" },
          { "factor_" : 8, "label_" : "elem_arr_0" }
        ]
      }
    }
  },
  "coreIdToWkSlice_" : { 
  } 
}
Schedule tree in DSC 0:
Schedule node: allocate-Tensor0_hbm
Schedule node: allocate-Tensor1_hbm
Schedule node: loop_ds0_ds1_out
Schedule node: loop_ds0_ds1_mb
Schedule node: allocate_lds0_lx
Schedule node: transfer_lds0_src:hbm_dst:lx
Schedule node: sync_send_l3lu_to_lxlu
Schedule node: sync_receive_lxlu_from_l3lu
Schedule node: sync_send_lxlu_to_l3lu
Schedule node: sync_receive_l3lu_from_lxlu
Schedule node: allocate_lds1_lx
Schedule node: lx_below_schedule
Schedule node: sync_send_lxsu_to_l3su
Schedule node: sync_receive_l3su_from_lxsu
Schedule node: sync_send_l3su_to_lxsu
Schedule node: sync_receive_lxsu_from_l3su
Schedule node: transfer_lds1_src:lx_dst:hbm
[DDC] start working on DSC: qfp8mb

DDL specification disables promotion of transfer.
[DDC] DSC2 successfully filled
[DeepRT] ===== Calling DCC =====
3_qfp8mb with translator version: 3
[DeepRT]: Compilation time taken by DCC in - 3_qfp8mb	320 millisec 
Running L3 DL Ops Scheduler: Node-name: 4_reciprocal
Dimension types to LabeledDs table:
LabeledDs index: 1
Dimension type Elementwise: mb 

LabeledDs index: 0
Dimension type Elementwise: mb 

Loop Order (innermost to outermost):
mb 
Comp: lx
Tensor0 512
Tensor1 512
Comp: lx
Tensor0 512
Tensor1 512
Start exploring best chunk parameters for memory bandwidth
Starting parameters:
DSC index: 0
in=-1 out=-1 ij=-1 mb=64 kij=-1 x=-1 x1=-1 y=-1
Burst efficiency: 0.1
Comp: lx
Tensor0 512
Tensor1 512
Selected parameters:
DSC index: 0
in=-1 out=-1 ij=-1 mb=64 kij=-1 x=-1 x1=-1 y=-1
Burst efficiency: 0.1
Comp: lx
Tensor0 512
Tensor1 512
Comp: lx
Tensor0 512
Tensor1 512


>>> buildFoldFromAllocation:
  node= allocate_lds0_lx(0x2ca90d0)
  refAllocNode= allocate-Tensor0_hbm(0x16891b0)

====================================================

Reference fold: 
"coordinates_" : {
  "coordInfo" : {
    "mb" : {
      "spatial" : 3,
      "temporal" : 0,
      "elemArr" : 2,
      "padding" : "nopad",
      "folds" :  {
        "dim_prop_func" : [
          { "Affine" : {"alpha_" : 64, "beta_" : 0} },
          { "Affine" : {"alpha_" : 0, "beta_" : 0} },
          { "Affine" : {"alpha_" : 0, "beta_" : 0} },
          { "Affine" : {"alpha_" : 64, "beta_" : 0} },
          { "Affine" : {"alpha_" : 1, "beta_" : 0} }
        ],
        "dim_prop_attr" : [
          { "factor_" : 1, "label_" : "core_fold" },
          { "factor_" : 1, "label_" : "corelet_fold" },
          { "factor_" : 1, "label_" : "row_fold" },
          { "factor_" : 1, "label_" : "elem_arr_1" },
          { "factor_" : 64, "label_" : "elem_arr_0" }
        ]
      }
    }
  },
  "coreIdToWkSlice_" : { 
  } 
}


[distributeElemArrToTemporalLoops]: Distributing for Dim= (mb,unpadded)
    sizeRefComp= l3lu propRefComp= l3lu ptRowId= -1 refPadType= nopad targetPadType= nopad
    ElemArr: (1, 0, 64) (64, 0, 1) 

  [distributeElemArrToTemporalLoops]: loop= loop_ds0_ds1_mb dim= (mb, unpadded) iterationCount= 1 refPadType= nopad targetPadType= nopad
    NumDs: {"name_" : "core", "in_" : -1, "out_" : -1, "mb_" : 64, "i_" : -1, "j_" : -1, "ki_" : -1, "kj_" : -1, "x_" : -1, "x1_" : -1, "y_" : -1, "symbolicDimInfo_" : {}, "maxSymbolicVolume_" : {}, "coreletSplit_" : {}, "rowSplit_" : {}, "peSfpSplit_" : {}, "paddingSizes_" : {}}
    DenDs: {"name_" : "chunk", "in_" : -1, "out_" : -1, "mb_" : 64, "i_" : -1, "j_" : -1, "ki_" : -1, "kj_" : -1, "x_" : -1, "x1_" : -1, "y_" : -1, "symbolicDimInfo_" : {}, "maxSymbolicVolume_" : {}, "coreletSplit_" : {}, "rowSplit_" : {}, "peSfpSplit_" : {}, "paddingSizes_" : {}}
    segmentDS: {"name_" : "", "in_" : -1, "out_" : -1, "mb_" : 64, "i_" : -1, "j_" : -1, "ki_" : -1, "kj_" : -1, "x_" : -1, "x1_" : -1, "y_" : -1, "symbolicDimInfo_" : {}, "maxSymbolicVolume_" : {}, "coreletSplit_" : {}, "rowSplit_" : {}, "peSfpSplit_" : {}, "paddingSizes_" : {}}
    segSize= 64 scaleDownFactor= 1 elemSegStride= 64 coordSegStride= 64 iterationCount= 1
    loop_ds0_ds1_mb->relatedElemArrLevel= 1
    Absorbing elemArr[1] = (64, 1) as a temporal fold for loop_ds0_ds1_mb
    After absorbing elemArr[1]:(1, 0, 64) 


====================================================

[buildCoordinateFromAllocation] fold at end:
  refAllocNode = allocate-Tensor0_hbm
  node         = allocate_lds0_lx
"coordinates_" : {
  "coordInfo" : {
    "mb" : {
      "spatial" : 3,
      "temporal" : 1,
      "elemArr" : 1,
      "padding" : "nopad",
      "folds" :  {
        "dim_prop_func" : [
          { "Affine" : {"alpha_" : 64, "beta_" : 0} },
          { "Affine" : {"alpha_" : 0, "beta_" : 0} },
          { "Affine" : {"alpha_" : 0, "beta_" : 0} },
          { "Affine" : {"alpha_" : 64, "beta_" : 0} },
          { "Affine" : {"alpha_" : 1, "beta_" : 0} }
        ],
        "dim_prop_attr" : [
          { "factor_" : 1, "label_" : "core_fold" },
          { "factor_" : 1, "label_" : "corelet_fold" },
          { "factor_" : 1, "label_" : "row_fold" },
          { "factor_" : 1, "label_" : "loop_ds0_ds1_mb mb" },
          { "factor_" : 64, "label_" : "elem_arr_0" }
        ]
      }
    }
  },
  "coreIdToWkSlice_" : { 
  } 
}


>>> buildFoldFromAllocation:
  node= allocate_lds1_lx(0x27be680)
  refAllocNode= allocate-Tensor1_hbm(0x1689650)

====================================================

Reference fold: 
"coordinates_" : {
  "coordInfo" : {
    "mb" : {
      "spatial" : 3,
      "temporal" : 0,
      "elemArr" : 2,
      "padding" : "nopad",
      "folds" :  {
        "dim_prop_func" : [
          { "Affine" : {"alpha_" : 64, "beta_" : 0} },
          { "Affine" : {"alpha_" : 0, "beta_" : 0} },
          { "Affine" : {"alpha_" : 0, "beta_" : 0} },
          { "Affine" : {"alpha_" : 64, "beta_" : 0} },
          { "Affine" : {"alpha_" : 1, "beta_" : 0} }
        ],
        "dim_prop_attr" : [
          { "factor_" : 1, "label_" : "core_fold" },
          { "factor_" : 1, "label_" : "corelet_fold" },
          { "factor_" : 1, "label_" : "row_fold" },
          { "factor_" : 1, "label_" : "elem_arr_1" },
          { "factor_" : 64, "label_" : "elem_arr_0" }
        ]
      }
    }
  },
  "coreIdToWkSlice_" : { 
  } 
}


[distributeElemArrToTemporalLoops]: Distributing for Dim= (mb,unpadded)
    sizeRefComp= l3lu propRefComp= l3lu ptRowId= -1 refPadType= nopad targetPadType= nopad
    ElemArr: (1, 0, 64) (64, 0, 1) 

  [distributeElemArrToTemporalLoops]: loop= loop_ds0_ds1_mb dim= (mb, unpadded) iterationCount= 1 refPadType= nopad targetPadType= nopad
    NumDs: {"name_" : "core", "in_" : -1, "out_" : -1, "mb_" : 64, "i_" : -1, "j_" : -1, "ki_" : -1, "kj_" : -1, "x_" : -1, "x1_" : -1, "y_" : -1, "symbolicDimInfo_" : {}, "maxSymbolicVolume_" : {}, "coreletSplit_" : {}, "rowSplit_" : {}, "peSfpSplit_" : {}, "paddingSizes_" : {}}
    DenDs: {"name_" : "chunk", "in_" : -1, "out_" : -1, "mb_" : 64, "i_" : -1, "j_" : -1, "ki_" : -1, "kj_" : -1, "x_" : -1, "x1_" : -1, "y_" : -1, "symbolicDimInfo_" : {}, "maxSymbolicVolume_" : {}, "coreletSplit_" : {}, "rowSplit_" : {}, "peSfpSplit_" : {}, "paddingSizes_" : {}}
    segmentDS: {"name_" : "", "in_" : -1, "out_" : -1, "mb_" : 64, "i_" : -1, "j_" : -1, "ki_" : -1, "kj_" : -1, "x_" : -1, "x1_" : -1, "y_" : -1, "symbolicDimInfo_" : {}, "maxSymbolicVolume_" : {}, "coreletSplit_" : {}, "rowSplit_" : {}, "peSfpSplit_" : {}, "paddingSizes_" : {}}
    segSize= 64 scaleDownFactor= 1 elemSegStride= 64 coordSegStride= 64 iterationCount= 1
    loop_ds0_ds1_mb->relatedElemArrLevel= 1
    Absorbing elemArr[1] = (64, 1) as a temporal fold for loop_ds0_ds1_mb
    After absorbing elemArr[1]:(1, 0, 64) 


====================================================

[buildCoordinateFromAllocation] fold at end:
  refAllocNode = allocate-Tensor1_hbm
  node         = allocate_lds1_lx
"coordinates_" : {
  "coordInfo" : {
    "mb" : {
      "spatial" : 3,
      "temporal" : 1,
      "elemArr" : 1,
      "padding" : "nopad",
      "folds" :  {
        "dim_prop_func" : [
          { "Affine" : {"alpha_" : 64, "beta_" : 0} },
          { "Affine" : {"alpha_" : 0, "beta_" : 0} },
          { "Affine" : {"alpha_" : 0, "beta_" : 0} },
          { "Affine" : {"alpha_" : 64, "beta_" : 0} },
          { "Affine" : {"alpha_" : 1, "beta_" : 0} }
        ],
        "dim_prop_attr" : [
          { "factor_" : 1, "label_" : "core_fold" },
          { "factor_" : 1, "label_" : "corelet_fold" },
          { "factor_" : 1, "label_" : "row_fold" },
          { "factor_" : 1, "label_" : "loop_ds0_ds1_mb mb" },
          { "factor_" : 64, "label_" : "elem_arr_0" }
        ]
      }
    }
  },
  "coreIdToWkSlice_" : { 
  } 
}
Schedule tree in DSC 0:
Schedule node: allocate-Tensor0_hbm
Schedule node: allocate-Tensor1_hbm
Schedule node: loop_ds0_ds1_mb
Schedule node: allocate_lds0_lx
Schedule node: transfer_lds0_src:hbm_dst:lx
Schedule node: sync_send_l3lu_to_lxlu
Schedule node: sync_receive_lxlu_from_l3lu
Schedule node: sync_send_lxlu_to_l3lu
Schedule node: sync_receive_l3lu_from_lxlu
Schedule node: allocate_lds1_lx
Schedule node: lx_below_schedule
Schedule node: sync_send_lxsu_to_l3su
Schedule node: sync_receive_l3su_from_lxsu
Schedule node: sync_send_l3su_to_lxsu
Schedule node: sync_receive_lxsu_from_l3su
Schedule node: transfer_lds1_src:lx_dst:hbm
[DDC] start working on DSC: reciprocal

[DDC] DSC2 successfully filled
[DeepRT] ===== Calling DCC =====
4_reciprocal with translator version: 3
[DeepRT]: Compilation time taken by DCC in - 4_reciprocal	9 millisec 
Running L3 DL Ops Scheduler: Node-name: 5_mul
Dimension types to LabeledDs table:
LabeledDs index: 2
Dimension type Elementwise: mb out 

LabeledDs index: 1
Dimension type Broadcast: mb out 

LabeledDs index: 0
Dimension type Elementwise: mb out 

Loop Order (innermost to outermost):
mb out 
Comp: lx
Tensor0 512
Tensor1 256
Comp: lx
Tensor0 512
Tensor1 256
Comp: lx
Tensor0 512
Tensor1 256
Comp: lx
Tensor0 512
Tensor1 256
Comp: lx
Tensor0 512
Tensor1 256
Comp: lx
Tensor0 512
Tensor1 256
Comp: lx
Tensor0 512
Tensor1 256
Comp: lx
Tensor0 512
Tensor1 256
Comp: lx
Tensor0 512
Tensor1 256
Comp: lx
Tensor0 512
Tensor1 256
Comp: lx
Tensor0 512
Tensor1 256
Comp: lx
Tensor0 512
Tensor1 256
Comp: lx
Tensor0 512
Tensor1 256
Comp: lx
Tensor0 512
Tensor1 256
Comp: lx
Tensor0 512
Tensor1 256
Comp: lx
Tensor0 512
Tensor1 256
Comp: lx
Tensor0 512
Tensor1 256
Comp: lx
Tensor0 512
Tensor1 256
Comp: lx
Tensor0 512
Tensor1 256
Comp: lx
Tensor0 512
Tensor1 256
Comp: lx
Tensor0 512
Tensor1 256
Comp: lx
Tensor0 512
Tensor1 256
Comp: lx
Tensor0 512
Tensor1 256
Comp: lx
Tensor0 512
Tensor1 256
Comp: lx
Tensor0 512
Tensor1 256
Comp: lx
Tensor0 512
Tensor1 256
Comp: lx
Tensor0 512
Tensor1 256
Comp: lx
Tensor0 512
Tensor1 256
Comp: lx
Tensor0 512
Tensor1 256
Comp: lx
Tensor0 512
Tensor1 256
Comp: lx
Tensor0 512
Tensor1 256
Comp: lx
Tensor0 512
Tensor1 256
Comp: lx
Tensor0 512
Tensor1 256
Comp: lx
Tensor0 512
Tensor1 256
Comp: lx
Tensor0 512
Tensor1 256
Comp: lx
Tensor0 512
Tensor1 256
Comp: lx
Tensor0 512
Tensor1 256
Comp: lx
Tensor0 512
Tensor1 256
Comp: lx
Tensor0 512
Tensor1 256
Comp: lx
Tensor0 512
Tensor1 256
Comp: lx
Tensor0 512
Tensor1 256
Comp: lx
Tensor0 512
Tensor1 256
Comp: lx
Tensor0 512
Tensor1 256
Comp: lx
Tensor0 512
Tensor1 256
Comp: lx
Tensor0 512
Tensor1 256
Comp: lx
Tensor0 512
Tensor1 256
Comp: lx
Tensor0 512
Tensor1 256
Comp: lx
Tensor0 512
Tensor1 256
Comp: lx
Tensor0 512
Tensor1 256
Comp: lx
Tensor0 512
Tensor1 256
Comp: lx
Tensor0 512
Tensor1 256
Comp: lx
Tensor0 512
Tensor1 256
Comp: lx
Tensor0 512
Tensor1 256
Comp: lx
Tensor0 512
Tensor1 256
Comp: lx
Tensor0 512
Tensor1 256
Comp: lx
Tensor0 512
Tensor1 256
Comp: lx
Tensor0 512
Tensor1 256
Comp: lx
Tensor0 512
Tensor1 256
Comp: lx
Tensor0 512
Tensor1 256
Comp: lx
Tensor0 512
Tensor1 256
Comp: lx
Tensor0 512
Tensor1 256
Comp: lx
Tensor0 512
Tensor1 256
Comp: lx
Tensor0 512
Tensor1 256
Comp: lx
Tensor0 512
Tensor1 256
Start exploring best chunk parameters for memory bandwidth
Starting parameters:
DSC index: 0
in=-1 out=64 ij=-1 mb=2 kij=-1 x=-1 x1=-1 y=-1
Burst efficiency: 0.125
Comp: lx
Tensor0 1024
Tensor1 256
Comp: lx
Tensor0 1024
Tensor1 256
Comp: lx
Tensor0 1024
Tensor1 256
Comp: lx
Tensor0 1024
Tensor1 256
Comp: lx
Tensor0 1024
Tensor1 256
Comp: lx
Tensor0 1024
Tensor1 256
Comp: lx
Tensor0 1024
Tensor1 256
Comp: lx
Tensor0 1024
Tensor1 256
Comp: lx
Tensor0 1024
Tensor1 256
Comp: lx
Tensor0 1024
Tensor1 256
Comp: lx
Tensor0 1024
Tensor1 256
Comp: lx
Tensor0 1024
Tensor1 256
Comp: lx
Tensor0 1024
Tensor1 256
Comp: lx
Tensor0 1024
Tensor1 256
Comp: lx
Tensor0 1024
Tensor1 256
Comp: lx
Tensor0 1024
Tensor1 256
Comp: lx
Tensor0 1024
Tensor1 256
Comp: lx
Tensor0 1024
Tensor1 256
Comp: lx
Tensor0 1024
Tensor1 256
Comp: lx
Tensor0 1024
Tensor1 256
Comp: lx
Tensor0 1024
Tensor1 256
Comp: lx
Tensor0 1024
Tensor1 256
Comp: lx
Tensor0 1024
Tensor1 256
Comp: lx
Tensor0 1024
Tensor1 256
Comp: lx
Tensor0 1024
Tensor1 256
Comp: lx
Tensor0 1024
Tensor1 256
Comp: lx
Tensor0 1024
Tensor1 256
Comp: lx
Tensor0 1024
Tensor1 256
Comp: lx
Tensor0 1024
Tensor1 256
Comp: lx
Tensor0 1024
Tensor1 256
Comp: lx
Tensor0 1024
Tensor1 256
Comp: lx
Tensor0 1024
Tensor1 256
Current parameters:
DSC index: 0
in=-1 out=64 ij=-1 mb=4 kij=-1 x=-1 x1=-1 y=-1
Burst efficiency: 0.174999
Comp: lx
Tensor0 2048
Tensor1 256
Comp: lx
Tensor0 2048
Tensor1 256
Comp: lx
Tensor0 2048
Tensor1 256
Comp: lx
Tensor0 2048
Tensor1 256
Comp: lx
Tensor0 2048
Tensor1 256
Comp: lx
Tensor0 2048
Tensor1 256
Comp: lx
Tensor0 2048
Tensor1 256
Comp: lx
Tensor0 2048
Tensor1 256
Comp: lx
Tensor0 2048
Tensor1 256
Comp: lx
Tensor0 2048
Tensor1 256
Comp: lx
Tensor0 2048
Tensor1 256
Comp: lx
Tensor0 2048
Tensor1 256
Comp: lx
Tensor0 2048
Tensor1 256
Comp: lx
Tensor0 2048
Tensor1 256
Comp: lx
Tensor0 2048
Tensor1 256
Comp: lx
Tensor0 2048
Tensor1 256
Comp: lx
Tensor0 2048
Tensor1 256
Comp: lx
Tensor0 2048
Tensor1 256
Comp: lx
Tensor0 2048
Tensor1 256
Comp: lx
Tensor0 2048
Tensor1 256
Comp: lx
Tensor0 2048
Tensor1 256
Comp: lx
Tensor0 2048
Tensor1 256
Comp: lx
Tensor0 2048
Tensor1 256
Comp: lx
Tensor0 2048
Tensor1 256
Comp: lx
Tensor0 2048
Tensor1 256
Comp: lx
Tensor0 2048
Tensor1 256
Comp: lx
Tensor0 2048
Tensor1 256
Comp: lx
Tensor0 2048
Tensor1 256
Comp: lx
Tensor0 2048
Tensor1 256
Comp: lx
Tensor0 2048
Tensor1 256
Comp: lx
Tensor0 2048
Tensor1 256
Comp: lx
Tensor0 2048
Tensor1 256
Current parameters:
DSC index: 0
in=-1 out=64 ij=-1 mb=8 kij=-1 x=-1 x1=-1 y=-1
Burst efficiency: 0.274995
Comp: lx
Tensor0 4096
Tensor1 256
Comp: lx
Tensor0 4096
Tensor1 256
Comp: lx
Tensor0 4096
Tensor1 256
Comp: lx
Tensor0 4096
Tensor1 256
Comp: lx
Tensor0 4096
Tensor1 256
Comp: lx
Tensor0 4096
Tensor1 256
Comp: lx
Tensor0 4096
Tensor1 256
Comp: lx
Tensor0 4096
Tensor1 256
Comp: lx
Tensor0 4096
Tensor1 256
Comp: lx
Tensor0 4096
Tensor1 256
Comp: lx
Tensor0 4096
Tensor1 256
Comp: lx
Tensor0 4096
Tensor1 256
Comp: lx
Tensor0 4096
Tensor1 256
Comp: lx
Tensor0 4096
Tensor1 256
Comp: lx
Tensor0 4096
Tensor1 256
Comp: lx
Tensor0 4096
Tensor1 256
Comp: lx
Tensor0 4096
Tensor1 256
Comp: lx
Tensor0 4096
Tensor1 256
Comp: lx
Tensor0 4096
Tensor1 256
Comp: lx
Tensor0 4096
Tensor1 256
Comp: lx
Tensor0 4096
Tensor1 256
Comp: lx
Tensor0 4096
Tensor1 256
Comp: lx
Tensor0 4096
Tensor1 256
Comp: lx
Tensor0 4096
Tensor1 256
Comp: lx
Tensor0 4096
Tensor1 256
Comp: lx
Tensor0 4096
Tensor1 256
Comp: lx
Tensor0 4096
Tensor1 256
Comp: lx
Tensor0 4096
Tensor1 256
Comp: lx
Tensor0 4096
Tensor1 256
Comp: lx
Tensor0 4096
Tensor1 256
Comp: lx
Tensor0 4096
Tensor1 256
Comp: lx
Tensor0 4096
Tensor1 256
Current parameters:
DSC index: 0
in=-1 out=64 ij=-1 mb=16 kij=-1 x=-1 x1=-1 y=-1
Burst efficiency: 0.474977
Comp: lx
Tensor0 8192
Tensor1 256
Comp: lx
Tensor0 8192
Tensor1 256
Comp: lx
Tensor0 8192
Tensor1 256
Comp: lx
Tensor0 8192
Tensor1 256
Comp: lx
Tensor0 8192
Tensor1 256
Comp: lx
Tensor0 8192
Tensor1 256
Comp: lx
Tensor0 8192
Tensor1 256
Comp: lx
Tensor0 8192
Tensor1 256
Comp: lx
Tensor0 8192
Tensor1 256
Comp: lx
Tensor0 8192
Tensor1 256
Comp: lx
Tensor0 8192
Tensor1 256
Comp: lx
Tensor0 8192
Tensor1 256
Comp: lx
Tensor0 8192
Tensor1 256
Comp: lx
Tensor0 8192
Tensor1 256
Comp: lx
Tensor0 8192
Tensor1 256
Comp: lx
Tensor0 8192
Tensor1 256
Comp: lx
Tensor0 8192
Tensor1 256
Comp: lx
Tensor0 8192
Tensor1 256
Comp: lx
Tensor0 8192
Tensor1 256
Comp: lx
Tensor0 8192
Tensor1 256
Comp: lx
Tensor0 8192
Tensor1 256
Comp: lx
Tensor0 8192
Tensor1 256
Comp: lx
Tensor0 8192
Tensor1 256
Comp: lx
Tensor0 8192
Tensor1 256
Comp: lx
Tensor0 8192
Tensor1 256
Comp: lx
Tensor0 8192
Tensor1 256
Comp: lx
Tensor0 8192
Tensor1 256
Comp: lx
Tensor0 8192
Tensor1 256
Comp: lx
Tensor0 8192
Tensor1 256
Comp: lx
Tensor0 8192
Tensor1 256
Comp: lx
Tensor0 8192
Tensor1 256
Comp: lx
Tensor0 8192
Tensor1 256
Current parameters:
DSC index: 0
in=-1 out=64 ij=-1 mb=32 kij=-1 x=-1 x1=-1 y=-1
Burst efficiency: 0.874905
Comp: lx
Tensor0 16384
Tensor1 256
Comp: lx
Tensor0 16384
Tensor1 256
Comp: lx
Tensor0 16384
Tensor1 256
Comp: lx
Tensor0 16384
Tensor1 256
Comp: lx
Tensor0 16384
Tensor1 256
Comp: lx
Tensor0 16384
Tensor1 256
Comp: lx
Tensor0 16384
Tensor1 256
Comp: lx
Tensor0 16384
Tensor1 256
Comp: lx
Tensor0 16384
Tensor1 256
Comp: lx
Tensor0 16384
Tensor1 256
Comp: lx
Tensor0 16384
Tensor1 256
Comp: lx
Tensor0 16384
Tensor1 256
Comp: lx
Tensor0 16384
Tensor1 256
Comp: lx
Tensor0 16384
Tensor1 256
Comp: lx
Tensor0 16384
Tensor1 256
Comp: lx
Tensor0 16384
Tensor1 256
Comp: lx
Tensor0 16384
Tensor1 256
Comp: lx
Tensor0 16384
Tensor1 256
Comp: lx
Tensor0 16384
Tensor1 256
Comp: lx
Tensor0 16384
Tensor1 256
Comp: lx
Tensor0 16384
Tensor1 256
Comp: lx
Tensor0 16384
Tensor1 256
Comp: lx
Tensor0 16384
Tensor1 256
Comp: lx
Tensor0 16384
Tensor1 256
Comp: lx
Tensor0 16384
Tensor1 256
Comp: lx
Tensor0 16384
Tensor1 256
Comp: lx
Tensor0 16384
Tensor1 256
Comp: lx
Tensor0 16384
Tensor1 256
Comp: lx
Tensor0 16384
Tensor1 256
Comp: lx
Tensor0 16384
Tensor1 256
Comp: lx
Tensor0 16384
Tensor1 256
Comp: lx
Tensor0 16384
Tensor1 256
Current parameters:
DSC index: 0
in=-1 out=64 ij=-1 mb=64 kij=-1 x=-1 x1=-1 y=-1
Burst efficiency: 0.874905
Comp: lx
Tensor0 32768
Tensor1 256
Comp: lx
Tensor0 32768
Tensor1 256
Comp: lx
Tensor0 32768
Tensor1 256
Comp: lx
Tensor0 32768
Tensor1 256
Comp: lx
Tensor0 32768
Tensor1 256
Comp: lx
Tensor0 32768
Tensor1 256
Comp: lx
Tensor0 32768
Tensor1 256
Comp: lx
Tensor0 32768
Tensor1 256
Comp: lx
Tensor0 32768
Tensor1 256
Comp: lx
Tensor0 32768
Tensor1 256
Comp: lx
Tensor0 32768
Tensor1 256
Comp: lx
Tensor0 32768
Tensor1 256
Comp: lx
Tensor0 32768
Tensor1 256
Comp: lx
Tensor0 32768
Tensor1 256
Comp: lx
Tensor0 32768
Tensor1 256
Comp: lx
Tensor0 32768
Tensor1 256
Comp: lx
Tensor0 32768
Tensor1 256
Comp: lx
Tensor0 32768
Tensor1 256
Comp: lx
Tensor0 32768
Tensor1 256
Comp: lx
Tensor0 32768
Tensor1 256
Comp: lx
Tensor0 32768
Tensor1 256
Comp: lx
Tensor0 32768
Tensor1 256
Comp: lx
Tensor0 32768
Tensor1 256
Comp: lx
Tensor0 32768
Tensor1 256
Comp: lx
Tensor0 32768
Tensor1 256
Comp: lx
Tensor0 32768
Tensor1 256
Comp: lx
Tensor0 32768
Tensor1 256
Comp: lx
Tensor0 32768
Tensor1 256
Comp: lx
Tensor0 32768
Tensor1 256
Comp: lx
Tensor0 32768
Tensor1 256
Comp: lx
Tensor0 32768
Tensor1 256
Comp: lx
Tensor0 32768
Tensor1 256
Current parameters:
DSC index: 0
in=-1 out=64 ij=-1 mb=128 kij=-1 x=-1 x1=-1 y=-1
Burst efficiency: 0.874905
Comp: lx
Tensor0 16384
Tensor1 256
Comp: lx
Tensor0 16384
Tensor1 256
Comp: lx
Tensor0 16384
Tensor1 256
Comp: lx
Tensor0 16384
Tensor1 256
Comp: lx
Tensor0 16384
Tensor1 256
Comp: lx
Tensor0 16384
Tensor1 256
Comp: lx
Tensor0 16384
Tensor1 256
Comp: lx
Tensor0 16384
Tensor1 256
Comp: lx
Tensor0 16384
Tensor1 256
Comp: lx
Tensor0 16384
Tensor1 256
Comp: lx
Tensor0 16384
Tensor1 256
Comp: lx
Tensor0 16384
Tensor1 256
Comp: lx
Tensor0 16384
Tensor1 256
Comp: lx
Tensor0 16384
Tensor1 256
Comp: lx
Tensor0 16384
Tensor1 256
Comp: lx
Tensor0 16384
Tensor1 256
Comp: lx
Tensor0 16384
Tensor1 256
Comp: lx
Tensor0 16384
Tensor1 256
Comp: lx
Tensor0 16384
Tensor1 256
Comp: lx
Tensor0 16384
Tensor1 256
Comp: lx
Tensor0 16384
Tensor1 256
Comp: lx
Tensor0 16384
Tensor1 256
Comp: lx
Tensor0 16384
Tensor1 256
Comp: lx
Tensor0 16384
Tensor1 256
Comp: lx
Tensor0 16384
Tensor1 256
Comp: lx
Tensor0 16384
Tensor1 256
Comp: lx
Tensor0 16384
Tensor1 256
Comp: lx
Tensor0 16384
Tensor1 256
Comp: lx
Tensor0 16384
Tensor1 256
Comp: lx
Tensor0 16384
Tensor1 256
Comp: lx
Tensor0 16384
Tensor1 256
Comp: lx
Tensor0 16384
Tensor1 256
Current parameters:
DSC index: 0
in=-1 out=128 ij=-1 mb=32 kij=-1 x=-1 x1=-1 y=-1
Burst efficiency: 0.874905
Comp: lx
Tensor0 32768
Tensor1 256
Comp: lx
Tensor0 32768
Tensor1 256
Comp: lx
Tensor0 32768
Tensor1 256
Comp: lx
Tensor0 32768
Tensor1 256
Comp: lx
Tensor0 32768
Tensor1 256
Comp: lx
Tensor0 32768
Tensor1 256
Comp: lx
Tensor0 32768
Tensor1 256
Comp: lx
Tensor0 32768
Tensor1 256
Comp: lx
Tensor0 32768
Tensor1 256
Comp: lx
Tensor0 32768
Tensor1 256
Comp: lx
Tensor0 32768
Tensor1 256
Comp: lx
Tensor0 32768
Tensor1 256
Comp: lx
Tensor0 32768
Tensor1 256
Comp: lx
Tensor0 32768
Tensor1 256
Comp: lx
Tensor0 32768
Tensor1 256
Comp: lx
Tensor0 32768
Tensor1 256
Comp: lx
Tensor0 32768
Tensor1 256
Comp: lx
Tensor0 32768
Tensor1 256
Comp: lx
Tensor0 32768
Tensor1 256
Comp: lx
Tensor0 32768
Tensor1 256
Comp: lx
Tensor0 32768
Tensor1 256
Comp: lx
Tensor0 32768
Tensor1 256
Comp: lx
Tensor0 32768
Tensor1 256
Comp: lx
Tensor0 32768
Tensor1 256
Comp: lx
Tensor0 32768
Tensor1 256
Comp: lx
Tensor0 32768
Tensor1 256
Comp: lx
Tensor0 32768
Tensor1 256
Comp: lx
Tensor0 32768
Tensor1 256
Comp: lx
Tensor0 32768
Tensor1 256
Comp: lx
Tensor0 32768
Tensor1 256
Comp: lx
Tensor0 32768
Tensor1 256
Comp: lx
Tensor0 32768
Tensor1 256
Current parameters:
DSC index: 0
in=-1 out=256 ij=-1 mb=32 kij=-1 x=-1 x1=-1 y=-1
Burst efficiency: 0.874905
Comp: lx
Tensor0 65536
Tensor1 256
Comp: lx
Tensor0 65536
Tensor1 256
Comp: lx
Tensor0 65536
Tensor1 256
Comp: lx
Tensor0 65536
Tensor1 256
Comp: lx
Tensor0 65536
Tensor1 256
Comp: lx
Tensor0 65536
Tensor1 256
Comp: lx
Tensor0 65536
Tensor1 256
Comp: lx
Tensor0 65536
Tensor1 256
Comp: lx
Tensor0 65536
Tensor1 256
Comp: lx
Tensor0 65536
Tensor1 256
Comp: lx
Tensor0 65536
Tensor1 256
Comp: lx
Tensor0 65536
Tensor1 256
Comp: lx
Tensor0 65536
Tensor1 256
Comp: lx
Tensor0 65536
Tensor1 256
Comp: lx
Tensor0 65536
Tensor1 256
Comp: lx
Tensor0 65536
Tensor1 256
Comp: lx
Tensor0 65536
Tensor1 256
Comp: lx
Tensor0 65536
Tensor1 256
Comp: lx
Tensor0 65536
Tensor1 256
Comp: lx
Tensor0 65536
Tensor1 256
Comp: lx
Tensor0 65536
Tensor1 256
Comp: lx
Tensor0 65536
Tensor1 256
Comp: lx
Tensor0 65536
Tensor1 256
Comp: lx
Tensor0 65536
Tensor1 256
Comp: lx
Tensor0 65536
Tensor1 256
Comp: lx
Tensor0 65536
Tensor1 256
Comp: lx
Tensor0 65536
Tensor1 256
Comp: lx
Tensor0 65536
Tensor1 256
Comp: lx
Tensor0 65536
Tensor1 256
Comp: lx
Tensor0 65536
Tensor1 256
Comp: lx
Tensor0 65536
Tensor1 256
Comp: lx
Tensor0 65536
Tensor1 256
Current parameters:
DSC index: 0
in=-1 out=512 ij=-1 mb=32 kij=-1 x=-1 x1=-1 y=-1
Burst efficiency: 0.874905
Comp: lx
Tensor0 131072
Tensor1 256
Comp: lx
Tensor0 131072
Tensor1 256
Comp: lx
Tensor0 131072
Tensor1 256
Comp: lx
Tensor0 131072
Tensor1 256
Comp: lx
Tensor0 131072
Tensor1 256
Comp: lx
Tensor0 131072
Tensor1 256
Comp: lx
Tensor0 131072
Tensor1 256
Comp: lx
Tensor0 131072
Tensor1 256
Comp: lx
Tensor0 131072
Tensor1 256
Comp: lx
Tensor0 131072
Tensor1 256
Comp: lx
Tensor0 131072
Tensor1 256
Comp: lx
Tensor0 131072
Tensor1 256
Comp: lx
Tensor0 131072
Tensor1 256
Comp: lx
Tensor0 131072
Tensor1 256
Comp: lx
Tensor0 131072
Tensor1 256
Comp: lx
Tensor0 131072
Tensor1 256
Comp: lx
Tensor0 131072
Tensor1 256
Comp: lx
Tensor0 131072
Tensor1 256
Comp: lx
Tensor0 131072
Tensor1 256
Comp: lx
Tensor0 131072
Tensor1 256
Comp: lx
Tensor0 131072
Tensor1 256
Comp: lx
Tensor0 131072
Tensor1 256
Comp: lx
Tensor0 131072
Tensor1 256
Comp: lx
Tensor0 131072
Tensor1 256
Comp: lx
Tensor0 131072
Tensor1 256
Comp: lx
Tensor0 131072
Tensor1 256
Comp: lx
Tensor0 131072
Tensor1 256
Comp: lx
Tensor0 131072
Tensor1 256
Comp: lx
Tensor0 131072
Tensor1 256
Comp: lx
Tensor0 131072
Tensor1 256
Comp: lx
Tensor0 131072
Tensor1 256
Comp: lx
Tensor0 131072
Tensor1 256
Current parameters:
DSC index: 0
in=-1 out=1024 ij=-1 mb=32 kij=-1 x=-1 x1=-1 y=-1
Burst efficiency: 0.874905
Comp: lx
Tensor0 262144
Tensor1 256
Comp: lx
Tensor0 262144
Tensor1 256
Comp: lx
Tensor0 262144
Tensor1 256
Comp: lx
Tensor0 262144
Tensor1 256
Comp: lx
Tensor0 262144
Tensor1 256
Comp: lx
Tensor0 262144
Tensor1 256
Comp: lx
Tensor0 262144
Tensor1 256
Comp: lx
Tensor0 262144
Tensor1 256
Comp: lx
Tensor0 262144
Tensor1 256
Comp: lx
Tensor0 262144
Tensor1 256
Comp: lx
Tensor0 262144
Tensor1 256
Comp: lx
Tensor0 262144
Tensor1 256
Comp: lx
Tensor0 262144
Tensor1 256
Comp: lx
Tensor0 262144
Tensor1 256
Comp: lx
Tensor0 262144
Tensor1 256
Comp: lx
Tensor0 262144
Tensor1 256
Comp: lx
Tensor0 262144
Tensor1 256
Comp: lx
Tensor0 262144
Tensor1 256
Comp: lx
Tensor0 262144
Tensor1 256
Comp: lx
Tensor0 262144
Tensor1 256
Comp: lx
Tensor0 262144
Tensor1 256
Comp: lx
Tensor0 262144
Tensor1 256
Comp: lx
Tensor0 262144
Tensor1 256
Comp: lx
Tensor0 262144
Tensor1 256
Comp: lx
Tensor0 262144
Tensor1 256
Comp: lx
Tensor0 262144
Tensor1 256
Comp: lx
Tensor0 262144
Tensor1 256
Comp: lx
Tensor0 262144
Tensor1 256
Comp: lx
Tensor0 262144
Tensor1 256
Comp: lx
Tensor0 262144
Tensor1 256
Comp: lx
Tensor0 262144
Tensor1 256
Comp: lx
Tensor0 262144
Tensor1 256
Current parameters:
DSC index: 0
in=-1 out=2048 ij=-1 mb=32 kij=-1 x=-1 x1=-1 y=-1
Burst efficiency: 0.874905
Comp: lx
Tensor0 524288
Tensor1 256
Tensor0 524288
-------------- ExPhase: 7 START -------------
(+) reserved-frontend = size: 1625344 addr: 0
(PAR)  Free = 406272
-------------- ExPhase: 7 END ---------------
Current parameters:
DSC index: 0
in=-1 out=4096 ij=-1 mb=32 kij=-1 x=-1 x1=-1 y=-1
Burst efficiency: 0
Comp: lx
Tensor0 8192
Tensor1 256
Comp: lx
Tensor0 8192
Tensor1 256
Comp: lx
Tensor0 8192
Tensor1 256
Comp: lx
Tensor0 8192
Tensor1 256
Comp: lx
Tensor0 8192
Tensor1 256
Comp: lx
Tensor0 8192
Tensor1 256
Comp: lx
Tensor0 8192
Tensor1 256
Comp: lx
Tensor0 8192
Tensor1 256
Comp: lx
Tensor0 8192
Tensor1 256
Comp: lx
Tensor0 8192
Tensor1 256
Comp: lx
Tensor0 8192
Tensor1 256
Comp: lx
Tensor0 8192
Tensor1 256
Comp: lx
Tensor0 8192
Tensor1 256
Comp: lx
Tensor0 8192
Tensor1 256
Comp: lx
Tensor0 8192
Tensor1 256
Comp: lx
Tensor0 8192
Tensor1 256
Comp: lx
Tensor0 8192
Tensor1 256
Comp: lx
Tensor0 8192
Tensor1 256
Comp: lx
Tensor0 8192
Tensor1 256
Comp: lx
Tensor0 8192
Tensor1 256
Comp: lx
Tensor0 8192
Tensor1 256
Comp: lx
Tensor0 8192
Tensor1 256
Comp: lx
Tensor0 8192
Tensor1 256
Comp: lx
Tensor0 8192
Tensor1 256
Comp: lx
Tensor0 8192
Tensor1 256
Comp: lx
Tensor0 8192
Tensor1 256
Comp: lx
Tensor0 8192
Tensor1 256
Comp: lx
Tensor0 8192
Tensor1 256
Comp: lx
Tensor0 8192
Tensor1 256
Comp: lx
Tensor0 8192
Tensor1 256
Comp: lx
Tensor0 8192
Tensor1 256
Comp: lx
Tensor0 8192
Tensor1 256
Selected parameters:
DSC index: 0
in=-1 out=64 ij=-1 mb=32 kij=-1 x=-1 x1=-1 y=-1
Burst efficiency: 0.874905
Comp: lx
Tensor0 8192
Tensor1 256
Comp: lx
Tensor0 8192
Tensor1 256
Comp: lx
Tensor0 8192
Tensor1 256
Comp: lx
Tensor0 8192
Tensor1 256
Comp: lx
Tensor0 8192
Tensor1 256
Comp: lx
Tensor0 8192
Tensor1 256
Comp: lx
Tensor0 8192
Tensor1 256
Comp: lx
Tensor0 8192
Tensor1 256
Comp: lx
Tensor0 8192
Tensor1 256
Comp: lx
Tensor0 8192
Tensor1 256
Comp: lx
Tensor0 8192
Tensor1 256
Comp: lx
Tensor0 8192
Tensor1 256
Comp: lx
Tensor0 8192
Tensor1 256
Comp: lx
Tensor0 8192
Tensor1 256
Comp: lx
Tensor0 8192
Tensor1 256
Comp: lx
Tensor0 8192
Tensor1 256
Comp: lx
Tensor0 8192
Tensor1 256
Comp: lx
Tensor0 8192
Tensor1 256
Comp: lx
Tensor0 8192
Tensor1 256
Comp: lx
Tensor0 8192
Tensor1 256
Comp: lx
Tensor0 8192
Tensor1 256
Comp: lx
Tensor0 8192
Tensor1 256
Comp: lx
Tensor0 8192
Tensor1 256
Comp: lx
Tensor0 8192
Tensor1 256
Comp: lx
Tensor0 8192
Tensor1 256
Comp: lx
Tensor0 8192
Tensor1 256
Comp: lx
Tensor0 8192
Tensor1 256
Comp: lx
Tensor0 8192
Tensor1 256
Comp: lx
Tensor0 8192
Tensor1 256
Comp: lx
Tensor0 8192
Tensor1 256
Comp: lx
Tensor0 8192
Tensor1 256
Comp: lx
Tensor0 8192
Tensor1 256
Comp: lx
Tensor0 8192
Tensor1 256
Comp: lx
Tensor0 8192
Tensor1 256
Comp: lx
Tensor0 8192
Tensor1 256
Comp: lx
Tensor0 8192
Tensor1 256
Comp: lx
Tensor0 8192
Tensor1 256
Comp: lx
Tensor0 8192
Tensor1 256
Comp: lx
Tensor0 8192
Tensor1 256
Comp: lx
Tensor0 8192
Tensor1 256
Comp: lx
Tensor0 8192
Tensor1 256
Comp: lx
Tensor0 8192
Tensor1 256
Comp: lx
Tensor0 8192
Tensor1 256
Comp: lx
Tensor0 8192
Tensor1 256
Comp: lx
Tensor0 8192
Tensor1 256
Comp: lx
Tensor0 8192
Tensor1 256
Comp: lx
Tensor0 8192
Tensor1 256
Comp: lx
Tensor0 8192
Tensor1 256
Comp: lx
Tensor0 8192
Tensor1 256
Comp: lx
Tensor0 8192
Tensor1 256
Comp: lx
Tensor0 8192
Tensor1 256
Comp: lx
Tensor0 8192
Tensor1 256
Comp: lx
Tensor0 8192
Tensor1 256
Comp: lx
Tensor0 8192
Tensor1 256
Comp: lx
Tensor0 8192
Tensor1 256
Comp: lx
Tensor0 8192
Tensor1 256
Comp: lx
Tensor0 8192
Tensor1 256
Comp: lx
Tensor0 8192
Tensor1 256
Comp: lx
Tensor0 8192
Tensor1 256
Comp: lx
Tensor0 8192
Tensor1 256
Comp: lx
Tensor0 8192
Tensor1 256
Comp: lx
Tensor0 8192
Tensor1 256
Comp: lx
Tensor0 8192
Tensor1 256
Comp: lx
Tensor0 8192
Tensor1 256


>>> buildFoldFromAllocation:
  node= allocate_lds0_lx(0x2b5fb80)
  refAllocNode= allocate-Tensor0_hbm(0x16da2e0)

====================================================

Reference fold: 
"coordinates_" : {
  "coordInfo" : {
    "out" : {
      "spatial" : 3,
      "temporal" : 0,
      "elemArr" : 2,
      "padding" : "nopad",
      "folds" :  {
        "dim_prop_func" : [
          { "Affine" : {"alpha_" : 4096, "beta_" : 0} },
          { "Affine" : {"alpha_" : 0, "beta_" : 0} },
          { "Affine" : {"alpha_" : 0, "beta_" : 0} },
          { "Affine" : {"alpha_" : 64, "beta_" : 0} },
          { "Affine" : {"alpha_" : 1, "beta_" : 0} }
        ],
        "dim_prop_attr" : [
          { "factor_" : 1, "label_" : "core_fold" },
          { "factor_" : 1, "label_" : "corelet_fold" },
          { "factor_" : 1, "label_" : "row_fold" },
          { "factor_" : 64, "label_" : "elem_arr_1" },
          { "factor_" : 64, "label_" : "elem_arr_0" }
        ]
      }
    }, 
    "mb" : {
      "spatial" : 3,
      "temporal" : 0,
      "elemArr" : 1,
      "padding" : "nopad",
      "folds" :  {
        "dim_prop_func" : [
          { "Affine" : {"alpha_" : 128, "beta_" : 0} },
          { "Affine" : {"alpha_" : 0, "beta_" : 0} },
          { "Affine" : {"alpha_" : 0, "beta_" : 0} },
          { "Affine" : {"alpha_" : 1, "beta_" : 0} }
        ],
        "dim_prop_attr" : [
          { "factor_" : 32, "label_" : "core_fold" },
          { "factor_" : 1, "label_" : "corelet_fold" },
          { "factor_" : 1, "label_" : "row_fold" },
          { "factor_" : 128, "label_" : "elem_arr_0" }
        ]
      }
    }
  },
  "coreIdToWkSlice_" : { 
  } 
}


[distributeElemArrToTemporalLoops]: Distributing for Dim= (out,unpadded)
    sizeRefComp= l3lu propRefComp= l3lu ptRowId= -1 refPadType= nopad targetPadType= nopad
    ElemArr: (1, 0, 64) (64, 0, 64) 

  [distributeElemArrToTemporalLoops]: loop= loop_ds0_ds1_out dim= (out, unpadded) iterationCount= 64 refPadType= nopad targetPadType= nopad
    NumDs: {"name_" : "core", "in_" : -1, "out_" : 4096, "mb_" : 128, "i_" : -1, "j_" : -1, "ki_" : -1, "kj_" : -1, "x_" : -1, "x1_" : -1, "y_" : -1, "symbolicDimInfo_" : {}, "maxSymbolicVolume_" : {}, "coreletSplit_" : {"mb" : [64, 64]}, "rowSplit_" : {}, "peSfpSplit_" : {}, "paddingSizes_" : {}}
    DenDs: {"name_" : "chunk", "in_" : -1, "out_" : 64, "mb_" : 32, "i_" : -1, "j_" : -1, "ki_" : -1, "kj_" : -1, "x_" : -1, "x1_" : -1, "y_" : -1, "symbolicDimInfo_" : {}, "maxSymbolicVolume_" : {}, "coreletSplit_" : {"mb" : [16, 16]}, "rowSplit_" : {}, "peSfpSplit_" : {}, "paddingSizes_" : {}}
    segmentDS: {"name_" : "", "in_" : -1, "out_" : 64, "mb_" : 128, "i_" : -1, "j_" : -1, "ki_" : -1, "kj_" : -1, "x_" : -1, "x1_" : -1, "y_" : -1, "symbolicDimInfo_" : {}, "maxSymbolicVolume_" : {}, "coreletSplit_" : {"mb" : [64, 64]}, "rowSplit_" : {}, "peSfpSplit_" : {}, "paddingSizes_" : {}}
    segSize= 64 scaleDownFactor= 1 elemSegStride= 64 coordSegStride= 64 iterationCount= 64
    loop_ds0_ds1_out->relatedElemArrLevel= 1
    Absorbing elemArr[1] = (64, 64) as a temporal fold for loop_ds0_ds1_out
    After absorbing elemArr[1]:(1, 0, 64) 


[distributeElemArrToTemporalLoops]: Distributing for Dim= (mb,unpadded)
    sizeRefComp= l3lu propRefComp= l3lu ptRowId= -1 refPadType= nopad targetPadType= nopad
    ElemArr: (1, 0, 128) 

  [distributeElemArrToTemporalLoops]: loop= loop_ds0_ds1_mb dim= (mb, unpadded) iterationCount= 4 refPadType= nopad targetPadType= nopad
    NumDs: {"name_" : "core", "in_" : -1, "out_" : 4096, "mb_" : 128, "i_" : -1, "j_" : -1, "ki_" : -1, "kj_" : -1, "x_" : -1, "x1_" : -1, "y_" : -1, "symbolicDimInfo_" : {}, "maxSymbolicVolume_" : {}, "coreletSplit_" : {"mb" : [64, 64]}, "rowSplit_" : {}, "peSfpSplit_" : {}, "paddingSizes_" : {}}
    DenDs: {"name_" : "chunk", "in_" : -1, "out_" : 64, "mb_" : 32, "i_" : -1, "j_" : -1, "ki_" : -1, "kj_" : -1, "x_" : -1, "x1_" : -1, "y_" : -1, "symbolicDimInfo_" : {}, "maxSymbolicVolume_" : {}, "coreletSplit_" : {"mb" : [16, 16]}, "rowSplit_" : {}, "peSfpSplit_" : {}, "paddingSizes_" : {}}
    segmentDS: {"name_" : "", "in_" : -1, "out_" : 64, "mb_" : 32, "i_" : -1, "j_" : -1, "ki_" : -1, "kj_" : -1, "x_" : -1, "x1_" : -1, "y_" : -1, "symbolicDimInfo_" : {}, "maxSymbolicVolume_" : {}, "coreletSplit_" : {"mb" : [16, 16]}, "rowSplit_" : {}, "peSfpSplit_" : {}, "paddingSizes_" : {}}
    segSize= 32 scaleDownFactor= 1 elemSegStride= 32 coordSegStride= 32 iterationCount= 4
    loop_ds0_ds1_mb->relatedElemArrLevel= 0
    elemArr(before distribution): (1, 0, 128) 
    Distributing elemArr[0] = (1, 0, 128)
    elemArr(after distribution): (1, 0, 32) 
    loopParams after distribution: (32, 0, 4)

====================================================

[buildCoordinateFromAllocation] fold at end:
  refAllocNode = allocate-Tensor0_hbm
  node         = allocate_lds0_lx
"coordinates_" : {
  "coordInfo" : {
    "out" : {
      "spatial" : 3,
      "temporal" : 1,
      "elemArr" : 1,
      "padding" : "nopad",
      "folds" :  {
        "dim_prop_func" : [
          { "Affine" : {"alpha_" : 4096, "beta_" : 0} },
          { "Affine" : {"alpha_" : 0, "beta_" : 0} },
          { "Affine" : {"alpha_" : 0, "beta_" : 0} },
          { "Affine" : {"alpha_" : 64, "beta_" : 0} },
          { "Affine" : {"alpha_" : 1, "beta_" : 0} }
        ],
        "dim_prop_attr" : [
          { "factor_" : 1, "label_" : "core_fold" },
          { "factor_" : 1, "label_" : "corelet_fold" },
          { "factor_" : 1, "label_" : "row_fold" },
          { "factor_" : 64, "label_" : "loop_ds0_ds1_out out" },
          { "factor_" : 64, "label_" : "elem_arr_0" }
        ]
      }
    }, 
    "mb" : {
      "spatial" : 3,
      "temporal" : 1,
      "elemArr" : 1,
      "padding" : "nopad",
      "folds" :  {
        "dim_prop_func" : [
          { "Affine" : {"alpha_" : 128, "beta_" : 0} },
          { "Affine" : {"alpha_" : 0, "beta_" : 0} },
          { "Affine" : {"alpha_" : 0, "beta_" : 0} },
          { "Affine" : {"alpha_" : 32, "beta_" : 0} },
          { "Affine" : {"alpha_" : 1, "beta_" : 0} }
        ],
        "dim_prop_attr" : [
          { "factor_" : 32, "label_" : "core_fold" },
          { "factor_" : 1, "label_" : "corelet_fold" },
          { "factor_" : 1, "label_" : "row_fold" },
          { "factor_" : 4, "label_" : "loop_ds0_ds1_mb mb" },
          { "factor_" : 32, "label_" : "elem_arr_0" }
        ]
      }
    }
  },
  "coreIdToWkSlice_" : { 
  } 
}


>>> buildFoldFromAllocation:
  node= allocate_lds1_lx(0x26afe00)
  refAllocNode= allocate-Tensor1_hbm(0x16da790)

====================================================

Reference fold: 
"coordinates_" : {
  "coordInfo" : {
    "out" : {
      "spatial" : 3,
      "temporal" : 0,
      "elemArr" : 2,
      "padding" : "nopad",
      "folds" :  {
        "dim_prop_func" : [
          { "Affine" : {"alpha_" : 64, "beta_" : 0} },
          { "Affine" : {"alpha_" : 0, "beta_" : 0} },
          { "Affine" : {"alpha_" : 0, "beta_" : 0} },
          { "Affine" : {"alpha_" : 64, "beta_" : 0} },
          { "Affine" : {"alpha_" : 0, "beta_" : 0} }
        ],
        "dim_prop_attr" : [
          { "factor_" : 1, "label_" : "core_fold" },
          { "factor_" : 1, "label_" : "corelet_fold" },
          { "factor_" : 1, "label_" : "row_fold" },
          { "factor_" : 1, "label_" : "elem_arr_1" },
          { "factor_" : 64, "label_" : "elem_arr_0" }
        ]
      }
    }, 
    "mb" : {
      "spatial" : 3,
      "temporal" : 0,
      "elemArr" : 1,
      "padding" : "nopad",
      "folds" :  {
        "dim_prop_func" : [
          { "Affine" : {"alpha_" : 1, "beta_" : 0} },
          { "Affine" : {"alpha_" : 0, "beta_" : 0} },
          { "Affine" : {"alpha_" : 0, "beta_" : 0} },
          { "Affine" : {"alpha_" : 1, "beta_" : 0} }
        ],
        "dim_prop_attr" : [
          { "factor_" : 1, "label_" : "core_fold" },
          { "factor_" : 1, "label_" : "corelet_fold" },
          { "factor_" : 1, "label_" : "row_fold" },
          { "factor_" : 1, "label_" : "elem_arr_0" }
        ]
      }
    }
  },
  "coreIdToWkSlice_" : { 
  } 
}


====================================================

[buildCoordinateFromAllocation] fold at end:
  refAllocNode = allocate-Tensor1_hbm
  node         = allocate_lds1_lx
"coordinates_" : {
  "coordInfo" : {
    "out" : {
      "spatial" : 3,
      "temporal" : 0,
      "elemArr" : 2,
      "padding" : "nopad",
      "folds" :  {
        "dim_prop_func" : [
          { "Affine" : {"alpha_" : 64, "beta_" : 0} },
          { "Affine" : {"alpha_" : 0, "beta_" : 0} },
          { "Affine" : {"alpha_" : 0, "beta_" : 0} },
          { "Affine" : {"alpha_" : 64, "beta_" : 0} },
          { "Affine" : {"alpha_" : 0, "beta_" : 0} }
        ],
        "dim_prop_attr" : [
          { "factor_" : 1, "label_" : "core_fold" },
          { "factor_" : 1, "label_" : "corelet_fold" },
          { "factor_" : 1, "label_" : "row_fold" },
          { "factor_" : 1, "label_" : "elem_arr_1" },
          { "factor_" : 64, "label_" : "elem_arr_0" }
        ]
      }
    }, 
    "mb" : {
      "spatial" : 3,
      "temporal" : 0,
      "elemArr" : 1,
      "padding" : "nopad",
      "folds" :  {
        "dim_prop_func" : [
          { "Affine" : {"alpha_" : 1, "beta_" : 0} },
          { "Affine" : {"alpha_" : 0, "beta_" : 0} },
          { "Affine" : {"alpha_" : 0, "beta_" : 0} },
          { "Affine" : {"alpha_" : 1, "beta_" : 0} }
        ],
        "dim_prop_attr" : [
          { "factor_" : 1, "label_" : "core_fold" },
          { "factor_" : 1, "label_" : "corelet_fold" },
          { "factor_" : 1, "label_" : "row_fold" },
          { "factor_" : 1, "label_" : "elem_arr_0" }
        ]
      }
    }
  },
  "coreIdToWkSlice_" : { 
  } 
}
Schedule tree in DSC 0:
Schedule node: allocate-Tensor0_hbm
Schedule node: allocate-Tensor1_hbm
Schedule node: allocate-Tensor2_lx
Schedule node: allocate_lds1_lx
Schedule node: transfer_lds1_src:hbm_dst:lx
Schedule node: loop_ds0_ds1_out
Schedule node: loop_ds0_ds1_mb
Schedule node: allocate_lds0_lx
Schedule node: transfer_lds0_src:hbm_dst:lx
Schedule node: sync_send_l3lu_to_lxlu
Schedule node: sync_receive_lxlu_from_l3lu
Schedule node: sync_send_lxlu_to_l3lu
Schedule node: sync_receive_l3lu_from_lxlu
Schedule node: lx_below_schedule
Schedule node: transfer_lds2_src:lx_dst:no_component_lx_local
[DDC] start working on DSC: mul

[DDC] DSC2 successfully filled
[DeepRT] ===== Calling DCC =====
5_mul with translator version: 3
[DeepRT]: Compilation time taken by DCC in - 5_mul	214 millisec 
Running L3 DL Ops Scheduler: Node-name: 6_clip
Dimension types to LabeledDs table:
LabeledDs index: 1
Dimension type Elementwise: mb out 

LabeledDs index: 0
Dimension type Elementwise: mb out 

Loop Order (innermost to outermost):
mb out 
Comp: lx
Tensor1 512
Comp: lx
Tensor1 512
Comp: lx
Tensor1 512
Comp: lx
Tensor1 512
Comp: lx
Tensor1 512
Comp: lx
Tensor1 512
Comp: lx
Tensor1 512
Comp: lx
Tensor1 512
Comp: lx
Tensor1 512
Comp: lx
Tensor1 512
Comp: lx
Tensor1 512
Comp: lx
Tensor1 512
Comp: lx
Tensor1 512
Comp: lx
Tensor1 512
Comp: lx
Tensor1 512
Comp: lx
Tensor1 512
Comp: lx
Tensor1 512
Comp: lx
Tensor1 512
Comp: lx
Tensor1 512
Comp: lx
Tensor1 512
Comp: lx
Tensor1 512
Comp: lx
Tensor1 512
Comp: lx
Tensor1 512
Comp: lx
Tensor1 512
Comp: lx
Tensor1 512
Comp: lx
Tensor1 512
Comp: lx
Tensor1 512
Comp: lx
Tensor1 512
Comp: lx
Tensor1 512
Comp: lx
Tensor1 512
Comp: lx
Tensor1 512
Comp: lx
Tensor1 512
Comp: lx
Tensor1 512
Comp: lx
Tensor1 512
Comp: lx
Tensor1 512
Comp: lx
Tensor1 512
Comp: lx
Tensor1 512
Comp: lx
Tensor1 512
Comp: lx
Tensor1 512
Comp: lx
Tensor1 512
Comp: lx
Tensor1 512
Comp: lx
Tensor1 512
Comp: lx
Tensor1 512
Comp: lx
Tensor1 512
Comp: lx
Tensor1 512
Comp: lx
Tensor1 512
Comp: lx
Tensor1 512
Comp: lx
Tensor1 512
Comp: lx
Tensor1 512
Comp: lx
Tensor1 512
Comp: lx
Tensor1 512
Comp: lx
Tensor1 512
Comp: lx
Tensor1 512
Comp: lx
Tensor1 512
Comp: lx
Tensor1 512
Comp: lx
Tensor1 512
Comp: lx
Tensor1 512
Comp: lx
Tensor1 512
Comp: lx
Tensor1 512
Comp: lx
Tensor1 512
Comp: lx
Tensor1 512
Comp: lx
Tensor1 512
Comp: lx
Tensor1 512
Comp: lx
Tensor1 512
Start exploring best chunk parameters for memory bandwidth
Starting parameters:
DSC index: 0
in=-1 out=128 ij=-1 mb=1 kij=-1 x=-1 x1=-1 y=-1
Burst efficiency: 0.1
Comp: lx
Tensor1 1024
Comp: lx
Tensor1 1024
Comp: lx
Tensor1 1024
Comp: lx
Tensor1 1024
Comp: lx
Tensor1 1024
Comp: lx
Tensor1 1024
Comp: lx
Tensor1 1024
Comp: lx
Tensor1 1024
Comp: lx
Tensor1 1024
Comp: lx
Tensor1 1024
Comp: lx
Tensor1 1024
Comp: lx
Tensor1 1024
Comp: lx
Tensor1 1024
Comp: lx
Tensor1 1024
Comp: lx
Tensor1 1024
Comp: lx
Tensor1 1024
Comp: lx
Tensor1 1024
Comp: lx
Tensor1 1024
Comp: lx
Tensor1 1024
Comp: lx
Tensor1 1024
Comp: lx
Tensor1 1024
Comp: lx
Tensor1 1024
Comp: lx
Tensor1 1024
Comp: lx
Tensor1 1024
Comp: lx
Tensor1 1024
Comp: lx
Tensor1 1024
Comp: lx
Tensor1 1024
Comp: lx
Tensor1 1024
Comp: lx
Tensor1 1024
Comp: lx
Tensor1 1024
Comp: lx
Tensor1 1024
Comp: lx
Tensor1 1024
Current parameters:
DSC index: 0
in=-1 out=128 ij=-1 mb=2 kij=-1 x=-1 x1=-1 y=-1
Burst efficiency: 0.125
Comp: lx
Tensor1 2048
Comp: lx
Tensor1 2048
Comp: lx
Tensor1 2048
Comp: lx
Tensor1 2048
Comp: lx
Tensor1 2048
Comp: lx
Tensor1 2048
Comp: lx
Tensor1 2048
Comp: lx
Tensor1 2048
Comp: lx
Tensor1 2048
Comp: lx
Tensor1 2048
Comp: lx
Tensor1 2048
Comp: lx
Tensor1 2048
Comp: lx
Tensor1 2048
Comp: lx
Tensor1 2048
Comp: lx
Tensor1 2048
Comp: lx
Tensor1 2048
Comp: lx
Tensor1 2048
Comp: lx
Tensor1 2048
Comp: lx
Tensor1 2048
Comp: lx
Tensor1 2048
Comp: lx
Tensor1 2048
Comp: lx
Tensor1 2048
Comp: lx
Tensor1 2048
Comp: lx
Tensor1 2048
Comp: lx
Tensor1 2048
Comp: lx
Tensor1 2048
Comp: lx
Tensor1 2048
Comp: lx
Tensor1 2048
Comp: lx
Tensor1 2048
Comp: lx
Tensor1 2048
Comp: lx
Tensor1 2048
Comp: lx
Tensor1 2048
Current parameters:
DSC index: 0
in=-1 out=128 ij=-1 mb=4 kij=-1 x=-1 x1=-1 y=-1
Burst efficiency: 0.175
Comp: lx
Tensor1 4096
Comp: lx
Tensor1 4096
Comp: lx
Tensor1 4096
Comp: lx
Tensor1 4096
Comp: lx
Tensor1 4096
Comp: lx
Tensor1 4096
Comp: lx
Tensor1 4096
Comp: lx
Tensor1 4096
Comp: lx
Tensor1 4096
Comp: lx
Tensor1 4096
Comp: lx
Tensor1 4096
Comp: lx
Tensor1 4096
Comp: lx
Tensor1 4096
Comp: lx
Tensor1 4096
Comp: lx
Tensor1 4096
Comp: lx
Tensor1 4096
Comp: lx
Tensor1 4096
Comp: lx
Tensor1 4096
Comp: lx
Tensor1 4096
Comp: lx
Tensor1 4096
Comp: lx
Tensor1 4096
Comp: lx
Tensor1 4096
Comp: lx
Tensor1 4096
Comp: lx
Tensor1 4096
Comp: lx
Tensor1 4096
Comp: lx
Tensor1 4096
Comp: lx
Tensor1 4096
Comp: lx
Tensor1 4096
Comp: lx
Tensor1 4096
Comp: lx
Tensor1 4096
Comp: lx
Tensor1 4096
Comp: lx
Tensor1 4096
Current parameters:
DSC index: 0
in=-1 out=128 ij=-1 mb=8 kij=-1 x=-1 x1=-1 y=-1
Burst efficiency: 0.275
Comp: lx
Tensor1 8192
Comp: lx
Tensor1 8192
Comp: lx
Tensor1 8192
Comp: lx
Tensor1 8192
Comp: lx
Tensor1 8192
Comp: lx
Tensor1 8192
Comp: lx
Tensor1 8192
Comp: lx
Tensor1 8192
Comp: lx
Tensor1 8192
Comp: lx
Tensor1 8192
Comp: lx
Tensor1 8192
Comp: lx
Tensor1 8192
Comp: lx
Tensor1 8192
Comp: lx
Tensor1 8192
Comp: lx
Tensor1 8192
Comp: lx
Tensor1 8192
Comp: lx
Tensor1 8192
Comp: lx
Tensor1 8192
Comp: lx
Tensor1 8192
Comp: lx
Tensor1 8192
Comp: lx
Tensor1 8192
Comp: lx
Tensor1 8192
Comp: lx
Tensor1 8192
Comp: lx
Tensor1 8192
Comp: lx
Tensor1 8192
Comp: lx
Tensor1 8192
Comp: lx
Tensor1 8192
Comp: lx
Tensor1 8192
Comp: lx
Tensor1 8192
Comp: lx
Tensor1 8192
Comp: lx
Tensor1 8192
Comp: lx
Tensor1 8192
Current parameters:
DSC index: 0
in=-1 out=128 ij=-1 mb=16 kij=-1 x=-1 x1=-1 y=-1
Burst efficiency: 0.475
Comp: lx
Tensor1 16384
Comp: lx
Tensor1 16384
Comp: lx
Tensor1 16384
Comp: lx
Tensor1 16384
Comp: lx
Tensor1 16384
Comp: lx
Tensor1 16384
Comp: lx
Tensor1 16384
Comp: lx
Tensor1 16384
Comp: lx
Tensor1 16384
Comp: lx
Tensor1 16384
Comp: lx
Tensor1 16384
Comp: lx
Tensor1 16384
Comp: lx
Tensor1 16384
Comp: lx
Tensor1 16384
Comp: lx
Tensor1 16384
Comp: lx
Tensor1 16384
Comp: lx
Tensor1 16384
Comp: lx
Tensor1 16384
Comp: lx
Tensor1 16384
Comp: lx
Tensor1 16384
Comp: lx
Tensor1 16384
Comp: lx
Tensor1 16384
Comp: lx
Tensor1 16384
Comp: lx
Tensor1 16384
Comp: lx
Tensor1 16384
Comp: lx
Tensor1 16384
Comp: lx
Tensor1 16384
Comp: lx
Tensor1 16384
Comp: lx
Tensor1 16384
Comp: lx
Tensor1 16384
Comp: lx
Tensor1 16384
Comp: lx
Tensor1 16384
Current parameters:
DSC index: 0
in=-1 out=128 ij=-1 mb=32 kij=-1 x=-1 x1=-1 y=-1
Burst efficiency: 0.875
Comp: lx
Tensor1 32768
Comp: lx
Tensor1 32768
Comp: lx
Tensor1 32768
Comp: lx
Tensor1 32768
Comp: lx
Tensor1 32768
Comp: lx
Tensor1 32768
Comp: lx
Tensor1 32768
Comp: lx
Tensor1 32768
Comp: lx
Tensor1 32768
Comp: lx
Tensor1 32768
Comp: lx
Tensor1 32768
Comp: lx
Tensor1 32768
Comp: lx
Tensor1 32768
Comp: lx
Tensor1 32768
Comp: lx
Tensor1 32768
Comp: lx
Tensor1 32768
Comp: lx
Tensor1 32768
Comp: lx
Tensor1 32768
Comp: lx
Tensor1 32768
Comp: lx
Tensor1 32768
Comp: lx
Tensor1 32768
Comp: lx
Tensor1 32768
Comp: lx
Tensor1 32768
Comp: lx
Tensor1 32768
Comp: lx
Tensor1 32768
Comp: lx
Tensor1 32768
Comp: lx
Tensor1 32768
Comp: lx
Tensor1 32768
Comp: lx
Tensor1 32768
Comp: lx
Tensor1 32768
Comp: lx
Tensor1 32768
Comp: lx
Tensor1 32768
Current parameters:
DSC index: 0
in=-1 out=128 ij=-1 mb=64 kij=-1 x=-1 x1=-1 y=-1
Burst efficiency: 0.875
Comp: lx
Tensor1 65536
Comp: lx
Tensor1 65536
Comp: lx
Tensor1 65536
Comp: lx
Tensor1 65536
Comp: lx
Tensor1 65536
Comp: lx
Tensor1 65536
Comp: lx
Tensor1 65536
Comp: lx
Tensor1 65536
Comp: lx
Tensor1 65536
Comp: lx
Tensor1 65536
Comp: lx
Tensor1 65536
Comp: lx
Tensor1 65536
Comp: lx
Tensor1 65536
Comp: lx
Tensor1 65536
Comp: lx
Tensor1 65536
Comp: lx
Tensor1 65536
Comp: lx
Tensor1 65536
Comp: lx
Tensor1 65536
Comp: lx
Tensor1 65536
Comp: lx
Tensor1 65536
Comp: lx
Tensor1 65536
Comp: lx
Tensor1 65536
Comp: lx
Tensor1 65536
Comp: lx
Tensor1 65536
Comp: lx
Tensor1 65536
Comp: lx
Tensor1 65536
Comp: lx
Tensor1 65536
Comp: lx
Tensor1 65536
Comp: lx
Tensor1 65536
Comp: lx
Tensor1 65536
Comp: lx
Tensor1 65536
Comp: lx
Tensor1 65536
Current parameters:
DSC index: 0
in=-1 out=128 ij=-1 mb=128 kij=-1 x=-1 x1=-1 y=-1
Burst efficiency: 0.875
Comp: lx
Tensor1 32768
Comp: lx
Tensor1 32768
Comp: lx
Tensor1 32768
Comp: lx
Tensor1 32768
Comp: lx
Tensor1 32768
Comp: lx
Tensor1 32768
Comp: lx
Tensor1 32768
Comp: lx
Tensor1 32768
Comp: lx
Tensor1 32768
Comp: lx
Tensor1 32768
Comp: lx
Tensor1 32768
Comp: lx
Tensor1 32768
Comp: lx
Tensor1 32768
Comp: lx
Tensor1 32768
Comp: lx
Tensor1 32768
Comp: lx
Tensor1 32768
Comp: lx
Tensor1 32768
Comp: lx
Tensor1 32768
Comp: lx
Tensor1 32768
Comp: lx
Tensor1 32768
Comp: lx
Tensor1 32768
Comp: lx
Tensor1 32768
Comp: lx
Tensor1 32768
Comp: lx
Tensor1 32768
Comp: lx
Tensor1 32768
Comp: lx
Tensor1 32768
Comp: lx
Tensor1 32768
Comp: lx
Tensor1 32768
Comp: lx
Tensor1 32768
Comp: lx
Tensor1 32768
Comp: lx
Tensor1 32768
Comp: lx
Tensor1 32768
Current parameters:
DSC index: 0
in=-1 out=256 ij=-1 mb=32 kij=-1 x=-1 x1=-1 y=-1
Burst efficiency: 0.875
Comp: lx
Tensor1 65536
Comp: lx
Tensor1 65536
Comp: lx
Tensor1 65536
Comp: lx
Tensor1 65536
Comp: lx
Tensor1 65536
Comp: lx
Tensor1 65536
Comp: lx
Tensor1 65536
Comp: lx
Tensor1 65536
Comp: lx
Tensor1 65536
Comp: lx
Tensor1 65536
Comp: lx
Tensor1 65536
Comp: lx
Tensor1 65536
Comp: lx
Tensor1 65536
Comp: lx
Tensor1 65536
Comp: lx
Tensor1 65536
Comp: lx
Tensor1 65536
Comp: lx
Tensor1 65536
Comp: lx
Tensor1 65536
Comp: lx
Tensor1 65536
Comp: lx
Tensor1 65536
Comp: lx
Tensor1 65536
Comp: lx
Tensor1 65536
Comp: lx
Tensor1 65536
Comp: lx
Tensor1 65536
Comp: lx
Tensor1 65536
Comp: lx
Tensor1 65536
Comp: lx
Tensor1 65536
Comp: lx
Tensor1 65536
Comp: lx
Tensor1 65536
Comp: lx
Tensor1 65536
Comp: lx
Tensor1 65536
Comp: lx
Tensor1 65536
Current parameters:
DSC index: 0
in=-1 out=512 ij=-1 mb=32 kij=-1 x=-1 x1=-1 y=-1
Burst efficiency: 0.875
Comp: lx
Tensor1 131072
Comp: lx
Tensor1 131072
Comp: lx
Tensor1 131072
Comp: lx
Tensor1 131072
Comp: lx
Tensor1 131072
Comp: lx
Tensor1 131072
Comp: lx
Tensor1 131072
Comp: lx
Tensor1 131072
Comp: lx
Tensor1 131072
Comp: lx
Tensor1 131072
Comp: lx
Tensor1 131072
Comp: lx
Tensor1 131072
Comp: lx
Tensor1 131072
Comp: lx
Tensor1 131072
Comp: lx
Tensor1 131072
Comp: lx
Tensor1 131072
Comp: lx
Tensor1 131072
Comp: lx
Tensor1 131072
Comp: lx
Tensor1 131072
Comp: lx
Tensor1 131072
Comp: lx
Tensor1 131072
Comp: lx
Tensor1 131072
Comp: lx
Tensor1 131072
Comp: lx
Tensor1 131072
Comp: lx
Tensor1 131072
Comp: lx
Tensor1 131072
Comp: lx
Tensor1 131072
Comp: lx
Tensor1 131072
Comp: lx
Tensor1 131072
Comp: lx
Tensor1 131072
Comp: lx
Tensor1 131072
Comp: lx
Tensor1 131072
Current parameters:
DSC index: 0
in=-1 out=1024 ij=-1 mb=32 kij=-1 x=-1 x1=-1 y=-1
Burst efficiency: 0.875
Comp: lx
Tensor1 262144
Comp: lx
Tensor1 262144
Comp: lx
Tensor1 262144
Comp: lx
Tensor1 262144
Comp: lx
Tensor1 262144
Comp: lx
Tensor1 262144
Comp: lx
Tensor1 262144
Comp: lx
Tensor1 262144
Comp: lx
Tensor1 262144
Comp: lx
Tensor1 262144
Comp: lx
Tensor1 262144
Comp: lx
Tensor1 262144
Comp: lx
Tensor1 262144
Comp: lx
Tensor1 262144
Comp: lx
Tensor1 262144
Comp: lx
Tensor1 262144
Comp: lx
Tensor1 262144
Comp: lx
Tensor1 262144
Comp: lx
Tensor1 262144
Comp: lx
Tensor1 262144
Comp: lx
Tensor1 262144
Comp: lx
Tensor1 262144
Comp: lx
Tensor1 262144
Comp: lx
Tensor1 262144
Comp: lx
Tensor1 262144
Comp: lx
Tensor1 262144
Comp: lx
Tensor1 262144
Comp: lx
Tensor1 262144
Comp: lx
Tensor1 262144
Comp: lx
Tensor1 262144
Comp: lx
Tensor1 262144
Comp: lx
Tensor1 262144
Current parameters:
DSC index: 0
in=-1 out=2048 ij=-1 mb=32 kij=-1 x=-1 x1=-1 y=-1
Burst efficiency: 0.875
Comp: lx
Tensor1 524288
Tensor1 524288
-------------- ExPhase: 8 START -------------
(+) reserved-frontend = size: 1625344 addr: 0
(PAR)  Free = 406272
-------------- ExPhase: 8 END ---------------
Current parameters:
DSC index: 0
in=-1 out=4096 ij=-1 mb=32 kij=-1 x=-1 x1=-1 y=-1
Burst efficiency: 0
Comp: lx
Tensor1 16384
Comp: lx
Tensor1 16384
Comp: lx
Tensor1 16384
Comp: lx
Tensor1 16384
Comp: lx
Tensor1 16384
Comp: lx
Tensor1 16384
Comp: lx
Tensor1 16384
Comp: lx
Tensor1 16384
Comp: lx
Tensor1 16384
Comp: lx
Tensor1 16384
Comp: lx
Tensor1 16384
Comp: lx
Tensor1 16384
Comp: lx
Tensor1 16384
Comp: lx
Tensor1 16384
Comp: lx
Tensor1 16384
Comp: lx
Tensor1 16384
Comp: lx
Tensor1 16384
Comp: lx
Tensor1 16384
Comp: lx
Tensor1 16384
Comp: lx
Tensor1 16384
Comp: lx
Tensor1 16384
Comp: lx
Tensor1 16384
Comp: lx
Tensor1 16384
Comp: lx
Tensor1 16384
Comp: lx
Tensor1 16384
Comp: lx
Tensor1 16384
Comp: lx
Tensor1 16384
Comp: lx
Tensor1 16384
Comp: lx
Tensor1 16384
Comp: lx
Tensor1 16384
Comp: lx
Tensor1 16384
Comp: lx
Tensor1 16384
Selected parameters:
DSC index: 0
in=-1 out=128 ij=-1 mb=32 kij=-1 x=-1 x1=-1 y=-1
Burst efficiency: 0.875
Comp: lx
Tensor1 16384
Comp: lx
Tensor1 16384
Comp: lx
Tensor1 16384
Comp: lx
Tensor1 16384
Comp: lx
Tensor1 16384
Comp: lx
Tensor1 16384
Comp: lx
Tensor1 16384
Comp: lx
Tensor1 16384
Comp: lx
Tensor1 16384
Comp: lx
Tensor1 16384
Comp: lx
Tensor1 16384
Comp: lx
Tensor1 16384
Comp: lx
Tensor1 16384
Comp: lx
Tensor1 16384
Comp: lx
Tensor1 16384
Comp: lx
Tensor1 16384
Comp: lx
Tensor1 16384
Comp: lx
Tensor1 16384
Comp: lx
Tensor1 16384
Comp: lx
Tensor1 16384
Comp: lx
Tensor1 16384
Comp: lx
Tensor1 16384
Comp: lx
Tensor1 16384
Comp: lx
Tensor1 16384
Comp: lx
Tensor1 16384
Comp: lx
Tensor1 16384
Comp: lx
Tensor1 16384
Comp: lx
Tensor1 16384
Comp: lx
Tensor1 16384
Comp: lx
Tensor1 16384
Comp: lx
Tensor1 16384
Comp: lx
Tensor1 16384
Comp: lx
Tensor1 16384
Comp: lx
Tensor1 16384
Comp: lx
Tensor1 16384
Comp: lx
Tensor1 16384
Comp: lx
Tensor1 16384
Comp: lx
Tensor1 16384
Comp: lx
Tensor1 16384
Comp: lx
Tensor1 16384
Comp: lx
Tensor1 16384
Comp: lx
Tensor1 16384
Comp: lx
Tensor1 16384
Comp: lx
Tensor1 16384
Comp: lx
Tensor1 16384
Comp: lx
Tensor1 16384
Comp: lx
Tensor1 16384
Comp: lx
Tensor1 16384
Comp: lx
Tensor1 16384
Comp: lx
Tensor1 16384
Comp: lx
Tensor1 16384
Comp: lx
Tensor1 16384
Comp: lx
Tensor1 16384
Comp: lx
Tensor1 16384
Comp: lx
Tensor1 16384
Comp: lx
Tensor1 16384
Comp: lx
Tensor1 16384
Comp: lx
Tensor1 16384
Comp: lx
Tensor1 16384
Comp: lx
Tensor1 16384
Comp: lx
Tensor1 16384
Comp: lx
Tensor1 16384
Comp: lx
Tensor1 16384
Comp: lx
Tensor1 16384


>>> buildFoldFromAllocation:
  node= allocate_lds1_lx(0x2032ae0)
  refAllocNode= allocate-Tensor1_hbm(0x16e5940)

====================================================

Reference fold: 
"coordinates_" : {
  "coordInfo" : {
    "out" : {
      "spatial" : 3,
      "temporal" : 0,
      "elemArr" : 2,
      "padding" : "nopad",
      "folds" :  {
        "dim_prop_func" : [
          { "Affine" : {"alpha_" : 4096, "beta_" : 0} },
          { "Affine" : {"alpha_" : 0, "beta_" : 0} },
          { "Affine" : {"alpha_" : 0, "beta_" : 0} },
          { "Affine" : {"alpha_" : 64, "beta_" : 0} },
          { "Affine" : {"alpha_" : 1, "beta_" : 0} }
        ],
        "dim_prop_attr" : [
          { "factor_" : 1, "label_" : "core_fold" },
          { "factor_" : 1, "label_" : "corelet_fold" },
          { "factor_" : 1, "label_" : "row_fold" },
          { "factor_" : 64, "label_" : "elem_arr_1" },
          { "factor_" : 64, "label_" : "elem_arr_0" }
        ]
      }
    }, 
    "mb" : {
      "spatial" : 3,
      "temporal" : 0,
      "elemArr" : 1,
      "padding" : "nopad",
      "folds" :  {
        "dim_prop_func" : [
          { "Affine" : {"alpha_" : 128, "beta_" : 0} },
          { "Affine" : {"alpha_" : 0, "beta_" : 0} },
          { "Affine" : {"alpha_" : 0, "beta_" : 0} },
          { "Affine" : {"alpha_" : 1, "beta_" : 0} }
        ],
        "dim_prop_attr" : [
          { "factor_" : 32, "label_" : "core_fold" },
          { "factor_" : 1, "label_" : "corelet_fold" },
          { "factor_" : 1, "label_" : "row_fold" },
          { "factor_" : 128, "label_" : "elem_arr_0" }
        ]
      }
    }
  },
  "coreIdToWkSlice_" : { 
  } 
}


[distributeElemArrToTemporalLoops]: Distributing for Dim= (out,unpadded)
    sizeRefComp= l3lu propRefComp= l3lu ptRowId= -1 refPadType= nopad targetPadType= nopad
    ElemArr: (1, 0, 64) (64, 0, 64) 

  [distributeElemArrToTemporalLoops]: loop= loop_ds0_ds1_out dim= (out, unpadded) iterationCount= 32 refPadType= nopad targetPadType= nopad
    NumDs: {"name_" : "core", "in_" : -1, "out_" : 4096, "mb_" : 128, "i_" : -1, "j_" : -1, "ki_" : -1, "kj_" : -1, "x_" : -1, "x1_" : -1, "y_" : -1, "symbolicDimInfo_" : {}, "maxSymbolicVolume_" : {}, "coreletSplit_" : {"out" : [2048, 2048]}, "rowSplit_" : {}, "peSfpSplit_" : {}, "paddingSizes_" : {}}
    DenDs: {"name_" : "chunk", "in_" : -1, "out_" : 128, "mb_" : 32, "i_" : -1, "j_" : -1, "ki_" : -1, "kj_" : -1, "x_" : -1, "x1_" : -1, "y_" : -1, "symbolicDimInfo_" : {}, "maxSymbolicVolume_" : {}, "coreletSplit_" : {"out" : [64, 64]}, "rowSplit_" : {}, "peSfpSplit_" : {}, "paddingSizes_" : {}}
    segmentDS: {"name_" : "", "in_" : -1, "out_" : 128, "mb_" : 128, "i_" : -1, "j_" : -1, "ki_" : -1, "kj_" : -1, "x_" : -1, "x1_" : -1, "y_" : -1, "symbolicDimInfo_" : {}, "maxSymbolicVolume_" : {}, "coreletSplit_" : {"out" : [64, 64]}, "rowSplit_" : {}, "peSfpSplit_" : {}, "paddingSizes_" : {}}
    segSize= 128 scaleDownFactor= 1 elemSegStride= 128 coordSegStride= 128 iterationCount= 32
    loop_ds0_ds1_out->relatedElemArrLevel= 1
    elemArr(before distribution): (1, 0, 64) (64, 0, 64) 
    Distributing elemArr[1] = (64, 0, 64)
    elemArr(after distribution): (1, 0, 64) (64, 0, 2) 
    loopParams after distribution: (128, 0, 32)

[distributeElemArrToTemporalLoops]: Distributing for Dim= (mb,unpadded)
    sizeRefComp= l3lu propRefComp= l3lu ptRowId= -1 refPadType= nopad targetPadType= nopad
    ElemArr: (1, 0, 128) 

  [distributeElemArrToTemporalLoops]: loop= loop_ds0_ds1_mb dim= (mb, unpadded) iterationCount= 4 refPadType= nopad targetPadType= nopad
    NumDs: {"name_" : "core", "in_" : -1, "out_" : 4096, "mb_" : 128, "i_" : -1, "j_" : -1, "ki_" : -1, "kj_" : -1, "x_" : -1, "x1_" : -1, "y_" : -1, "symbolicDimInfo_" : {}, "maxSymbolicVolume_" : {}, "coreletSplit_" : {"out" : [2048, 2048]}, "rowSplit_" : {}, "peSfpSplit_" : {}, "paddingSizes_" : {}}
    DenDs: {"name_" : "chunk", "in_" : -1, "out_" : 128, "mb_" : 32, "i_" : -1, "j_" : -1, "ki_" : -1, "kj_" : -1, "x_" : -1, "x1_" : -1, "y_" : -1, "symbolicDimInfo_" : {}, "maxSymbolicVolume_" : {}, "coreletSplit_" : {"out" : [64, 64]}, "rowSplit_" : {}, "peSfpSplit_" : {}, "paddingSizes_" : {}}
    segmentDS: {"name_" : "", "in_" : -1, "out_" : 128, "mb_" : 32, "i_" : -1, "j_" : -1, "ki_" : -1, "kj_" : -1, "x_" : -1, "x1_" : -1, "y_" : -1, "symbolicDimInfo_" : {}, "maxSymbolicVolume_" : {}, "coreletSplit_" : {"out" : [64, 64]}, "rowSplit_" : {}, "peSfpSplit_" : {}, "paddingSizes_" : {}}
    segSize= 32 scaleDownFactor= 1 elemSegStride= 32 coordSegStride= 32 iterationCount= 4
    loop_ds0_ds1_mb->relatedElemArrLevel= 0
    elemArr(before distribution): (1, 0, 128) 
    Distributing elemArr[0] = (1, 0, 128)
    elemArr(after distribution): (1, 0, 32) 
    loopParams after distribution: (32, 0, 4)

====================================================

[buildCoordinateFromAllocation] fold at end:
  refAllocNode = allocate-Tensor1_hbm
  node         = allocate_lds1_lx
"coordinates_" : {
  "coordInfo" : {
    "out" : {
      "spatial" : 3,
      "temporal" : 1,
      "elemArr" : 2,
      "padding" : "nopad",
      "folds" :  {
        "dim_prop_func" : [
          { "Affine" : {"alpha_" : 4096, "beta_" : 0} },
          { "Affine" : {"alpha_" : 0, "beta_" : 0} },
          { "Affine" : {"alpha_" : 0, "beta_" : 0} },
          { "Affine" : {"alpha_" : 128, "beta_" : 0} },
          { "Affine" : {"alpha_" : 64, "beta_" : 0} },
          { "Affine" : {"alpha_" : 1, "beta_" : 0} }
        ],
        "dim_prop_attr" : [
          { "factor_" : 1, "label_" : "core_fold" },
          { "factor_" : 1, "label_" : "corelet_fold" },
          { "factor_" : 1, "label_" : "row_fold" },
          { "factor_" : 32, "label_" : "loop_ds0_ds1_out out" },
          { "factor_" : 2, "label_" : "elem_arr_1" },
          { "factor_" : 64, "label_" : "elem_arr_0" }
        ]
      }
    }, 
    "mb" : {
      "spatial" : 3,
      "temporal" : 1,
      "elemArr" : 1,
      "padding" : "nopad",
      "folds" :  {
        "dim_prop_func" : [
          { "Affine" : {"alpha_" : 128, "beta_" : 0} },
          { "Affine" : {"alpha_" : 0, "beta_" : 0} },
          { "Affine" : {"alpha_" : 0, "beta_" : 0} },
          { "Affine" : {"alpha_" : 32, "beta_" : 0} },
          { "Affine" : {"alpha_" : 1, "beta_" : 0} }
        ],
        "dim_prop_attr" : [
          { "factor_" : 32, "label_" : "core_fold" },
          { "factor_" : 1, "label_" : "corelet_fold" },
          { "factor_" : 1, "label_" : "row_fold" },
          { "factor_" : 4, "label_" : "loop_ds0_ds1_mb mb" },
          { "factor_" : 32, "label_" : "elem_arr_0" }
        ]
      }
    }
  },
  "coreIdToWkSlice_" : { 
  } 
}
Schedule tree in DSC 0:
Schedule node: allocate-Tensor0_lx
Schedule node: allocate-Tensor1_hbm
Schedule node: transfer_lds0_src:no_component_dst:lx_lx_local
Schedule node: loop_ds0_ds1_out
Schedule node: loop_ds0_ds1_mb
Schedule node: allocate_lds1_lx
Schedule node: lx_below_schedule
Schedule node: sync_send_lxsu_to_l3su
Schedule node: sync_receive_l3su_from_lxsu
Schedule node: sync_send_l3su_to_lxsu
Schedule node: sync_receive_lxsu_from_l3su
Schedule node: transfer_lds1_src:lx_dst:hbm
[DDC] start working on DSC: clip

[DDC] DSC2 successfully filled
[DeepRT] ===== Calling DCC =====
6_clip with translator version: 3
[DeepRT]: Compilation time taken by DCC in - 6_clip	207 millisec 
Running L3 DL Ops Scheduler: Node-name: 7_qfp8wt
Dimension types to LabeledDs table:
LabeledDs index: 1
Dimension type Elementwise: mb out 

LabeledDs index: 0
Dimension type Elementwise: mb out 

Loop Order (innermost to outermost):
mb out 
Comp: lx
Tensor0 1024
Tensor1 512
Comp: lx
Tensor0 1024
Tensor1 512
Comp: lx
Tensor0 1024
Tensor1 512
Comp: lx
Tensor0 1024
Tensor1 512
Comp: lx
Tensor0 1024
Tensor1 512
Comp: lx
Tensor0 1024
Tensor1 512
Comp: lx
Tensor0 1024
Tensor1 512
Comp: lx
Tensor0 1024
Tensor1 512
Comp: lx
Tensor0 1024
Tensor1 512
Comp: lx
Tensor0 1024
Tensor1 512
Comp: lx
Tensor0 1024
Tensor1 512
Comp: lx
Tensor0 1024
Tensor1 512
Comp: lx
Tensor0 1024
Tensor1 512
Comp: lx
Tensor0 1024
Tensor1 512
Comp: lx
Tensor0 1024
Tensor1 512
Comp: lx
Tensor0 1024
Tensor1 512
Comp: lx
Tensor0 1024
Tensor1 512
Comp: lx
Tensor0 1024
Tensor1 512
Comp: lx
Tensor0 1024
Tensor1 512
Comp: lx
Tensor0 1024
Tensor1 512
Comp: lx
Tensor0 1024
Tensor1 512
Comp: lx
Tensor0 1024
Tensor1 512
Comp: lx
Tensor0 1024
Tensor1 512
Comp: lx
Tensor0 1024
Tensor1 512
Comp: lx
Tensor0 1024
Tensor1 512
Comp: lx
Tensor0 1024
Tensor1 512
Comp: lx
Tensor0 1024
Tensor1 512
Comp: lx
Tensor0 1024
Tensor1 512
Comp: lx
Tensor0 1024
Tensor1 512
Comp: lx
Tensor0 1024
Tensor1 512
Comp: lx
Tensor0 1024
Tensor1 512
Comp: lx
Tensor0 1024
Tensor1 512
Comp: lx
Tensor0 1024
Tensor1 512
Comp: lx
Tensor0 1024
Tensor1 512
Comp: lx
Tensor0 1024
Tensor1 512
Comp: lx
Tensor0 1024
Tensor1 512
Comp: lx
Tensor0 1024
Tensor1 512
Comp: lx
Tensor0 1024
Tensor1 512
Comp: lx
Tensor0 1024
Tensor1 512
Comp: lx
Tensor0 1024
Tensor1 512
Comp: lx
Tensor0 1024
Tensor1 512
Comp: lx
Tensor0 1024
Tensor1 512
Comp: lx
Tensor0 1024
Tensor1 512
Comp: lx
Tensor0 1024
Tensor1 512
Comp: lx
Tensor0 1024
Tensor1 512
Comp: lx
Tensor0 1024
Tensor1 512
Comp: lx
Tensor0 1024
Tensor1 512
Comp: lx
Tensor0 1024
Tensor1 512
Comp: lx
Tensor0 1024
Tensor1 512
Comp: lx
Tensor0 1024
Tensor1 512
Comp: lx
Tensor0 1024
Tensor1 512
Comp: lx
Tensor0 1024
Tensor1 512
Comp: lx
Tensor0 1024
Tensor1 512
Comp: lx
Tensor0 1024
Tensor1 512
Comp: lx
Tensor0 1024
Tensor1 512
Comp: lx
Tensor0 1024
Tensor1 512
Comp: lx
Tensor0 1024
Tensor1 512
Comp: lx
Tensor0 1024
Tensor1 512
Comp: lx
Tensor0 1024
Tensor1 512
Comp: lx
Tensor0 1024
Tensor1 512
Comp: lx
Tensor0 1024
Tensor1 512
Comp: lx
Tensor0 1024
Tensor1 512
Comp: lx
Tensor0 1024
Tensor1 512
Comp: lx
Tensor0 1024
Tensor1 512
Start exploring best chunk parameters for memory bandwidth
Starting parameters:
DSC index: 0
in=-1 out=128 ij=-1 mb=2 kij=-1 x=-1 x1=-1 y=-1
Burst efficiency: 0.1125
Comp: lx
Tensor0 2048
Tensor1 1024
Comp: lx
Tensor0 2048
Tensor1 1024
Comp: lx
Tensor0 2048
Tensor1 1024
Comp: lx
Tensor0 2048
Tensor1 1024
Comp: lx
Tensor0 2048
Tensor1 1024
Comp: lx
Tensor0 2048
Tensor1 1024
Comp: lx
Tensor0 2048
Tensor1 1024
Comp: lx
Tensor0 2048
Tensor1 1024
Comp: lx
Tensor0 2048
Tensor1 1024
Comp: lx
Tensor0 2048
Tensor1 1024
Comp: lx
Tensor0 2048
Tensor1 1024
Comp: lx
Tensor0 2048
Tensor1 1024
Comp: lx
Tensor0 2048
Tensor1 1024
Comp: lx
Tensor0 2048
Tensor1 1024
Comp: lx
Tensor0 2048
Tensor1 1024
Comp: lx
Tensor0 2048
Tensor1 1024
Comp: lx
Tensor0 2048
Tensor1 1024
Comp: lx
Tensor0 2048
Tensor1 1024
Comp: lx
Tensor0 2048
Tensor1 1024
Comp: lx
Tensor0 2048
Tensor1 1024
Comp: lx
Tensor0 2048
Tensor1 1024
Comp: lx
Tensor0 2048
Tensor1 1024
Comp: lx
Tensor0 2048
Tensor1 1024
Comp: lx
Tensor0 2048
Tensor1 1024
Comp: lx
Tensor0 2048
Tensor1 1024
Comp: lx
Tensor0 2048
Tensor1 1024
Comp: lx
Tensor0 2048
Tensor1 1024
Comp: lx
Tensor0 2048
Tensor1 1024
Comp: lx
Tensor0 2048
Tensor1 1024
Comp: lx
Tensor0 2048
Tensor1 1024
Comp: lx
Tensor0 2048
Tensor1 1024
Comp: lx
Tensor0 2048
Tensor1 1024
Current parameters:
DSC index: 0
in=-1 out=128 ij=-1 mb=4 kij=-1 x=-1 x1=-1 y=-1
Burst efficiency: 0.15
Comp: lx
Tensor0 4096
Tensor1 2048
Comp: lx
Tensor0 4096
Tensor1 2048
Comp: lx
Tensor0 4096
Tensor1 2048
Comp: lx
Tensor0 4096
Tensor1 2048
Comp: lx
Tensor0 4096
Tensor1 2048
Comp: lx
Tensor0 4096
Tensor1 2048
Comp: lx
Tensor0 4096
Tensor1 2048
Comp: lx
Tensor0 4096
Tensor1 2048
Comp: lx
Tensor0 4096
Tensor1 2048
Comp: lx
Tensor0 4096
Tensor1 2048
Comp: lx
Tensor0 4096
Tensor1 2048
Comp: lx
Tensor0 4096
Tensor1 2048
Comp: lx
Tensor0 4096
Tensor1 2048
Comp: lx
Tensor0 4096
Tensor1 2048
Comp: lx
Tensor0 4096
Tensor1 2048
Comp: lx
Tensor0 4096
Tensor1 2048
Comp: lx
Tensor0 4096
Tensor1 2048
Comp: lx
Tensor0 4096
Tensor1 2048
Comp: lx
Tensor0 4096
Tensor1 2048
Comp: lx
Tensor0 4096
Tensor1 2048
Comp: lx
Tensor0 4096
Tensor1 2048
Comp: lx
Tensor0 4096
Tensor1 2048
Comp: lx
Tensor0 4096
Tensor1 2048
Comp: lx
Tensor0 4096
Tensor1 2048
Comp: lx
Tensor0 4096
Tensor1 2048
Comp: lx
Tensor0 4096
Tensor1 2048
Comp: lx
Tensor0 4096
Tensor1 2048
Comp: lx
Tensor0 4096
Tensor1 2048
Comp: lx
Tensor0 4096
Tensor1 2048
Comp: lx
Tensor0 4096
Tensor1 2048
Comp: lx
Tensor0 4096
Tensor1 2048
Comp: lx
Tensor0 4096
Tensor1 2048
Current parameters:
DSC index: 0
in=-1 out=128 ij=-1 mb=8 kij=-1 x=-1 x1=-1 y=-1
Burst efficiency: 0.225
Comp: lx
Tensor0 8192
Tensor1 4096
Comp: lx
Tensor0 8192
Tensor1 4096
Comp: lx
Tensor0 8192
Tensor1 4096
Comp: lx
Tensor0 8192
Tensor1 4096
Comp: lx
Tensor0 8192
Tensor1 4096
Comp: lx
Tensor0 8192
Tensor1 4096
Comp: lx
Tensor0 8192
Tensor1 4096
Comp: lx
Tensor0 8192
Tensor1 4096
Comp: lx
Tensor0 8192
Tensor1 4096
Comp: lx
Tensor0 8192
Tensor1 4096
Comp: lx
Tensor0 8192
Tensor1 4096
Comp: lx
Tensor0 8192
Tensor1 4096
Comp: lx
Tensor0 8192
Tensor1 4096
Comp: lx
Tensor0 8192
Tensor1 4096
Comp: lx
Tensor0 8192
Tensor1 4096
Comp: lx
Tensor0 8192
Tensor1 4096
Comp: lx
Tensor0 8192
Tensor1 4096
Comp: lx
Tensor0 8192
Tensor1 4096
Comp: lx
Tensor0 8192
Tensor1 4096
Comp: lx
Tensor0 8192
Tensor1 4096
Comp: lx
Tensor0 8192
Tensor1 4096
Comp: lx
Tensor0 8192
Tensor1 4096
Comp: lx
Tensor0 8192
Tensor1 4096
Comp: lx
Tensor0 8192
Tensor1 4096
Comp: lx
Tensor0 8192
Tensor1 4096
Comp: lx
Tensor0 8192
Tensor1 4096
Comp: lx
Tensor0 8192
Tensor1 4096
Comp: lx
Tensor0 8192
Tensor1 4096
Comp: lx
Tensor0 8192
Tensor1 4096
Comp: lx
Tensor0 8192
Tensor1 4096
Comp: lx
Tensor0 8192
Tensor1 4096
Comp: lx
Tensor0 8192
Tensor1 4096
Current parameters:
DSC index: 0
in=-1 out=128 ij=-1 mb=16 kij=-1 x=-1 x1=-1 y=-1
Burst efficiency: 0.375
Comp: lx
Tensor0 16384
Tensor1 8192
Comp: lx
Tensor0 16384
Tensor1 8192
Comp: lx
Tensor0 16384
Tensor1 8192
Comp: lx
Tensor0 16384
Tensor1 8192
Comp: lx
Tensor0 16384
Tensor1 8192
Comp: lx
Tensor0 16384
Tensor1 8192
Comp: lx
Tensor0 16384
Tensor1 8192
Comp: lx
Tensor0 16384
Tensor1 8192
Comp: lx
Tensor0 16384
Tensor1 8192
Comp: lx
Tensor0 16384
Tensor1 8192
Comp: lx
Tensor0 16384
Tensor1 8192
Comp: lx
Tensor0 16384
Tensor1 8192
Comp: lx
Tensor0 16384
Tensor1 8192
Comp: lx
Tensor0 16384
Tensor1 8192
Comp: lx
Tensor0 16384
Tensor1 8192
Comp: lx
Tensor0 16384
Tensor1 8192
Comp: lx
Tensor0 16384
Tensor1 8192
Comp: lx
Tensor0 16384
Tensor1 8192
Comp: lx
Tensor0 16384
Tensor1 8192
Comp: lx
Tensor0 16384
Tensor1 8192
Comp: lx
Tensor0 16384
Tensor1 8192
Comp: lx
Tensor0 16384
Tensor1 8192
Comp: lx
Tensor0 16384
Tensor1 8192
Comp: lx
Tensor0 16384
Tensor1 8192
Comp: lx
Tensor0 16384
Tensor1 8192
Comp: lx
Tensor0 16384
Tensor1 8192
Comp: lx
Tensor0 16384
Tensor1 8192
Comp: lx
Tensor0 16384
Tensor1 8192
Comp: lx
Tensor0 16384
Tensor1 8192
Comp: lx
Tensor0 16384
Tensor1 8192
Comp: lx
Tensor0 16384
Tensor1 8192
Comp: lx
Tensor0 16384
Tensor1 8192
Current parameters:
DSC index: 0
in=-1 out=128 ij=-1 mb=32 kij=-1 x=-1 x1=-1 y=-1
Burst efficiency: 0.675
Comp: lx
Tensor0 32768
Tensor1 16384
Comp: lx
Tensor0 32768
Tensor1 16384
Comp: lx
Tensor0 32768
Tensor1 16384
Comp: lx
Tensor0 32768
Tensor1 16384
Comp: lx
Tensor0 32768
Tensor1 16384
Comp: lx
Tensor0 32768
Tensor1 16384
Comp: lx
Tensor0 32768
Tensor1 16384
Comp: lx
Tensor0 32768
Tensor1 16384
Comp: lx
Tensor0 32768
Tensor1 16384
Comp: lx
Tensor0 32768
Tensor1 16384
Comp: lx
Tensor0 32768
Tensor1 16384
Comp: lx
Tensor0 32768
Tensor1 16384
Comp: lx
Tensor0 32768
Tensor1 16384
Comp: lx
Tensor0 32768
Tensor1 16384
Comp: lx
Tensor0 32768
Tensor1 16384
Comp: lx
Tensor0 32768
Tensor1 16384
Comp: lx
Tensor0 32768
Tensor1 16384
Comp: lx
Tensor0 32768
Tensor1 16384
Comp: lx
Tensor0 32768
Tensor1 16384
Comp: lx
Tensor0 32768
Tensor1 16384
Comp: lx
Tensor0 32768
Tensor1 16384
Comp: lx
Tensor0 32768
Tensor1 16384
Comp: lx
Tensor0 32768
Tensor1 16384
Comp: lx
Tensor0 32768
Tensor1 16384
Comp: lx
Tensor0 32768
Tensor1 16384
Comp: lx
Tensor0 32768
Tensor1 16384
Comp: lx
Tensor0 32768
Tensor1 16384
Comp: lx
Tensor0 32768
Tensor1 16384
Comp: lx
Tensor0 32768
Tensor1 16384
Comp: lx
Tensor0 32768
Tensor1 16384
Comp: lx
Tensor0 32768
Tensor1 16384
Comp: lx
Tensor0 32768
Tensor1 16384
Current parameters:
DSC index: 0
in=-1 out=128 ij=-1 mb=64 kij=-1 x=-1 x1=-1 y=-1
Burst efficiency: 0.875
Comp: lx
Tensor0 65536
Tensor1 32768
Comp: lx
Tensor0 65536
Tensor1 32768
Comp: lx
Tensor0 65536
Tensor1 32768
Comp: lx
Tensor0 65536
Tensor1 32768
Comp: lx
Tensor0 65536
Tensor1 32768
Comp: lx
Tensor0 65536
Tensor1 32768
Comp: lx
Tensor0 65536
Tensor1 32768
Comp: lx
Tensor0 65536
Tensor1 32768
Comp: lx
Tensor0 65536
Tensor1 32768
Comp: lx
Tensor0 65536
Tensor1 32768
Comp: lx
Tensor0 65536
Tensor1 32768
Comp: lx
Tensor0 65536
Tensor1 32768
Comp: lx
Tensor0 65536
Tensor1 32768
Comp: lx
Tensor0 65536
Tensor1 32768
Comp: lx
Tensor0 65536
Tensor1 32768
Comp: lx
Tensor0 65536
Tensor1 32768
Comp: lx
Tensor0 65536
Tensor1 32768
Comp: lx
Tensor0 65536
Tensor1 32768
Comp: lx
Tensor0 65536
Tensor1 32768
Comp: lx
Tensor0 65536
Tensor1 32768
Comp: lx
Tensor0 65536
Tensor1 32768
Comp: lx
Tensor0 65536
Tensor1 32768
Comp: lx
Tensor0 65536
Tensor1 32768
Comp: lx
Tensor0 65536
Tensor1 32768
Comp: lx
Tensor0 65536
Tensor1 32768
Comp: lx
Tensor0 65536
Tensor1 32768
Comp: lx
Tensor0 65536
Tensor1 32768
Comp: lx
Tensor0 65536
Tensor1 32768
Comp: lx
Tensor0 65536
Tensor1 32768
Comp: lx
Tensor0 65536
Tensor1 32768
Comp: lx
Tensor0 65536
Tensor1 32768
Comp: lx
Tensor0 65536
Tensor1 32768
Current parameters:
DSC index: 0
in=-1 out=128 ij=-1 mb=128 kij=-1 x=-1 x1=-1 y=-1
Burst efficiency: 0.875
Comp: lx
Tensor0 131072
Tensor1 65536
Comp: lx
Tensor0 131072
Tensor1 65536
Comp: lx
Tensor0 131072
Tensor1 65536
Comp: lx
Tensor0 131072
Tensor1 65536
Comp: lx
Tensor0 131072
Tensor1 65536
Comp: lx
Tensor0 131072
Tensor1 65536
Comp: lx
Tensor0 131072
Tensor1 65536
Comp: lx
Tensor0 131072
Tensor1 65536
Comp: lx
Tensor0 131072
Tensor1 65536
Comp: lx
Tensor0 131072
Tensor1 65536
Comp: lx
Tensor0 131072
Tensor1 65536
Comp: lx
Tensor0 131072
Tensor1 65536
Comp: lx
Tensor0 131072
Tensor1 65536
Comp: lx
Tensor0 131072
Tensor1 65536
Comp: lx
Tensor0 131072
Tensor1 65536
Comp: lx
Tensor0 131072
Tensor1 65536
Comp: lx
Tensor0 131072
Tensor1 65536
Comp: lx
Tensor0 131072
Tensor1 65536
Comp: lx
Tensor0 131072
Tensor1 65536
Comp: lx
Tensor0 131072
Tensor1 65536
Comp: lx
Tensor0 131072
Tensor1 65536
Comp: lx
Tensor0 131072
Tensor1 65536
Comp: lx
Tensor0 131072
Tensor1 65536
Comp: lx
Tensor0 131072
Tensor1 65536
Comp: lx
Tensor0 131072
Tensor1 65536
Comp: lx
Tensor0 131072
Tensor1 65536
Comp: lx
Tensor0 131072
Tensor1 65536
Comp: lx
Tensor0 131072
Tensor1 65536
Comp: lx
Tensor0 131072
Tensor1 65536
Comp: lx
Tensor0 131072
Tensor1 65536
Comp: lx
Tensor0 131072
Tensor1 65536
Comp: lx
Tensor0 131072
Tensor1 65536
Current parameters:
DSC index: 0
in=-1 out=128 ij=-1 mb=256 kij=-1 x=-1 x1=-1 y=-1
Burst efficiency: 0.875
Comp: lx
Tensor0 262144
Tensor1 131072
Comp: lx
Tensor0 262144
Tensor1 131072
Comp: lx
Tensor0 262144
Tensor1 131072
Comp: lx
Tensor0 262144
Tensor1 131072
Comp: lx
Tensor0 262144
Tensor1 131072
Comp: lx
Tensor0 262144
Tensor1 131072
Comp: lx
Tensor0 262144
Tensor1 131072
Comp: lx
Tensor0 262144
Tensor1 131072
Comp: lx
Tensor0 262144
Tensor1 131072
Comp: lx
Tensor0 262144
Tensor1 131072
Comp: lx
Tensor0 262144
Tensor1 131072
Comp: lx
Tensor0 262144
Tensor1 131072
Comp: lx
Tensor0 262144
Tensor1 131072
Comp: lx
Tensor0 262144
Tensor1 131072
Comp: lx
Tensor0 262144
Tensor1 131072
Comp: lx
Tensor0 262144
Tensor1 131072
Comp: lx
Tensor0 262144
Tensor1 131072
Comp: lx
Tensor0 262144
Tensor1 131072
Comp: lx
Tensor0 262144
Tensor1 131072
Comp: lx
Tensor0 262144
Tensor1 131072
Comp: lx
Tensor0 262144
Tensor1 131072
Comp: lx
Tensor0 262144
Tensor1 131072
Comp: lx
Tensor0 262144
Tensor1 131072
Comp: lx
Tensor0 262144
Tensor1 131072
Comp: lx
Tensor0 262144
Tensor1 131072
Comp: lx
Tensor0 262144
Tensor1 131072
Comp: lx
Tensor0 262144
Tensor1 131072
Comp: lx
Tensor0 262144
Tensor1 131072
Comp: lx
Tensor0 262144
Tensor1 131072
Comp: lx
Tensor0 262144
Tensor1 131072
Comp: lx
Tensor0 262144
Tensor1 131072
Comp: lx
Tensor0 262144
Tensor1 131072
Current parameters:
DSC index: 0
in=-1 out=128 ij=-1 mb=512 kij=-1 x=-1 x1=-1 y=-1
Burst efficiency: 0.875
Comp: lx
Tensor0 524288
Tensor1 262144
Tensor0 524288
-------------- ExPhase: 9 START -------------
(+) reserved-frontend = size: 1625344 addr: 0
(PAR)  Free = 406272
-------------- ExPhase: 9 END ---------------
Current parameters:
DSC index: 0
in=-1 out=128 ij=-1 mb=1024 kij=-1 x=-1 x1=-1 y=-1
Burst efficiency: 0
Comp: lx
Tensor0 1048576
Tensor1 524288
Tensor0 1048576
-------------- ExPhase: 9 START -------------
(+) reserved-frontend = size: 1625344 addr: 0
(PAR)  Free = 406272
-------------- ExPhase: 9 END ---------------
Current parameters:
DSC index: 0
in=-1 out=128 ij=-1 mb=2048 kij=-1 x=-1 x1=-1 y=-1
Burst efficiency: 0
Comp: lx
Tensor0 2097152
Tensor1 1048576
Tensor0 2097152
-------------- ExPhase: 9 START -------------
(+) reserved-frontend = size: 1625344 addr: 0
(PAR)  Free = 406272
-------------- ExPhase: 9 END ---------------
Current parameters:
DSC index: 0
in=-1 out=128 ij=-1 mb=4096 kij=-1 x=-1 x1=-1 y=-1
Burst efficiency: 0
Comp: lx
Tensor0 65536
Tensor1 32768
Comp: lx
Tensor0 65536
Tensor1 32768
Comp: lx
Tensor0 65536
Tensor1 32768
Comp: lx
Tensor0 65536
Tensor1 32768
Comp: lx
Tensor0 65536
Tensor1 32768
Comp: lx
Tensor0 65536
Tensor1 32768
Comp: lx
Tensor0 65536
Tensor1 32768
Comp: lx
Tensor0 65536
Tensor1 32768
Comp: lx
Tensor0 65536
Tensor1 32768
Comp: lx
Tensor0 65536
Tensor1 32768
Comp: lx
Tensor0 65536
Tensor1 32768
Comp: lx
Tensor0 65536
Tensor1 32768
Comp: lx
Tensor0 65536
Tensor1 32768
Comp: lx
Tensor0 65536
Tensor1 32768
Comp: lx
Tensor0 65536
Tensor1 32768
Comp: lx
Tensor0 65536
Tensor1 32768
Comp: lx
Tensor0 65536
Tensor1 32768
Comp: lx
Tensor0 65536
Tensor1 32768
Comp: lx
Tensor0 65536
Tensor1 32768
Comp: lx
Tensor0 65536
Tensor1 32768
Comp: lx
Tensor0 65536
Tensor1 32768
Comp: lx
Tensor0 65536
Tensor1 32768
Comp: lx
Tensor0 65536
Tensor1 32768
Comp: lx
Tensor0 65536
Tensor1 32768
Comp: lx
Tensor0 65536
Tensor1 32768
Comp: lx
Tensor0 65536
Tensor1 32768
Comp: lx
Tensor0 65536
Tensor1 32768
Comp: lx
Tensor0 65536
Tensor1 32768
Comp: lx
Tensor0 65536
Tensor1 32768
Comp: lx
Tensor0 65536
Tensor1 32768
Comp: lx
Tensor0 65536
Tensor1 32768
Comp: lx
Tensor0 65536
Tensor1 32768
Current parameters:
DSC index: 0
in=-1 out=128 ij=-1 mb=128 kij=-1 x=-1 x1=-1 y=-1
Burst efficiency: 0.875
Comp: lx
Tensor0 131072
Tensor1 65536
Comp: lx
Tensor0 131072
Tensor1 65536
Comp: lx
Tensor0 131072
Tensor1 65536
Comp: lx
Tensor0 131072
Tensor1 65536
Comp: lx
Tensor0 131072
Tensor1 65536
Comp: lx
Tensor0 131072
Tensor1 65536
Comp: lx
Tensor0 131072
Tensor1 65536
Comp: lx
Tensor0 131072
Tensor1 65536
Comp: lx
Tensor0 131072
Tensor1 65536
Comp: lx
Tensor0 131072
Tensor1 65536
Comp: lx
Tensor0 131072
Tensor1 65536
Comp: lx
Tensor0 131072
Tensor1 65536
Comp: lx
Tensor0 131072
Tensor1 65536
Comp: lx
Tensor0 131072
Tensor1 65536
Comp: lx
Tensor0 131072
Tensor1 65536
Comp: lx
Tensor0 131072
Tensor1 65536
Comp: lx
Tensor0 131072
Tensor1 65536
Comp: lx
Tensor0 131072
Tensor1 65536
Comp: lx
Tensor0 131072
Tensor1 65536
Comp: lx
Tensor0 131072
Tensor1 65536
Comp: lx
Tensor0 131072
Tensor1 65536
Comp: lx
Tensor0 131072
Tensor1 65536
Comp: lx
Tensor0 131072
Tensor1 65536
Comp: lx
Tensor0 131072
Tensor1 65536
Comp: lx
Tensor0 131072
Tensor1 65536
Comp: lx
Tensor0 131072
Tensor1 65536
Comp: lx
Tensor0 131072
Tensor1 65536
Comp: lx
Tensor0 131072
Tensor1 65536
Comp: lx
Tensor0 131072
Tensor1 65536
Comp: lx
Tensor0 131072
Tensor1 65536
Comp: lx
Tensor0 131072
Tensor1 65536
Comp: lx
Tensor0 131072
Tensor1 65536
Current parameters:
DSC index: 0
in=-1 out=128 ij=-1 mb=256 kij=-1 x=-1 x1=-1 y=-1
Burst efficiency: 0.875
Comp: lx
Tensor0 262144
Tensor1 131072
Comp: lx
Tensor0 262144
Tensor1 131072
Comp: lx
Tensor0 262144
Tensor1 131072
Comp: lx
Tensor0 262144
Tensor1 131072
Comp: lx
Tensor0 262144
Tensor1 131072
Comp: lx
Tensor0 262144
Tensor1 131072
Comp: lx
Tensor0 262144
Tensor1 131072
Comp: lx
Tensor0 262144
Tensor1 131072
Comp: lx
Tensor0 262144
Tensor1 131072
Comp: lx
Tensor0 262144
Tensor1 131072
Comp: lx
Tensor0 262144
Tensor1 131072
Comp: lx
Tensor0 262144
Tensor1 131072
Comp: lx
Tensor0 262144
Tensor1 131072
Comp: lx
Tensor0 262144
Tensor1 131072
Comp: lx
Tensor0 262144
Tensor1 131072
Comp: lx
Tensor0 262144
Tensor1 131072
Comp: lx
Tensor0 262144
Tensor1 131072
Comp: lx
Tensor0 262144
Tensor1 131072
Comp: lx
Tensor0 262144
Tensor1 131072
Comp: lx
Tensor0 262144
Tensor1 131072
Comp: lx
Tensor0 262144
Tensor1 131072
Comp: lx
Tensor0 262144
Tensor1 131072
Comp: lx
Tensor0 262144
Tensor1 131072
Comp: lx
Tensor0 262144
Tensor1 131072
Comp: lx
Tensor0 262144
Tensor1 131072
Comp: lx
Tensor0 262144
Tensor1 131072
Comp: lx
Tensor0 262144
Tensor1 131072
Comp: lx
Tensor0 262144
Tensor1 131072
Comp: lx
Tensor0 262144
Tensor1 131072
Comp: lx
Tensor0 262144
Tensor1 131072
Comp: lx
Tensor0 262144
Tensor1 131072
Comp: lx
Tensor0 262144
Tensor1 131072
Current parameters:
DSC index: 0
in=-1 out=128 ij=-1 mb=512 kij=-1 x=-1 x1=-1 y=-1
Burst efficiency: 0.875
Comp: lx
Tensor0 524288
Tensor1 262144
Tensor0 524288
-------------- ExPhase: 9 START -------------
(+) reserved-frontend = size: 1625344 addr: 0
(PAR)  Free = 406272
-------------- ExPhase: 9 END ---------------
Current parameters:
DSC index: 0
in=-1 out=128 ij=-1 mb=1024 kij=-1 x=-1 x1=-1 y=-1
Burst efficiency: 0
Comp: lx
Tensor0 1048576
Tensor1 524288
Tensor0 1048576
-------------- ExPhase: 9 START -------------
(+) reserved-frontend = size: 1625344 addr: 0
(PAR)  Free = 406272
-------------- ExPhase: 9 END ---------------
Current parameters:
DSC index: 0
in=-1 out=128 ij=-1 mb=2048 kij=-1 x=-1 x1=-1 y=-1
Burst efficiency: 0
Comp: lx
Tensor0 2097152
Tensor1 1048576
Tensor0 2097152
-------------- ExPhase: 9 START -------------
(+) reserved-frontend = size: 1625344 addr: 0
(PAR)  Free = 406272
-------------- ExPhase: 9 END ---------------
Current parameters:
DSC index: 0
in=-1 out=128 ij=-1 mb=4096 kij=-1 x=-1 x1=-1 y=-1
Burst efficiency: 0
Comp: lx
Tensor0 32768
Tensor1 16384
Comp: lx
Tensor0 32768
Tensor1 16384
Comp: lx
Tensor0 32768
Tensor1 16384
Comp: lx
Tensor0 32768
Tensor1 16384
Comp: lx
Tensor0 32768
Tensor1 16384
Comp: lx
Tensor0 32768
Tensor1 16384
Comp: lx
Tensor0 32768
Tensor1 16384
Comp: lx
Tensor0 32768
Tensor1 16384
Comp: lx
Tensor0 32768
Tensor1 16384
Comp: lx
Tensor0 32768
Tensor1 16384
Comp: lx
Tensor0 32768
Tensor1 16384
Comp: lx
Tensor0 32768
Tensor1 16384
Comp: lx
Tensor0 32768
Tensor1 16384
Comp: lx
Tensor0 32768
Tensor1 16384
Comp: lx
Tensor0 32768
Tensor1 16384
Comp: lx
Tensor0 32768
Tensor1 16384
Comp: lx
Tensor0 32768
Tensor1 16384
Comp: lx
Tensor0 32768
Tensor1 16384
Comp: lx
Tensor0 32768
Tensor1 16384
Comp: lx
Tensor0 32768
Tensor1 16384
Comp: lx
Tensor0 32768
Tensor1 16384
Comp: lx
Tensor0 32768
Tensor1 16384
Comp: lx
Tensor0 32768
Tensor1 16384
Comp: lx
Tensor0 32768
Tensor1 16384
Comp: lx
Tensor0 32768
Tensor1 16384
Comp: lx
Tensor0 32768
Tensor1 16384
Comp: lx
Tensor0 32768
Tensor1 16384
Comp: lx
Tensor0 32768
Tensor1 16384
Comp: lx
Tensor0 32768
Tensor1 16384
Comp: lx
Tensor0 32768
Tensor1 16384
Comp: lx
Tensor0 32768
Tensor1 16384
Comp: lx
Tensor0 32768
Tensor1 16384
Selected parameters:
DSC index: 0
in=-1 out=128 ij=-1 mb=64 kij=-1 x=-1 x1=-1 y=-1
Burst efficiency: 0.875
Comp: lx
Tensor0 32768
Tensor1 16384
Comp: lx
Tensor0 32768
Tensor1 16384
Comp: lx
Tensor0 32768
Tensor1 16384
Comp: lx
Tensor0 32768
Tensor1 16384
Comp: lx
Tensor0 32768
Tensor1 16384
Comp: lx
Tensor0 32768
Tensor1 16384
Comp: lx
Tensor0 32768
Tensor1 16384
Comp: lx
Tensor0 32768
Tensor1 16384
Comp: lx
Tensor0 32768
Tensor1 16384
Comp: lx
Tensor0 32768
Tensor1 16384
Comp: lx
Tensor0 32768
Tensor1 16384
Comp: lx
Tensor0 32768
Tensor1 16384
Comp: lx
Tensor0 32768
Tensor1 16384
Comp: lx
Tensor0 32768
Tensor1 16384
Comp: lx
Tensor0 32768
Tensor1 16384
Comp: lx
Tensor0 32768
Tensor1 16384
Comp: lx
Tensor0 32768
Tensor1 16384
Comp: lx
Tensor0 32768
Tensor1 16384
Comp: lx
Tensor0 32768
Tensor1 16384
Comp: lx
Tensor0 32768
Tensor1 16384
Comp: lx
Tensor0 32768
Tensor1 16384
Comp: lx
Tensor0 32768
Tensor1 16384
Comp: lx
Tensor0 32768
Tensor1 16384
Comp: lx
Tensor0 32768
Tensor1 16384
Comp: lx
Tensor0 32768
Tensor1 16384
Comp: lx
Tensor0 32768
Tensor1 16384
Comp: lx
Tensor0 32768
Tensor1 16384
Comp: lx
Tensor0 32768
Tensor1 16384
Comp: lx
Tensor0 32768
Tensor1 16384
Comp: lx
Tensor0 32768
Tensor1 16384
Comp: lx
Tensor0 32768
Tensor1 16384
Comp: lx
Tensor0 32768
Tensor1 16384
Comp: lx
Tensor0 32768
Tensor1 16384
Comp: lx
Tensor0 32768
Tensor1 16384
Comp: lx
Tensor0 32768
Tensor1 16384
Comp: lx
Tensor0 32768
Tensor1 16384
Comp: lx
Tensor0 32768
Tensor1 16384
Comp: lx
Tensor0 32768
Tensor1 16384
Comp: lx
Tensor0 32768
Tensor1 16384
Comp: lx
Tensor0 32768
Tensor1 16384
Comp: lx
Tensor0 32768
Tensor1 16384
Comp: lx
Tensor0 32768
Tensor1 16384
Comp: lx
Tensor0 32768
Tensor1 16384
Comp: lx
Tensor0 32768
Tensor1 16384
Comp: lx
Tensor0 32768
Tensor1 16384
Comp: lx
Tensor0 32768
Tensor1 16384
Comp: lx
Tensor0 32768
Tensor1 16384
Comp: lx
Tensor0 32768
Tensor1 16384
Comp: lx
Tensor0 32768
Tensor1 16384
Comp: lx
Tensor0 32768
Tensor1 16384
Comp: lx
Tensor0 32768
Tensor1 16384
Comp: lx
Tensor0 32768
Tensor1 16384
Comp: lx
Tensor0 32768
Tensor1 16384
Comp: lx
Tensor0 32768
Tensor1 16384
Comp: lx
Tensor0 32768
Tensor1 16384
Comp: lx
Tensor0 32768
Tensor1 16384
Comp: lx
Tensor0 32768
Tensor1 16384
Comp: lx
Tensor0 32768
Tensor1 16384
Comp: lx
Tensor0 32768
Tensor1 16384
Comp: lx
Tensor0 32768
Tensor1 16384
Comp: lx
Tensor0 32768
Tensor1 16384
Comp: lx
Tensor0 32768
Tensor1 16384
Comp: lx
Tensor0 32768
Tensor1 16384
Comp: lx
Tensor0 32768
Tensor1 16384


>>> buildFoldFromAllocation:
  node= allocate_lds0_lx(0x2aab420)
  refAllocNode= allocate-Tensor0_hbm(0x16f0b30)

====================================================

Reference fold: 
"coordinates_" : {
  "coordInfo" : {
    "out" : {
      "spatial" : 3,
      "temporal" : 0,
      "elemArr" : 2,
      "padding" : "nopad",
      "folds" :  {
        "dim_prop_func" : [
          { "Affine" : {"alpha_" : 128, "beta_" : 0} },
          { "Affine" : {"alpha_" : 0, "beta_" : 0} },
          { "Affine" : {"alpha_" : 0, "beta_" : 0} },
          { "Affine" : {"alpha_" : 64, "beta_" : 0} },
          { "Affine" : {"alpha_" : 1, "beta_" : 0} }
        ],
        "dim_prop_attr" : [
          { "factor_" : 32, "label_" : "core_fold" },
          { "factor_" : 1, "label_" : "corelet_fold" },
          { "factor_" : 1, "label_" : "row_fold" },
          { "factor_" : 2, "label_" : "elem_arr_1" },
          { "factor_" : 64, "label_" : "elem_arr_0" }
        ]
      }
    }, 
    "mb" : {
      "spatial" : 3,
      "temporal" : 0,
      "elemArr" : 1,
      "padding" : "nopad",
      "folds" :  {
        "dim_prop_func" : [
          { "Affine" : {"alpha_" : 4096, "beta_" : 0} },
          { "Affine" : {"alpha_" : 0, "beta_" : 0} },
          { "Affine" : {"alpha_" : 0, "beta_" : 0} },
          { "Affine" : {"alpha_" : 1, "beta_" : 0} }
        ],
        "dim_prop_attr" : [
          { "factor_" : 1, "label_" : "core_fold" },
          { "factor_" : 1, "label_" : "corelet_fold" },
          { "factor_" : 1, "label_" : "row_fold" },
          { "factor_" : 4096, "label_" : "elem_arr_0" }
        ]
      }
    }
  },
  "coreIdToWkSlice_" : { 
  } 
}


[distributeElemArrToTemporalLoops]: Distributing for Dim= (out,unpadded)
    sizeRefComp= l3lu propRefComp= l3lu ptRowId= -1 refPadType= nopad targetPadType= nopad
    ElemArr: (1, 0, 64) (64, 0, 2) 

  [distributeElemArrToTemporalLoops]: loop= loop_ds0_ds1_out dim= (out, unpadded) iterationCount= 1 refPadType= nopad targetPadType= nopad
    NumDs: {"name_" : "core", "in_" : -1, "out_" : 128, "mb_" : 4096, "i_" : -1, "j_" : -1, "ki_" : -1, "kj_" : -1, "x_" : -1, "x1_" : -1, "y_" : -1, "symbolicDimInfo_" : {}, "maxSymbolicVolume_" : {}, "coreletSplit_" : {"out" : [64, 64]}, "rowSplit_" : {}, "peSfpSplit_" : {}, "paddingSizes_" : {}}
    DenDs: {"name_" : "chunk", "in_" : -1, "out_" : 128, "mb_" : 64, "i_" : -1, "j_" : -1, "ki_" : -1, "kj_" : -1, "x_" : -1, "x1_" : -1, "y_" : -1, "symbolicDimInfo_" : {}, "maxSymbolicVolume_" : {}, "coreletSplit_" : {"out" : [64, 64]}, "rowSplit_" : {}, "peSfpSplit_" : {}, "paddingSizes_" : {}}
    segmentDS: {"name_" : "", "in_" : -1, "out_" : 128, "mb_" : 4096, "i_" : -1, "j_" : -1, "ki_" : -1, "kj_" : -1, "x_" : -1, "x1_" : -1, "y_" : -1, "symbolicDimInfo_" : {}, "maxSymbolicVolume_" : {}, "coreletSplit_" : {"out" : [64, 64]}, "rowSplit_" : {}, "peSfpSplit_" : {}, "paddingSizes_" : {}}
    segSize= 128 scaleDownFactor= 1 elemSegStride= 128 coordSegStride= 128 iterationCount= 1
    loop_ds0_ds1_out->relatedElemArrLevel= 1
    elemArr(before distribution): (1, 0, 64) (64, 0, 2) 
    Distributing elemArr[1] = (64, 0, 2)
    elemArr(after distribution): (1, 0, 64) (64, 0, 2) 
    loopParams after distribution: (128, 0, 1)

[distributeElemArrToTemporalLoops]: Distributing for Dim= (mb,unpadded)
    sizeRefComp= l3lu propRefComp= l3lu ptRowId= -1 refPadType= nopad targetPadType= nopad
    ElemArr: (1, 0, 4096) 

  [distributeElemArrToTemporalLoops]: loop= loop_ds0_ds1_mb dim= (mb, unpadded) iterationCount= 64 refPadType= nopad targetPadType= nopad
    NumDs: {"name_" : "core", "in_" : -1, "out_" : 128, "mb_" : 4096, "i_" : -1, "j_" : -1, "ki_" : -1, "kj_" : -1, "x_" : -1, "x1_" : -1, "y_" : -1, "symbolicDimInfo_" : {}, "maxSymbolicVolume_" : {}, "coreletSplit_" : {"out" : [64, 64]}, "rowSplit_" : {}, "peSfpSplit_" : {}, "paddingSizes_" : {}}
    DenDs: {"name_" : "chunk", "in_" : -1, "out_" : 128, "mb_" : 64, "i_" : -1, "j_" : -1, "ki_" : -1, "kj_" : -1, "x_" : -1, "x1_" : -1, "y_" : -1, "symbolicDimInfo_" : {}, "maxSymbolicVolume_" : {}, "coreletSplit_" : {"out" : [64, 64]}, "rowSplit_" : {}, "peSfpSplit_" : {}, "paddingSizes_" : {}}
    segmentDS: {"name_" : "", "in_" : -1, "out_" : 128, "mb_" : 64, "i_" : -1, "j_" : -1, "ki_" : -1, "kj_" : -1, "x_" : -1, "x1_" : -1, "y_" : -1, "symbolicDimInfo_" : {}, "maxSymbolicVolume_" : {}, "coreletSplit_" : {"out" : [64, 64]}, "rowSplit_" : {}, "peSfpSplit_" : {}, "paddingSizes_" : {}}
    segSize= 64 scaleDownFactor= 1 elemSegStride= 64 coordSegStride= 64 iterationCount= 64
    loop_ds0_ds1_mb->relatedElemArrLevel= 0
    elemArr(before distribution): (1, 0, 4096) 
    Distributing elemArr[0] = (1, 0, 4096)
    elemArr(after distribution): (1, 0, 64) 
    loopParams after distribution: (64, 0, 64)

====================================================

[buildCoordinateFromAllocation] fold at end:
  refAllocNode = allocate-Tensor0_hbm
  node         = allocate_lds0_lx
"coordinates_" : {
  "coordInfo" : {
    "out" : {
      "spatial" : 3,
      "temporal" : 1,
      "elemArr" : 2,
      "padding" : "nopad",
      "folds" :  {
        "dim_prop_func" : [
          { "Affine" : {"alpha_" : 128, "beta_" : 0} },
          { "Affine" : {"alpha_" : 0, "beta_" : 0} },
          { "Affine" : {"alpha_" : 0, "beta_" : 0} },
          { "Affine" : {"alpha_" : 128, "beta_" : 0} },
          { "Affine" : {"alpha_" : 64, "beta_" : 0} },
          { "Affine" : {"alpha_" : 1, "beta_" : 0} }
        ],
        "dim_prop_attr" : [
          { "factor_" : 32, "label_" : "core_fold" },
          { "factor_" : 1, "label_" : "corelet_fold" },
          { "factor_" : 1, "label_" : "row_fold" },
          { "factor_" : 1, "label_" : "loop_ds0_ds1_out out" },
          { "factor_" : 2, "label_" : "elem_arr_1" },
          { "factor_" : 64, "label_" : "elem_arr_0" }
        ]
      }
    }, 
    "mb" : {
      "spatial" : 3,
      "temporal" : 1,
      "elemArr" : 1,
      "padding" : "nopad",
      "folds" :  {
        "dim_prop_func" : [
          { "Affine" : {"alpha_" : 4096, "beta_" : 0} },
          { "Affine" : {"alpha_" : 0, "beta_" : 0} },
          { "Affine" : {"alpha_" : 0, "beta_" : 0} },
          { "Affine" : {"alpha_" : 64, "beta_" : 0} },
          { "Affine" : {"alpha_" : 1, "beta_" : 0} }
        ],
        "dim_prop_attr" : [
          { "factor_" : 1, "label_" : "core_fold" },
          { "factor_" : 1, "label_" : "corelet_fold" },
          { "factor_" : 1, "label_" : "row_fold" },
          { "factor_" : 64, "label_" : "loop_ds0_ds1_mb mb" },
          { "factor_" : 64, "label_" : "elem_arr_0" }
        ]
      }
    }
  },
  "coreIdToWkSlice_" : { 
  } 
}


>>> buildFoldFromAllocation:
  node= allocate_lds1_lx(0x2b48970)
  refAllocNode= allocate-Tensor1_hbm(0x16f0fe0)

====================================================

Reference fold: 
"coordinates_" : {
  "coordInfo" : {
    "out" : {
      "spatial" : 3,
      "temporal" : 0,
      "elemArr" : 3,
      "padding" : "nopad",
      "folds" :  {
        "dim_prop_func" : [
          { "Affine" : {"alpha_" : 128, "beta_" : 0} },
          { "Affine" : {"alpha_" : 0, "beta_" : 0} },
          { "Affine" : {"alpha_" : 0, "beta_" : 0} },
          { "Affine" : {"alpha_" : 64, "beta_" : 0} },
          { "Affine" : {"alpha_" : 0, "beta_" : 0} },
          { "Affine" : {"alpha_" : 1, "beta_" : 0} }
        ],
        "dim_prop_attr" : [
          { "factor_" : 32, "label_" : "core_fold" },
          { "factor_" : 1, "label_" : "corelet_fold" },
          { "factor_" : 1, "label_" : "row_fold" },
          { "factor_" : 2, "label_" : "elem_arr_2" },
          { "factor_" : 2, "label_" : "elem_arr_1" },
          { "factor_" : 64, "label_" : "elem_arr_0" }
        ]
      }
    }, 
    "mb" : {
      "spatial" : 3,
      "temporal" : 0,
      "elemArr" : 3,
      "padding" : "nopad",
      "folds" :  {
        "dim_prop_func" : [
          { "Affine" : {"alpha_" : 4096, "beta_" : 0} },
          { "Affine" : {"alpha_" : 0, "beta_" : 0} },
          { "Affine" : {"alpha_" : 0, "beta_" : 0} },
          { "Affine" : {"alpha_" : 2, "beta_" : 0} },
          { "Affine" : {"alpha_" : 1, "beta_" : 0} },
          { "Affine" : {"alpha_" : 0, "beta_" : 0} }
        ],
        "dim_prop_attr" : [
          { "factor_" : 1, "label_" : "core_fold" },
          { "factor_" : 1, "label_" : "corelet_fold" },
          { "factor_" : 1, "label_" : "row_fold" },
          { "factor_" : 2048, "label_" : "elem_arr_2" },
          { "factor_" : 2, "label_" : "elem_arr_1" },
          { "factor_" : 64, "label_" : "elem_arr_0" }
        ]
      }
    }
  },
  "coreIdToWkSlice_" : { 
  } 
}


[distributeElemArrToTemporalLoops]: Distributing for Dim= (out,unpadded)
    sizeRefComp= l3lu propRefComp= l3lu ptRowId= -1 refPadType= nopad targetPadType= nopad
    ElemArr: (1, 0, 64) (0, 0, 2) (64, 0, 2) 

  [distributeElemArrToTemporalLoops]: loop= loop_ds0_ds1_out dim= (out, unpadded) iterationCount= 1 refPadType= nopad targetPadType= nopad
    NumDs: {"name_" : "core", "in_" : -1, "out_" : 128, "mb_" : 4096, "i_" : -1, "j_" : -1, "ki_" : -1, "kj_" : -1, "x_" : -1, "x1_" : -1, "y_" : -1, "symbolicDimInfo_" : {}, "maxSymbolicVolume_" : {}, "coreletSplit_" : {"out" : [64, 64]}, "rowSplit_" : {}, "peSfpSplit_" : {}, "paddingSizes_" : {}}
    DenDs: {"name_" : "chunk", "in_" : -1, "out_" : 128, "mb_" : 64, "i_" : -1, "j_" : -1, "ki_" : -1, "kj_" : -1, "x_" : -1, "x1_" : -1, "y_" : -1, "symbolicDimInfo_" : {}, "maxSymbolicVolume_" : {}, "coreletSplit_" : {"out" : [64, 64]}, "rowSplit_" : {}, "peSfpSplit_" : {}, "paddingSizes_" : {}}
    segmentDS: {"name_" : "", "in_" : -1, "out_" : 128, "mb_" : 4096, "i_" : -1, "j_" : -1, "ki_" : -1, "kj_" : -1, "x_" : -1, "x1_" : -1, "y_" : -1, "symbolicDimInfo_" : {}, "maxSymbolicVolume_" : {}, "coreletSplit_" : {"out" : [64, 64]}, "rowSplit_" : {}, "peSfpSplit_" : {}, "paddingSizes_" : {}}
    segSize= 128 scaleDownFactor= 1 elemSegStride= 128 coordSegStride= 64 iterationCount= 1
    loop_ds0_ds1_out->relatedElemArrLevel= 2
    Absorbing elemArr[2] = (64, 2) as a temporal fold for loop_ds0_ds1_out
    After absorbing elemArr[2]:(1, 0, 64) (0, 0, 2) 


[distributeElemArrToTemporalLoops]: Distributing for Dim= (mb,unpadded)
    sizeRefComp= l3lu propRefComp= l3lu ptRowId= -1 refPadType= nopad targetPadType= nopad
    ElemArr: (0, 0, 64) (1, 0, 2) (2, 0, 2048) 

  [distributeElemArrToTemporalLoops]: loop= loop_ds0_ds1_mb dim= (mb, unpadded) iterationCount= 64 refPadType= nopad targetPadType= nopad
    NumDs: {"name_" : "core", "in_" : -1, "out_" : 128, "mb_" : 4096, "i_" : -1, "j_" : -1, "ki_" : -1, "kj_" : -1, "x_" : -1, "x1_" : -1, "y_" : -1, "symbolicDimInfo_" : {}, "maxSymbolicVolume_" : {}, "coreletSplit_" : {"out" : [64, 64]}, "rowSplit_" : {}, "peSfpSplit_" : {}, "paddingSizes_" : {}}
    DenDs: {"name_" : "chunk", "in_" : -1, "out_" : 128, "mb_" : 64, "i_" : -1, "j_" : -1, "ki_" : -1, "kj_" : -1, "x_" : -1, "x1_" : -1, "y_" : -1, "symbolicDimInfo_" : {}, "maxSymbolicVolume_" : {}, "coreletSplit_" : {"out" : [64, 64]}, "rowSplit_" : {}, "peSfpSplit_" : {}, "paddingSizes_" : {}}
    segmentDS: {"name_" : "", "in_" : -1, "out_" : 128, "mb_" : 64, "i_" : -1, "j_" : -1, "ki_" : -1, "kj_" : -1, "x_" : -1, "x1_" : -1, "y_" : -1, "symbolicDimInfo_" : {}, "maxSymbolicVolume_" : {}, "coreletSplit_" : {"out" : [64, 64]}, "rowSplit_" : {}, "peSfpSplit_" : {}, "paddingSizes_" : {}}
    segSize= 64 scaleDownFactor= 1 elemSegStride= 64 coordSegStride= 1 iterationCount= 64
    loop_ds0_ds1_mb->relatedElemArrLevel= 2
    elemArr(before distribution): (0, 0, 64) (1, 0, 2) (2, 0, 2048) 
    Distributing elemArr[2] = (2, 0, 2048)
    elemArr(after distribution): (0, 0, 64) (1, 0, 1) (2, 0, 1) 
    loopParams after distribution: (1, 0, 64)

====================================================

[buildCoordinateFromAllocation] fold at end:
  refAllocNode = allocate-Tensor1_hbm
  node         = allocate_lds1_lx
"coordinates_" : {
  "coordInfo" : {
    "out" : {
      "spatial" : 3,
      "temporal" : 1,
      "elemArr" : 2,
      "padding" : "nopad",
      "folds" :  {
        "dim_prop_func" : [
          { "Affine" : {"alpha_" : 128, "beta_" : 0} },
          { "Affine" : {"alpha_" : 0, "beta_" : 0} },
          { "Affine" : {"alpha_" : 0, "beta_" : 0} },
          { "Affine" : {"alpha_" : 64, "beta_" : 0} },
          { "Affine" : {"alpha_" : 0, "beta_" : 0} },
          { "Affine" : {"alpha_" : 1, "beta_" : 0} }
        ],
        "dim_prop_attr" : [
          { "factor_" : 32, "label_" : "core_fold" },
          { "factor_" : 1, "label_" : "corelet_fold" },
          { "factor_" : 1, "label_" : "row_fold" },
          { "factor_" : 1, "label_" : "loop_ds0_ds1_out out" },
          { "factor_" : 2, "label_" : "elem_arr_1" },
          { "factor_" : 64, "label_" : "elem_arr_0" }
        ]
      }
    }, 
    "mb" : {
      "spatial" : 3,
      "temporal" : 1,
      "elemArr" : 3,
      "padding" : "nopad",
      "folds" :  {
        "dim_prop_func" : [
          { "Affine" : {"alpha_" : 4096, "beta_" : 0} },
          { "Affine" : {"alpha_" : 0, "beta_" : 0} },
          { "Affine" : {"alpha_" : 0, "beta_" : 0} },
          { "Affine" : {"alpha_" : 1, "beta_" : 0} },
          { "Affine" : {"alpha_" : 2, "beta_" : 0} },
          { "Affine" : {"alpha_" : 1, "beta_" : 0} },
          { "Affine" : {"alpha_" : 0, "beta_" : 0} }
        ],
        "dim_prop_attr" : [
          { "factor_" : 1, "label_" : "core_fold" },
          { "factor_" : 1, "label_" : "corelet_fold" },
          { "factor_" : 1, "label_" : "row_fold" },
          { "factor_" : 64, "label_" : "loop_ds0_ds1_mb mb" },
          { "factor_" : 1, "label_" : "elem_arr_2" },
          { "factor_" : 1, "label_" : "elem_arr_1" },
          { "factor_" : 64, "label_" : "elem_arr_0" }
        ]
      }
    }
  },
  "coreIdToWkSlice_" : { 
  } 
}
Schedule tree in DSC 0:
Schedule node: allocate-Tensor0_hbm
Schedule node: allocate-Tensor1_hbm
Schedule node: loop_ds0_ds1_out
Schedule node: loop_ds0_ds1_mb
Schedule node: allocate_lds0_lx
Schedule node: transfer_lds0_src:hbm_dst:lx
Schedule node: sync_send_l3lu_to_lxlu
Schedule node: sync_receive_lxlu_from_l3lu
Schedule node: sync_send_lxlu_to_l3lu
Schedule node: sync_receive_l3lu_from_lxlu
Schedule node: allocate_lds1_lx
Schedule node: lx_below_schedule
Schedule node: sync_send_lxsu_to_l3su
Schedule node: sync_receive_l3su_from_lxsu
Schedule node: sync_send_l3su_to_lxsu
Schedule node: sync_receive_lxsu_from_l3su
Schedule node: transfer_lds1_src:lx_dst:hbm
[DDC] start working on DSC: qfp8wt

DDL specification disables promotion of transfer.
[DDC] DSC2 successfully filled
[DeepRT] ===== Calling DCC =====
7_qfp8wt with translator version: 3
[DeepRT]: Compilation time taken by DCC in - 7_qfp8wt	294 millisec 
Running L3 DL Ops Scheduler: Node-name: 8_batchmatmulfp8mb
Dimension types to LabeledDs table:
LabeledDs index: 2
Dimension type Elementwise: mb out 
Dimension type Reuse: in 

LabeledDs index: 1
Dimension type Elementwise: in out 
Dimension type Reuse: mb 

LabeledDs index: 0
Dimension type Elementwise: mb in 
Dimension type Reuse: out 

Loop Order (innermost to outermost):
in mb out 
Comp: lx
Tensor0 32768
Tensor1 32768
Tensor2 16384
Comp: lx
Tensor0 32768
Tensor1 32768
Tensor2 16384
Comp: lx
Tensor0 32768
Tensor1 32768
Tensor2 16384
Comp: lx
Tensor0 32768
Tensor1 32768
Tensor2 16384
Comp: lx
Tensor0 32768
Tensor1 32768
Tensor2 16384
Comp: lx
Tensor0 32768
Tensor1 32768
Tensor2 16384
Comp: lx
Tensor0 32768
Tensor1 32768
Tensor2 16384
Comp: lx
Tensor0 32768
Tensor1 32768
Tensor2 16384
Comp: lx
Tensor0 32768
Tensor1 32768
Tensor2 16384
Comp: lx
Tensor0 32768
Tensor1 32768
Tensor2 16384
Comp: lx
Tensor0 32768
Tensor1 32768
Tensor2 16384
Comp: lx
Tensor0 32768
Tensor1 32768
Tensor2 16384
Comp: lx
Tensor0 32768
Tensor1 32768
Tensor2 16384
Comp: lx
Tensor0 32768
Tensor1 32768
Tensor2 16384
Comp: lx
Tensor0 32768
Tensor1 32768
Tensor2 16384
Comp: lx
Tensor0 32768
Tensor1 32768
Tensor2 16384
Comp: lx
Tensor0 32768
Tensor1 32768
Tensor2 16384
Comp: lx
Tensor0 32768
Tensor1 32768
Tensor2 16384
Comp: lx
Tensor0 32768
Tensor1 32768
Tensor2 16384
Comp: lx
Tensor0 32768
Tensor1 32768
Tensor2 16384
Comp: lx
Tensor0 32768
Tensor1 32768
Tensor2 16384
Comp: lx
Tensor0 32768
Tensor1 32768
Tensor2 16384
Comp: lx
Tensor0 32768
Tensor1 32768
Tensor2 16384
Comp: lx
Tensor0 32768
Tensor1 32768
Tensor2 16384
Comp: lx
Tensor0 32768
Tensor1 32768
Tensor2 16384
Comp: lx
Tensor0 32768
Tensor1 32768
Tensor2 16384
Comp: lx
Tensor0 32768
Tensor1 32768
Tensor2 16384
Comp: lx
Tensor0 32768
Tensor1 32768
Tensor2 16384
Comp: lx
Tensor0 32768
Tensor1 32768
Tensor2 16384
Comp: lx
Tensor0 32768
Tensor1 32768
Tensor2 16384
Comp: lx
Tensor0 32768
Tensor1 32768
Tensor2 16384
Comp: lx
Tensor0 32768
Tensor1 32768
Tensor2 16384
Comp: lx
Tensor0 32768
Tensor1 32768
Tensor2 16384
Comp: lx
Tensor0 32768
Tensor1 32768
Tensor2 16384
Comp: lx
Tensor0 32768
Tensor1 32768
Tensor2 16384
Comp: lx
Tensor0 32768
Tensor1 32768
Tensor2 16384
Comp: lx
Tensor0 32768
Tensor1 32768
Tensor2 16384
Comp: lx
Tensor0 32768
Tensor1 32768
Tensor2 16384
Comp: lx
Tensor0 32768
Tensor1 32768
Tensor2 16384
Comp: lx
Tensor0 32768
Tensor1 32768
Tensor2 16384
Comp: lx
Tensor0 32768
Tensor1 32768
Tensor2 16384
Comp: lx
Tensor0 32768
Tensor1 32768
Tensor2 16384
Comp: lx
Tensor0 32768
Tensor1 32768
Tensor2 16384
Comp: lx
Tensor0 32768
Tensor1 32768
Tensor2 16384
Comp: lx
Tensor0 32768
Tensor1 32768
Tensor2 16384
Comp: lx
Tensor0 32768
Tensor1 32768
Tensor2 16384
Comp: lx
Tensor0 32768
Tensor1 32768
Tensor2 16384
Comp: lx
Tensor0 32768
Tensor1 32768
Tensor2 16384
Comp: lx
Tensor0 32768
Tensor1 32768
Tensor2 16384
Comp: lx
Tensor0 32768
Tensor1 32768
Tensor2 16384
Comp: lx
Tensor0 32768
Tensor1 32768
Tensor2 16384
Comp: lx
Tensor0 32768
Tensor1 32768
Tensor2 16384
Comp: lx
Tensor0 32768
Tensor1 32768
Tensor2 16384
Comp: lx
Tensor0 32768
Tensor1 32768
Tensor2 16384
Comp: lx
Tensor0 32768
Tensor1 32768
Tensor2 16384
Comp: lx
Tensor0 32768
Tensor1 32768
Tensor2 16384
Comp: lx
Tensor0 32768
Tensor1 32768
Tensor2 16384
Comp: lx
Tensor0 32768
Tensor1 32768
Tensor2 16384
Comp: lx
Tensor0 32768
Tensor1 32768
Tensor2 16384
Comp: lx
Tensor0 32768
Tensor1 32768
Tensor2 16384
Comp: lx
Tensor0 32768
Tensor1 32768
Tensor2 16384
Comp: lx
Tensor0 32768
Tensor1 32768
Tensor2 16384
Comp: lx
Tensor0 32768
Tensor1 32768
Tensor2 16384
Comp: lx
Tensor0 32768
Tensor1 32768
Tensor2 16384
Start exploring best chunk parameters for memory bandwidth
Starting parameters:
DSC index: 0
in=256 out=64 ij=-1 mb=64 kij=-1 x=-1 x1=-1 y=-1
Burst efficiency: 0.873
Comp: lx
Tensor0 65536
Tensor1 65536
Tensor2 16384
Comp: lx
Tensor0 65536
Tensor1 65536
Tensor2 16384
Comp: lx
Tensor0 65536
Tensor1 65536
Tensor2 16384
Comp: lx
Tensor0 65536
Tensor1 65536
Tensor2 16384
Comp: lx
Tensor0 65536
Tensor1 65536
Tensor2 16384
Comp: lx
Tensor0 65536
Tensor1 65536
Tensor2 16384
Comp: lx
Tensor0 65536
Tensor1 65536
Tensor2 16384
Comp: lx
Tensor0 65536
Tensor1 65536
Tensor2 16384
Comp: lx
Tensor0 65536
Tensor1 65536
Tensor2 16384
Comp: lx
Tensor0 65536
Tensor1 65536
Tensor2 16384
Comp: lx
Tensor0 65536
Tensor1 65536
Tensor2 16384
Comp: lx
Tensor0 65536
Tensor1 65536
Tensor2 16384
Comp: lx
Tensor0 65536
Tensor1 65536
Tensor2 16384
Comp: lx
Tensor0 65536
Tensor1 65536
Tensor2 16384
Comp: lx
Tensor0 65536
Tensor1 65536
Tensor2 16384
Comp: lx
Tensor0 65536
Tensor1 65536
Tensor2 16384
Comp: lx
Tensor0 65536
Tensor1 65536
Tensor2 16384
Comp: lx
Tensor0 65536
Tensor1 65536
Tensor2 16384
Comp: lx
Tensor0 65536
Tensor1 65536
Tensor2 16384
Comp: lx
Tensor0 65536
Tensor1 65536
Tensor2 16384
Comp: lx
Tensor0 65536
Tensor1 65536
Tensor2 16384
Comp: lx
Tensor0 65536
Tensor1 65536
Tensor2 16384
Comp: lx
Tensor0 65536
Tensor1 65536
Tensor2 16384
Comp: lx
Tensor0 65536
Tensor1 65536
Tensor2 16384
Comp: lx
Tensor0 65536
Tensor1 65536
Tensor2 16384
Comp: lx
Tensor0 65536
Tensor1 65536
Tensor2 16384
Comp: lx
Tensor0 65536
Tensor1 65536
Tensor2 16384
Comp: lx
Tensor0 65536
Tensor1 65536
Tensor2 16384
Comp: lx
Tensor0 65536
Tensor1 65536
Tensor2 16384
Comp: lx
Tensor0 65536
Tensor1 65536
Tensor2 16384
Comp: lx
Tensor0 65536
Tensor1 65536
Tensor2 16384
Comp: lx
Tensor0 65536
Tensor1 65536
Tensor2 16384
Current parameters:
DSC index: 0
in=512 out=64 ij=-1 mb=64 kij=-1 x=-1 x1=-1 y=-1
Burst efficiency: 0.873
Comp: lx
Tensor0 131072
Tensor1 131072
Tensor2 16384
Comp: lx
Tensor0 131072
Tensor1 131072
Tensor2 16384
Comp: lx
Tensor0 131072
Tensor1 131072
Tensor2 16384
Comp: lx
Tensor0 131072
Tensor1 131072
Tensor2 16384
Comp: lx
Tensor0 131072
Tensor1 131072
Tensor2 16384
Comp: lx
Tensor0 131072
Tensor1 131072
Tensor2 16384
Comp: lx
Tensor0 131072
Tensor1 131072
Tensor2 16384
Comp: lx
Tensor0 131072
Tensor1 131072
Tensor2 16384
Comp: lx
Tensor0 131072
Tensor1 131072
Tensor2 16384
Comp: lx
Tensor0 131072
Tensor1 131072
Tensor2 16384
Comp: lx
Tensor0 131072
Tensor1 131072
Tensor2 16384
Comp: lx
Tensor0 131072
Tensor1 131072
Tensor2 16384
Comp: lx
Tensor0 131072
Tensor1 131072
Tensor2 16384
Comp: lx
Tensor0 131072
Tensor1 131072
Tensor2 16384
Comp: lx
Tensor0 131072
Tensor1 131072
Tensor2 16384
Comp: lx
Tensor0 131072
Tensor1 131072
Tensor2 16384
Comp: lx
Tensor0 131072
Tensor1 131072
Tensor2 16384
Comp: lx
Tensor0 131072
Tensor1 131072
Tensor2 16384
Comp: lx
Tensor0 131072
Tensor1 131072
Tensor2 16384
Comp: lx
Tensor0 131072
Tensor1 131072
Tensor2 16384
Comp: lx
Tensor0 131072
Tensor1 131072
Tensor2 16384
Comp: lx
Tensor0 131072
Tensor1 131072
Tensor2 16384
Comp: lx
Tensor0 131072
Tensor1 131072
Tensor2 16384
Comp: lx
Tensor0 131072
Tensor1 131072
Tensor2 16384
Comp: lx
Tensor0 131072
Tensor1 131072
Tensor2 16384
Comp: lx
Tensor0 131072
Tensor1 131072
Tensor2 16384
Comp: lx
Tensor0 131072
Tensor1 131072
Tensor2 16384
Comp: lx
Tensor0 131072
Tensor1 131072
Tensor2 16384
Comp: lx
Tensor0 131072
Tensor1 131072
Tensor2 16384
Comp: lx
Tensor0 131072
Tensor1 131072
Tensor2 16384
Comp: lx
Tensor0 131072
Tensor1 131072
Tensor2 16384
Comp: lx
Tensor0 131072
Tensor1 131072
Tensor2 16384
Current parameters:
DSC index: 0
in=1024 out=64 ij=-1 mb=64 kij=-1 x=-1 x1=-1 y=-1
Burst efficiency: 0.873
Comp: lx
Tensor0 262144
Tensor1 262144
Tensor2 16384
Tensor1 262144
-------------- ExPhase: 10 START -------------
(+) reserved-frontend = size: 1625344 addr: 0
(+) Tensor0 = size: 262144 addr: 1625344
(PAR)  Free = 144128
-------------- ExPhase: 10 END ---------------
Current parameters:
DSC index: 0
in=2048 out=64 ij=-1 mb=64 kij=-1 x=-1 x1=-1 y=-1
Burst efficiency: 0
Comp: lx
Tensor0 524288
Tensor1 524288
Tensor2 16384
Tensor0 524288
-------------- ExPhase: 10 START -------------
(+) reserved-frontend = size: 1625344 addr: 0
(PAR)  Free = 406272
-------------- ExPhase: 10 END ---------------
Current parameters:
DSC index: 0
in=4096 out=64 ij=-1 mb=64 kij=-1 x=-1 x1=-1 y=-1
Burst efficiency: 0
Comp: lx
Tensor1 65536
Tensor0 32768
Tensor2 32768
Comp: lx
Tensor1 65536
Tensor0 32768
Tensor2 32768
Comp: lx
Tensor1 65536
Tensor0 32768
Tensor2 32768
Comp: lx
Tensor1 65536
Tensor0 32768
Tensor2 32768
Comp: lx
Tensor1 65536
Tensor0 32768
Tensor2 32768
Comp: lx
Tensor1 65536
Tensor0 32768
Tensor2 32768
Comp: lx
Tensor1 65536
Tensor0 32768
Tensor2 32768
Comp: lx
Tensor1 65536
Tensor0 32768
Tensor2 32768
Comp: lx
Tensor1 65536
Tensor0 32768
Tensor2 32768
Comp: lx
Tensor1 65536
Tensor0 32768
Tensor2 32768
Comp: lx
Tensor1 65536
Tensor0 32768
Tensor2 32768
Comp: lx
Tensor1 65536
Tensor0 32768
Tensor2 32768
Comp: lx
Tensor1 65536
Tensor0 32768
Tensor2 32768
Comp: lx
Tensor1 65536
Tensor0 32768
Tensor2 32768
Comp: lx
Tensor1 65536
Tensor0 32768
Tensor2 32768
Comp: lx
Tensor1 65536
Tensor0 32768
Tensor2 32768
Comp: lx
Tensor1 65536
Tensor0 32768
Tensor2 32768
Comp: lx
Tensor1 65536
Tensor0 32768
Tensor2 32768
Comp: lx
Tensor1 65536
Tensor0 32768
Tensor2 32768
Comp: lx
Tensor1 65536
Tensor0 32768
Tensor2 32768
Comp: lx
Tensor1 65536
Tensor0 32768
Tensor2 32768
Comp: lx
Tensor1 65536
Tensor0 32768
Tensor2 32768
Comp: lx
Tensor1 65536
Tensor0 32768
Tensor2 32768
Comp: lx
Tensor1 65536
Tensor0 32768
Tensor2 32768
Comp: lx
Tensor1 65536
Tensor0 32768
Tensor2 32768
Comp: lx
Tensor1 65536
Tensor0 32768
Tensor2 32768
Comp: lx
Tensor1 65536
Tensor0 32768
Tensor2 32768
Comp: lx
Tensor1 65536
Tensor0 32768
Tensor2 32768
Comp: lx
Tensor1 65536
Tensor0 32768
Tensor2 32768
Comp: lx
Tensor1 65536
Tensor0 32768
Tensor2 32768
Comp: lx
Tensor1 65536
Tensor0 32768
Tensor2 32768
Comp: lx
Tensor1 65536
Tensor0 32768
Tensor2 32768
Current parameters:
DSC index: 0
in=256 out=128 ij=-1 mb=64 kij=-1 x=-1 x1=-1 y=-1
Burst efficiency: 0.872778
Comp: lx
Tensor1 131072
Tensor2 65536
Tensor0 32768
Comp: lx
Tensor1 131072
Tensor2 65536
Tensor0 32768
Comp: lx
Tensor1 131072
Tensor2 65536
Tensor0 32768
Comp: lx
Tensor1 131072
Tensor2 65536
Tensor0 32768
Comp: lx
Tensor1 131072
Tensor2 65536
Tensor0 32768
Comp: lx
Tensor1 131072
Tensor2 65536
Tensor0 32768
Comp: lx
Tensor1 131072
Tensor2 65536
Tensor0 32768
Comp: lx
Tensor1 131072
Tensor2 65536
Tensor0 32768
Comp: lx
Tensor1 131072
Tensor2 65536
Tensor0 32768
Comp: lx
Tensor1 131072
Tensor2 65536
Tensor0 32768
Comp: lx
Tensor1 131072
Tensor2 65536
Tensor0 32768
Comp: lx
Tensor1 131072
Tensor2 65536
Tensor0 32768
Comp: lx
Tensor1 131072
Tensor2 65536
Tensor0 32768
Comp: lx
Tensor1 131072
Tensor2 65536
Tensor0 32768
Comp: lx
Tensor1 131072
Tensor2 65536
Tensor0 32768
Comp: lx
Tensor1 131072
Tensor2 65536
Tensor0 32768
Comp: lx
Tensor1 131072
Tensor2 65536
Tensor0 32768
Comp: lx
Tensor1 131072
Tensor2 65536
Tensor0 32768
Comp: lx
Tensor1 131072
Tensor2 65536
Tensor0 32768
Comp: lx
Tensor1 131072
Tensor2 65536
Tensor0 32768
Comp: lx
Tensor1 131072
Tensor2 65536
Tensor0 32768
Comp: lx
Tensor1 131072
Tensor2 65536
Tensor0 32768
Comp: lx
Tensor1 131072
Tensor2 65536
Tensor0 32768
Comp: lx
Tensor1 131072
Tensor2 65536
Tensor0 32768
Comp: lx
Tensor1 131072
Tensor2 65536
Tensor0 32768
Comp: lx
Tensor1 131072
Tensor2 65536
Tensor0 32768
Comp: lx
Tensor1 131072
Tensor2 65536
Tensor0 32768
Comp: lx
Tensor1 131072
Tensor2 65536
Tensor0 32768
Comp: lx
Tensor1 131072
Tensor2 65536
Tensor0 32768
Comp: lx
Tensor1 131072
Tensor2 65536
Tensor0 32768
Comp: lx
Tensor1 131072
Tensor2 65536
Tensor0 32768
Comp: lx
Tensor1 131072
Tensor2 65536
Tensor0 32768
Current parameters:
DSC index: 0
in=256 out=256 ij=-1 mb=64 kij=-1 x=-1 x1=-1 y=-1
Burst efficiency: 0.872571
Comp: lx
Tensor1 262144
Tensor2 131072
Tensor0 32768
Tensor0 32768
-------------- ExPhase: 10 START -------------
(+) reserved-frontend = size: 1625344 addr: 0
(+) Tensor1 = size: 262144 addr: 1625344
(+) Tensor2 = size: 131072 addr: 1887488
(PAR)  Free = 13056
-------------- ExPhase: 10 END ---------------
Current parameters:
DSC index: 0
in=256 out=512 ij=-1 mb=64 kij=-1 x=-1 x1=-1 y=-1
Burst efficiency: 0
Comp: lx
Tensor1 524288
Tensor2 262144
Tensor0 32768
Tensor1 524288
-------------- ExPhase: 10 START -------------
(+) reserved-frontend = size: 1625344 addr: 0
(PAR)  Free = 406272
-------------- ExPhase: 10 END ---------------
Current parameters:
DSC index: 0
in=256 out=1024 ij=-1 mb=64 kij=-1 x=-1 x1=-1 y=-1
Burst efficiency: 0
Comp: lx
Tensor1 65536
Tensor0 32768
Tensor2 32768
Comp: lx
Tensor1 65536
Tensor0 32768
Tensor2 32768
Comp: lx
Tensor1 65536
Tensor0 32768
Tensor2 32768
Comp: lx
Tensor1 65536
Tensor0 32768
Tensor2 32768
Comp: lx
Tensor1 65536
Tensor0 32768
Tensor2 32768
Comp: lx
Tensor1 65536
Tensor0 32768
Tensor2 32768
Comp: lx
Tensor1 65536
Tensor0 32768
Tensor2 32768
Comp: lx
Tensor1 65536
Tensor0 32768
Tensor2 32768
Comp: lx
Tensor1 65536
Tensor0 32768
Tensor2 32768
Comp: lx
Tensor1 65536
Tensor0 32768
Tensor2 32768
Comp: lx
Tensor1 65536
Tensor0 32768
Tensor2 32768
Comp: lx
Tensor1 65536
Tensor0 32768
Tensor2 32768
Comp: lx
Tensor1 65536
Tensor0 32768
Tensor2 32768
Comp: lx
Tensor1 65536
Tensor0 32768
Tensor2 32768
Comp: lx
Tensor1 65536
Tensor0 32768
Tensor2 32768
Comp: lx
Tensor1 65536
Tensor0 32768
Tensor2 32768
Comp: lx
Tensor1 65536
Tensor0 32768
Tensor2 32768
Comp: lx
Tensor1 65536
Tensor0 32768
Tensor2 32768
Comp: lx
Tensor1 65536
Tensor0 32768
Tensor2 32768
Comp: lx
Tensor1 65536
Tensor0 32768
Tensor2 32768
Comp: lx
Tensor1 65536
Tensor0 32768
Tensor2 32768
Comp: lx
Tensor1 65536
Tensor0 32768
Tensor2 32768
Comp: lx
Tensor1 65536
Tensor0 32768
Tensor2 32768
Comp: lx
Tensor1 65536
Tensor0 32768
Tensor2 32768
Comp: lx
Tensor1 65536
Tensor0 32768
Tensor2 32768
Comp: lx
Tensor1 65536
Tensor0 32768
Tensor2 32768
Comp: lx
Tensor1 65536
Tensor0 32768
Tensor2 32768
Comp: lx
Tensor1 65536
Tensor0 32768
Tensor2 32768
Comp: lx
Tensor1 65536
Tensor0 32768
Tensor2 32768
Comp: lx
Tensor1 65536
Tensor0 32768
Tensor2 32768
Comp: lx
Tensor1 65536
Tensor0 32768
Tensor2 32768
Comp: lx
Tensor1 65536
Tensor0 32768
Tensor2 32768
Current parameters:
DSC index: 0
in=256 out=128 ij=-1 mb=64 kij=-1 x=-1 x1=-1 y=-1
Burst efficiency: 0.872778
Comp: lx
Tensor1 131072
Tensor2 65536
Tensor0 32768
Comp: lx
Tensor1 131072
Tensor2 65536
Tensor0 32768
Comp: lx
Tensor1 131072
Tensor2 65536
Tensor0 32768
Comp: lx
Tensor1 131072
Tensor2 65536
Tensor0 32768
Comp: lx
Tensor1 131072
Tensor2 65536
Tensor0 32768
Comp: lx
Tensor1 131072
Tensor2 65536
Tensor0 32768
Comp: lx
Tensor1 131072
Tensor2 65536
Tensor0 32768
Comp: lx
Tensor1 131072
Tensor2 65536
Tensor0 32768
Comp: lx
Tensor1 131072
Tensor2 65536
Tensor0 32768
Comp: lx
Tensor1 131072
Tensor2 65536
Tensor0 32768
Comp: lx
Tensor1 131072
Tensor2 65536
Tensor0 32768
Comp: lx
Tensor1 131072
Tensor2 65536
Tensor0 32768
Comp: lx
Tensor1 131072
Tensor2 65536
Tensor0 32768
Comp: lx
Tensor1 131072
Tensor2 65536
Tensor0 32768
Comp: lx
Tensor1 131072
Tensor2 65536
Tensor0 32768
Comp: lx
Tensor1 131072
Tensor2 65536
Tensor0 32768
Comp: lx
Tensor1 131072
Tensor2 65536
Tensor0 32768
Comp: lx
Tensor1 131072
Tensor2 65536
Tensor0 32768
Comp: lx
Tensor1 131072
Tensor2 65536
Tensor0 32768
Comp: lx
Tensor1 131072
Tensor2 65536
Tensor0 32768
Comp: lx
Tensor1 131072
Tensor2 65536
Tensor0 32768
Comp: lx
Tensor1 131072
Tensor2 65536
Tensor0 32768
Comp: lx
Tensor1 131072
Tensor2 65536
Tensor0 32768
Comp: lx
Tensor1 131072
Tensor2 65536
Tensor0 32768
Comp: lx
Tensor1 131072
Tensor2 65536
Tensor0 32768
Comp: lx
Tensor1 131072
Tensor2 65536
Tensor0 32768
Comp: lx
Tensor1 131072
Tensor2 65536
Tensor0 32768
Comp: lx
Tensor1 131072
Tensor2 65536
Tensor0 32768
Comp: lx
Tensor1 131072
Tensor2 65536
Tensor0 32768
Comp: lx
Tensor1 131072
Tensor2 65536
Tensor0 32768
Comp: lx
Tensor1 131072
Tensor2 65536
Tensor0 32768
Comp: lx
Tensor1 131072
Tensor2 65536
Tensor0 32768
Current parameters:
DSC index: 0
in=256 out=256 ij=-1 mb=64 kij=-1 x=-1 x1=-1 y=-1
Burst efficiency: 0.872571
Comp: lx
Tensor1 262144
Tensor2 131072
Tensor0 32768
Tensor0 32768
-------------- ExPhase: 10 START -------------
(+) reserved-frontend = size: 1625344 addr: 0
(+) Tensor1 = size: 262144 addr: 1625344
(+) Tensor2 = size: 131072 addr: 1887488
(PAR)  Free = 13056
-------------- ExPhase: 10 END ---------------
Current parameters:
DSC index: 0
in=256 out=512 ij=-1 mb=64 kij=-1 x=-1 x1=-1 y=-1
Burst efficiency: 0
Comp: lx
Tensor1 524288
Tensor2 262144
Tensor0 32768
Tensor1 524288
-------------- ExPhase: 10 START -------------
(+) reserved-frontend = size: 1625344 addr: 0
(PAR)  Free = 406272
-------------- ExPhase: 10 END ---------------
Current parameters:
DSC index: 0
in=256 out=1024 ij=-1 mb=64 kij=-1 x=-1 x1=-1 y=-1
Burst efficiency: 0
Comp: lx
Tensor0 65536
Tensor1 65536
Tensor2 16384
Comp: lx
Tensor0 65536
Tensor1 65536
Tensor2 16384
Comp: lx
Tensor0 65536
Tensor1 65536
Tensor2 16384
Comp: lx
Tensor0 65536
Tensor1 65536
Tensor2 16384
Comp: lx
Tensor0 65536
Tensor1 65536
Tensor2 16384
Comp: lx
Tensor0 65536
Tensor1 65536
Tensor2 16384
Comp: lx
Tensor0 65536
Tensor1 65536
Tensor2 16384
Comp: lx
Tensor0 65536
Tensor1 65536
Tensor2 16384
Comp: lx
Tensor0 65536
Tensor1 65536
Tensor2 16384
Comp: lx
Tensor0 65536
Tensor1 65536
Tensor2 16384
Comp: lx
Tensor0 65536
Tensor1 65536
Tensor2 16384
Comp: lx
Tensor0 65536
Tensor1 65536
Tensor2 16384
Comp: lx
Tensor0 65536
Tensor1 65536
Tensor2 16384
Comp: lx
Tensor0 65536
Tensor1 65536
Tensor2 16384
Comp: lx
Tensor0 65536
Tensor1 65536
Tensor2 16384
Comp: lx
Tensor0 65536
Tensor1 65536
Tensor2 16384
Comp: lx
Tensor0 65536
Tensor1 65536
Tensor2 16384
Comp: lx
Tensor0 65536
Tensor1 65536
Tensor2 16384
Comp: lx
Tensor0 65536
Tensor1 65536
Tensor2 16384
Comp: lx
Tensor0 65536
Tensor1 65536
Tensor2 16384
Comp: lx
Tensor0 65536
Tensor1 65536
Tensor2 16384
Comp: lx
Tensor0 65536
Tensor1 65536
Tensor2 16384
Comp: lx
Tensor0 65536
Tensor1 65536
Tensor2 16384
Comp: lx
Tensor0 65536
Tensor1 65536
Tensor2 16384
Comp: lx
Tensor0 65536
Tensor1 65536
Tensor2 16384
Comp: lx
Tensor0 65536
Tensor1 65536
Tensor2 16384
Comp: lx
Tensor0 65536
Tensor1 65536
Tensor2 16384
Comp: lx
Tensor0 65536
Tensor1 65536
Tensor2 16384
Comp: lx
Tensor0 65536
Tensor1 65536
Tensor2 16384
Comp: lx
Tensor0 65536
Tensor1 65536
Tensor2 16384
Comp: lx
Tensor0 65536
Tensor1 65536
Tensor2 16384
Comp: lx
Tensor0 65536
Tensor1 65536
Tensor2 16384
Current parameters:
DSC index: 0
in=512 out=64 ij=-1 mb=64 kij=-1 x=-1 x1=-1 y=-1
Burst efficiency: 0.873
Comp: lx
Tensor0 131072
Tensor1 131072
Tensor2 16384
Comp: lx
Tensor0 131072
Tensor1 131072
Tensor2 16384
Comp: lx
Tensor0 131072
Tensor1 131072
Tensor2 16384
Comp: lx
Tensor0 131072
Tensor1 131072
Tensor2 16384
Comp: lx
Tensor0 131072
Tensor1 131072
Tensor2 16384
Comp: lx
Tensor0 131072
Tensor1 131072
Tensor2 16384
Comp: lx
Tensor0 131072
Tensor1 131072
Tensor2 16384
Comp: lx
Tensor0 131072
Tensor1 131072
Tensor2 16384
Comp: lx
Tensor0 131072
Tensor1 131072
Tensor2 16384
Comp: lx
Tensor0 131072
Tensor1 131072
Tensor2 16384
Comp: lx
Tensor0 131072
Tensor1 131072
Tensor2 16384
Comp: lx
Tensor0 131072
Tensor1 131072
Tensor2 16384
Comp: lx
Tensor0 131072
Tensor1 131072
Tensor2 16384
Comp: lx
Tensor0 131072
Tensor1 131072
Tensor2 16384
Comp: lx
Tensor0 131072
Tensor1 131072
Tensor2 16384
Comp: lx
Tensor0 131072
Tensor1 131072
Tensor2 16384
Comp: lx
Tensor0 131072
Tensor1 131072
Tensor2 16384
Comp: lx
Tensor0 131072
Tensor1 131072
Tensor2 16384
Comp: lx
Tensor0 131072
Tensor1 131072
Tensor2 16384
Comp: lx
Tensor0 131072
Tensor1 131072
Tensor2 16384
Comp: lx
Tensor0 131072
Tensor1 131072
Tensor2 16384
Comp: lx
Tensor0 131072
Tensor1 131072
Tensor2 16384
Comp: lx
Tensor0 131072
Tensor1 131072
Tensor2 16384
Comp: lx
Tensor0 131072
Tensor1 131072
Tensor2 16384
Comp: lx
Tensor0 131072
Tensor1 131072
Tensor2 16384
Comp: lx
Tensor0 131072
Tensor1 131072
Tensor2 16384
Comp: lx
Tensor0 131072
Tensor1 131072
Tensor2 16384
Comp: lx
Tensor0 131072
Tensor1 131072
Tensor2 16384
Comp: lx
Tensor0 131072
Tensor1 131072
Tensor2 16384
Comp: lx
Tensor0 131072
Tensor1 131072
Tensor2 16384
Comp: lx
Tensor0 131072
Tensor1 131072
Tensor2 16384
Comp: lx
Tensor0 131072
Tensor1 131072
Tensor2 16384
Current parameters:
DSC index: 0
in=1024 out=64 ij=-1 mb=64 kij=-1 x=-1 x1=-1 y=-1
Burst efficiency: 0.873
Comp: lx
Tensor0 262144
Tensor1 262144
Tensor2 16384
Tensor1 262144
-------------- ExPhase: 10 START -------------
(+) reserved-frontend = size: 1625344 addr: 0
(+) Tensor0 = size: 262144 addr: 1625344
(PAR)  Free = 144128
-------------- ExPhase: 10 END ---------------
Current parameters:
DSC index: 0
in=2048 out=64 ij=-1 mb=64 kij=-1 x=-1 x1=-1 y=-1
Burst efficiency: 0
Comp: lx
Tensor0 524288
Tensor1 524288
Tensor2 16384
Tensor0 524288
-------------- ExPhase: 10 START -------------
(+) reserved-frontend = size: 1625344 addr: 0
(PAR)  Free = 406272
-------------- ExPhase: 10 END ---------------
Current parameters:
DSC index: 0
in=4096 out=64 ij=-1 mb=64 kij=-1 x=-1 x1=-1 y=-1
Burst efficiency: 0
Comp: lx
Tensor0 32768
Tensor1 32768
Tensor2 16384
Comp: lx
Tensor0 32768
Tensor1 32768
Tensor2 16384
Comp: lx
Tensor0 32768
Tensor1 32768
Tensor2 16384
Comp: lx
Tensor0 32768
Tensor1 32768
Tensor2 16384
Comp: lx
Tensor0 32768
Tensor1 32768
Tensor2 16384
Comp: lx
Tensor0 32768
Tensor1 32768
Tensor2 16384
Comp: lx
Tensor0 32768
Tensor1 32768
Tensor2 16384
Comp: lx
Tensor0 32768
Tensor1 32768
Tensor2 16384
Comp: lx
Tensor0 32768
Tensor1 32768
Tensor2 16384
Comp: lx
Tensor0 32768
Tensor1 32768
Tensor2 16384
Comp: lx
Tensor0 32768
Tensor1 32768
Tensor2 16384
Comp: lx
Tensor0 32768
Tensor1 32768
Tensor2 16384
Comp: lx
Tensor0 32768
Tensor1 32768
Tensor2 16384
Comp: lx
Tensor0 32768
Tensor1 32768
Tensor2 16384
Comp: lx
Tensor0 32768
Tensor1 32768
Tensor2 16384
Comp: lx
Tensor0 32768
Tensor1 32768
Tensor2 16384
Comp: lx
Tensor0 32768
Tensor1 32768
Tensor2 16384
Comp: lx
Tensor0 32768
Tensor1 32768
Tensor2 16384
Comp: lx
Tensor0 32768
Tensor1 32768
Tensor2 16384
Comp: lx
Tensor0 32768
Tensor1 32768
Tensor2 16384
Comp: lx
Tensor0 32768
Tensor1 32768
Tensor2 16384
Comp: lx
Tensor0 32768
Tensor1 32768
Tensor2 16384
Comp: lx
Tensor0 32768
Tensor1 32768
Tensor2 16384
Comp: lx
Tensor0 32768
Tensor1 32768
Tensor2 16384
Comp: lx
Tensor0 32768
Tensor1 32768
Tensor2 16384
Comp: lx
Tensor0 32768
Tensor1 32768
Tensor2 16384
Comp: lx
Tensor0 32768
Tensor1 32768
Tensor2 16384
Comp: lx
Tensor0 32768
Tensor1 32768
Tensor2 16384
Comp: lx
Tensor0 32768
Tensor1 32768
Tensor2 16384
Comp: lx
Tensor0 32768
Tensor1 32768
Tensor2 16384
Comp: lx
Tensor0 32768
Tensor1 32768
Tensor2 16384
Comp: lx
Tensor0 32768
Tensor1 32768
Tensor2 16384
Selected parameters:
DSC index: 0
in=256 out=64 ij=-1 mb=64 kij=-1 x=-1 x1=-1 y=-1
Burst efficiency: 0.873
Comp: lx
Tensor0 32768
Tensor1 32768
Tensor2 16384
Comp: lx
Tensor0 32768
Tensor1 32768
Tensor2 16384
Comp: lx
Tensor0 32768
Tensor1 32768
Tensor2 16384
Comp: lx
Tensor0 32768
Tensor1 32768
Tensor2 16384
Comp: lx
Tensor0 32768
Tensor1 32768
Tensor2 16384
Comp: lx
Tensor0 32768
Tensor1 32768
Tensor2 16384
Comp: lx
Tensor0 32768
Tensor1 32768
Tensor2 16384
Comp: lx
Tensor0 32768
Tensor1 32768
Tensor2 16384
Comp: lx
Tensor0 32768
Tensor1 32768
Tensor2 16384
Comp: lx
Tensor0 32768
Tensor1 32768
Tensor2 16384
Comp: lx
Tensor0 32768
Tensor1 32768
Tensor2 16384
Comp: lx
Tensor0 32768
Tensor1 32768
Tensor2 16384
Comp: lx
Tensor0 32768
Tensor1 32768
Tensor2 16384
Comp: lx
Tensor0 32768
Tensor1 32768
Tensor2 16384
Comp: lx
Tensor0 32768
Tensor1 32768
Tensor2 16384
Comp: lx
Tensor0 32768
Tensor1 32768
Tensor2 16384
Comp: lx
Tensor0 32768
Tensor1 32768
Tensor2 16384
Comp: lx
Tensor0 32768
Tensor1 32768
Tensor2 16384
Comp: lx
Tensor0 32768
Tensor1 32768
Tensor2 16384
Comp: lx
Tensor0 32768
Tensor1 32768
Tensor2 16384
Comp: lx
Tensor0 32768
Tensor1 32768
Tensor2 16384
Comp: lx
Tensor0 32768
Tensor1 32768
Tensor2 16384
Comp: lx
Tensor0 32768
Tensor1 32768
Tensor2 16384
Comp: lx
Tensor0 32768
Tensor1 32768
Tensor2 16384
Comp: lx
Tensor0 32768
Tensor1 32768
Tensor2 16384
Comp: lx
Tensor0 32768
Tensor1 32768
Tensor2 16384
Comp: lx
Tensor0 32768
Tensor1 32768
Tensor2 16384
Comp: lx
Tensor0 32768
Tensor1 32768
Tensor2 16384
Comp: lx
Tensor0 32768
Tensor1 32768
Tensor2 16384
Comp: lx
Tensor0 32768
Tensor1 32768
Tensor2 16384
Comp: lx
Tensor0 32768
Tensor1 32768
Tensor2 16384
Comp: lx
Tensor0 32768
Tensor1 32768
Tensor2 16384
Start exploring best chunk parameters for arithmetic intensity
Starting parameters:
DSC index: 0
in=256 out=64 ij=-1 mb=64 kij=-1 x=-1 x1=-1 y=-1
System flops/byte: 578.259
Starting flops/byte: 27.6757
Comp: lx
Tensor0 65536
Tensor1 65536
Tensor2 16384
Comp: lx
Tensor0 65536
Tensor1 65536
Tensor2 16384
Comp: lx
Tensor0 65536
Tensor1 65536
Tensor2 16384
Comp: lx
Tensor0 65536
Tensor1 65536
Tensor2 16384
Comp: lx
Tensor0 65536
Tensor1 65536
Tensor2 16384
Comp: lx
Tensor0 65536
Tensor1 65536
Tensor2 16384
Comp: lx
Tensor0 65536
Tensor1 65536
Tensor2 16384
Comp: lx
Tensor0 65536
Tensor1 65536
Tensor2 16384
Comp: lx
Tensor0 65536
Tensor1 65536
Tensor2 16384
Comp: lx
Tensor0 65536
Tensor1 65536
Tensor2 16384
Comp: lx
Tensor0 65536
Tensor1 65536
Tensor2 16384
Comp: lx
Tensor0 65536
Tensor1 65536
Tensor2 16384
Comp: lx
Tensor0 65536
Tensor1 65536
Tensor2 16384
Comp: lx
Tensor0 65536
Tensor1 65536
Tensor2 16384
Comp: lx
Tensor0 65536
Tensor1 65536
Tensor2 16384
Comp: lx
Tensor0 65536
Tensor1 65536
Tensor2 16384
Comp: lx
Tensor0 65536
Tensor1 65536
Tensor2 16384
Comp: lx
Tensor0 65536
Tensor1 65536
Tensor2 16384
Comp: lx
Tensor0 65536
Tensor1 65536
Tensor2 16384
Comp: lx
Tensor0 65536
Tensor1 65536
Tensor2 16384
Comp: lx
Tensor0 65536
Tensor1 65536
Tensor2 16384
Comp: lx
Tensor0 65536
Tensor1 65536
Tensor2 16384
Comp: lx
Tensor0 65536
Tensor1 65536
Tensor2 16384
Comp: lx
Tensor0 65536
Tensor1 65536
Tensor2 16384
Comp: lx
Tensor0 65536
Tensor1 65536
Tensor2 16384
Comp: lx
Tensor0 65536
Tensor1 65536
Tensor2 16384
Comp: lx
Tensor0 65536
Tensor1 65536
Tensor2 16384
Comp: lx
Tensor0 65536
Tensor1 65536
Tensor2 16384
Comp: lx
Tensor0 65536
Tensor1 65536
Tensor2 16384
Comp: lx
Tensor0 65536
Tensor1 65536
Tensor2 16384
Comp: lx
Tensor0 65536
Tensor1 65536
Tensor2 16384
Comp: lx
Tensor0 65536
Tensor1 65536
Tensor2 16384
Current parameters:
DSC index: 0
in=512 out=64 ij=-1 mb=64 kij=-1 x=-1 x1=-1 y=-1
flops/byte: 29.2571
Comp: lx
Tensor1 65536
Tensor0 32768
Tensor2 32768
Comp: lx
Tensor1 65536
Tensor0 32768
Tensor2 32768
Comp: lx
Tensor1 65536
Tensor0 32768
Tensor2 32768
Comp: lx
Tensor1 65536
Tensor0 32768
Tensor2 32768
Comp: lx
Tensor1 65536
Tensor0 32768
Tensor2 32768
Comp: lx
Tensor1 65536
Tensor0 32768
Tensor2 32768
Comp: lx
Tensor1 65536
Tensor0 32768
Tensor2 32768
Comp: lx
Tensor1 65536
Tensor0 32768
Tensor2 32768
Comp: lx
Tensor1 65536
Tensor0 32768
Tensor2 32768
Comp: lx
Tensor1 65536
Tensor0 32768
Tensor2 32768
Comp: lx
Tensor1 65536
Tensor0 32768
Tensor2 32768
Comp: lx
Tensor1 65536
Tensor0 32768
Tensor2 32768
Comp: lx
Tensor1 65536
Tensor0 32768
Tensor2 32768
Comp: lx
Tensor1 65536
Tensor0 32768
Tensor2 32768
Comp: lx
Tensor1 65536
Tensor0 32768
Tensor2 32768
Comp: lx
Tensor1 65536
Tensor0 32768
Tensor2 32768
Comp: lx
Tensor1 65536
Tensor0 32768
Tensor2 32768
Comp: lx
Tensor1 65536
Tensor0 32768
Tensor2 32768
Comp: lx
Tensor1 65536
Tensor0 32768
Tensor2 32768
Comp: lx
Tensor1 65536
Tensor0 32768
Tensor2 32768
Comp: lx
Tensor1 65536
Tensor0 32768
Tensor2 32768
Comp: lx
Tensor1 65536
Tensor0 32768
Tensor2 32768
Comp: lx
Tensor1 65536
Tensor0 32768
Tensor2 32768
Comp: lx
Tensor1 65536
Tensor0 32768
Tensor2 32768
Comp: lx
Tensor1 65536
Tensor0 32768
Tensor2 32768
Comp: lx
Tensor1 65536
Tensor0 32768
Tensor2 32768
Comp: lx
Tensor1 65536
Tensor0 32768
Tensor2 32768
Comp: lx
Tensor1 65536
Tensor0 32768
Tensor2 32768
Comp: lx
Tensor1 65536
Tensor0 32768
Tensor2 32768
Comp: lx
Tensor1 65536
Tensor0 32768
Tensor2 32768
Comp: lx
Tensor1 65536
Tensor0 32768
Tensor2 32768
Comp: lx
Tensor1 65536
Tensor0 32768
Tensor2 32768
Current parameters:
DSC index: 0
in=256 out=128 ij=-1 mb=64 kij=-1 x=-1 x1=-1 y=-1
flops/byte: 78.7692
Comp: lx
Tensor1 131072
Tensor0 65536
Tensor2 32768
Comp: lx
Tensor1 131072
Tensor0 65536
Tensor2 32768
Comp: lx
Tensor1 131072
Tensor0 65536
Tensor2 32768
Comp: lx
Tensor1 131072
Tensor0 65536
Tensor2 32768
Comp: lx
Tensor1 131072
Tensor0 65536
Tensor2 32768
Comp: lx
Tensor1 131072
Tensor0 65536
Tensor2 32768
Comp: lx
Tensor1 131072
Tensor0 65536
Tensor2 32768
Comp: lx
Tensor1 131072
Tensor0 65536
Tensor2 32768
Comp: lx
Tensor1 131072
Tensor0 65536
Tensor2 32768
Comp: lx
Tensor1 131072
Tensor0 65536
Tensor2 32768
Comp: lx
Tensor1 131072
Tensor0 65536
Tensor2 32768
Comp: lx
Tensor1 131072
Tensor0 65536
Tensor2 32768
Comp: lx
Tensor1 131072
Tensor0 65536
Tensor2 32768
Comp: lx
Tensor1 131072
Tensor0 65536
Tensor2 32768
Comp: lx
Tensor1 131072
Tensor0 65536
Tensor2 32768
Comp: lx
Tensor1 131072
Tensor0 65536
Tensor2 32768
Comp: lx
Tensor1 131072
Tensor0 65536
Tensor2 32768
Comp: lx
Tensor1 131072
Tensor0 65536
Tensor2 32768
Comp: lx
Tensor1 131072
Tensor0 65536
Tensor2 32768
Comp: lx
Tensor1 131072
Tensor0 65536
Tensor2 32768
Comp: lx
Tensor1 131072
Tensor0 65536
Tensor2 32768
Comp: lx
Tensor1 131072
Tensor0 65536
Tensor2 32768
Comp: lx
Tensor1 131072
Tensor0 65536
Tensor2 32768
Comp: lx
Tensor1 131072
Tensor0 65536
Tensor2 32768
Comp: lx
Tensor1 131072
Tensor0 65536
Tensor2 32768
Comp: lx
Tensor1 131072
Tensor0 65536
Tensor2 32768
Comp: lx
Tensor1 131072
Tensor0 65536
Tensor2 32768
Comp: lx
Tensor1 131072
Tensor0 65536
Tensor2 32768
Comp: lx
Tensor1 131072
Tensor0 65536
Tensor2 32768
Comp: lx
Tensor1 131072
Tensor0 65536
Tensor2 32768
Comp: lx
Tensor1 131072
Tensor0 65536
Tensor2 32768
Comp: lx
Tensor1 131072
Tensor0 65536
Tensor2 32768
Current parameters:
DSC index: 0
in=512 out=128 ij=-1 mb=64 kij=-1 x=-1 x1=-1 y=-1
flops/byte: 93.0909
Comp: lx
Tensor1 131072
Tensor2 65536
Tensor0 32768
Comp: lx
Tensor1 131072
Tensor2 65536
Tensor0 32768
Comp: lx
Tensor1 131072
Tensor2 65536
Tensor0 32768
Comp: lx
Tensor1 131072
Tensor2 65536
Tensor0 32768
Comp: lx
Tensor1 131072
Tensor2 65536
Tensor0 32768
Comp: lx
Tensor1 131072
Tensor2 65536
Tensor0 32768
Comp: lx
Tensor1 131072
Tensor2 65536
Tensor0 32768
Comp: lx
Tensor1 131072
Tensor2 65536
Tensor0 32768
Comp: lx
Tensor1 131072
Tensor2 65536
Tensor0 32768
Comp: lx
Tensor1 131072
Tensor2 65536
Tensor0 32768
Comp: lx
Tensor1 131072
Tensor2 65536
Tensor0 32768
Comp: lx
Tensor1 131072
Tensor2 65536
Tensor0 32768
Comp: lx
Tensor1 131072
Tensor2 65536
Tensor0 32768
Comp: lx
Tensor1 131072
Tensor2 65536
Tensor0 32768
Comp: lx
Tensor1 131072
Tensor2 65536
Tensor0 32768
Comp: lx
Tensor1 131072
Tensor2 65536
Tensor0 32768
Comp: lx
Tensor1 131072
Tensor2 65536
Tensor0 32768
Comp: lx
Tensor1 131072
Tensor2 65536
Tensor0 32768
Comp: lx
Tensor1 131072
Tensor2 65536
Tensor0 32768
Comp: lx
Tensor1 131072
Tensor2 65536
Tensor0 32768
Comp: lx
Tensor1 131072
Tensor2 65536
Tensor0 32768
Comp: lx
Tensor1 131072
Tensor2 65536
Tensor0 32768
Comp: lx
Tensor1 131072
Tensor2 65536
Tensor0 32768
Comp: lx
Tensor1 131072
Tensor2 65536
Tensor0 32768
Comp: lx
Tensor1 131072
Tensor2 65536
Tensor0 32768
Comp: lx
Tensor1 131072
Tensor2 65536
Tensor0 32768
Comp: lx
Tensor1 131072
Tensor2 65536
Tensor0 32768
Comp: lx
Tensor1 131072
Tensor2 65536
Tensor0 32768
Comp: lx
Tensor1 131072
Tensor2 65536
Tensor0 32768
Comp: lx
Tensor1 131072
Tensor2 65536
Tensor0 32768
Comp: lx
Tensor1 131072
Tensor2 65536
Tensor0 32768
Comp: lx
Tensor1 131072
Tensor2 65536
Tensor0 32768
Current parameters:
DSC index: 0
in=256 out=256 ij=-1 mb=64 kij=-1 x=-1 x1=-1 y=-1
flops/byte: 146.286
Comp: lx
Tensor1 262144
Tensor0 65536
Tensor2 65536
Comp: lx
Tensor1 262144
Tensor0 65536
Tensor2 65536
Comp: lx
Tensor1 262144
Tensor0 65536
Tensor2 65536
Comp: lx
Tensor1 262144
Tensor0 65536
Tensor2 65536
Comp: lx
Tensor1 262144
Tensor0 65536
Tensor2 65536
Comp: lx
Tensor1 262144
Tensor0 65536
Tensor2 65536
Comp: lx
Tensor1 262144
Tensor0 65536
Tensor2 65536
Comp: lx
Tensor1 262144
Tensor0 65536
Tensor2 65536
Comp: lx
Tensor1 262144
Tensor0 65536
Tensor2 65536
Comp: lx
Tensor1 262144
Tensor0 65536
Tensor2 65536
Comp: lx
Tensor1 262144
Tensor0 65536
Tensor2 65536
Comp: lx
Tensor1 262144
Tensor0 65536
Tensor2 65536
Comp: lx
Tensor1 262144
Tensor0 65536
Tensor2 65536
Comp: lx
Tensor1 262144
Tensor0 65536
Tensor2 65536
Comp: lx
Tensor1 262144
Tensor0 65536
Tensor2 65536
Comp: lx
Tensor1 262144
Tensor0 65536
Tensor2 65536
Comp: lx
Tensor1 262144
Tensor0 65536
Tensor2 65536
Comp: lx
Tensor1 262144
Tensor0 65536
Tensor2 65536
Comp: lx
Tensor1 262144
Tensor0 65536
Tensor2 65536
Comp: lx
Tensor1 262144
Tensor0 65536
Tensor2 65536
Comp: lx
Tensor1 262144
Tensor0 65536
Tensor2 65536
Comp: lx
Tensor1 262144
Tensor0 65536
Tensor2 65536
Comp: lx
Tensor1 262144
Tensor0 65536
Tensor2 65536
Comp: lx
Tensor1 262144
Tensor0 65536
Tensor2 65536
Comp: lx
Tensor1 262144
Tensor0 65536
Tensor2 65536
Comp: lx
Tensor1 262144
Tensor0 65536
Tensor2 65536
Comp: lx
Tensor1 262144
Tensor0 65536
Tensor2 65536
Comp: lx
Tensor1 262144
Tensor0 65536
Tensor2 65536
Comp: lx
Tensor1 262144
Tensor0 65536
Tensor2 65536
Comp: lx
Tensor1 262144
Tensor0 65536
Tensor2 65536
Comp: lx
Tensor1 262144
Tensor0 65536
Tensor2 65536
Comp: lx
Tensor1 262144
Tensor0 65536
Tensor2 65536
Current parameters:
DSC index: 0
in=512 out=256 ij=-1 mb=64 kij=-1 x=-1 x1=-1 y=-1
flops/byte: 204.8
Comp: lx
Tensor1 262144
Tensor2 131072
Tensor0 32768
Tensor0 32768
-------------- ExPhase: 10 START -------------
(+) reserved-frontend = size: 1625344 addr: 0
(+) Tensor1 = size: 262144 addr: 1625344
(+) Tensor2 = size: 131072 addr: 1887488
(PAR)  Free = 13056
-------------- ExPhase: 10 END ---------------
Current parameters:
DSC index: 0
in=256 out=512 ij=-1 mb=64 kij=-1 x=-1 x1=-1 y=-1
flops/byte: 0
Comp: lx
Tensor1 524288
Tensor0 131072
Tensor2 65536
Tensor1 524288
-------------- ExPhase: 10 START -------------
(+) reserved-frontend = size: 1625344 addr: 0
(PAR)  Free = 406272
-------------- ExPhase: 10 END ---------------
Current parameters:
DSC index: 0
in=1024 out=256 ij=-1 mb=64 kij=-1 x=-1 x1=-1 y=-1
flops/byte: 0
Comp: lx
Tensor1 524288
Tensor2 131072
Tensor0 65536
Tensor1 524288
-------------- ExPhase: 10 START -------------
(+) reserved-frontend = size: 1625344 addr: 0
(PAR)  Free = 406272
-------------- ExPhase: 10 END ---------------
Current parameters:
DSC index: 0
in=512 out=512 ij=-1 mb=64 kij=-1 x=-1 x1=-1 y=-1
flops/byte: 0
Comp: lx
Tensor1 262144
Tensor0 65536
Tensor2 65536
Comp: lx
Tensor1 262144
Tensor0 65536
Tensor2 65536
Comp: lx
Tensor1 262144
Tensor0 65536
Tensor2 65536
Comp: lx
Tensor1 262144
Tensor0 65536
Tensor2 65536
Comp: lx
Tensor1 262144
Tensor0 65536
Tensor2 65536
Comp: lx
Tensor1 262144
Tensor0 65536
Tensor2 65536
Comp: lx
Tensor1 262144
Tensor0 65536
Tensor2 65536
Comp: lx
Tensor1 262144
Tensor0 65536
Tensor2 65536
Comp: lx
Tensor1 262144
Tensor0 65536
Tensor2 65536
Comp: lx
Tensor1 262144
Tensor0 65536
Tensor2 65536
Comp: lx
Tensor1 262144
Tensor0 65536
Tensor2 65536
Comp: lx
Tensor1 262144
Tensor0 65536
Tensor2 65536
Comp: lx
Tensor1 262144
Tensor0 65536
Tensor2 65536
Comp: lx
Tensor1 262144
Tensor0 65536
Tensor2 65536
Comp: lx
Tensor1 262144
Tensor0 65536
Tensor2 65536
Comp: lx
Tensor1 262144
Tensor0 65536
Tensor2 65536
Comp: lx
Tensor1 262144
Tensor0 65536
Tensor2 65536
Comp: lx
Tensor1 262144
Tensor0 65536
Tensor2 65536
Comp: lx
Tensor1 262144
Tensor0 65536
Tensor2 65536
Comp: lx
Tensor1 262144
Tensor0 65536
Tensor2 65536
Comp: lx
Tensor1 262144
Tensor0 65536
Tensor2 65536
Comp: lx
Tensor1 262144
Tensor0 65536
Tensor2 65536
Comp: lx
Tensor1 262144
Tensor0 65536
Tensor2 65536
Comp: lx
Tensor1 262144
Tensor0 65536
Tensor2 65536
Comp: lx
Tensor1 262144
Tensor0 65536
Tensor2 65536
Comp: lx
Tensor1 262144
Tensor0 65536
Tensor2 65536
Comp: lx
Tensor1 262144
Tensor0 65536
Tensor2 65536
Comp: lx
Tensor1 262144
Tensor0 65536
Tensor2 65536
Comp: lx
Tensor1 262144
Tensor0 65536
Tensor2 65536
Comp: lx
Tensor1 262144
Tensor0 65536
Tensor2 65536
Comp: lx
Tensor1 262144
Tensor0 65536
Tensor2 65536
Comp: lx
Tensor1 262144
Tensor0 65536
Tensor2 65536
Selected parameters:
DSC index: 0
in=512 out=256 ij=-1 mb=64 kij=-1 x=-1 x1=-1 y=-1
flops/byte: 204.8
Comp: lx
Tensor1 262144
Tensor0 65536
Tensor2 65536
Comp: lx
Tensor1 262144
Tensor0 65536
Tensor2 65536
Comp: lx
Tensor1 262144
Tensor0 65536
Tensor2 65536
Comp: lx
Tensor1 262144
Tensor0 65536
Tensor2 65536
Comp: lx
Tensor1 262144
Tensor0 65536
Tensor2 65536
Comp: lx
Tensor1 262144
Tensor0 65536
Tensor2 65536
Comp: lx
Tensor1 262144
Tensor0 65536
Tensor2 65536
Comp: lx
Tensor1 262144
Tensor0 65536
Tensor2 65536
Comp: lx
Tensor1 262144
Tensor0 65536
Tensor2 65536
Comp: lx
Tensor1 262144
Tensor0 65536
Tensor2 65536
Comp: lx
Tensor1 262144
Tensor0 65536
Tensor2 65536
Comp: lx
Tensor1 262144
Tensor0 65536
Tensor2 65536
Comp: lx
Tensor1 262144
Tensor0 65536
Tensor2 65536
Comp: lx
Tensor1 262144
Tensor0 65536
Tensor2 65536
Comp: lx
Tensor1 262144
Tensor0 65536
Tensor2 65536
Comp: lx
Tensor1 262144
Tensor0 65536
Tensor2 65536
Comp: lx
Tensor1 262144
Tensor0 65536
Tensor2 65536
Comp: lx
Tensor1 262144
Tensor0 65536
Tensor2 65536
Comp: lx
Tensor1 262144
Tensor0 65536
Tensor2 65536
Comp: lx
Tensor1 262144
Tensor0 65536
Tensor2 65536
Comp: lx
Tensor1 262144
Tensor0 65536
Tensor2 65536
Comp: lx
Tensor1 262144
Tensor0 65536
Tensor2 65536
Comp: lx
Tensor1 262144
Tensor0 65536
Tensor2 65536
Comp: lx
Tensor1 262144
Tensor0 65536
Tensor2 65536
Comp: lx
Tensor1 262144
Tensor0 65536
Tensor2 65536
Comp: lx
Tensor1 262144
Tensor0 65536
Tensor2 65536
Comp: lx
Tensor1 262144
Tensor0 65536
Tensor2 65536
Comp: lx
Tensor1 262144
Tensor0 65536
Tensor2 65536
Comp: lx
Tensor1 262144
Tensor0 65536
Tensor2 65536
Comp: lx
Tensor1 262144
Tensor0 65536
Tensor2 65536
Comp: lx
Tensor1 262144
Tensor0 65536
Tensor2 65536
Comp: lx
Tensor1 262144
Tensor0 65536
Tensor2 65536
Comp: lx
Tensor1 262144
Tensor0 65536
Tensor2 65536
Comp: lx
Tensor1 262144
Tensor0 65536
Tensor2 65536
Comp: lx
Tensor1 262144
Tensor0 65536
Tensor2 65536
Comp: lx
Tensor1 262144
Tensor0 65536
Tensor2 65536
Comp: lx
Tensor1 262144
Tensor0 65536
Tensor2 65536
Comp: lx
Tensor1 262144
Tensor0 65536
Tensor2 65536
Comp: lx
Tensor1 262144
Tensor0 65536
Tensor2 65536
Comp: lx
Tensor1 262144
Tensor0 65536
Tensor2 65536
Comp: lx
Tensor1 262144
Tensor0 65536
Tensor2 65536
Comp: lx
Tensor1 262144
Tensor0 65536
Tensor2 65536
Comp: lx
Tensor1 262144
Tensor0 65536
Tensor2 65536
Comp: lx
Tensor1 262144
Tensor0 65536
Tensor2 65536
Comp: lx
Tensor1 262144
Tensor0 65536
Tensor2 65536
Comp: lx
Tensor1 262144
Tensor0 65536
Tensor2 65536
Comp: lx
Tensor1 262144
Tensor0 65536
Tensor2 65536
Comp: lx
Tensor1 262144
Tensor0 65536
Tensor2 65536
Comp: lx
Tensor1 262144
Tensor0 65536
Tensor2 65536
Comp: lx
Tensor1 262144
Tensor0 65536
Tensor2 65536
Comp: lx
Tensor1 262144
Tensor0 65536
Tensor2 65536
Comp: lx
Tensor1 262144
Tensor0 65536
Tensor2 65536
Comp: lx
Tensor1 262144
Tensor0 65536
Tensor2 65536
Comp: lx
Tensor1 262144
Tensor0 65536
Tensor2 65536
Comp: lx
Tensor1 262144
Tensor0 65536
Tensor2 65536
Comp: lx
Tensor1 262144
Tensor0 65536
Tensor2 65536
Comp: lx
Tensor1 262144
Tensor0 65536
Tensor2 65536
Comp: lx
Tensor1 262144
Tensor0 65536
Tensor2 65536
Comp: lx
Tensor1 262144
Tensor0 65536
Tensor2 65536
Comp: lx
Tensor1 262144
Tensor0 65536
Tensor2 65536
Comp: lx
Tensor1 262144
Tensor0 65536
Tensor2 65536
Comp: lx
Tensor1 262144
Tensor0 65536
Tensor2 65536
Comp: lx
Tensor1 262144
Tensor0 65536
Tensor2 65536
Comp: lx
Tensor1 262144
Tensor0 65536
Tensor2 65536


>>> buildFoldFromAllocation:
  node= allocate_lds0_lx(0x2796220)
  refAllocNode= allocate-Tensor0_hbm(0x170f4d0)

====================================================

Reference fold: 
"coordinates_" : {
  "coordInfo" : {
    "in" : {
      "spatial" : 3,
      "temporal" : 0,
      "elemArr" : 4,
      "padding" : "nopad",
      "folds" :  {
        "dim_prop_func" : [
          { "Affine" : {"alpha_" : 4096, "beta_" : 0} },
          { "Affine" : {"alpha_" : 0, "beta_" : 0} },
          { "Affine" : {"alpha_" : 0, "beta_" : 0} },
          { "Affine" : {"alpha_" : 64, "beta_" : 0} },
          { "Affine" : {"alpha_" : 8, "beta_" : 0} },
          { "Affine" : {"alpha_" : 0, "beta_" : 0} },
          { "Affine" : {"alpha_" : 1, "beta_" : 0} }
        ],
        "dim_prop_attr" : [
          { "factor_" : 1, "label_" : "core_fold" },
          { "factor_" : 1, "label_" : "corelet_fold" },
          { "factor_" : 1, "label_" : "row_fold" },
          { "factor_" : 64, "label_" : "elem_arr_3" },
          { "factor_" : 8, "label_" : "elem_arr_2" },
          { "factor_" : 2, "label_" : "elem_arr_1" },
          { "factor_" : 8, "label_" : "elem_arr_0" }
        ]
      }
    }, 
    "mb" : {
      "spatial" : 3,
      "temporal" : 0,
      "elemArr" : 4,
      "padding" : "nopad",
      "folds" :  {
        "dim_prop_func" : [
          { "Affine" : {"alpha_" : 64, "beta_" : 0} },
          { "Affine" : {"alpha_" : 0, "beta_" : 0} },
          { "Affine" : {"alpha_" : 0, "beta_" : 0} },
          { "Affine" : {"alpha_" : 2, "beta_" : 0} },
          { "Affine" : {"alpha_" : 0, "beta_" : 0} },
          { "Affine" : {"alpha_" : 1, "beta_" : 0} },
          { "Affine" : {"alpha_" : 0, "beta_" : 0} }
        ],
        "dim_prop_attr" : [
          { "factor_" : 8, "label_" : "core_fold" },
          { "factor_" : 1, "label_" : "corelet_fold" },
          { "factor_" : 1, "label_" : "row_fold" },
          { "factor_" : 32, "label_" : "elem_arr_3" },
          { "factor_" : 8, "label_" : "elem_arr_2" },
          { "factor_" : 2, "label_" : "elem_arr_1" },
          { "factor_" : 8, "label_" : "elem_arr_0" }
        ]
      }
    }
  },
  "coreIdToWkSlice_" : { 
  } 
}


[distributeElemArrToTemporalLoops]: Distributing for Dim= (in,unpadded)
    sizeRefComp= l3lu propRefComp= l3lu ptRowId= -1 refPadType= nopad targetPadType= nopad
    ElemArr: (1, 0, 8) (0, 0, 2) (8, 0, 8) (64, 0, 64) 

  [distributeElemArrToTemporalLoops]: loop= loop_ds0_ds1_in dim= (in, unpadded) iterationCount= 8 refPadType= nopad targetPadType= nopad
    NumDs: {"name_" : "core", "in_" : 4096, "out_" : 1024, "mb_" : 64, "i_" : -1, "j_" : -1, "ki_" : -1, "kj_" : -1, "x_" : -1, "x1_" : -1, "y_" : -1, "symbolicDimInfo_" : {}, "maxSymbolicVolume_" : {}, "coreletSplit_" : {"mb" : [32, 32]}, "rowSplit_" : {}, "peSfpSplit_" : {}, "paddingSizes_" : {}}
    DenDs: {"name_" : "chunk", "in_" : 512, "out_" : 256, "mb_" : 64, "i_" : -1, "j_" : -1, "ki_" : -1, "kj_" : -1, "x_" : -1, "x1_" : -1, "y_" : -1, "symbolicDimInfo_" : {}, "maxSymbolicVolume_" : {}, "coreletSplit_" : {"mb" : [32, 32]}, "rowSplit_" : {}, "peSfpSplit_" : {}, "paddingSizes_" : {}}
    segmentDS: {"name_" : "", "in_" : 512, "out_" : -1, "mb_" : 64, "i_" : -1, "j_" : -1, "ki_" : -1, "kj_" : -1, "x_" : -1, "x1_" : -1, "y_" : -1, "symbolicDimInfo_" : {}, "maxSymbolicVolume_" : {}, "coreletSplit_" : {"mb" : [32, 32]}, "rowSplit_" : {}, "peSfpSplit_" : {}, "paddingSizes_" : {}}
    segSize= 512 scaleDownFactor= 1 elemSegStride= 512 coordSegStride= 256 iterationCount= 8
    loop_ds0_ds1_in->relatedElemArrLevel= 3
    elemArr(before distribution): (1, 0, 8) (0, 0, 2) (8, 0, 8) (64, 0, 64) 
    Distributing elemArr[3] = (64, 0, 64)
    elemArr(after distribution): (1, 0, 8) (0, 0, 2) (8, 0, 8) (64, 0, 4) 
    loopParams after distribution: (256, 0, 8)

[distributeElemArrToTemporalLoops]: Distributing for Dim= (mb,unpadded)
    sizeRefComp= l3lu propRefComp= l3lu ptRowId= -1 refPadType= nopad targetPadType= nopad
    ElemArr: (0, 0, 8) (1, 0, 2) (0, 0, 8) (2, 0, 32) 

  [distributeElemArrToTemporalLoops]: loop= loop_ds0_ds1_mb dim= (mb, unpadded) iterationCount= 1 refPadType= nopad targetPadType= nopad
    NumDs: {"name_" : "core", "in_" : 4096, "out_" : 1024, "mb_" : 64, "i_" : -1, "j_" : -1, "ki_" : -1, "kj_" : -1, "x_" : -1, "x1_" : -1, "y_" : -1, "symbolicDimInfo_" : {}, "maxSymbolicVolume_" : {}, "coreletSplit_" : {"mb" : [32, 32]}, "rowSplit_" : {}, "peSfpSplit_" : {}, "paddingSizes_" : {}}
    DenDs: {"name_" : "chunk", "in_" : 512, "out_" : 256, "mb_" : 64, "i_" : -1, "j_" : -1, "ki_" : -1, "kj_" : -1, "x_" : -1, "x1_" : -1, "y_" : -1, "symbolicDimInfo_" : {}, "maxSymbolicVolume_" : {}, "coreletSplit_" : {"mb" : [32, 32]}, "rowSplit_" : {}, "peSfpSplit_" : {}, "paddingSizes_" : {}}
    segmentDS: {"name_" : "", "in_" : 4096, "out_" : -1, "mb_" : 64, "i_" : -1, "j_" : -1, "ki_" : -1, "kj_" : -1, "x_" : -1, "x1_" : -1, "y_" : -1, "symbolicDimInfo_" : {}, "maxSymbolicVolume_" : {}, "coreletSplit_" : {"mb" : [32, 32]}, "rowSplit_" : {}, "peSfpSplit_" : {}, "paddingSizes_" : {}}
    segSize= 64 scaleDownFactor= 1 elemSegStride= 64 coordSegStride= 1 iterationCount= 1
    loop_ds0_ds1_mb->relatedElemArrLevel= 3
    elemArr(before distribution): (0, 0, 8) (1, 0, 2) (0, 0, 8) (2, 0, 32) 
    Distributing elemArr[3] = (2, 0, 32)
    elemArr(after distribution): (0, 0, 8) (1, 0, 2) (0, 0, 4) (2, 0, 1) 
    loopParams after distribution: (1, 0, 1)

====================================================

[buildCoordinateFromAllocation] fold at end:
  refAllocNode = allocate-Tensor0_hbm
  node         = allocate_lds0_lx
"coordinates_" : {
  "coordInfo" : {
    "in" : {
      "spatial" : 3,
      "temporal" : 1,
      "elemArr" : 4,
      "padding" : "nopad",
      "folds" :  {
        "dim_prop_func" : [
          { "Affine" : {"alpha_" : 4096, "beta_" : 0} },
          { "Affine" : {"alpha_" : 0, "beta_" : 0} },
          { "Affine" : {"alpha_" : 0, "beta_" : 0} },
          { "Affine" : {"alpha_" : 256, "beta_" : 0} },
          { "Affine" : {"alpha_" : 64, "beta_" : 0} },
          { "Affine" : {"alpha_" : 8, "beta_" : 0} },
          { "Affine" : {"alpha_" : 0, "beta_" : 0} },
          { "Affine" : {"alpha_" : 1, "beta_" : 0} }
        ],
        "dim_prop_attr" : [
          { "factor_" : 1, "label_" : "core_fold" },
          { "factor_" : 1, "label_" : "corelet_fold" },
          { "factor_" : 1, "label_" : "row_fold" },
          { "factor_" : 8, "label_" : "loop_ds0_ds1_in in" },
          { "factor_" : 4, "label_" : "elem_arr_3" },
          { "factor_" : 8, "label_" : "elem_arr_2" },
          { "factor_" : 2, "label_" : "elem_arr_1" },
          { "factor_" : 8, "label_" : "elem_arr_0" }
        ]
      }
    }, 
    "mb" : {
      "spatial" : 3,
      "temporal" : 1,
      "elemArr" : 4,
      "padding" : "nopad",
      "folds" :  {
        "dim_prop_func" : [
          { "Affine" : {"alpha_" : 64, "beta_" : 0} },
          { "Affine" : {"alpha_" : 0, "beta_" : 0} },
          { "Affine" : {"alpha_" : 0, "beta_" : 0} },
          { "Affine" : {"alpha_" : 1, "beta_" : 0} },
          { "Affine" : {"alpha_" : 2, "beta_" : 0} },
          { "Affine" : {"alpha_" : 0, "beta_" : 0} },
          { "Affine" : {"alpha_" : 1, "beta_" : 0} },
          { "Affine" : {"alpha_" : 0, "beta_" : 0} }
        ],
        "dim_prop_attr" : [
          { "factor_" : 8, "label_" : "core_fold" },
          { "factor_" : 1, "label_" : "corelet_fold" },
          { "factor_" : 1, "label_" : "row_fold" },
          { "factor_" : 1, "label_" : "loop_ds0_ds1_mb mb" },
          { "factor_" : 1, "label_" : "elem_arr_3" },
          { "factor_" : 4, "label_" : "elem_arr_2" },
          { "factor_" : 2, "label_" : "elem_arr_1" },
          { "factor_" : 8, "label_" : "elem_arr_0" }
        ]
      }
    }
  },
  "coreIdToWkSlice_" : { 
  } 
}


>>> buildFoldFromAllocation:
  node= allocate_lds1_lx(0x2284d80)
  refAllocNode= allocate-Tensor1_hbm(0x170f9b0)

====================================================

Reference fold: 
"coordinates_" : {
  "coordInfo" : {
    "in" : {
      "spatial" : 3,
      "temporal" : 0,
      "elemArr" : 3,
      "padding" : "nopad",
      "folds" :  {
        "dim_prop_func" : [
          { "Affine" : {"alpha_" : 4096, "beta_" : 0} },
          { "Affine" : {"alpha_" : 0, "beta_" : 0} },
          { "Affine" : {"alpha_" : 0, "beta_" : 0} },
          { "Affine" : {"alpha_" : 2, "beta_" : 0} },
          { "Affine" : {"alpha_" : 1, "beta_" : 0} },
          { "Affine" : {"alpha_" : 0, "beta_" : 0} }
        ],
        "dim_prop_attr" : [
          { "factor_" : 1, "label_" : "core_fold" },
          { "factor_" : 1, "label_" : "corelet_fold" },
          { "factor_" : 1, "label_" : "row_fold" },
          { "factor_" : 2048, "label_" : "elem_arr_2" },
          { "factor_" : 2, "label_" : "elem_arr_1" },
          { "factor_" : 64, "label_" : "elem_arr_0" }
        ]
      }
    }, 
    "out" : {
      "spatial" : 3,
      "temporal" : 0,
      "elemArr" : 3,
      "padding" : "nopad",
      "folds" :  {
        "dim_prop_func" : [
          { "Affine" : {"alpha_" : 1024, "beta_" : 0} },
          { "Affine" : {"alpha_" : 0, "beta_" : 0} },
          { "Affine" : {"alpha_" : 0, "beta_" : 0} },
          { "Affine" : {"alpha_" : 64, "beta_" : 0} },
          { "Affine" : {"alpha_" : 0, "beta_" : 0} },
          { "Affine" : {"alpha_" : 1, "beta_" : 0} }
        ],
        "dim_prop_attr" : [
          { "factor_" : 4, "label_" : "core_fold" },
          { "factor_" : 1, "label_" : "corelet_fold" },
          { "factor_" : 1, "label_" : "row_fold" },
          { "factor_" : 16, "label_" : "elem_arr_2" },
          { "factor_" : 2, "label_" : "elem_arr_1" },
          { "factor_" : 64, "label_" : "elem_arr_0" }
        ]
      }
    }
  },
  "coreIdToWkSlice_" : { 
  } 
}


[distributeElemArrToTemporalLoops]: Distributing for Dim= (in,unpadded)
    sizeRefComp= l3lu propRefComp= l3lu ptRowId= -1 refPadType= nopad targetPadType= nopad
    ElemArr: (0, 0, 64) (1, 0, 2) (2, 0, 2048) 

  [distributeElemArrToTemporalLoops]: loop= loop_ds0_ds1_in dim= (in, unpadded) iterationCount= 8 refPadType= nopad targetPadType= nopad
    NumDs: {"name_" : "core", "in_" : 4096, "out_" : 1024, "mb_" : 64, "i_" : -1, "j_" : -1, "ki_" : -1, "kj_" : -1, "x_" : -1, "x1_" : -1, "y_" : -1, "symbolicDimInfo_" : {}, "maxSymbolicVolume_" : {}, "coreletSplit_" : {"mb" : [32, 32]}, "rowSplit_" : {}, "peSfpSplit_" : {}, "paddingSizes_" : {}}
    DenDs: {"name_" : "chunk", "in_" : 512, "out_" : 256, "mb_" : 64, "i_" : -1, "j_" : -1, "ki_" : -1, "kj_" : -1, "x_" : -1, "x1_" : -1, "y_" : -1, "symbolicDimInfo_" : {}, "maxSymbolicVolume_" : {}, "coreletSplit_" : {"mb" : [32, 32]}, "rowSplit_" : {}, "peSfpSplit_" : {}, "paddingSizes_" : {}}
    segmentDS: {"name_" : "", "in_" : 512, "out_" : 256, "mb_" : -1, "i_" : -1, "j_" : -1, "ki_" : -1, "kj_" : -1, "x_" : -1, "x1_" : -1, "y_" : -1, "symbolicDimInfo_" : {}, "maxSymbolicVolume_" : {}, "coreletSplit_" : {}, "rowSplit_" : {}, "peSfpSplit_" : {}, "paddingSizes_" : {}}
    segSize= 512 scaleDownFactor= 1 elemSegStride= 512 coordSegStride= 8 iterationCount= 8
    loop_ds0_ds1_in->relatedElemArrLevel= 2
    elemArr(before distribution): (0, 0, 64) (1, 0, 2) (2, 0, 2048) 
    Distributing elemArr[2] = (2, 0, 2048)
    elemArr(after distribution): (0, 0, 64) (1, 0, 2) (2, 0, 4) 
    loopParams after distribution: (8, 0, 8)

[distributeElemArrToTemporalLoops]: Distributing for Dim= (out,unpadded)
    sizeRefComp= l3lu propRefComp= l3lu ptRowId= -1 refPadType= nopad targetPadType= nopad
    ElemArr: (1, 0, 64) (0, 0, 2) (64, 0, 16) 

  [distributeElemArrToTemporalLoops]: loop= loop_ds0_ds1_out dim= (out, unpadded) iterationCount= 4 refPadType= nopad targetPadType= nopad
    NumDs: {"name_" : "core", "in_" : 4096, "out_" : 1024, "mb_" : 64, "i_" : -1, "j_" : -1, "ki_" : -1, "kj_" : -1, "x_" : -1, "x1_" : -1, "y_" : -1, "symbolicDimInfo_" : {}, "maxSymbolicVolume_" : {}, "coreletSplit_" : {"mb" : [32, 32]}, "rowSplit_" : {}, "peSfpSplit_" : {}, "paddingSizes_" : {}}
    DenDs: {"name_" : "chunk", "in_" : 512, "out_" : 256, "mb_" : 64, "i_" : -1, "j_" : -1, "ki_" : -1, "kj_" : -1, "x_" : -1, "x1_" : -1, "y_" : -1, "symbolicDimInfo_" : {}, "maxSymbolicVolume_" : {}, "coreletSplit_" : {"mb" : [32, 32]}, "rowSplit_" : {}, "peSfpSplit_" : {}, "paddingSizes_" : {}}
    segmentDS: {"name_" : "", "in_" : 4096, "out_" : 256, "mb_" : -1, "i_" : -1, "j_" : -1, "ki_" : -1, "kj_" : -1, "x_" : -1, "x1_" : -1, "y_" : -1, "symbolicDimInfo_" : {}, "maxSymbolicVolume_" : {}, "coreletSplit_" : {}, "rowSplit_" : {}, "peSfpSplit_" : {}, "paddingSizes_" : {}}
    segSize= 256 scaleDownFactor= 1 elemSegStride= 256 coordSegStride= 128 iterationCount= 4
    loop_ds0_ds1_out->relatedElemArrLevel= 2
    elemArr(before distribution): (1, 0, 64) (0, 0, 2) (64, 0, 16) 
    Distributing elemArr[2] = (64, 0, 16)
    elemArr(after distribution): (1, 0, 64) (0, 0, 2) (64, 0, 2) 
    loopParams after distribution: (128, 0, 4)

====================================================

[buildCoordinateFromAllocation] fold at end:
  refAllocNode = allocate-Tensor1_hbm
  node         = allocate_lds1_lx
"coordinates_" : {
  "coordInfo" : {
    "in" : {
      "spatial" : 3,
      "temporal" : 1,
      "elemArr" : 3,
      "padding" : "nopad",
      "folds" :  {
        "dim_prop_func" : [
          { "Affine" : {"alpha_" : 4096, "beta_" : 0} },
          { "Affine" : {"alpha_" : 0, "beta_" : 0} },
          { "Affine" : {"alpha_" : 0, "beta_" : 0} },
          { "Affine" : {"alpha_" : 8, "beta_" : 0} },
          { "Affine" : {"alpha_" : 2, "beta_" : 0} },
          { "Affine" : {"alpha_" : 1, "beta_" : 0} },
          { "Affine" : {"alpha_" : 0, "beta_" : 0} }
        ],
        "dim_prop_attr" : [
          { "factor_" : 1, "label_" : "core_fold" },
          { "factor_" : 1, "label_" : "corelet_fold" },
          { "factor_" : 1, "label_" : "row_fold" },
          { "factor_" : 8, "label_" : "loop_ds0_ds1_in in" },
          { "factor_" : 4, "label_" : "elem_arr_2" },
          { "factor_" : 2, "label_" : "elem_arr_1" },
          { "factor_" : 64, "label_" : "elem_arr_0" }
        ]
      }
    }, 
    "out" : {
      "spatial" : 3,
      "temporal" : 1,
      "elemArr" : 3,
      "padding" : "nopad",
      "folds" :  {
        "dim_prop_func" : [
          { "Affine" : {"alpha_" : 1024, "beta_" : 0} },
          { "Affine" : {"alpha_" : 0, "beta_" : 0} },
          { "Affine" : {"alpha_" : 0, "beta_" : 0} },
          { "Affine" : {"alpha_" : 128, "beta_" : 0} },
          { "Affine" : {"alpha_" : 64, "beta_" : 0} },
          { "Affine" : {"alpha_" : 0, "beta_" : 0} },
          { "Affine" : {"alpha_" : 1, "beta_" : 0} }
        ],
        "dim_prop_attr" : [
          { "factor_" : 4, "label_" : "core_fold" },
          { "factor_" : 1, "label_" : "corelet_fold" },
          { "factor_" : 1, "label_" : "row_fold" },
          { "factor_" : 4, "label_" : "loop_ds0_ds1_out out" },
          { "factor_" : 2, "label_" : "elem_arr_2" },
          { "factor_" : 2, "label_" : "elem_arr_1" },
          { "factor_" : 64, "label_" : "elem_arr_0" }
        ]
      }
    }
  },
  "coreIdToWkSlice_" : { 
  } 
}


>>> buildFoldFromAllocation:
  node= allocate_lds2_lx(0x1d89dd0)
  refAllocNode= allocate-Tensor2_hbm(0x170fe90)

====================================================

Reference fold: 
"coordinates_" : {
  "coordInfo" : {
    "out" : {
      "spatial" : 3,
      "temporal" : 0,
      "elemArr" : 2,
      "padding" : "nopad",
      "folds" :  {
        "dim_prop_func" : [
          { "Affine" : {"alpha_" : 1024, "beta_" : 0} },
          { "Affine" : {"alpha_" : 0, "beta_" : 0} },
          { "Affine" : {"alpha_" : 0, "beta_" : 0} },
          { "Affine" : {"alpha_" : 64, "beta_" : 0} },
          { "Affine" : {"alpha_" : 1, "beta_" : 0} }
        ],
        "dim_prop_attr" : [
          { "factor_" : 4, "label_" : "core_fold" },
          { "factor_" : 1, "label_" : "corelet_fold" },
          { "factor_" : 1, "label_" : "row_fold" },
          { "factor_" : 16, "label_" : "elem_arr_1" },
          { "factor_" : 64, "label_" : "elem_arr_0" }
        ]
      }
    }, 
    "mb" : {
      "spatial" : 3,
      "temporal" : 0,
      "elemArr" : 1,
      "padding" : "nopad",
      "folds" :  {
        "dim_prop_func" : [
          { "Affine" : {"alpha_" : 64, "beta_" : 0} },
          { "Affine" : {"alpha_" : 0, "beta_" : 0} },
          { "Affine" : {"alpha_" : 0, "beta_" : 0} },
          { "Affine" : {"alpha_" : 1, "beta_" : 0} }
        ],
        "dim_prop_attr" : [
          { "factor_" : 8, "label_" : "core_fold" },
          { "factor_" : 1, "label_" : "corelet_fold" },
          { "factor_" : 1, "label_" : "row_fold" },
          { "factor_" : 64, "label_" : "elem_arr_0" }
        ]
      }
    }
  },
  "coreIdToWkSlice_" : { 
  } 
}


[distributeElemArrToTemporalLoops]: Distributing for Dim= (out,unpadded)
    sizeRefComp= l3lu propRefComp= l3lu ptRowId= -1 refPadType= nopad targetPadType= nopad
    ElemArr: (1, 0, 64) (64, 0, 16) 

  [distributeElemArrToTemporalLoops]: loop= loop_ds0_ds1_out dim= (out, unpadded) iterationCount= 4 refPadType= nopad targetPadType= nopad
    NumDs: {"name_" : "core", "in_" : 4096, "out_" : 1024, "mb_" : 64, "i_" : -1, "j_" : -1, "ki_" : -1, "kj_" : -1, "x_" : -1, "x1_" : -1, "y_" : -1, "symbolicDimInfo_" : {}, "maxSymbolicVolume_" : {}, "coreletSplit_" : {"mb" : [32, 32]}, "rowSplit_" : {}, "peSfpSplit_" : {}, "paddingSizes_" : {}}
    DenDs: {"name_" : "chunk", "in_" : 512, "out_" : 256, "mb_" : 64, "i_" : -1, "j_" : -1, "ki_" : -1, "kj_" : -1, "x_" : -1, "x1_" : -1, "y_" : -1, "symbolicDimInfo_" : {}, "maxSymbolicVolume_" : {}, "coreletSplit_" : {"mb" : [32, 32]}, "rowSplit_" : {}, "peSfpSplit_" : {}, "paddingSizes_" : {}}
    segmentDS: {"name_" : "", "in_" : -1, "out_" : 256, "mb_" : 64, "i_" : -1, "j_" : -1, "ki_" : -1, "kj_" : -1, "x_" : -1, "x1_" : -1, "y_" : -1, "symbolicDimInfo_" : {}, "maxSymbolicVolume_" : {}, "coreletSplit_" : {"mb" : [32, 32]}, "rowSplit_" : {}, "peSfpSplit_" : {}, "paddingSizes_" : {}}
    segSize= 256 scaleDownFactor= 1 elemSegStride= 256 coordSegStride= 256 iterationCount= 4
    loop_ds0_ds1_out->relatedElemArrLevel= 1
    elemArr(before distribution): (1, 0, 64) (64, 0, 16) 
    Distributing elemArr[1] = (64, 0, 16)
    elemArr(after distribution): (1, 0, 64) (64, 0, 4) 
    loopParams after distribution: (256, 0, 4)

[distributeElemArrToTemporalLoops]: Distributing for Dim= (mb,unpadded)
    sizeRefComp= l3lu propRefComp= l3lu ptRowId= -1 refPadType= nopad targetPadType= nopad
    ElemArr: (1, 0, 64) 

  [distributeElemArrToTemporalLoops]: loop= loop_ds0_ds1_mb dim= (mb, unpadded) iterationCount= 1 refPadType= nopad targetPadType= nopad
    NumDs: {"name_" : "core", "in_" : 4096, "out_" : 1024, "mb_" : 64, "i_" : -1, "j_" : -1, "ki_" : -1, "kj_" : -1, "x_" : -1, "x1_" : -1, "y_" : -1, "symbolicDimInfo_" : {}, "maxSymbolicVolume_" : {}, "coreletSplit_" : {"mb" : [32, 32]}, "rowSplit_" : {}, "peSfpSplit_" : {}, "paddingSizes_" : {}}
    DenDs: {"name_" : "chunk", "in_" : 512, "out_" : 256, "mb_" : 64, "i_" : -1, "j_" : -1, "ki_" : -1, "kj_" : -1, "x_" : -1, "x1_" : -1, "y_" : -1, "symbolicDimInfo_" : {}, "maxSymbolicVolume_" : {}, "coreletSplit_" : {"mb" : [32, 32]}, "rowSplit_" : {}, "peSfpSplit_" : {}, "paddingSizes_" : {}}
    segmentDS: {"name_" : "", "in_" : -1, "out_" : 256, "mb_" : 64, "i_" : -1, "j_" : -1, "ki_" : -1, "kj_" : -1, "x_" : -1, "x1_" : -1, "y_" : -1, "symbolicDimInfo_" : {}, "maxSymbolicVolume_" : {}, "coreletSplit_" : {"mb" : [32, 32]}, "rowSplit_" : {}, "peSfpSplit_" : {}, "paddingSizes_" : {}}
    segSize= 64 scaleDownFactor= 1 elemSegStride= 64 coordSegStride= 64 iterationCount= 1
    loop_ds0_ds1_mb->relatedElemArrLevel= 0
    elemArr(before distribution): (1, 0, 64) 
    Distributing elemArr[0] = (1, 0, 64)
    elemArr(after distribution): (1, 0, 64) 
    loopParams after distribution: (64, 0, 1)

====================================================

[buildCoordinateFromAllocation] fold at end:
  refAllocNode = allocate-Tensor2_hbm
  node         = allocate_lds2_lx
"coordinates_" : {
  "coordInfo" : {
    "out" : {
      "spatial" : 3,
      "temporal" : 1,
      "elemArr" : 2,
      "padding" : "nopad",
      "folds" :  {
        "dim_prop_func" : [
          { "Affine" : {"alpha_" : 1024, "beta_" : 0} },
          { "Affine" : {"alpha_" : 0, "beta_" : 0} },
          { "Affine" : {"alpha_" : 0, "beta_" : 0} },
          { "Affine" : {"alpha_" : 256, "beta_" : 0} },
          { "Affine" : {"alpha_" : 64, "beta_" : 0} },
          { "Affine" : {"alpha_" : 1, "beta_" : 0} }
        ],
        "dim_prop_attr" : [
          { "factor_" : 4, "label_" : "core_fold" },
          { "factor_" : 1, "label_" : "corelet_fold" },
          { "factor_" : 1, "label_" : "row_fold" },
          { "factor_" : 4, "label_" : "loop_ds0_ds1_out out" },
          { "factor_" : 4, "label_" : "elem_arr_1" },
          { "factor_" : 64, "label_" : "elem_arr_0" }
        ]
      }
    }, 
    "mb" : {
      "spatial" : 3,
      "temporal" : 1,
      "elemArr" : 1,
      "padding" : "nopad",
      "folds" :  {
        "dim_prop_func" : [
          { "Affine" : {"alpha_" : 64, "beta_" : 0} },
          { "Affine" : {"alpha_" : 0, "beta_" : 0} },
          { "Affine" : {"alpha_" : 0, "beta_" : 0} },
          { "Affine" : {"alpha_" : 64, "beta_" : 0} },
          { "Affine" : {"alpha_" : 1, "beta_" : 0} }
        ],
        "dim_prop_attr" : [
          { "factor_" : 8, "label_" : "core_fold" },
          { "factor_" : 1, "label_" : "corelet_fold" },
          { "factor_" : 1, "label_" : "row_fold" },
          { "factor_" : 1, "label_" : "loop_ds0_ds1_mb mb" },
          { "factor_" : 64, "label_" : "elem_arr_0" }
        ]
      }
    }
  },
  "coreIdToWkSlice_" : { 
  } 
}
Schedule tree in DSC 0:
Schedule node: allocate-Tensor0_hbm
Schedule node: allocate-Tensor1_hbm
Schedule node: allocate-Tensor2_hbm
Schedule node: loop_ds0_ds1_out
Schedule node: loop_ds0_ds1_mb
Schedule node: allocate_lds2_lx
Schedule node: loop_ds0_ds1_in
Schedule node: allocate_lds0_lx
Schedule node: transfer_lds0_src:hbm_dst:lx
Schedule node: allocate_lds1_lx
Schedule node: transfer_lds1_src:hbm_dst:lx
Schedule node: sync_send_l3lu_to_lxlu
Schedule node: sync_receive_lxlu_from_l3lu
Schedule node: sync_send_lxlu_to_l3lu
Schedule node: sync_receive_l3lu_from_lxlu
Schedule node: lx_below_schedule
Schedule node: sync_send_lxsu_to_l3su
Schedule node: sync_receive_l3su_from_lxsu
Schedule node: sync_send_l3su_to_lxsu
Schedule node: sync_receive_lxsu_from_l3su
Schedule node: transfer_lds2_src:lx_dst:hbm
[DDC] start working on DSC: batchmatmulfp8mb
terminate called after throwing an instance of 'DtException'
  what():  DtException: origFold.alpha > 0 && origFold.cardinality > 0 && numSeg > 0 && segSize > 0 && segStride >= 0 && chunkSize > 0, file /project_src/deeptools/dsc/dsc2.cpp line 5862
